filename,reasoning,is_reinsurance,is_main_contract,is_obligatory,proportional_or_non_proportional,insurance_type,class_of_business
2005-913144-0000950136-05-001796-file005.htm,"The document is an ""Amended and Restated Option Agreement"" between Platinum Underwriters Holdings, Ltd. and RenaissanceRe Holdings Ltd. It grants RenaissanceRe (RenRe) an option to purchase up to 2,500,000 common shares of Platinum Underwriters at a specified exercise price. The agreement outlines terms related to the exercise of the option, adjustments for corporate events (e.g., stock splits, dividends), transfer restrictions, regulatory approvals, and dispute resolution.

The document is fundamentally a securities agreement related to equity ownership and does not involve the transfer of insurance risk from one insurer to another. It does not contain any provisions typical of reinsurance agreements, such as ceding of premiums, assumption of liabilities, coverage limits, or claims handling. Instead, it governs the conditions under which RenRe may acquire equity in Platinum Underwriters.

Therefore, this document is not a reinsurance agreement. As a result, all subsequent classification fields related to reinsurance (main contract, obligatory status, proportional/non-proportional nature, insurance type, and class of business) are not applicable and should be set to None.",False,,,,,
2005-1164246-0000892569-05-000208-a07279exv10w48.txt,"The document is a Credit Agreement between G REIT, L.P., the lenders, and LaSalle Bank National Association as the agent. It outlines the terms for a credit facility of up to $25 million (later amended to $40 million), including advances, interest rates, repayment terms, and collateral. The agreement pertains to secured lending for real estate acquisitions and includes provisions for promissory notes, mortgages, and letters of credit. It does not involve the transfer of insurance risk from an insurer to a reinsurer. Instead, it is a financial lending arrangement secured by real property. Therefore, it is not a reinsurance agreement.",False,,,,,
2005-1003201-0000950133-05-001055-w06459exv10w1.htm,"The document is the ""AMENDED AND RESTATED MASTER RECOURSE AGREEMENT"" among Fannie Mae, Municipal Mortgage & Equity, LLC (MuniMae), and MMACap, LLC (Recourse Provider). It establishes a financial arrangement where the Recourse Provider and MuniMae assume a first-loss position on a pool of multifamily mortgage loans that have been purchased or credit-enhanced by Fannie Mae.

The agreement centers on risk mitigation for Fannie Mae in its mortgage credit enhancement activities. The Recourse Provider is obligated to cover losses (Established Losses and Principal Reductions) and make certain advances (Delinquency and Servicing Advances) up to a specified Collateral Requirement, which is secured by Acceptable Collateral held by a custodian.

Key indicators that this is not a reinsurance agreement include:
1.  The parties involved are a government-sponsored enterprise (Fannie Mae), a mortgage finance company (MuniMae), and a financial entity (MMACap), not insurance or reinsurance companies.
2.  The underlying assets are multifamily mortgage loans and tax-exempt revenue bonds, not insurance policies or insurance claims.
3.  The risk being transferred is credit risk on a pool of loans, not underwriting risk from insurance policies.
4.  The document references ""Credit Enhancement"" and ""Credit Enhancement Agreements,"" which are standard terms in mortgage finance, not reinsurance.
5.  The defined terms include ""Mortgage Loan,"" ""Note,"" ""Security Instrument,"" ""Bonds,"" and ""REO"" (Real Estate Owned), all of which are real estate finance terms.
6.  The agreement includes servicing provisions, decision control over defaulted loans, and foreclosure processes, which are typical of mortgage servicing and credit support agreements, not reinsurance contracts.

While the structure involves one party (the Recourse Provider) assuming the first-loss position on a pool of assets, which is conceptually similar to a reinsurance layer, the nature of the underlying risk (mortgage credit risk) and the industry context (real estate finance) are fundamentally different from the insurance and reinsurance industry. The agreement is a credit support or recourse agreement in the mortgage-backed securities market, not a contract for the transfer of insurance risk.

Therefore, the document is not a reinsurance agreement.",False,,,,,
2005-2135-0000950134-05-017603-d28508exv10w15.htm,"The document is the ""Affiliated Computer Services, Inc. Executive Benefit Plan,"" which provides supplemental health benefits, physical examination benefits, estate planning benefits, and income tax preparation benefits to executive officers of the company and its affiliates. It outlines eligibility, benefits, administration, claims procedures, and amendments related to these employee benefits. The plan is funded by the company and is not an insurance or reinsurance contract.

This is an internal employee benefit plan, specifically a welfare benefit plan under ERISA, offering health and other personal benefits to executives. It does not involve risk transfer between insurers and reinsurers, nor does it exhibit any characteristics of reinsurance such as ceding risk, premium sharing, or indemnity for losses. Instead, it is a direct arrangement between an employer and its employees for supplemental compensation and benefits.

Therefore, it is not a reinsurance agreement or any form of insurance contract. It is also not ancillary to a reinsurance contract. As such, all downstream classifications related to reinsurance (main contract, obligatory, proportional, insurance type, class of business) are inapplicable.",False,,,,,
2005-1288359-0001047469-05-008563-a2153952zex-10_1.htm,"The document is a Credit Agreement dated December 21, 2004, among OTELCO INC., other credit parties, lenders, and General Electric Capital Corporation acting as the administrative agent. It outlines the terms for credit facilities, including revolving credit, term loans, and a swing line facility. The agreement includes provisions for interest rates, fees, repayment terms, covenants, and conditions precedent for funding. The document establishes a lending relationship and defines the obligations and rights of the borrower and lenders.

The document is not a reinsurance agreement. Reinsurance agreements involve the transfer of risk from one insurance company (the ceding company) to another (the reinsurer). This document is a credit agreement for providing loans to a telecommunications company, OTELCO INC., and does not involve any transfer of insurance risk. The document is related to corporate financing and debt obligations, not insurance or reinsurance activities.

Based on the provided criteria, this document is not a reinsurance agreement. It is a standard credit agreement for corporate financing, which is explicitly excluded from the definition of reinsurance agreements.",False,,,,,
2005-715273-0001193125-05-051214-dex1053.htm,"The document is a Purchase and Sale Agreement for a portfolio of hotels. It outlines the terms for the sale of real and personal property, including land, buildings, furniture, fixtures, and equipment, from Wyndham International, Inc. and various owners to a purchaser. The agreement details the purchase price, payment terms, representations and warranties, conditions precedent, covenants, and closing procedures.

This document is not a reinsurance agreement. It does not involve the transfer of insurance risk from one insurer (the ceding company) to another (the reinsurer). Instead, it is a standard asset purchase agreement for commercial real estate. The transaction is the direct sale of physical assets and business operations, not the transfer of underwriting risk.

Since the document is not a reinsurance agreement, all subsequent questions regarding its nature as a main contract, its obligatory status, proportionality, insurance type, and class of business are not applicable and should be answered with 'None'.",False,,,,,
2005-923603-0000950134-05-020882-d30062exv10w35.txt,"The provided document is a Term Credit Agreement, which is a financial loan arrangement between a borrower and a lender. It details the terms and conditions of a $175,000,000 loan, including repayment schedules, interest rates, covenants, and collateral. This type of agreement is a standard credit facility and does not involve the transfer of insurance risk from one entity to another.

Reinsurance agreements involve the transfer of risk from an insurer to a reinsurer. The listed examples include reinsurance and retrocession agreements, catastrophe bonds, and other risk transfer instruments. The document in question is a credit agreement, which is explicitly listed as not being a reinsurance agreement. It is a loan agreement, not a risk transfer mechanism.

Therefore, the document is not a reinsurance agreement. Since it is not a reinsurance agreement, the subsequent fields related to reinsurance characteristics (main contract, obligatory, proportional, insurance type, class of business) are not applicable and should be set to None.",False,,,,,
2005-1292900-0001104659-05-014222-a05-5760_1ex10d6.htm,"The document is an ""Amendment and Restatement Agreement"" related to a credit agreement among Interline Brands, Inc., lenders, and agents. It details amendments to an existing credit agreement, including changes to loan terms, repayment schedules, and conditions for effectiveness. The document involves financial arrangements such as loans, credit facilities, and security interests but does not mention any insurance or reinsurance activities.

Reinsurance agreements involve risk transfer from one insurer (the ceding company) to another (the reinsurer). This document, however, pertains to corporate financing and debt restructuring through a syndicated loan facility. It does not involve the transfer of insurance risk, nor does it reference any insurance policies, claims, or cessions.

Since the document is fundamentally a credit and loan agreement with no elements of insurance or reinsurance, it cannot be classified as a reinsurance agreement.",False,,,,,
2005-357019-0000950137-05-002963-c93069exv10w3.txt,"The document is a Loan Agreement dated April 30, 2002, among USEB Aircraft Limited, Barclays Bank PLC, Wells Fargo Bank Northwest, N.A., and the Export-Import Bank of the United States. It establishes a credit facility to finance or refinance the purchase and export of ten Boeing Model 737-800 aircraft. The agreement outlines the terms for disbursements, interest rates, repayment schedules, and security interests in the aircraft and related leases. It also includes provisions for fees, representations and warranties, covenants, events of default, and remedies.

The document is not a reinsurance agreement. It is a loan agreement involving the financing of aircraft, with provisions for security interests and guarantees. The document does not involve the transfer of insurance risk from one insurer to another, which is the hallmark of reinsurance. Instead, it is a financial arrangement for the purchase and leasing of aircraft, with the Export-Import Bank of the United States providing a guarantee on the repayment of the loans.

Since the document is not a reinsurance agreement, the subsequent questions about whether it is a main contract, obligatory, proportional or non-proportional, insurance type, and class of business are not applicable, and the answers are None.",False,,,,,
2005-923603-0000950134-05-014863-d27611exv10w34w1.txt,"The document is a Construction Loan Agreement between Grande Palms, L.L.C. (the Borrower) and Bank of America, N.A. (the Administrative Agent), along with other financial institutions. The agreement outlines the terms for a construction loan of up to $69,800,000.00 to fund the construction of a condominium building and related improvements. The document includes provisions for loan disbursement, interest rates, repayment terms, covenants, representations, warranties, default remedies, and administrative agent responsibilities. It also references various exhibits, such as the Budget, Draw Request forms, and the Schedule of Lenders.

This document is clearly a loan agreement, not a reinsurance agreement. It does not involve the transfer of insurance risk from one insurer to another, which is the defining characteristic of reinsurance. Instead, it is a financial instrument where lenders provide funds to a borrower for a construction project, secured by a mortgage on the property. The listed examples of reinsurance agreements (e.g., retrocession agreements, catastrophe bonds, loss portfolio transfers) are entirely unrelated to the nature of this loan contract.

Therefore, the document is not a reinsurance agreement, and all subsequent fields related to reinsurance characteristics (main contract, obligatory, proportional, insurance type, class of business) are not applicable.",False,,,,,
2005-1041954-0001193125-05-221609-dex101.htm,"The document provided is a ""Second Amended and Restated Credit Agreement."" This is a standard legal agreement between a borrower and lenders that outlines the terms of a loan, including repayment schedules, interest rates, covenants, and other conditions. The document involves entities such as ITC^DeltaCom, Inc., Interstate FiberNet, Inc., and various lenders, with General Electric Capital Corporation acting as the administrative and collateral agent.

This document is clearly a credit or loan agreement, which falls under the category of financial instruments and debt financing. According to the classification guidelines, such documents are explicitly **not** considered reinsurance agreements. Specifically, the list of documents that are **not** reinsurance agreements includes ""Bonds, loans and credit instruments,"" which directly applies to this credit agreement.

Since it is not a reinsurance agreement, all subsequent fields related to reinsurance (such as whether it's a main contract, obligatory, proportional, etc.) must be set to `None` as per the instructions.",False,,,,,
2005-1097864-0001193125-05-066747-dex1035.htm,"The document is an ""AMENDED AND RESTATED CREDIT AGREEMENT"" dated August 4, 1999, as amended and restated December 23, 2004, between ON SEMICONDUCTOR CORPORATION, SEMICONDUCTOR COMPONENTS INDUSTRIES, LLC, various lenders, and JPMORGAN CHASE BANK, N.A. as Administrative Agent.

This is clearly a commercial credit agreement establishing lending commitments, interest rates, repayment schedules, financial covenants, and collateral provisions for a semiconductor company. The document contains standard provisions found in loan agreements including:
- Definitions of loan terms and financial metrics
- Commitments from lenders to provide credit facilities
- Interest calculation methods (LIBOR, ABR)
- Repayment schedules for Tranche G Term Loans
- Financial covenants (minimum EBITDA requirements)
- Security interests in assets as collateral
- Events of default and remedies

The document is explicitly identified as a credit agreement in both its title and metadata (described as ""AMENDED AND RESTATED CREDIT AGREEMENT"" with form type EX-10.35). The company involved (ON SEMICONDUCTOR CORP) is a semiconductor manufacturer, not an insurance or reinsurance company.

While there are references to insurance (such as Section 3.13 discussing insurance maintained by the company, and Sections 5.07-5.08 regarding insurance requirements for the borrower's assets), these are standard provisions in commercial loan agreements requiring borrowers to maintain adequate insurance on their assets - they do not indicate this is an insurance or reinsurance document itself.

The document does not contain any provisions characteristic of reinsurance agreements such as:
- Risk transfer between insurers
- Premium calculations based on insurance portfolios
- Claims handling procedures between ceding and assuming companies
- Treaty or facultative reinsurance structures
- Provisions for loss reserves, loss ratios, or catastrophe coverage

The document is fundamentally a lending arrangement between a borrower (semiconductor company) and lenders (financial institutions), not an agreement for transferring insurance risk.",False,,,,,
2005-1041954-0001193125-05-102895-dex103.htm,"The document is a Credit Agreement between ITC^DeltaCom, Inc., Interstate FiberNet, Inc., and various lenders, including Welsh, Carson, Anderson & Stowe VIII, L.P., acting as an agent. The agreement outlines the terms for a $20,000,000 loan, including repayment schedules, interest rates, covenants, representations and warranties, events of default, and other standard provisions found in a credit agreement.

The document does not contain any language related to insurance or reinsurance. Instead, it deals with corporate borrowing, lending, and secured financing. It establishes a loan and security structure involving multiple parties but does not transfer insurance risk from an insurer to a reinsurer.

According to the classification rules, credit agreements and loan documents are explicitly not considered reinsurance agreements. The document is a standard credit facility agreement and does not fall under any of the categories that would qualify it as a reinsurance agreement, such as retrocession, reinsurance to close, loss portfolio transfer, or any risk transfer mechanism related to insurance.

Therefore, the document is not a reinsurance agreement, and all subsequent fields dependent on it being a reinsurance agreement must be set to None or False accordingly.",False,,,,,
2005-40211-0000950137-05-002962-c90457exv10w3.txt,"The provided document is a ""Loan Agreement"" between USEB Aircraft Limited, Barclays Bank PLC, Wells Fargo Bank Northwest, N.A., and the Export-Import Bank of the United States. Its primary purpose is to establish a credit facility to finance the purchase and export of ten Boeing 737-800 aircraft. The agreement details the terms of the loan, including disbursement, interest, repayment schedules, covenants, events of default, and security interests in the aircraft and related leases.

The document is fundamentally a financing agreement, which is explicitly listed in the exclusion criteria as **not** being a reinsurance agreement. It does not involve the transfer of insurance risk from one insurer (the ceding company) to another (the reinsurer). Instead, it is a debt instrument secured by physical assets (aircraft) and lease agreements. There is no mention of insurance policies, ceded premiums, loss reserves, or any other elements typical of reinsurance contracts.

Since the document is not a reinsurance agreement, all subsequent fields that depend on that classification (is_main_contract, is_obligatory, etc.) must be set to None.",False,,,,,
2005-1041954-0001193125-05-102895-dex102.htm,"The document is an ""Amended and Restated Credit Agreement"" dated March 29, 2005, among ITC^DeltaCom, Inc., Interstate FiberNet, Inc., and other parties. It outlines terms for loans, repayment schedules, interest rates, covenants, and other financial obligations. The document is clearly a credit agreement related to corporate financing and does not contain any language or structure indicative of a reinsurance agreement. It involves lenders, borrowers, and agents in a financial loan context, not risk transfer between insurance entities. Therefore, it is not a reinsurance agreement.",False,,,,,
2005-1109190-0000950153-05-002819-p71413exv10w6.txt,"The document is a Note Purchase Agreement for $100,000,000 5.39% Senior Guaranteed Notes due September 30, 2012, issued by eFUNDS CORPORATION. It outlines the terms and conditions for the sale and purchase of these notes by various purchasers. The agreement includes details about the authorization of the notes, sale and purchase terms, closing conditions, representations and warranties, covenants, events of default, and remedies. It also includes a guarantee agreement from several subsidiaries of eFUNDS CORPORATION.

This document is a debt financing agreement, specifically a private placement of senior guaranteed notes. It is not related to insurance or reinsurance in any way. The document does not contain any provisions typical of reinsurance contracts, such as risk transfer from an insurer to a reinsurer, ceding commissions, or reinsurance-specific clauses. The entities involved are financial institutions and insurance companies acting as investors in corporate debt, not as parties to a reinsurance arrangement.

The presence of insurance companies as note purchasers (such as Great-West Life & Annuity Insurance Company, London Life Reinsurance Company, etc.) does not make this a reinsurance agreement. These companies are investing in corporate debt as part of their investment portfolios, which is a common practice for insurance companies, but this does not constitute reinsurance.

The document is clearly a debt instrument and falls under the category of bonds and credit instruments, which are explicitly excluded from being considered reinsurance agreements according to the provided criteria.",False,,,,,
2005-715273-0001193125-05-159193-dex104.htm,"The document provided is a Mezzanine A Loan Agreement, which is a financial agreement between borrowers and lenders for a loan secured by equity interests in entities that own real property. This is a standard commercial loan agreement, not a reinsurance agreement. The document outlines terms for a $50 million loan, interest rates, repayment terms, default provisions, and other loan covenants. It does not contain any language related to insurance risk transfer, reinsurance, retrocession, or any other elements that would classify it as a reinsurance agreement. The document is clearly a loan agreement secured by equity interests in property-owning entities, not an insurance or reinsurance contract.",False,True,,,,
2005-916457-0000891618-05-000256-f05222exv10w1w9.txt,"The document provided is a Credit Agreement between Riverside Energy Center, LLC, as the borrower, and various financial institutions, including Credit Suisse First Boston and CoBank, ACB, as lenders and agents. It outlines the terms of a term loan facility to finance a 617 MW combined cycle power generation plant in Wisconsin. The agreement includes detailed provisions on loan disbursement, repayment terms, covenants, conditions precedent, and security arrangements.

This document is not a reinsurance agreement. It is a financing agreement for a power generation project. The list of documents that are considered reinsurance agreements includes reinsurance and retrocession agreements, Reinstatement Premium Protection contracts, Capital Maintenance agreements, Loss Portfolio Transfers, and other specific reinsurance-related contracts. None of these apply to the current document.

The document is a credit agreement, which is a loan and not an insurance or reinsurance contract. It is not listed among the documents that are considered reinsurance agreements. Therefore, it is not a reinsurance agreement.

Since the document is not a reinsurance agreement, the subsequent fields that pertain to reinsurance contracts—such as whether it is a main contract, if it is obligatory, the type of reinsurance (proportional or non-proportional), the insurance type, and the class of business—are not applicable and must be set to None.",False,,,,,
2005-835664-0001206774-05-000356-d16503_ex10-30.htm,"The provided document is a Credit Agreement dated August 24, 2004, between CRT Properties, Inc., CRTP OP LP (the Borrowers), and several financial institutions (the Lenders), with Wells Fargo Bank, National Association acting as the Agent. The agreement outlines a $165,000,000 revolving credit facility, including subfacilities for swingline loans and letters of credit. The document details the terms of the loans, interest rates, covenants, conditions precedent, representations and warranties, and other standard provisions found in a commercial credit agreement.

The document is clearly a financing agreement and not a reinsurance agreement. It does not involve the transfer of insurance risk from one insurer (the ceding company) to another (the reinsurer). Instead, it is a loan agreement where financial institutions are providing credit to a real estate company.

The document is also not ancillary to a reinsurance agreement, nor does it modify or amend an existing reinsurance contract. It is entirely unrelated to the insurance or reinsurance industry, focusing instead on real estate financing.

Therefore, based on the definition provided, this document is not a reinsurance agreement.",False,,,,,
2005-898904-0000898904-05-000014-exhibit1022.txt,"The document is a ""Secured Debtor-in-Possession Credit and Security Agreement"" between ATA Airlines Inc. (the Borrower), ATA Holdings Corp. (the Parent), certain subsidiaries, and Southwest Airlines Co. (the Lender). It establishes a term credit facility for the Borrower, who is in bankruptcy proceedings, and includes provisions for a term loan and a guaranty of the Borrower's obligations under a separate construction loan. The agreement details the terms of the loan, including the principal amount, interest rates, repayment schedule, and conditions for default. It also outlines the security interests and liens granted by the Borrower and Guarantors to the Lender to secure the repayment of the loan and other obligations.

The document does not mention any reinsurance or retrocession agreements, nor does it contain any provisions related to the transfer of insurance risk from one insurer to another. Instead, it is focused on a debtor-in-possession financing arrangement, which is a type of loan provided to a company during bankruptcy proceedings. The agreement includes covenants, representations, and warranties typical of a loan agreement, but there is no indication that it involves the transfer of insurance risk.

Given that the document is a credit and security agreement for a term loan and does not involve the transfer of insurance risk, it does not meet the criteria for a reinsurance agreement as defined in the instructions. Therefore, it is not a reinsurance agreement.",False,,,,,
2005-1041954-0001193125-05-102895-dex101.htm,"The document is a ""Third Amended and Restated Credit Agreement"" which governs a lending arrangement between a borrower (Interstate FiberNet, Inc.) and a group of lenders, with Wells Fargo Bank acting as the administrative and collateral agent. The agreement outlines the terms for various types of advances, repayment schedules, interest rates, covenants, and other conditions typical of a corporate credit facility.

The document explicitly refers to the restructuring and consolidation of existing debt and capital leases, and the provision of new term loans. It includes detailed sections on the amount and terms of the advances, conditions for lending, representations and warranties, covenants, events of default, and guaranties. The parties involved are a telecommunications company and financial institutions, and the subject matter is the provision and management of debt financing.

This document is not a reinsurance agreement. Reinsurance agreements involve the transfer of insurance risk from one insurer (the ceding company) to another (the reinsurer). The document in question is a credit agreement, which is a financial instrument for borrowing money. It falls under the category of bonds, loans, and credit instruments, which are explicitly listed as NOT being reinsurance agreements in the provided definition.

Since the document is not a reinsurance agreement, all subsequent questions regarding its nature as a reinsurance contract (such as whether it is a main contract, obligatory, proportional, etc.) are not applicable and must be answered as 'None'.",False,,,,,
2005-88000-0001047469-05-007163-a2153908zex-10_1.htm,"The provided document is the ""Employee Benefit Health and Welfare Plan"" for Scott's Liquid Gold & Affiliated Companies. It is a comprehensive plan document and summary plan description that outlines the medical, dental, vision, prescription drug, and group life insurance benefits offered to employees and their dependents.

The document explicitly states it is a self-funded health and welfare plan. While it mentions that the self-funded plan is ""reinsured with a major insurance company to limit the liability of the self-funded Plan for catastrophic individual or group claims,"" this reference to reinsurance describes a risk management strategy for the employer's self-insured plan. The document itself is the master contract for the employee benefits, detailing eligibility, coverage, benefits, exclusions, claims procedures, and administrative provisions. It is not a contract between two insurance or reinsurance companies transferring risk.

Therefore, this document is a direct insurance policy (specifically, a group health insurance plan) and falls under the category of documents that are explicitly NOT considered reinsurance agreements, as it is an ""Insurance policy and other direct insurance contracts.""",False,,,,,
2005-1267395-0000950136-05-001298-file003.htm,"The document is an ""Amended and Restated Service Agreement"" between James Richard Few and Aspen Insurance Limited, followed by a ""Severance Agreement."" The content outlines the terms of employment, including position (Head of Property Reinsurance and Chief Underwriting Officer), remuneration, duties, termination conditions, restrictive covenants, and benefits. It is a contract for executive employment and does not establish or modify any reinsurance or insurance risk transfer arrangement between insurers or reinsurers.

Although the executive's role includes responsibilities related to property reinsurance, the document itself is not a reinsurance agreement. It is a service/employment contract, which is explicitly excluded from the definition of reinsurance agreements. Therefore, it does not meet any of the criteria for being classified as a reinsurance agreement.

Since it is not a reinsurance agreement, all subsequent classification fields (main contract, obligatory, etc.) must be set to None.",False,,,,,
2005-1265131-0001047469-05-008575-a2154628zex-10_32.htm,"The document is a Loan Agreement between ARC III, L.L.C. (Borrower) and Citigroup Global Markets Realty Corp. (Lender and Collateral Agent). The agreement outlines the terms and conditions of a loan, including the use of proceeds, security for the loan, representations and warranties, affirmative and negative covenants, events of default, and other miscellaneous provisions. The document is clearly a financial instrument related to a loan and not a reinsurance agreement. Reinsurance agreements involve the transfer of risk from one insurer to another, which is not the case here. The document does not mention any insurance or reinsurance activities, and the parties involved are not insurers or reinsurers. Therefore, the document is not a reinsurance agreement.",False,,,,,
2005-835768-0001104659-05-055611-a05-18535_1ex10d5.htm,"The document is an Airline Services Agreement between Mesaba Aviation, Inc. and Northwest Airlines, Inc. It outlines the provision of regional airline services, including the operation of scheduled and charter flights, the use of aircraft and spare engines, and various ancillary arrangements such as ground handling, facilities, data communications, security, reservation services, ticketing, baggage handling, air cargo handling, and use of company material. It also covers financial aspects like revenues, payments, billing, and insurance, along with reporting, auditing, and confidentiality provisions.

The agreement is explicitly not a reinsurance agreement. The document pertains to aviation services and operational logistics between two airlines, not to the transfer of insurance risk. The listed examples of documents considered reinsurance agreements (e.g., reinsurance agreements, retrocession agreements, catastrophe bonds) are financial instruments for risk transfer between insurers, which this airline services contract is not. The document is instead a commercial agreement for operational cooperation and service provision within the airline industry, which falls under the category of ""Referral Agreements, Underwriting Agency Agreements between reinsurance companies and reinsurance underwriting management companies or agents"" as explicitly excluded from being reinsurance agreements.

Since the document is not a reinsurance agreement, the downstream fields `is_main_contract`, `is_obligatory`, `proportional_or_non_proportional`, `insurance_type`, and `class_of_business` are all `None`.",False,,,,,
2005-935007-0001193125-05-140275-dex101.htm,"This document is a Third Amended and Restated Credit Agreement dated June 10, 2005, between Horizon Health Corporation (Parent), Horizon Mental Health Management, Inc. (Borrower), JPMorgan Chase Bank as Agent, and various banks. It establishes a revolving credit facility and letter of credit provisions for the Borrower.

The document is clearly a standard commercial loan agreement, not a reinsurance agreement. It contains typical credit agreement provisions including:
- Revolving credit facility terms
- Interest rate calculations
- Loan covenants (both positive and negative)
- Financial covenants
- Default provisions
- Agent responsibilities
- Repayment terms

While the document does mention insurance in Section 8.5 (requiring the company to maintain appropriate insurance coverage), this is merely a standard covenant in loan agreements and does not make the agreement itself an insurance or reinsurance contract. Similarly, while Section 2.7 discusses Letters of Credit, these are specifically excluded from the definition of reinsurance agreements per the instructions.

The company involved (Horizon Health Corporation) is a healthcare company (mental health management services provider), not an insurance or reinsurance company. The purpose of the agreement is to establish a credit facility for working capital and corporate purposes, not to transfer insurance risk.

According to the provided criteria, documents that are NOT considered reinsurance agreements include ""Bonds, loans and credit instruments"" (with exceptions for Catastrophe Bonds and Insurance Linked Securities, which this is not). This document is clearly a standard commercial loan agreement and does not meet any of the definitions of reinsurance agreements provided in the instructions.

Since this is not a reinsurance agreement at all, all other classification fields should be None.",False,,,,,
2005-1056112-0000950152-05-007041-l15389aexv10w1.txt,"The document is a Credit Agreement, which is a loan agreement between Werner Holding Co. (DE), Inc. and several lenders. It outlines the terms for a $100,000,000 Senior Secured Credit Facility. The document details the borrowing, repayment terms, interest rates, covenants, and other financial obligations. It includes provisions for Term Loans, security interests, and guarantees. 

The document does not contain any language or provisions related to insurance or reinsurance. It does not transfer risk from an insurer to a reinsurer, nor does it involve the sharing of premiums or losses between insurers and reinsurers. Instead, it is a financial agreement for a secured loan, which falls under the category of credit agreements and is not related to insurance or reinsurance activities.

Based on the provided definitions, the document is not a reinsurance agreement because it is a credit agreement involving loans and financial covenants, not risk transfer between insurers and reinsurers. Since it is not a reinsurance agreement, the subsequent fields regarding main contract, obligatory nature, proportionality, insurance type, and class of business are not applicable and should be set to None.",False,,,,,
2005-913357-0001047469-05-014744-a2158014zex-10_2.htm,"The provided document is a Third Amended and Restated Credit Agreement between Financial Security Assurance Inc., FSA Insurance Company, various banks, and Bayerische Landesbank acting as Agent. The agreement outlines the terms for a $350,000,000 credit facility, including the conditions for borrowing, interest rates, fees, and repayment terms. The document also includes definitions, representations and warranties, covenants, and events of default.

The document is not a reinsurance agreement. Reinsurance agreements involve the transfer of risk from one insurer to another, typically to spread risk and limit potential losses from large claims. The document in question is a credit agreement, which is a financial contract between a borrower and a lender that outlines the terms of a loan. It does not involve the transfer of insurance risk but rather the provision of credit.

The document includes a schedule (Schedule IV) that lists reinsurance agreements related to the Covered Portfolio, but the document itself is not a reinsurance agreement. It is a credit agreement that references these reinsurance agreements as part of the collateral or security for the loan.

Therefore, the document is not a reinsurance agreement, and the subsequent fields related to reinsurance (is_main_contract, is_obligatory, proportional_or_non_proportional, insurance_type, class_of_business) are not applicable.",False,,,,,
2005-715273-0001193125-05-159193-dex101.htm,"The document is a First-Lien Credit Agreement between Wyndham International, Inc., the lenders, and the administrative agent. It outlines the terms of a $755,000,000 credit facility, including revolving loans, term loans, swingline loans, and letters of credit. The agreement details the commitments of the lenders, the obligations of the borrower, interest rates, fees, covenants, and conditions for default.

This document is not a reinsurance agreement. It is a credit agreement, which is explicitly listed as not being a reinsurance agreement under the ""NOT considered reinsurance agreements"" section. Specifically, bonds, loans, and credit instruments are excluded, except for Catastrophe Bonds and other Insurance Linked Securities, which this document is not.

Since it is not a reinsurance agreement, the subsequent fields related to reinsurance characteristics (is_main_contract, is_obligatory, proportional_or_non_proportional, insurance_type, class_of_business) are not applicable and should be set to None.",False,,,,,
2005-715273-0001193125-05-159193-dex105.htm,"The document is a ""Mezzanine B Loan Agreement,"" which is a loan agreement between borrowers and lenders. It involves the disbursement of a loan amount of $50,000,000.00, repayment terms, interest rates, and other loan-related conditions. The agreement is secured by a pledge of interests in entities that own real property. The document does not involve any reinsurance activities, such as risk transfer from an insurer to a reinsurer, or any of the elements listed in the reinsurance agreement definition. Instead, it is clearly a loan agreement, which explicitly falls under the category of ""bonds, loans and credit instruments"" in the list of documents that are NOT considered reinsurance agreements.",False,,,,,
2005-1164246-0000892569-05-000208-a07279exv10w50.txt,"The document is an ""Amended and Restated Credit Agreement"" between G REIT, L.P., the lenders, and LaSalle Bank National Association acting as the agent. It outlines the terms for a credit facility, including the commitment amounts, interest rates, repayment terms, covenants, and conditions for borrowing. The agreement involves secured loans for real estate acquisition costs, with collateral including mortgages on properties. 

This document is not a reinsurance agreement. It is a credit agreement, which falls under the category of loans and credit instruments. According to the provided classification rules, loans and credit instruments are explicitly excluded from being considered reinsurance agreements unless they are Catastrophe Bonds or other Insurance Linked Securities, which this document is not. The document does not involve risk transfer from an insurer to a reinsurer, nor does it mention insurance or reinsurance in any capacity. It is purely a financial loan agreement.

Since it is not a reinsurance agreement, the subsequent fields related to reinsurance characteristics (is_main_contract, is_obligatory, etc.) are not applicable and should be set to None.",False,,,,,
2005-715273-0001193125-05-159193-dex107.htm,"The provided document is a Mezzanine Loan Agreement between Patriot Mezz Borrower #2, LLC and IHC Mezz Borrower #2, LLC (collectively, ""Borrower"") and JPMorgan Chase Bank, N.A. and Bear Stearns Commercial Mortgage, Inc. (collectively, ""Lender""). The document outlines the terms and conditions of a loan, including disbursement, interest rates, repayment, prepayment, and other covenants. It is a financial agreement related to a loan secured by collateral, specifically involving mezzanine financing.

The document does not contain any provisions or language that would classify it as a reinsurance agreement. Reinsurance agreements involve the transfer of insurance risk from one insurer (the ceding company) to another (the reinsurer). The document in question is clearly a loan agreement, not a contract for the transfer of insurance risk.

Therefore, the document is not a reinsurance agreement.",False,,,,,
2005-916457-0000891618-05-000256-f05222exv10w1w10.txt,"The document is a Credit Agreement between Rocky Mountain Energy Center, LLC (Borrower), various financial institutions (Lenders), and other parties. The agreement outlines the terms for a senior secured credit facility to finance a 601 MW combined cycle power generation plant in Colorado. Key elements include the Term Loan Facility, fees, payment terms, conditions precedent, representations and warranties, affirmative and negative covenants, events of default, and remedies. The document also details the use of proceeds, security interests, and the role of agents.

This document is not a reinsurance agreement. It is a credit agreement, which is a financial instrument for borrowing and lending money. The document does not involve the transfer of insurance risk from one insurer to another, which is the essence of reinsurance. Instead, it is a loan agreement with specific terms for repayment, interest, and collateral. The document is also not related to insurance policies, retrocession agreements, or any other form of risk transfer typically associated with reinsurance.

Since the document is not a reinsurance agreement, the subsequent fields related to reinsurance characteristics (is_main_contract, is_obligatory, proportional_or_non_proportional, insurance_type, class_of_business) are not applicable and should be set to None.",False,,,,,
2005-899629-0000950116-05-001036-ex10-48.txt,"This document is an ""AMENDED AND RESTATED TERM LOAN AGREEMENT"" dated June 30, 2004 between Fleet National Bank (as Lender and Administrative Agent) and several borrower entities (Heathcote Associates, L.P., Acadia Town Line, LLC, RD Branch Associates, L.P., RD Abington Associates Limited Partnership, and RD Methuen Associates Limited Partnership). 

The document establishes a commercial real estate loan for financing multiple shopping center properties located in Connecticut, Vermont, New York, Massachusetts, and Pennsylvania. It details loan terms including principal amount ($45,900,000), interest rates (Prime Based Rate or LIBO Based Rate), repayment schedule, covenants, representations and warranties, and other standard provisions of a commercial real estate financing agreement.

This is clearly a standard commercial loan agreement and not a reinsurance agreement. The document contains no provisions related to insurance risk transfer, reinsurance, retrocession, or any other elements of reinsurance contracts. While it mentions insurance in Section 5.09 regarding required property insurance for the mortgaged properties (standard for real estate loans), this is not reinsurance. It also references a ""Hedging Agreement"" for interest rate protection, but this is a financial hedging arrangement, not reinsurance.

The document does not match any of the types of agreements classified as reinsurance agreements per the guidelines (reinsurance agreements, retrocession agreements, RPP contracts, capital maintenance agreements, LPT/ADC/RTC agreements, portfolio transfers with reinsurance provisions, cat bonds, insurance pooling agreements, or documents modifying reinsurance agreements).

Since this is not a reinsurance agreement at all, all subsequent classification fields should be set to None.",False,,,,,
2005-715273-0001193125-05-159193-dex106.htm,"The document is a ""MEZZANINE C LOAN AGREEMENT"" dated May 10, 2005 between various borrower entities (W-Baltimore Majority Mezz Borrower #3, LLC, W-Baltimore Minority Mezz Borrower #3, LLC, and other similarly named entities) and lenders (JPMorgan Chase Bank, N.A. and Bear Stearns Commercial Mortgage, Inc.). 

This is clearly a commercial real estate loan agreement for hotel properties, not a reinsurance agreement. The document establishes a $100 million loan secured by pledges of ownership interests in entities that own interests in hotel properties. It includes standard loan provisions regarding interest rates, repayment terms, covenants, default provisions, and other typical loan agreement elements.

The document references a larger financing structure that includes:
- A Mortgage Loan of $475 million
- A Mezzanine A Loan of $50 million
- A Mezzanine B Loan of $50 million
- This Mezzanine C Loan of $100 million

The properties involved are hotel properties such as the Wyndham Casa Marina Resort, Atlanta American, Wyndham Reach Resort, and others.

While the document does contain sections about insurance requirements (Section 6.1), this is standard collateral protection language in real estate loan agreements, requiring the borrower to maintain property insurance on the collateral properties. This does not make the document itself an insurance or reinsurance agreement.

According to the provided criteria, this document falls under the category of ""Bonds, loans and credit instruments"" which are explicitly listed as NOT being reinsurance agreements (except for Catastrophe Bonds and other Insurance Linked Securities as described). This is a standard commercial real estate loan agreement, not any form of insurance or reinsurance contract.

Since this is not a reinsurance agreement at all, all other classification questions (is_main_contract, is_obligatory, proportional_or_non_proportional, insurance_type, class_of_business) should be answered as None.",False,,,,,
2005-1286686-0000950133-05-001351-w05547exv10w1w2.htm,"The document is an ""Amended and Restated Indenture"" that establishes a financial agreement between Collegiate Funding Services Resources I, LLC (the ""Issuer"") and various Conduit Lenders, Committed Lenders, Funding Agents, an Administrative Agent, an Indenture Trustee, an Eligible Lender Trustee, a Securities Intermediary, an Administrator, and a Master Servicer. The core purpose of this agreement is to facilitate a lending facility where the Lenders provide Advances to the Issuer, secured by a pool of student loans (the ""Collateral""). The proceeds from these Advances are used by the Issuer to purchase or fund student loans.

The agreement outlines the mechanics of borrowing, repayment, interest calculation, and fees. It details the creation of a security interest in the student loans and other assets for the benefit of the Lenders, and establishes a complex system of accounts (Collection, Disbursement, Reserve, etc.) to manage the cash flows. The document also includes extensive covenants, representations, and warranties, and defines events of termination that would trigger the immediate repayment of the outstanding Advances.

This document is fundamentally a secured lending agreement, which is a type of debt financing. It shares structural similarities with asset-backed securitization (ABS) transactions, where a special-purpose vehicle (the Issuer) is funded by investors (the Lenders) to purchase a pool of assets (student loans). However, the core relationship is that of a borrower and lender, not an insurer and reinsurer.

According to the provided definitions, reinsurance agreements involve the transfer of insurance risk from one insurer (the ceding company) to another (the reinsurer). This document contains no mention of insurance policies, risk transfer between insurers, or any of the specific types of reinsurance contracts listed (e.g., retrocession, RPP, LPT, catastrophe bonds). Instead, it deals with the financing of student loan portfolios. Therefore, it does not meet any of the criteria for being classified as a reinsurance agreement.

Since the document is not a reinsurance agreement, the subsequent fields (`is_main_contract`, `is_obligatory`, `proportional_or_non_proportional`, `insurance_type`, and `class_of_business`) are not applicable and must be set to `None`.",False,,,,,
2005-1267097-0000950124-05-001007-k92209exv10w1.txt,"The document provided is a ""Fourth Amended and Restated Credit Agreement"" dated December 17, 2004. It is a financial agreement between TRW Automotive Holdings Corp., its subsidiaries, lenders, and the administrative agent (JPMorgan Chase Bank, N.A.). The agreement outlines the terms and conditions for credit facilities, including loans, revolving credit, and ancillary facilities.

Based on the definitions provided, reinsurance agreements include contracts like reinsurance, retrocession, Reinstatement Premium Protection, and other similar instruments that transfer risk from insurers to reinsurers. The document in question is a credit agreement involving loans and financial arrangements between a corporation and its lenders. It does not involve the transfer of insurance risk from one insurer to another, nor does it contain any clauses or provisions indicative of a reinsurance or retrocession agreement.

Since the document is a credit agreement and not a reinsurance agreement, it cannot be classified as a main contract, obligatory agreement, proportional or non-proportional, nor can it be categorized by insurance type or class of business as these attributes are only relevant if the document were a reinsurance agreement.

Thus, the document is not a reinsurance agreement, and all subsequent fields that depend on it being a reinsurance agreement are set to None.",False,,,,,
2005-931148-0000932440-05-000115-gti_creditagmtfeb05.htm,"The document is an Amended and Restated Credit Agreement dated February 8, 2005, among GrafTech International Ltd., GrafTech Global Enterprises Inc., GrafTech Finance Inc., and other parties with JPMorgan Chase Bank as administrative agent. This is a standard corporate credit facility that establishes revolving loan commitments, letter of credit facilities, and other credit arrangements between the borrower (GrafTech Finance Inc.) and various lenders.

The document contains typical provisions of a credit agreement including:
- Definitions of financial terms
- Commitments for loans and letters of credit
- Interest rate provisions
- Representations and warranties
- Covenants (affirmative and negative)
- Events of default
- Security and collateral provisions
- Governing law and other standard contractual terms

According to the classification criteria provided, this document is explicitly NOT considered a reinsurance agreement. It falls under the category ""Bonds, loans and credit instruments"" which is specifically listed in the ""NOT considered reinsurance agreements"" section. The document is a standard corporate financing arrangement with no elements of risk transfer from an insurer to a reinsurer. While there are references to insurance in Sections 4.22 and 6.02, these refer to the company's own property and casualty insurance coverage, not reinsurance arrangements.

Since this is not a reinsurance agreement at all, all other classification fields should be set to None as they only apply to documents that are reinsurance agreements.",False,,,,,
2005-1017022-0001017022-05-000014-ex10_94.htm,"The provided document is a ""Mezzanine Loan and Security Agreement (Senior Mezzanine)"" dated February 9, 2005, between CNL Hotel Del Senior Mezz Partners, LP (Mezzanine Borrower) and German American Capital Corporation (Mezzanine Lender). It details a $90,000,000 loan secured by a pledge of the Mezzanine Borrower's interests in the Mortgage Borrower and its general partner. The document outlines the terms of the loan, including interest, repayment, covenants, representations and warranties, default provisions, and remedies. It also includes provisions for cash management, insurance, environmental matters, and assignments.

This document is fundamentally a loan agreement, which falls under the category of ""Bonds, loans and credit instruments"" as explicitly listed in the ""NOT considered reinsurance agreements"" section. The agreement pertains to the financing of a real estate property (a hotel) and does not involve the transfer of insurance risk from an insurer to a reinsurer. There is no mention of any insurance or reinsurance policies, retrocession, or risk transfer related to insurance claims. The document's primary function is to secure a debt obligation, which is the opposite of a reinsurance agreement, which is designed to manage insurance risk.

Therefore, based on the definitions provided, this document is not a reinsurance agreement.",False,,,,,
2005-893816-0000893816-05-000030-x10-2q105.txt,"The provided document is a Request for Proposal (RFP) issued by the State of Missouri for the provision of services related to the Medicaid Management Information System (MMIS). The document outlines the requirements for a contractor to implement, operate, enhance, maintain, and eventually transition the MMIS, which is a system used to manage Medicaid claims and related services. The document includes detailed specifications for the scope of work, performance standards, technical requirements, and contractual obligations. It also includes pricing schedules and amendments related to the contract.

The document does not contain any elements of a reinsurance agreement. Reinsurance agreements involve the transfer of risk from one insurance company to another, typically to mitigate potential losses. This document, however, is focused on the management and processing of Medicaid claims, which is a direct insurance or government healthcare program, not a reinsurance arrangement. The services described are administrative and operational in nature, involving data processing, claims adjudication, and system maintenance, none of which pertain to the transfer of insurance risk between insurers.

Therefore, the document is not a reinsurance agreement, and none of the subsequent fields related to reinsurance characteristics (such as whether it is a main contract, obligatory, proportional, etc.) are applicable.",False,,,,,
2005-715273-0001193125-05-159193-dex103.htm,"The document is a Loan Agreement between multiple borrowers and lenders for a commercial mortgage. It details the terms of a loan to acquire or refinance several hotel properties. The agreement includes provisions for disbursement, interest rates, repayment schedules, prepayments, cash management, and various covenants and conditions. It also outlines the use of proceeds, collateral requirements, and remedies in case of default.

This document is clearly a loan agreement and not a reinsurance agreement. It does not transfer insurance risk from one insurer to another. Instead, it establishes a debtor-creditor relationship where the borrowers receive funds from the lenders and agree to repay the principal plus interest over time.

The document contains provisions related to insurance (Section 6.1), but these are standard requirements for a commercial loan to protect the lender's collateral, not provisions establishing a reinsurance contract.

The document also includes a section on ""Sale of Notes and Securitization"" (Section 9.1), which discusses the possibility of the lender selling the loan or creating securities backed by the loan. While this involves financial risk transfer, it is not reinsurance, which specifically refers to the transfer of insurance risk between insurance companies.

Therefore, this document is a loan agreement and not a reinsurance agreement.",False,True,,,,
2005-1174874-0001193125-05-225865-dex101.htm,"The provided document is a ""Third Amended and Restated Credit Agreement."" This is a legal contract between a borrower (American Seafoods Group LLC) and a group of lenders that outlines the terms and conditions for a $520 million credit facility, including various types of loans and letters of credit.

The document's content is entirely focused on financial covenants, loan disbursements, interest rates, collateral, and the rights and obligations between the borrower and the lenders. It does not contain any provisions related to the transfer of insurance risk, indemnification for losses, or any other core elements of a reinsurance agreement.

Furthermore, the document is explicitly listed as ""EX-10.1"" in the metadata, which is a common SEC filing code for material contracts, and its description confirms it is a ""THIRD AMENDED AND RESTATED CREDIT AGREEMENT.""

Based on the provided classification rules, this document is a loan agreement, which is explicitly listed as **not** a reinsurance agreement. Therefore, it fails the first classification test.

Since it is not a reinsurance agreement, the subsequent fields (`is_main_contract`, `is_obligatory`, `proportional_or_non_proportional`, `insurance_type`, `class_of_business`) are all `None`.",False,,,,,
2005-869231-0001104659-05-039622-a05-13681_2ex10d1.htm,"The provided document is an Amended and Restated Credit Agreement. This is a financial contract between Williams Scotsman International, Inc., Williams Scotsman, Inc., various financial institutions, and Bank of America, N.A., among others. The agreement outlines the terms and conditions for a credit facility, including revolving loans and term loans, and involves the making of loans, issuance of letters of credit, and the creation of security interests in collateral.

The document does not pertain to the transfer of risk from an insurer to a reinsurer. It does not involve the ceding of insurance policies or the sharing of premiums and losses between insurance companies. Instead, it is a standard credit agreement where financial institutions lend money to a borrower.

Therefore, the document is not a reinsurance agreement.",False,,,,,
2005-1314170-0001193125-05-225956-dex101.htm,"The document is a ""Third Amended and Restated Credit Agreement"" between American Seafoods Group LLC, its affiliates, and several banks and financial institutions. It details the terms of a $520,000,000 credit facility, including provisions for revolving loans, term loans, swingline loans, and letters of credit. The document outlines the conditions, covenants, representations, and other obligations related to the credit agreement.

According to the provided definitions, reinsurance agreements include reinsurance and retrocession contracts, Reinstatement Premium Protection contracts related to reinsurance, and other similar agreements. The document in question is a credit agreement, which is explicitly listed as not being a reinsurance agreement under the ""NOT"" section. It pertains to loans and financial arrangements between a borrower and lenders, not to the transfer of insurance risk between insurers.

Therefore, this document is not a reinsurance agreement. Since it is not a reinsurance agreement, the subsequent fields related to reinsurance characteristics (is_main_contract, is_obligatory, etc.) are not applicable and should be set to None.",False,,,,,
2005-843762-0001104659-05-028400-a05-8134_1ex10d1.htm,"The document is an ""Amended and Restated Credit Agreement"" dated as of November 25, 2002 and amended and restated as of May 16, 2005. It is a loan agreement between RBS Global, Inc., Rexnord Corporation, various lenders, and Deutsche Bank Trust Company Americas as Administrative Agent.

This is clearly a credit facility agreement for corporate financing, not a reinsurance agreement. The document establishes:
- Term Loans and Revolving Loans
- Interest rate structures
- Covenants for the borrowers
- Security arrangements
- Repayment terms
- Default provisions

While Section 7.03 mentions that Holdings will ""maintain in full force and effect insurance with reputable and solvent insurers,"" this is a standard covenant in credit agreements to protect the lenders' interests, not an indication that this is an insurance or reinsurance document.

The document does not contain any language related to reinsurance, risk transfer from insurers to reinsurers, retrocession, or any other reinsurance-specific concepts. It does not establish any relationship between insurance companies where risk is being transferred.

None of the document types listed as qualifying as reinsurance agreements in the instructions apply to this document. It is not:
- A reinsurance or retrocession agreement
- A Reinstatement Premium Protection contract
- A Capital Maintenance agreement
- A Loss Portfolio Transfer or other retrospective reinsurance
- A Portfolio Transfer related to mergers/acquisitions with reinsurance provisions
- A Catastrophe Bond or Insurance Linked Security
- An insurance pooling agreement
- Any ancillary document to a reinsurance agreement

Since this is a standard corporate credit agreement with no reinsurance elements whatsoever, it cannot be classified as a reinsurance agreement of any kind.",False,,,,,
2005-1169638-0001193125-05-221675-dex1023.htm,"The provided document is a Mezzanine Loan Agreement between MeriStar Mezzanine Borrower SPE, LLC and Lehman Brothers Bank, FSB. This agreement outlines the terms of a loan, including the commitment, disbursement, interest rates, repayment terms, prepayment conditions, and various covenants and representations. The document also includes provisions for the assignment of the loan to co-lenders, the creation of reserve funds, and the rights and remedies available to the lender in the event of default.

The document explicitly states that it is a loan agreement and not a reinsurance agreement. It does not contain any provisions related to the transfer of risk from an insurer to a reinsurer, nor does it mention any insurance or reinsurance activities. Instead, it focuses on the financial and legal aspects of a loan, including the security interests, collateral, and the obligations of the borrower.

Given the nature of the document, it is clear that it is not a reinsurance agreement. Therefore, the subsequent fields related to reinsurance, such as whether it is a main contract, obligatory, proportional or non-proportional, insurance type, and class of business, are not applicable.",False,,,,,
2005-1012967-0001193125-05-221548-dex1023.htm,"The document is a Mezzanine Loan Agreement dated September 12, 2005, between MeriStar Mezzanine Borrower SPE, LLC, as Borrower, and Lehman Brothers Bank, FSB, as Lender. The agreement outlines the terms and conditions of a loan, including interest rates, repayment terms, prepayment conditions, and covenants. The document contains standard loan agreement provisions such as definitions, general terms, representations and warranties, covenants, defaults, and remedies. It also includes schedules and exhibits related to the loan.

The document does not contain any provisions related to reinsurance, retrocession, or risk transfer from an insurer to a reinsurer. Instead, it is focused on a financing arrangement between a borrower and a lender. The agreement involves a mezzanine loan, which is a form of hybrid capital that is typically used in real estate financing. The terms of the loan are structured around the repayment of principal and interest, with security provided by a pledge agreement and other loan documents.

Given that the document is a loan agreement and does not involve the transfer of insurance risk, it does not meet the criteria for being a reinsurance agreement as defined in the instructions. The document is not related to reinsurance in any form, including retrocession, Reinstatement Premium Protection, Capital Maintenance, or other retrospective reinsurance agreements. It is also not related to insurance pooling agreements, government insurance schemes, or any other form of risk transfer similar to standard reinsurance.

Therefore, the document is not a reinsurance agreement, and all subsequent fields related to reinsurance characteristics are not applicable.",False,,,,,
2005-910612-0000910612-05-000034-exhibit10171.txt,"The document is a Sixth Amended and Restated Credit Agreement between CBL & Associates Limited Partnership (the Borrower), CBL & Associates Properties, Inc. (the Parent), several financial institutions (the Lenders), and Wells Fargo Bank, National Association (the Agent). The agreement outlines the terms for a secured revolving credit facility, including provisions for advances, letters of credit, swingline loans, interest rates, fees, covenants, conditions precedent, and remedies upon default. It involves the borrowing of funds and the granting of security interests in real property, but it does not involve the transfer of insurance risk from one insurer to another or any other form of reinsurance. The document is a credit agreement, which is explicitly excluded from the definition of reinsurance agreements. Therefore, it is not a reinsurance agreement.",False,,,,,
2005-1017022-0001017022-05-000033-ex10_113.htm,"The provided document is a Mezzanine Loan and Security Agreement, which outlines the terms of a loan between a borrower (CNL Hotel Del Junior Mezz Partners, LP) and a lender (German American Capital Corporation). The agreement details the loan amount, interest, repayment terms, collateral, and other covenants. It does not involve any risk transfer from an insurance company to a reinsurer, nor does it contain any elements typical of reinsurance agreements such as ceding of insurance risk, reinsurance premiums, or claims settlement procedures between insurers and reinsurers.

The document is clearly a financing agreement, not a reinsurance agreement. It pertains to a real estate-backed loan and includes provisions related to loan disbursement, interest payments, prepayments, regulatory changes, taxes, and borrower covenants. The collateral pledged includes partnership interests and security accounts, which are typical in loan agreements but not in reinsurance.

Given the definitions and examples provided, this document does not fall under any category of reinsurance agreement. It is not a reinsurance or retrocession contract, nor is it any ancillary agreement related to such contracts. It is also not a catastrophe bond or any other insurance-linked security. Instead, it is a standard mezzanine loan agreement, which is a form of debt financing.

Therefore, the document is not a reinsurance agreement, and all subsequent fields related to reinsurance characteristics are not applicable.",False,,,,,
2005-1180262-0001104659-05-021629-a05-8308_1ex10d51.htm,"The provided document is a Credit Agreement dated December 21, 2004, among Herbalife International, Inc., Herbalife Ltd., and other subsidiary guarantors, lenders, and agents. The document outlines the terms of a credit facility, including commitments, loans, interest rates, covenants, and other financial arrangements. It is a financial loan agreement, not a reinsurance agreement. Reinsurance agreements are contracts between insurance companies where one company (the reinsurer) agrees to cover part of the risk insured by another company (the cedent). The document in question is a credit agreement, which is a loan arrangement, not a risk transfer agreement between insurers. Therefore, it does not meet the criteria for a reinsurance agreement as defined in the instructions. Since it is not a reinsurance agreement, the subsequent fields related to reinsurance characteristics are not applicable.",False,,,,,
2005-1017022-0001017022-05-000014-ex10_95.htm,"The document is a ""Mezzanine Loan and Security Agreement"" which establishes a loan between a borrower (CNL Hotel Del Intermediate Mezz Partners, LP) and a lender (German American Capital Corporation). The document details the terms of the loan, including disbursement, interest payments, prepayment conditions, covenants, representations, and remedies in case of default. It is secured by a pledge of the borrower's interests in the underlying property and includes provisions for cash management and insurance.

This document is fundamentally a loan agreement, a financial instrument where one party borrows money from another. It does not involve the transfer of insurance risk from one insurer to another, which is the core function of a reinsurance agreement. The listed exceptions for what constitutes a reinsurance agreement (e.g., retrocession, catastrophe bonds, insurance pooling) are not applicable here. The document is a standard debt financing agreement for a real estate asset, not a risk transfer contract between insurers.

Since it is not a reinsurance agreement, all subsequent fields related to the type of reinsurance contract, its proportionality, and its insurance class are not applicable and must be set to `None`.",False,,,,,
2005-1005414-0001193125-05-185177-dex1011.htm,"The provided document is a ""Mezzanine Loan and Security Agreement (First Mezzanine)"" dated July 21, 2005, between Giraffe Intermediate, LLC (Mezzanine Borrower) and German American Capital Corporation (Mezzanine Lender). The document details the terms of a $65,000,000 mezzanine loan, including disbursement, interest, repayment, prepayment, covenants, representations, warranties, and remedies in case of default. It also includes provisions for collateral, cash management, and other financial arrangements.

The document is a loan agreement, which is a type of credit instrument. According to the provided guidelines, credit instruments such as bonds, loans, and credit facilities are explicitly excluded from being classified as reinsurance agreements. Therefore, the document does not establish a reinsurance or retrocession contract.

Since the document is not a reinsurance agreement, the subsequent fields related to the nature of the reinsurance contract (such as whether it is a main contract, obligatory, proportional, etc.) are not applicable and should be set to None.",False,,,,,
2005-1005414-0001193125-05-185177-dex1012.htm,"The document titled ""MEZZANINE LOAN AND SECURITY AGREEMENT (SECOND MEZZANINE)"" is a financial agreement between Giraffe Intermediate Holdings, LLC (the Mezzanine Borrower) and German American Capital Corporation (the Mezzanine Lender). This agreement outlines the terms of a $60,000,000 loan provided by the Mezzanine Lender to the Mezzanine Borrower. It includes provisions related to the loan disbursement, interest rates, repayment terms, prepayment conditions, regulatory changes, taxes, and various covenants and representations by the borrower. The agreement also details the security interest in the collateral, which includes the ownership interests in the borrower entities and the proceeds from the loan.

The document is clearly a loan agreement and not a reinsurance agreement. Reinsurance agreements involve the transfer of risk from one insurance company to another, whereas this document is a financial instrument for a loan secured by specific assets. The document does not mention any insurance policies, risk transfer, or reinsurance-specific terms. Instead, it focuses on financial obligations, collateral, and loan covenants.

Given that the document is a loan agreement and not a reinsurance agreement, it does not meet any of the criteria for being classified as a reinsurance agreement. Therefore, the subsequent fields related to reinsurance, such as whether it is a main contract, obligatory, proportional or non-proportional, insurance type, and class of business, are not applicable.",False,,,,,
2005-1005414-0001193125-05-185177-dex1014.htm,"The document is a ""Mezzanine Loan and Security Agreement,"" which is a financial contract for a loan between a borrower (Giraffe Junior Holdings, LLC) and a lender (German American Capital Corporation). The agreement details the terms of the loan, including disbursement, interest, repayment, security, and covenants. It involves the pledging of collateral and the creation of a security interest to secure the loan, which are characteristics of a loan agreement, not a reinsurance agreement.

The document does not contain any elements related to risk transfer from an insurance company to a reinsurer. It does not mention insurance policies, ceding commissions, reinsurance premiums, or any of the standard clauses found in reinsurance contracts. Instead, it focuses on loan covenants, financial statements, property management, and the rights and remedies of the lender in case of default.

Therefore, based on the provided definition, this document is not a reinsurance agreement.",False,,,,,
2005-1012967-0001193125-05-221548-dex1022.htm,"The document provided is a Loan Agreement dated September 12, 2005, between multiple borrower entities and Lehman Brothers Bank, FSB, as the lender. The agreement outlines the terms for a loan of $231,000,000.00, including interest rates, payment schedules, collateral, and other financial obligations.

The document contains no mention of insurance or reinsurance, risk transfer, ceding, retrocession, or any other terminology associated with reinsurance contracts. Instead, it details a commercial loan secured by real estate properties and managed through various financial mechanisms such as escrow accounts, reserve funds, and interest rate caps.

Given that the document is a standard loan agreement involving real estate financing and not any form of insurance or reinsurance, it does not meet the criteria for being classified as a reinsurance agreement.

Therefore, since the document is not a reinsurance agreement, all subsequent fields related to reinsurance characteristics (main contract, obligatory nature, proportionality, insurance type, and class of business) must be set to None.",False,,,,,
2005-1005414-0001193125-05-185177-dex108.htm,"The document is a ""Mezzanine Loan and Security Agreement (Third Mezzanine)"" dated July 21, 2005, between MPO Junior, LLC (Mezzanine Borrower) and German American Capital Corporation (Mezzanine Lender). The agreement details a loan of $8,000,000, outlining terms for disbursement, interest, repayments, prepayments, and various covenants and conditions. It includes provisions for collateral, cash management, representations and warranties, covenants, insurance, transfers, and default remedies.

The document is a loan agreement, which is a financial instrument used to provide funding to a borrower. It is not a reinsurance agreement, as reinsurance agreements involve the transfer of risk from one insurer (the ceding company) to another (the reinsurer). This document does not involve the transfer of insurance risk but rather the provision of a loan secured by certain assets. The document is a main contract as it establishes the terms of the loan and the security interest, but since it is not a reinsurance agreement, the other fields related to reinsurance are not applicable.",False,,,,,
2005-1174922-0001193125-05-219913-dex1012.htm,"The document is a ""Deed of Appointment and Priority Deed of Amendment"" dated 14 September 2005. It involves financial institutions, lenders, hedging counterparties, and agents related to a financing structure for Wynn Resorts (Macau) S.A. The document amends an existing deed governing the ranking and priority of various financial liabilities and security interests related to a project financing for a resort in Macau. It outlines the rights and obligations of various ranking finance parties, security agents, and intercreditor arrangements. The document is focused on debt financing, security interests, repayment priorities, and intercreditor agreements.

There is no mention of insurance or reinsurance anywhere in the document. The parties involved are banks, financial institutions, and corporate entities, not insurers or reinsurers. The subject matter revolves around loan agreements, hedging arrangements, security interests in assets, and intercreditor priorities—all standard elements of project finance, not reinsurance.

Therefore, the document is not a reinsurance agreement. It is a financial intercreditor and security agency agreement related to corporate debt financing.",False,,,,,
2005-1005414-0001193125-05-185177-dex106.htm,"The document is a ""Mezzanine Loan and Security Agreement (First Mezzanine)"" between MPO Intermediate, LLC (the ""Mezzanine Borrower"") and German American Capital Corporation (the ""Mezzanine Lender""). It details the terms of a $18,000,000 loan, including interest rates, repayment schedules, prepayment terms, and various covenants and conditions. The document establishes a security interest in the borrower's assets, such as the ""Account Collateral"" and the ""Rate Cap Collateral,"" to secure the repayment of the loan.

The agreement contains standard provisions for a commercial real estate financing, such as representations and warranties, affirmative and negative covenants, insurance requirements, default and remedies, and governing law. It also includes ancillary documents like a ""Pledge and Security Agreement"" and an ""Interest Rate Cap Agreement,"" which are common in such loan structures.

The document does not contain any language related to the transfer of insurance risk from an insurer (cedant) to a reinsurer. It is not an agreement for the sharing or transfer of insurance liabilities. Instead, it is a debt financing agreement secured by collateral, which is a common financial instrument but is fundamentally different from a reinsurance contract. The document is categorized as an exhibit (EX-10.6) to a 10-Q filing, which is typical for loan agreements.

Based on the provided definitions, this document is a loan and security agreement, which is explicitly listed as a document that is NOT considered a reinsurance agreement.",False,,,,,
2005-1005414-0001193125-05-185177-dex109.htm,"The provided document is a ""Mezzanine Loan and Security Agreement (Fourth Mezzanine)"" between MPO Junior Holdings, LLC (Mezzanine Borrower) and German American Capital Corporation (Mezzanine Lender). This is a financial agreement for a loan secured by a pledge of ownership interests and other collateral. The document contains standard loan terms, including interest rates, repayment schedules, covenants, default provisions, and security interests. It is clearly a loan agreement, which is explicitly listed in the ""NOT considered reinsurance agreements"" section. The document does not contain any language related to insurance, risk transfer, or indemnity that would be characteristic of a reinsurance contract. Therefore, it is not a reinsurance agreement.",False,,,,,
2005-909109-0000893220-05-001985-w11543exv10w4.htm,"The document is titled ""$6,500,000 Excess $3,500,000 Florida Only Fifth Event Excess Catastrophe Reinsurance Contract,"" which clearly indicates it is a reinsurance agreement. It outlines the terms under which the Reinsurer agrees to cover excess liability for losses arising from catastrophe events for the Company (Liberty American Insurance Company and affiliates), which is a classic structure of a non-proportional excess-of-loss reinsurance treaty.

The contract establishes the full terms of the reinsurance arrangement, including definitions, coverage limits, exclusions, premium, and claims procedures. It is not merely an amendment or ancillary document but constitutes the entire reinsurance contract. Therefore, it is a main contract.

The agreement is obligatory because it applies to all losses arising from qualifying events within a defined territory (Florida) and class of business (Property), without requiring individual underwriting per risk. It is triggered by loss occurrences meeting defined criteria, and the reinsurer must accept the risks ceded under the treaty terms.

The contract is non-proportional because it provides coverage in excess of the ceding company’s retention ($3.5 million) up to a specified limit ($6.5 million) per loss occurrence. This is characteristic of an excess-of-loss reinsurance structure, not a proportional sharing of premiums and losses.

The class of business reinsured is Property, as explicitly stated in Article I. The insurance type is Non-Life, as Property insurance falls under Non-Life rather than Life, which includes mortality, longevity, and annuity products.

Thus, all classification criteria are met based on the document’s content and structure.",True,True,True,non-proportional,Non-Life,Property
2005-1195933-0001193125-05-046640-dex106.htm,"The document is a Servicing Agreement between American Financial Group, Inc. (Company) and Infinity Property and Casualty Corporation (Servicer) for the management and administration of ""Retained Personal Lines Business."" This includes services such as underwriting, claims handling, accounting, customer service, regulatory reporting, and other administrative functions. The agreement outlines fees, responsibilities, claims handling procedures, and transition services related to personal lines insurance business retained by the Company.

However, this document does not establish a reinsurance contract. It does not involve the transfer of insurance risk from one insurer to another. Instead, it is an agreement where one party (Servicer) provides administrative and operational services to another party (Company) for managing certain insurance business. The document references a separate Reinsurance Agreement but is not itself a reinsurance agreement.

According to the classification criteria, documents that are not reinsurance agreements include ""Underwriting Agency Agreements between reinsurance companies and reinsurance underwriting management companies or agents"" and similar service or management agreements. This document falls into that category — it is a servicing or management agreement, not a risk transfer agreement.

Therefore, it is not a reinsurance agreement, and all downstream fields that depend on it being a reinsurance contract (such as is_main_contract, is_obligatory, etc.) should be set to None.",False,,,,,
2005-1005414-0001193125-05-185177-dex1013.htm,"The provided document is a ""Mezzanine Loan and Security Agreement (Third Mezzanine)."" This is a financing agreement where German American Capital Corporation (the Mezzanine Lender) is providing a $25 million loan to Giraffe Junior, LLC (the Mezzanine Borrower). The document outlines the terms of the loan, including interest rates, repayment schedules, security interests, covenants, conditions for default, and remedies available to the lender.

The document is clearly a credit agreement and falls under the category of a ""credit instrument."" According to the classification rules provided, ""Bonds, loans and credit instruments"" are explicitly listed as documents that are **not** considered reinsurance agreements.

The document does not contain any language related to the transfer of insurance risk, indemnification for claims, policy terms, or any other elements characteristic of a reinsurance contract. It is solely focused on the borrowing and lending of money, with the borrower's equity interests and cash flow serving as collateral.

Therefore, the document is definitively a loan agreement and not a reinsurance agreement.",False,,,,,
2005-1264010-0001104659-05-039835-a05-12795_1ex10d1.htm,"The provided document is a Credit Agreement, which is a financial contract between borrowers and lenders. It outlines the terms for loans, including interest rates, repayment schedules, and covenants. It is not a reinsurance agreement, as it does not involve the transfer of insurance risk from one insurer to another. Instead, it pertains to corporate financing and debt obligations. Therefore, it does not meet any of the criteria for being classified as a reinsurance agreement.",False,,,,,
2005-1017022-0001017022-05-000014-ex10_96.htm,"The document provided is a Loan and Security Agreement between CNL Hotel Del Partners, LP (the Borrower) and German American Capital Corporation (the Lender). Its primary purpose is to establish the terms of a $230,000,000 loan secured by a hotel property. The document details the loan amount, interest payments, repayment terms, security interests, cash management, representations and warranties, covenants, insurance requirements, and remedies in case of default.

It contains clauses related to:
*   The disbursement and repayment of a loan.
*   The creation of security interests and liens on real property (the hotel).
*   The establishment of various reserve accounts (e.g., Tax Reserve, Insurance Reserve).
*   The management and operation of the mortgaged property.
*   The assignment of leases and rents to the Lender as collateral.
*   The obligations of the Borrower to maintain insurance on the property.

The document is fundamentally a financing agreement secured by real estate. It does not transfer insurance risk from one insurer to another (reinsurance), nor does it arrange for the transfer of risk from a portfolio of insurance policies. The insurance requirements stipulated are standard for a secured property loan and are meant to protect the value of the collateral (the hotel) for the lender's benefit. The document also includes a pledge of an ""Interest Rate Cap Agreement,"" which is a financial hedging instrument, not a reinsurance contract.

Therefore, the document is a standard loan agreement secured by real property and does not meet any of the criteria for being classified as a reinsurance agreement.",False,,,,,
2005-40211-0000950137-05-002962-c90457exv10w5.txt,"The provided document is an ""AIRCRAFT FACILITY AGREEMENT"" dated 20 December 2001. It is a loan agreement for the financing of nineteen Airbus aircraft. The agreement is between various banks and financial institutions (Lenders), agents (Agent, Security Trustee, National Agents), borrowers (Cayman Borrower, Irish Borrower), export lessees (Cayman Export Lessee, Irish Export Lessee), and GATX Financial Corporation (GFC).

The document establishes a term facility for the maximum principal amount of US$719,000,000 for the financing of the aircraft. The key provisions of the agreement include the availability of the facility, utilization of the facility, interest, repayment, and prepayment terms, appointment of agents and trustees, representations and warranties, undertakings and covenants, subordination, trigger events, default provisions, application of sums received, indemnities, change in circumstances, mitigation, fees and expenses, assignments and transfers, set-off and pro rata payments, rights cumulative, waivers, severability, further assurance, notices, governing law and jurisdiction, and miscellaneous provisions.

The agreement also includes various schedules, such as the details of the proposed aircraft and their delivery schedule, loan supplements, and conditions precedent to the facility and utilization. The document outlines the obligations of the borrowers and export lessees, including limited recourse obligations, and provides for the security and collateral for the loan.

Based on the content and structure of the document, it is clear that this is a financial loan agreement for the financing of aircraft, not a reinsurance agreement. The document does not contain any provisions related to the transfer of risk from an insurer to a reinsurer, which is a key characteristic of reinsurance agreements. Instead, it is a standard loan agreement with provisions for the disbursement of funds, repayment, and security.

Therefore, the document is not a reinsurance agreement, and none of the subsequent questions about the nature of the reinsurance contract (main contract, obligatory, proportional or non-proportional, insurance type, class of business) are applicable.",False,,,,,
2005-1292055-0001193125-05-061017-dex102.htm,"The provided document is a Credit Agreement, which is a financial contract between Symmetry Medical Inc. (the Borrower) and a group of Lenders, including Wachovia Bank, National Association as the Administrative Agent. The agreement details the terms for a $75,000,000 Senior Secured Credit Facility, which includes Term Loans, Revolving Loans, and Swingline Loans. It also covers the conditions for borrowing, representations and warranties, covenants, events of default, and other standard provisions for such a financial arrangement.

The document does not contain any elements of a reinsurance agreement. Reinsurance agreements involve the transfer of risk from one insurance company (the ceding company) to another (the reinsurer). The document in question is a credit facility agreement, which is a type of loan agreement. It does not involve the transfer of insurance risk, nor does it pertain to any insurance or reinsurance activities. Instead, it is a financial instrument that provides the Borrower with access to capital, secured by the Borrower's assets.

The document is clearly a credit agreement, as evidenced by its title, the parties involved (a borrower and lenders), and the terms and conditions that are typical of such agreements, such as interest rates, repayment schedules, and collateral. The document also includes provisions for letters of credit, which are financial instruments used to guarantee payment, not to transfer insurance risk.

Therefore, the document is not a reinsurance agreement, and none of the other fields related to reinsurance (is_main_contract, is_obligatory, proportional_or_non_proportional, insurance_type, class_of_business) are applicable.",False,,,,,
2005-909109-0000893220-05-001098-w08666exv10w6.htm,"The document is titled ""CASUALTY EXCESS OF LOSS REINSURANCE AGREEMENT"" and explicitly establishes a reinsurance relationship between Philadelphia Indemnity Insurance Company and Philadelphia Insurance Company (the ""Company"") and Swiss Reinsurance America Corporation (the ""Reinsurer""). It outlines the terms under which the Reinsurer will indemnify the Company for losses exceeding certain retentions, which is characteristic of a non-proportional reinsurance arrangement, specifically an excess of loss treaty. The agreement covers casualty lines of business, including automobile liability, general liability, umbrella liability, and professional liability, all of which fall under Non-Life insurance.

The agreement contains all principal terms, including business covered, limits and retentions, premium, claims, exclusions, and termination, and is signed by both parties. This indicates it is a main contract, not an ancillary agreement. It is an obligatory treaty because it automatically covers all eligible policies written by the ceding company during the term without requiring individual risk approval (facultative basis). The structure—three layers of excess of loss coverage (First, Second, and Third Excess)—is non-proportional, as the Reinsurer only pays after the ceding company’s retention is exhausted, up to defined limits.

The classes of insurance listed (Automobile Liability, Liability Other Than Automobile, Commercial Umbrella, Professional Liability) are all casualty or specialty casualty lines. Therefore, the class of business is appropriately classified as ""Casualty"". The document is not a facultative reinsurance contract (which would cover specific named risks), but a treaty covering a portfolio of risks, confirming its obligatory nature.",True,True,True,non-proportional,Non-Life,Casualty
2005-4611-0001171520-05-000323-ex10-9.txt,"The document is a Settlement Agreement and Release between Congoleum Corporation and Liberty Mutual Insurance Company regarding disputes over insurance coverage for Asbestos Claims. It resolves all coverage disputes and retrospective premium obligations under certain liability insurance policies (the ""Subject Policies"") issued by Liberty to Congoleum. The agreement involves a payment from Liberty to Congoleum’s bankruptcy estate and includes mutual releases related to those policies.

However, the document itself is not a reinsurance agreement. It is a settlement agreement resolving disputes under direct insurance policies (general liability policies) issued by an insurer (Liberty) to an insured (Congoleum). The Subject Policies listed in Attachment A are direct insurance policies, not reinsurance contracts. The agreement modifies or settles rights and obligations under these direct insurance policies but does not involve risk transfer between insurers (i.e., reinsurance or retrocession). It also does not amend, renew, or novate a reinsurance agreement, nor does it pertain to any of the instruments listed as reinsurance under the provided criteria (e.g., retrocession, RPP, catastrophe bonds, pooling agreements, etc.).

Therefore, while it is a legally binding agreement related to insurance, it is not a reinsurance agreement. As such, all subsequent fields that depend on the document being a reinsurance contract must be set to None.",False,,,,,
2005-1169638-0001193125-05-221675-dex1022.htm,"The document provided is a Loan Agreement between a group of borrowers and Lehman Brothers Bank, FSB, as the lender. The agreement outlines the terms for a loan, including disbursement, interest, payments, prepayment conditions, cash management, representations and warranties, covenants, insurance, casualty, condemnation, reserve funds, defaults, and other miscellaneous provisions. The document is clearly a financial loan agreement and not a reinsurance agreement. Reinsurance agreements involve the transfer of risk from one insurance company to another, but this document pertains to a loan secured by real estate properties, with no mention of insurance or risk transfer between insurers. Therefore, it does not meet any of the criteria for being classified as a reinsurance agreement.",False,,,,,
2005-20171-0000950123-05-009553-y08780exv10w1.txt,"The provided document is a ""Five Year Revolving Credit Agreement"" between The Chubb Corporation, various banks, and Deutsche Bank AG New York Branch acting as the administrative agent. It outlines the terms for a $500 million revolving credit facility, detailing commitments, interest rates, fees, borrowing procedures, covenants, and other standard provisions for a corporate loan agreement.

This document is clearly a financial credit agreement, not a reinsurance agreement. It does not involve the transfer of insurance risk from one insurer (the cedant) to another (the reinsurer). Instead, it involves a corporation borrowing money from a syndicate of banks. It falls squarely within the category of ""Bonds, loans and credit instruments"" which are explicitly listed as documents that are NOT considered reinsurance agreements.

Since it is not a reinsurance agreement, all subsequent questions about its nature as a main contract, its obligatory status, proportionality, insurance type, and class of business are irrelevant and must be answered as 'None'.",False,,,,,
2005-1089542-0000950144-05-002200-g93601exv10w2.txt,"The provided document is a Credit and Security Agreement. It is a financial agreement between SFBC International, Inc., its subsidiaries, lenders, and other financial institutions. This agreement outlines terms for credit extensions, loans, security interests, and other financial arrangements. It does not contain any elements of a reinsurance agreement, such as risk transfer from one insurer to another, ceding of insurance policies, or any terminology related to reinsurance practices. Instead, it focuses on credit, lending, and collateral arrangements.

Given the nature of the document, it is clearly a credit agreement and not a reinsurance contract. Therefore, it does not meet any of the criteria for being classified as a reinsurance agreement.",False,,,,,
2005-1005414-0001193125-05-185177-dex107.htm,"The provided document is a ""Mezzanine Loan and Security Agreement (Second Mezzanine)"" between MPO Intermediate Holdings, LLC (the ""Mezzanine Borrower"") and German American Capital Corporation (the ""Mezzanine Lender""). This is a financing agreement for a loan of $21,000,000, secured by a pledge of ownership interests in other entities and by various financial instruments like an interest rate cap agreement.

The document contains standard loan terms, including definitions, loan disbursement details, interest and payment terms, prepayment conditions, covenants, representations and warranties, events of default, and remedies. It also details the creation of a mezzanine account, cash management procedures, and environmental indemnification.

The document is clearly a loan agreement, which is explicitly listed in the instructions as a type of document that is **not** considered a reinsurance agreement. The ""NOT considered reinsurance agreements"" list includes ""Bonds, loans and credit instruments except for Catastrophe Bonds and other Insurance Linked Securities as described above."" This is a standard mezzanine loan, not a Catastrophe Bond or an Insurance Linked Security. Therefore, it does not fall under any of the categories of documents that are considered reinsurance agreements.

Since the document is not a reinsurance agreement, all subsequent fields that are contingent on it being a reinsurance contract must be answered as 'None'.",False,,,,,
2005-1228862-0001193125-05-042825-dex1017.htm,"The document is a Loan Agreement between CF Capital LLC (the Lender) and several Borrowers (FOCIL-MB, LLC, FOCIL-WB, LLC, and FOCIL-SFD, LLC) for the purpose of financing the acquisition of real property in California. The agreement details the terms of the loan, including the loan amount, repayment terms, security interests (such as deeds of trust on the properties), covenants, representations, warranties, and events of default. It also includes provisions for the assignment of rights under a purchase and sale agreement and various exhibits outlining legal descriptions of the properties, release price schedules, and organizational documents.

The document does not contain any language or provisions related to insurance or reinsurance. It is not an agreement for the transfer of insurance risk from one insurer to another. Instead, it is a financial instrument where one party lends money to another party for the purpose of acquiring real estate, with the loan secured by the properties being purchased. The document is explicitly titled ""LOAN AGREEMENT"" and refers to itself as such throughout. It is not a reinsurance agreement, nor is it an ancillary document to one. It is fundamentally a debt financing instrument.",False,,,,,
2005-791996-0001193125-05-108614-dex105.htm,"The document is a Purchase Agreement for the sale of real property between Rancon Income Fund I (Seller) and Michael L. Cargile and Kenneth M. Kaplan (Buyer). It outlines the terms and conditions for the sale of the property, including the consideration, due diligence, closing conditions, and various representations and warranties. The document includes provisions for the transfer of the property, adjustments and prorations, and the allocation of closing costs. It also includes addenda and exhibits related to the transaction, such as the deed, assignment of leases, and bill of sale.

This document is a real estate purchase agreement and does not involve any form of reinsurance. It pertains to the direct sale of a property and does not transfer risk from one insurer to another, which is the primary function of reinsurance agreements. The document does not contain any clauses or terms related to reinsurance, retrocession, or any other form of risk transfer typically associated with reinsurance contracts.",False,,,,,
2005-1165880-0000950123-05-009589-y11643exv10w12.htm,"The document is a ""Second Amended and Restated Letter of Credit Reimbursement and Pledge Agreement."" It establishes a financial arrangement where a bank (Bank of America) agrees to issue letters of credit on behalf of Montpelier Reinsurance Ltd. and Montpelier Re Holdings Ltd. The lenders provide a commitment to cover any draws on these letters of credit, and the borrowers pledge collateral to secure their reimbursement obligations.

According to the provided classification rules, ""Letters of credit"" are explicitly listed as documents that are **NOT** considered reinsurance agreements. The document functions as a secured credit facility, not as a contract for the transfer of insurance risk from one insurer to another. While Montpelier Reinsurance Ltd. is a party to the agreement, the agreement itself is a financial instrument to support its operations, not a reinsurance contract. Therefore, it does not meet any of the criteria for being classified as a reinsurance agreement.

Since the document is not a reinsurance agreement, all subsequent fields related to the nature of a reinsurance contract (is_main_contract, is_obligatory, proportional_or_non_proportional, insurance_type, class_of_business) must be answered as 'None'.",False,,,,,
2005-357019-0000950137-05-002963-c93069exv10w5.txt,"The document is an ""Aircraft Facility Agreement"" for a term loan facility to finance the purchase of nineteen Airbus aircraft. It involves banks and financial institutions providing loans to borrowers (EFG Aircraft Limited and EFG Aircraft (Ireland) Limited) for the acquisition of aircraft, which are then leased to airline customers. The structure includes lenders, agents, borrowers, export lessees, and guarantors, with detailed provisions for loan availability, interest, repayment, prepayment, security, and default.

This document is clearly a loan or credit facility agreement, not a reinsurance agreement. It does not involve the transfer of insurance risk from one insurer (the cedant) to another (the reinsurer). Instead, it is a financing arrangement for the purchase of physical assets (aircraft). The document outlines the terms for lending money, securing the loan with the aircraft as collateral, and managing the leasing of those aircraft.

The document is not related to insurance or reinsurance in any capacity. It does not contain any of the typical elements of a reinsurance contract, such as cessions, premiums, reinsurance coverage, or risk transfer from an insurer to a reinsurer. The only mention of insurance in the document is in the context of requiring the lessees to maintain insurance on the aircraft for operational and liability purposes, which is a standard requirement in asset financing and leasing, not a reinsurance arrangement.

Therefore, this document is not a reinsurance agreement and is not ancillary to one.",False,,,,,
2005-909109-0000893220-05-001985-w11543exv10w7.htm,"The document is titled ""$50,000,000 Excess $140,000,000 Florida Only Catastrophe Reinsurance Contract,"" which clearly indicates it is a reinsurance agreement. It is structured as a formal contract between Liberty American Insurance Company (the ""Company"") and multiple reinsurers, including Munchener Ruckversicherungs-Gesellschaft, Hannover Re (Bermuda), Ltd., and certain Underwriting Members of Lloyd's. The agreement outlines terms for reinsuring excess liability for catastrophe losses in Florida, specifically covering Property business, which falls under Non-Life insurance.

The contract establishes a main reinsurance agreement, not merely an ancillary document such as an endorsement or amendment. It contains all principal terms, including scope of coverage, exclusions, retention, limits, definitions, and claims procedures. Therefore, it qualifies as a main contract.

The reinsurance is non-proportional because it is an Excess of Loss treaty, where the reinsurer covers losses above a $140 million retention up to a $50 million limit per loss occurrence. This is a classic non-proportional structure.

The insurance type is Non-Life, as it covers Property business, and the class of business is Property, given the focus on catastrophe risks to physical property in Florida. The contract explicitly excludes Casualty, Accident and Health, and other lines, confirming its focus on Property.

The agreement is obligatory because it automatically covers all qualifying losses arising from the defined perils within the territory and retention, without requiring individual risk selection by the reinsurer. It applies to the entire portfolio of eligible Property policies, which is characteristic of an obligatory treaty.",True,True,True,non-proportional,Non-Life,Property
2005-1024126-0001047469-05-026968-a2164913zex-10_36.htm,"This document is an Asset Purchase Agreement dated October 27, 2005, between Golf Trust of America entities (Seller Group) and CMI Financial Network, LLC (Buyer Group). The agreement pertains to the sale of assets related to the Westin Innisbrook Golf Resort located in Palm Harbor, Florida.

To determine if this is a reinsurance agreement, I examined the document against the provided criteria:

1. The document is clearly an asset purchase agreement for a golf resort business, not a reinsurance contract. It outlines the sale of real property, contracts, tangible and intangible assets related to a golf resort operation.

2. While Section 4.20 (""Insurance"") mentions insurance policies as part of the assets being transferred, the document itself does not establish, modify, or relate to any reinsurance agreement. It merely lists insurance policies that are part of the business assets being sold.

3. The document does not contain any reinsurance-specific terminology, structures, or mechanisms such as ceding commissions, treaty terms, risk transfer provisions, or other standard reinsurance elements.

4. The parties involved (a golf trust and a financial network company) are not insurance or reinsurance companies in the context of this transaction.

5. The document falls under the category of ""Portfolio Transfers in connection to mergers, acquisitions, sales and other corporate restructurings"" mentioned in the criteria, but it does not ""include provisions similar to standard reinsurance agreements"" as required for such transfers to be considered reinsurance agreements.

Since this is an asset purchase agreement for a golf resort business with no reinsurance elements, it does not meet any of the definitions of reinsurance agreements provided in the classification criteria. It would fall under the category of ""Insurance policies and other direct insurance contracts"" which are explicitly listed as NOT being reinsurance agreements.

Therefore, this document is not a reinsurance agreement.",False,,,,,
2005-909109-0000893220-05-001098-w08666exv10w10.htm,"The document is titled ""Reinsurance Commutation and Release Agreement"" and explicitly references the ""Whole Account Net Quota Share Reinsurance Contract"" effective April 1, 2003, and an addendum to it. It is an agreement between an insurance company (the ""Company"") and Swiss Re to cancel and commute the 2003 contract year of a reinsurance treaty, settle all obligations, and provide mutual releases. The document confirms the commutation of a reinsurance contract and includes financial settlement terms related to that contract.

According to the classification guidelines, documents that ""renew, cancel, novate, terminate, settle, commute, amend, or otherwise modify the terms of an existing reinsurance agreement"" are considered reinsurance agreements. Therefore, this is a reinsurance agreement.

However, this is not a main contract because it does not establish a new reinsurance contract; instead, it is a commutation agreement—an ancillary document that terminates and settles an existing reinsurance contract. Thus, it is not a main contract.

Because it is a commutation of an existing reinsurance treaty (specifically a quota share, which is a form of proportional reinsurance), the original contract was an obligatory reinsurance agreement (as treaties are obligatory). However, since this document is not the main contract but a commutation, it is not itself a full reinsurance contract. Therefore, the fields for obligation, proportionality, insurance type, and class of business should be 'None'.

The original treaty was a ""Whole Account Net Quota Share,"" which is a proportional reinsurance arrangement, but since this document is a commutation and not the main contract, we do not classify it as proportional here.

The document does not specify whether the underlying reinsurance pertains to Life or Non-Life insurance, nor does it detail the class of business. However, given the nature of the ceding companies (Philadelphia Insurance Company, etc.) and the structure of a ""whole account"" quota share, it is likely Non-Life, but without explicit information, and given that this is not the main contract, we cannot definitively classify.

Ultimately, because this is an ancillary agreement modifying an existing reinsurance contract and not a full reinsurance contract itself, the downstream fields (obligatory, proportional, insurance type, class of business) are set to 'None'.",True,False,,,,
2005-1064863-0000950133-05-003415-w11289exv10w6w9.htm,"The document is an amendment to an existing agreement between the State of New Jersey, Department of Human Services, Division of Medical Assistance and Health Services (DMAHS) and AMERIGROUP New Jersey, Inc. The agreement is for the provision of HMO services under the Medicaid/NJ FamilyCare program.

The document is a contract for the provision of health insurance services to Medicaid and NJ FamilyCare enrollees. It outlines the terms and conditions for the provision of managed care services, including benefits, provider networks, financial provisions, quality management, and reporting requirements.

This document is not a reinsurance agreement because it does not involve the transfer of risk from one insurer to another. Instead, it is a direct insurance contract between a state agency and a health maintenance organization (HMO) for the provision of healthcare services to beneficiaries. The document establishes the terms for the HMO to provide healthcare services directly to Medicaid and NJ FamilyCare enrollees, not for the HMO to reinsure risks from another insurer.

The document amends an existing contract between the state and the HMO, making it an ancillary agreement rather than a main contract that establishes the original reinsurance relationship.

Since this is not a reinsurance agreement at all, the subsequent fields for obligatory status, proportionality, insurance type, and class of business are not applicable and should be set to None.",False,,,,,
2005-909109-0000893220-05-000572-w06622exv10w80.txt,"The document is clearly titled ""66% $50,000,000 EXCESS $140,000,000 FLORIDA ONLY CATASTROPHE REINSURANCE CONTRACT"" and contains standard reinsurance contract clauses such as retention and limit, definitions of ultimate net loss, loss occurrence, and reinsurance premium. It explicitly refers to reinsurance of excess liability for property business in Florida, confirming it is a reinsurance agreement. Therefore, it is a reinsurance contract.

The document establishes the full terms of a reinsurance contract, including scope (classes of business, territory), exclusions, retention and limit, definitions, and payment terms. It is not merely an amendment or ancillary agreement; it is a complete reinsurance contract. Hence, it qualifies as a main contract.

The contract transfers risk on an excess-of-loss basis above a retention of $140 million, with a limit of $50 million per loss occurrence. This structure is typical of non-proportional (excess of loss) reinsurance, where the reinsurer only pays if losses exceed a specified amount. There is no proportional sharing of premiums or losses. Therefore, it is non-proportional.

The contract reinsures Property business, as stated in Article I: ""classified by the Company as Property business."" This falls under Non-Life insurance, as property insurance is not life-related.

Given that the coverage is for property risks in Florida, particularly catastrophe risks like hurricanes, and specifically excludes Casualty, Fidelity, Surety, and Accident & Health, the class of business is Property.",True,True,True,non-proportional,Non-Life,Property
2005-1263810-0001263810-05-000010-ex10_02.htm,"The document is a Loan Agreement between Ventures Acquisition Company, LLC (Borrower), Evergreen Holdings, Inc. (Guarantor), and Landsbanki Íslands hf. (Lender). It outlines the terms of a loan for the purpose of financing the purchase of aircraft, secured by a mortgage and security agreement. The agreement includes covenants related to the maintenance and insurance of the aircraft, repayment terms, default provisions, and guarantees.

This document is not a reinsurance agreement. It is a loan agreement, which is explicitly listed as not being a reinsurance agreement under the ""NOT considered reinsurance agreements"" list. It does not involve risk transfer from an insurer to a reinsurer, nor does it contain typical reinsurance terms such as ceding commissions, reinsurance premiums, or claims handling provisions between insurer and reinsurer.

Since it is not a reinsurance agreement, all subsequent fields related to reinsurance classification (is_main_contract, is_obligatory, etc.) must be set to None.",False,,,,,
2005-946492-0000950123-05-006641-y09231exv10w1.txt,"The provided document is an ""Underwriting Agreement"" related to the public offering of common stock by National Atlantic Holdings Corporation and a selling shareholder, The Ohio Casualty Insurance Company. The agreement outlines the terms under which underwriters will purchase and resell shares of common stock to the public. It includes representations and warranties, covenants, conditions to closing, indemnification provisions, and other standard clauses typical of a securities underwriting agreement.

The document does not contain any provisions related to the transfer of insurance risk from one insurer to another, which is the defining characteristic of a reinsurance agreement. Instead, it pertains to the issuance and sale of equity securities. Therefore, it is not a reinsurance agreement, nor is it any of the ancillary documents related to reinsurance (e.g., amendments, novations, or commutations of reinsurance contracts). It is a capital markets transaction document.

Since the document is not a reinsurance agreement, all subsequent classification fields (is_main_contract, is_obligatory, etc.) are not applicable and should be set to None.",False,,,,,
2005-1301106-0000950152-05-008937-l16657aexv10w1.htm,"The document is a Stock Purchase Agreement between Triumphe Insurance Holdings LLC (Seller) and National Interstate Insurance Company (Purchaser) for the sale of all issued and outstanding capital stock of Triumphe Casualty Company. The agreement outlines the terms and conditions for the purchase of the shares, including representations and warranties, conditions precedent, covenants, tax matters, indemnification, and other standard provisions for such a transaction. The document does not contain any provisions related to reinsurance agreements, retrocession agreements, or any other form of risk transfer between insurers and reinsurers. Instead, it is focused on the corporate acquisition of an insurance company. Therefore, it does not meet the criteria for being classified as a reinsurance agreement.",False,,,,,
2005-1289169-0001193125-05-165340-dex104.htm,"The document is a Loan Agreement between EHP Glendale, LLC (Borrower) and KeyBank National Association (Lender). It outlines the terms for a loan of $53,100,000.00, including interest rates, repayment terms, prepayment conditions, and various covenants and conditions precedent. The document includes provisions for collateral, insurance, and financial reporting, but it is fundamentally a loan agreement. According to the provided definitions, loan agreements are explicitly listed as documents that are NOT considered reinsurance agreements. Therefore, this document is not a reinsurance agreement.",False,,,,,
2005-769131-0001193125-05-108728-dex105.htm,"The document is a Purchase Agreement for the sale of real property, specifically a Chuck E. Cheese property, from Rancon Realty Fund V (Seller) to Tony Padilla and Armida Padilla (Buyer). It details the terms of the sale, including the purchase price, due diligence procedures, conditions to closing, representations and warranties, and closing adjustments. The document includes standard provisions for real estate transactions such as the transfer of title, assignment of leases, proration of expenses, and indemnification clauses. There is no mention of insurance, reinsurance, risk transfer between insurers, or any other elements characteristic of a reinsurance agreement. Instead, it is a straightforward real estate purchase contract.",False,,,,,
2005-909815-0000950123-05-002609-y05263exv10w19.htm,"The document is a ""Letters of Credit Master Agreement"" between Citibank N.A. and IPCRe Limited. It outlines the terms under which Citibank may issue letters of credit on behalf of IPCRe Limited in favor of beneficiaries, primarily in the U.S. The agreement includes provisions for reimbursement, indemnification, fees, and operational procedures for issuing, renewing, or canceling letters of credit. 

Letters of credit are financial instruments used to secure payment obligations but are explicitly listed in the instructions as *not* being reinsurance agreements. The document does not establish any risk transfer mechanism related to insurance or reinsurance, nor does it define ceded premiums, coverage terms, or any reinsurance-specific clauses. Instead, it is a banking arrangement to facilitate credit instruments.

Therefore, this document is not a reinsurance agreement. As a result, all downstream fields related to reinsurance classification (main contract, obligatory, proportional, insurance type, class of business) must be set to 'None' or equivalent, as they are inapplicable.",False,,,,,
2005-49071-0001193125-05-218181-dex103.htm,"The document is an addendum to a Medicare Managed Care Contract for the operation of a Voluntary Medicare Prescription Drug Plan (Part D) by an MA-PD Sponsor (in this case, Humana Inc.) in coordination with the Centers for Medicare & Medicaid Services (CMS). It outlines the terms under which the sponsor will provide prescription drug benefits to Medicare beneficiaries, including enrollment, benefit design, payment, compliance, and reporting requirements. The agreement is between a government health agency and a private insurer to deliver direct health benefits to individuals under the Medicare program.

This is a direct insurance or government health coverage arrangement, not a reinsurance agreement. It does not involve the transfer of insurance risk from one insurer to another (reinsurance), nor does it reference any underlying reinsurance contracts. Instead, it governs the provision of primary prescription drug coverage to Medicare beneficiaries. The document is an ancillary agreement (an addendum) to an existing government contract for direct healthcare coverage, not a standalone reinsurance contract.

Therefore, it does not meet any of the criteria for being classified as a reinsurance agreement. It is not a treaty, retrocession, risk transfer from an insurer to a reinsurer, or any form of risk-sharing between insurers. It is a regulatory and operational agreement for delivering direct benefits under a federal health program.",False,,,,,
2005-911421-0001193125-05-046628-dex1041.htm,"The document is a ""First Amendment"" to a Credit Agreement among PartnerRe Ltd., its subsidiary borrowers, lenders, and JPMorgan Chase Bank, N.A. as Administrative Agent. It amends various sections of the original Credit Agreement, primarily related to the issuance, terms, and conditions of Letters of Credit (specifically ""Several Letters of Credit"" and ""Fronted Letters of Credit""), definitions, fees, and administrative procedures. The document is clearly a financial credit facility amendment and not an insurance or reinsurance contract.

Although the company names include ""Partner Reinsurance Company"" and ""PartnerRe,"" which are reinsurance entities, the document itself does not establish or modify any reinsurance arrangement. Instead, it pertains to a credit agreement involving letters of credit—financial instruments used to support obligations, not to transfer insurance risk.

According to the classification rules, letters of credit are explicitly listed as **not** reinsurance agreements. Furthermore, credit agreements and financial instruments like this are excluded from the definition of reinsurance.

Therefore, this document is not a reinsurance agreement, and all downstream fields (main contract, obligatory, etc.) must be set to 'None' as they only apply if the document is a reinsurance agreement.",False,,,,,
2005-874977-0000950152-05-002015-l11501aexv10w55.htm,"The document is titled ""Reinsurance Pooling Agreement Amended and Restated As of January 1, 2005"" and involves multiple insurance companies pooling their underwriting operations through mutual reinsurance on a percentage basis. The agreement outlines the cession and assumption of all Net Liabilities and Net Premiums among the Pooled Companies, with defined ""Respective Percentages"" (e.g., State Auto P&C at 59%, State Auto Mutual at 19.5%, etc.), which is characteristic of a proportional reinsurance arrangement.

The document explicitly references prior reinsurance pooling agreements and amendments, indicating it is a continuation and restatement of an existing reinsurance structure. This aligns with the definition of reinsurance agreements, specifically ""insurance pooling agreements"" that fulfill a risk transfer objective similar to standard reinsurance, as noted in the instructions.

It establishes a full reinsurance contract among affiliated insurers, where each company cedes 100% of its liabilities to State Auto Mutual, which then retrocedes back each company’s respective share. This reciprocal proportional sharing of all underwriting results confirms it as a main contract (not merely ancillary), obligatory (as it automatically pools all business in the defined scope), and proportional in nature.

The background mentions Property Catastrophe Overlying Excess of Loss Reinsurance, which is non-proportional, but this is an external inuring contract and not part of the pooling agreement itself. The core pooling mechanism is fully proportional and applies across all underwriting operations of the participating companies.

The types of insurance are not explicitly detailed, but the companies are property and casualty insurers (e.g., ""State Auto Property and Casualty Insurance Company""), and the mention of ""workers' compensation"" in the metadata context (though not in the document) and the structure aligns with Non-Life insurance. The class of business is therefore Casualty and Property, best classified as Multi-Line for a pooling agreement covering multiple lines.

Thus, the document is a main, obligatory, proportional reinsurance pooling agreement for Non-Life, Multi-Line business.",True,True,True,proportional,Non-Life,Multi-Line
2005-109261-0001047469-05-011436-a2156391zex-10_9.htm,"The document is titled ""AMENDMENT NO. 4"" to a ""Workers' Compensation and Employers' Liability Excess of Loss Reinsurance Agreement"" originally effective July 1, 2002. It modifies the reinsurance premium rates for Layer One and Layer Three of the underlying agreement. Since it amends an existing reinsurance agreement, it falls under the category of documents that modify reinsurance terms and is therefore considered a reinsurance agreement per the definition provided (e.g., ""all documents that renew, cancel, novate, terminate, settle, commute, amend, or otherwise modify the terms of an existing reinsurance agreement"").

However, this document is not a main contract because it does not establish a new reinsurance contract; instead, it is an amendment to an existing one. Thus, it is an ancillary agreement.

Because it amends an Excess of Loss reinsurance agreement (explicitly stated in the title), the underlying contract is non-proportional. Excess of Loss contracts are inherently non-proportional, as they provide coverage above certain retention levels rather than a proportional share of all risks.

The agreement pertains to Workers' Compensation and Employers' Liability, which are forms of casualty insurance. These are non-life insurance lines, specifically falling under the ""Casualty"" class of business.

The original agreement is an obligatory treaty (as Excess of Loss treaties are typically obligatory for the ceding company and accepting reinsurer within defined parameters), and this amendment modifies terms of that treaty. Therefore, the agreement is classified as obligatory.",True,False,True,non-proportional,Non-Life,Casualty
2005-23341-0001171520-05-000318-ex10-1.txt,"The document is a Settlement Agreement and Release between Congoleum Corporation and Liberty Mutual Insurance Company regarding insurance coverage disputes over Asbestos Claims. It resolves all outstanding coverage disputes related to certain general liability insurance policies (the ""Subject Policies"") issued by Liberty to Congoleum. The agreement involves a payment by Liberty to Congoleum’s bankruptcy estate and the release of all claims under those policies related to asbestos.

While the document references insurance policies and resolves disputes under them, it is not itself a reinsurance agreement. It is a settlement of coverage disputes under direct insurance policies (general liability insurance), not an agreement where one insurer transfers risk to another (reinsurance). The Subject Policies are direct insurance policies issued to Congoleum, a corporate policyholder, not a reinsurance arrangement.

Therefore, this is not a reinsurance agreement. It is a settlement of claims under a direct insurance policy. As such, all subsequent fields that depend on the document being a reinsurance agreement must be None.",False,,,,,
2005-948034-0001104659-05-011268-a05-5116_1ex10d115.htm,"The document is an ""Amended and Restated Insurance Agreement"" between MBIA Insurance Corporation (the ""Surety"") and several parties involved in a revolving automobile receivables financing facility. The agreement governs the issuance of a ""Surety Bond"" by MBIA to guarantee payment of ""Insured Amounts"" related to automobile receivables. Key elements include provisions for premium payment, indemnification, reimbursement obligations, and conditions precedent to the issuance of the bond.

However, this is not a reinsurance agreement. It is a surety bond, which is a form of financial guarantee. The Surety (MBIA) is guaranteeing the performance of obligations related to a pool of auto receivables, which is a credit enhancement mechanism for an asset-backed financing transaction. This falls under the category of financial guarantees, which are explicitly listed as NOT being reinsurance agreements in the provided criteria. The document involves direct credit risk transfer from the originators and servicers of auto loans to the surety, not the transfer of insurance risk from one insurer to another.

Because it is not a reinsurance agreement, the subsequent questions about whether it is a main contract, obligatory, proportional, etc., are not applicable and should be answered as 'None'.",False,,,,,
2005-1279363-0000950144-05-008239-g96659exv10w19.htm,"The document is a contract between the Georgia Department of Community Health (DCH) and WellCare for the provision of healthcare services to Georgia Healthy Families (GHF), which is a managed care program for Medicaid and PeachCare for Kids beneficiaries. The contract outlines the responsibilities of both parties, including the provision of healthcare services, financial management, reporting requirements, and other administrative functions. The contract is a direct insurance policy where WellCare agrees to provide healthcare services to members in exchange for capitated payments from DCH.

The document is not a reinsurance agreement because it does not involve the transfer of risk from one insurer to another. Instead, it is a direct contract between a state agency and a healthcare provider to deliver services to beneficiaries. Reinsurance agreements typically involve an insurer transferring a portion of its risk to another insurer, which is not the case here.

Since the document is not a reinsurance agreement, the subsequent fields related to reinsurance (is_main_contract, is_obligatory, proportional_or_non_proportional, insurance_type, class_of_business) are not applicable and should be set to None.",False,,,,,
2005-1064122-0000898080-05-000165-ex10-47.txt,"The document is titled ""COINSURANCE/MODIFIED COINSURANCE AGREEMENT"" between Security Life of Denver Insurance Company (the ""Company"") and Scottish Re (U.S.), Inc. (the ""Reinsurer""). 

For is_reinsurance: This is clearly a reinsurance agreement. Section 2.1(a) states ""the Company hereby cedes on a coinsurance/modified coinsurance basis to the Reinsurer... one hundred percent (100%) of all Reinsured Liabilities."" Coinsurance agreements are explicitly listed in the guidelines as reinsurance agreements. The document also references ""indemnity reinsure"" and includes standard reinsurance provisions regarding reserves, settlements, and insolvency. Therefore, this qualifies as a reinsurance agreement.

For is_main_contract: This document appears to be the complete reinsurance contract rather than an ancillary agreement. It contains all principal terms including definitions, basis of coinsurance, transfer of assets, accounting procedures, security arrangements, duration, and termination provisions. It has a formal structure with multiple articles covering all essential elements of the reinsurance arrangement and includes signatures of both parties. It's not merely an endorsement, amendment, or other modifying document but the full agreement itself.

For is_obligatory: This is an obligatory reinsurance agreement. Section 2.1(a) indicates the Company is ceding 100% of Reinsured Liabilities for the Covered Insurance Contracts, which are defined as ""all Insurance Contracts that are reinsurance agreements"" listed on Schedule 1.1(a). The preamble references ""the individual life reinsurance business"" being sold, indicating this covers an entire portfolio of business rather than individual risks. This fits the definition of obligatory reinsurance which ""transfer[s] risk from all insureds in one or more specific portfolios.""

For proportional_or_non_proportional: This is proportional reinsurance. The document is explicitly a ""COINSURANCE/MODIFIED COINSURANCE AGREEMENT"" and Section 2.1(a) describes the arrangement as ""on a coinsurance/modified coinsurance basis"" with 100% cession of liabilities. Coinsurance is a form of proportional reinsurance where the reinsurer takes a fixed percentage of each risk. The document contains no indication of non-proportional features like excess of loss layers.

For insurance_type: This pertains to Life insurance. The companies involved are life insurance entities (""Security Life of Denver Insurance Company"" and ""Scottish Re (U.S.), Inc.""), the preamble references ""the individual life reinsurance business,"" and Section 7.2 mentions ""a life insurance or life reinsurance company familiar with the life reinsurance business."" There are no references to property, casualty, or other non-life lines of business.

For class_of_business: This pertains to Mortality. Given it covers ""individual life reinsurance business,"" which primarily involves traditional life insurance products where the primary risk is death (mortality risk), this fits the ""Mortality"" classification. The document doesn't indicate it covers health insurance (which would be ""Health""), longevity products like annuities (which would be ""Longevity""), or other specialized life products that might fall under ""Other Life.""",True,True,True,proportional,Life,Mortality
2005-352736-0001104659-05-053113-a05-17797_1ex10d2.htm,"The document is a Surplus Note Purchase Agreement between Allstate Life Insurance Company (the Seller) and Kennett Capital, Inc. (the Purchaser). It outlines the purchase and sale of surplus notes issued by ALIC Reinsurance Company, with the Purchaser providing Kennett Notes as consideration. The agreement includes standard financial terms such as interest payments, maturity dates, prepayment conditions, and events of default.

However, surplus notes are financial instruments used by insurance and reinsurance companies to raise capital, and agreements for their purchase are not reinsurance contracts. They do not involve the transfer of insurance risk from one insurer to another. Instead, they represent debt-like obligations that provide capital support to the issuing entity.

According to the provided classification rules, bonds, loans, credit instruments, and financial guarantees are not considered reinsurance agreements unless they are Catastrophe Bonds or Insurance Linked Securities that fulfill a risk transfer objective. Surplus notes do not meet this exception.

Therefore, this document is not a reinsurance agreement, and all subsequent reinsurance-specific classification fields must be set to 'None'.",False,,,,,
2005-909109-0000893220-05-001098-w08666exv10w4.htm,"The document is a reinsurance agreement titled ""$5,000,000 Excess $190,000,000 Florida Only Excess Catastrophe Reinsurance Contract."" It explicitly outlines terms under which a reinsurer (Hannover Re) agrees to cover losses in excess of the ceding company's retention ($190 million) up to a limit of $5 million per loss occurrence. This structure is characteristic of a non-proportional reinsurance contract, specifically an excess of loss treaty. The agreement applies to Property business in Florida and is triggered by catastrophe events such as hurricanes, windstorms, and other perils. It includes standard reinsurance clauses (e.g., reinstatement, loss occurrence definition, arbitration, and insolvency provisions), confirming its nature as a reinsurance treaty. The document establishes the full terms of the reinsurance contract, including scope, exclusions, premium, and conditions, making it a main contract. It is obligatory because it automatically covers all qualifying risks within the defined portfolio (i.e., Property business of the named insurers in Florida). The contract is non-proportional, as it provides coverage above a retention level, not a proportional share of premiums and losses. The class of business is Property, and the insurance type is Non-Life, given the coverage of physical property damage from catastrophes.",True,True,True,non-proportional,Non-Life,Property
2005-930548-0001125282-05-004166-b408008ex10-4.txt,"The document titled ""LOAN AND SECURITY AGREEMENT"" is a legal agreement between RECKSON COURT SQUARE, LLC, as the borrower, and GERMAN AMERICAN CAPITAL CORPORATION, as the lender. This agreement outlines the terms and conditions of a loan, including the disbursement of funds, interest payments, prepayment options, and various covenants and representations. The document includes detailed sections on definitions, general terms, cash management, representations and warranties, borrower covenants, insurance, impositions, transfers, defaults, and other miscellaneous provisions. It also includes security instruments such as a mortgage and assignment of leases to secure the loan.

The document does not contain any elements that are characteristic of a reinsurance agreement. Reinsurance agreements typically involve the transfer of risk from one insurance company to another, and they often include specific terms related to risk sharing, claims handling, and premium payments. The document in question, however, is focused on a loan and the security for that loan, with no mention of risk transfer, claims, or insurance policies. Instead, it deals with financial obligations, collateral, and the conditions under which the loan is to be repaid.

Given the nature of the document, which is a loan agreement with security provisions, it is clear that this is not a reinsurance agreement. The document is primarily concerned with the financial and legal aspects of a loan, including the borrower's obligations to repay the loan and the lender's rights to the collateral in the event of default. There are no provisions that suggest the transfer of insurance risk or any other characteristics of a reinsurance contract.

Therefore, based on the content and structure of the document, it is evident that this is a loan and security agreement, not a reinsurance agreement.",False,,,,,
2005-839759-0001104659-05-021176-a05-8142_1ex10d1.htm,"The document is titled ""Amendment No. 1 to Automatic Annuity Reinsurance Agreement"" and explicitly amends an existing reinsurance agreement between Allstate Life Insurance Company of New York (Cedant) and Allstate Life Insurance Company (Reinsurer). It modifies the definitions, premiums, and coverage provisions of the original agreement to include additional benefits such as guaranteed minimum withdrawal benefits and guaranteed minimum death benefits on variable annuity contracts. Since it modifies the terms of an existing reinsurance agreement, it falls under the category of documents that renew, amend, or otherwise modify reinsurance agreements — which are explicitly considered reinsurance agreements per the provided criteria.

However, this document is an amendment, not a standalone reinsurance contract. It does not establish a new reinsurance contract but rather modifies an existing one. Therefore, it is an ancillary agreement, not a main contract. As such, `is_main_contract` is False.

Because it is an amendment to a reinsurance agreement, it qualifies as a reinsurance document, so `is_reinsurance` is True. However, since it is not a full main contract, the attributes `is_obligatory`, `proportional_or_non_proportional`, `insurance_type`, and `class_of_business` cannot be reliably determined from the amendment alone — these require analysis of the underlying main contract, which is not provided. The amendment references annuity products with guaranteed benefits, which are characteristic of life insurance, specifically longevity and mortality risk, but without confirmation from the main contract, these classifications cannot be made with certainty.

Thus, for fields requiring a full contract analysis, the response is 'None'.",True,False,,,,
2005-1168338-0000909567-05-000509-t15747exv10w1.htm,"The document is an Investment Agreement between The North River Insurance Company and Hamblin Watsa Investment Counsel Ltd. (HW) and Fairfax Financial Holdings Limited (FFH). It outlines the terms under which HW will manage an investment account on behalf of the insurance company, including investment objectives, guidelines, administration services, fees, and reporting requirements. The agreement covers investment management and administrative services, with detailed provisions on asset allocation, risk management, and regulatory compliance.

There is no mention of risk transfer from the insurer to another party, ceding of insurance liabilities, reinsurance terms, or any mechanism typical of reinsurance agreements such as ceded premiums, reinsurance recoverables, or loss sharing. Instead, the document focuses exclusively on the management of the insurer’s investment portfolio.

Therefore, this is not a reinsurance agreement but rather a contract for investment management and administrative services.",False,,,,,
2005-1267395-0000950136-05-001298-file002.htm,"The document is an ""Amended and Restated Service Agreement"" between Christopher David May and Aspen Insurance UK Services Limited. It outlines the terms of employment for an individual, including duties, remuneration, termination conditions, restrictive covenants, and other employment-related provisions. The document pertains to an executive employment contract and not to any form of risk transfer between insurance or reinsurance entities.

There is no mention of reinsurance, risk transfer, insurance coverage, ceding, retrocession, or any related terms. Instead, the content is focused on human resources and employment law, including clauses on salary, bonuses, pension, confidentiality, and post-employment restrictions.

Therefore, this document is not a reinsurance agreement. It is an employment contract, which falls outside the scope of reinsurance and is explicitly not listed as such under the provided criteria.",False,,,,,
2005-1064122-0000898080-05-000165-ex10-46.txt,"The document is titled ""Coinsurance Agreement"" and is explicitly described as such in the metadata. It is a reinsurance agreement between Security Life of Denver Insurance Company (the ""Company"") and Scottish Re (U.S.), Inc. (the ""Reinsurer""). The agreement involves the cession and assumption of 100% of the liabilities under certain insurance contracts, specifically ""Covered Insurance Contracts,"" which are defined as reinsurance agreements assumed by the Company. This confirms that the underlying business is reinsurance, and the present agreement is a coinsurance arrangement retroceding that business.

The agreement states in Section 2.1(a) that the Company cedes to the Reinsurer, and the Reinsurer assumes, 100% of all ""Reinsured Liabilities"" arising under the Covered Insurance Contracts on a coinsurance basis. Coinsurance is a form of reinsurance. The structure, including the transfer of reserves, administration rights, security provisions (via trust accounts), and indemnification obligations, is consistent with a full reinsurance contract.

It is a main contract because it establishes the entire reinsurance relationship, including the transfer of liabilities, reserve assumptions, payment mechanisms, and security. It is not merely an endorsement or ancillary document. The agreement is self-contained and governs the core reinsurance obligations between the parties.

The agreement is obligatory because it covers 100% of the liabilities under all Covered Insurance Contracts, which include a portfolio of assumed reinsurance agreements. This is not a facultative arrangement covering individual risks; rather, it is a treaty-style transfer of an entire block of business, making it obligatory.

The reinsurance is proportional because it is structured on a 100% coinsurance basis, meaning the Reinsurer assumes 100% of the premiums, benefits, and liabilities in proportion to the underlying contracts. There are no indications of excess-of-loss or other non-proportional mechanisms.

The insurance type is Life, as clearly indicated by multiple factors: the parties are life insurance companies (Security Life of Denver Insurance Company and Scottish Re (U.S.), Inc.), the agreement references statutory accounting practices relevant to life insurance, and the transaction is connected to an Asset Purchase Agreement involving ""individual life reinsurance business."" Additionally, the DAC tax election under Section 848 of the Internal Revenue Code is specific to life insurance and annuity contracts.

The class of business is ""Other Life"" because the agreement pertains to a block of assumed life reinsurance contracts, which does not fall under Mortality, Longevity, or Health specifically. The business is reinsurance of life insurance contracts, likely including a mix of products, but the most accurate classification under the provided options is ""Other Life"" as it best captures the nature of a portfolio of life reinsurance without a more specific subcategory.",True,True,True,proportional,Life,Other Life
2005-875159-0000930413-05-005535-c38407_ex10-3.htm,"The provided document is a Credit Agreement dated August 3, 2005, between XL CAPITAL LTD, X.L. AMERICA, INC., XL INSURANCE (BERMUDA) LTD, XL RE LTD (collectively as Borrowers and Guarantors), and BEAR STEARNS CORPORATE LENDING INC. (as Lender). The agreement outlines the terms for a $100,000,000 loan facility, including conditions for borrowing, repayment terms, interest rates, covenants, and events of default.

The document does not contain any language or structure indicative of a reinsurance agreement. Instead, it is clearly a financial instrument involving a loan and related credit terms. According to the classification guidelines, credit instruments such as loans are explicitly excluded from being considered reinsurance agreements.

Therefore, the document is not a reinsurance agreement, and all subsequent fields dependent on it being a reinsurance contract are not applicable.",False,,,,,
2005-1283709-0001193125-05-162991-dex1029.htm,"The document provided is a Loan Agreement between TPG-San Felipe Plaza, L.P. (the Borrower) and Nomura Credit & Capital, Inc. (the Lender). The agreement outlines the terms for a loan secured by a property located in Houston, Texas. The document details the loan amount, interest rates, repayment terms, conditions for disbursement, covenants, and remedies in case of default. It also includes provisions for the creation of reserve funds, insurance requirements, and the handling of casualty and condemnation events.

The document does not contain any elements of a reinsurance agreement. It is a standard loan agreement that does not involve the transfer of risk from one insurer to another, which is a key characteristic of reinsurance. The document is not related to insurance policies, retrocession agreements, or any other form of risk transfer that would be typical in a reinsurance context. Instead, it is a financial instrument designed to provide funding for the acquisition and operation of a real estate property.

Given that the document is a loan agreement and not a reinsurance agreement, it does not meet any of the criteria for being classified as a reinsurance agreement. Therefore, the subsequent questions about whether it is a main contract, obligatory, proportional or non-proportional, and the type of insurance and class of business are not applicable.",False,,,,,
2005-1168338-0000909567-05-000509-t15747exv10w3.htm,"The document is titled ""Investment Agreement"" and establishes a relationship for investment management and administration services between Seneca Specialty Insurance Company and Hamblin Watsa Investment Counsel Ltd. (HW) and Fairfax Financial Holdings Limited (FFH). The agreement authorizes HW to manage an investment account on behalf of the insurance company, outlines investment guidelines, objectives, and administrative responsibilities, and details fee structures and reporting requirements.

The agreement does not involve the transfer of insurance risk from one insurer to another or from a reinsurer to a retrocessionaire. Instead, it pertains solely to the management of investment assets. Key elements such as investment strategies, asset allocation, custodial arrangements, and performance benchmarks confirm that this is an investment management contract, not a risk transfer mechanism.

Per the classification criteria, reinsurance agreements involve the transfer of insurance risk. Documents such as investment agreements, even if related to an insurance company, are not considered reinsurance unless they explicitly involve risk transfer between insurers or reinsurers. Ancillary financial services like investment management, even when provided by affiliated parties, do not constitute reinsurance.

Therefore, this document is not a reinsurance agreement. As a result, all subsequent fields that depend on it being a reinsurance contract—such as whether it is a main contract, obligatory, proportional, etc.—must be set to 'None'.",False,,,,,
2005-909109-0000893220-05-001098-w08666exv10w9.htm,"The document is a ""Reinsurance Commutation and Release Agreement"" that terminates and settles obligations under a prior reinsurance treaty—the ""Whole Account Net Quota Share Reinsurance Contract"" effective April 1, 2003. It explicitly references an existing reinsurance treaty and commutes the 2003 contract year, releasing both parties from future liabilities. According to the classification rules, documents that commute or otherwise modify the terms of an existing reinsurance agreement are considered reinsurance agreements. Therefore, this is a reinsurance agreement.

However, this document is not a main contract; it is a commutation agreement, which is an ancillary agreement that terminates an existing reinsurance contract. It does not establish a new reinsurance contract but finalizes an existing one.

Because it is a commutation of a quota share treaty (which is a proportional, obligatory form of reinsurance), the underlying contract was obligatory. However, the commutation itself is not a reinsurance contract that transfers risk—it settles and ends it. Therefore, it is not itself an obligatory reinsurance agreement, but rather a termination of one. Thus, ""is_obligatory"" should be None, as it is not a full reinsurance contract.

The original treaty was a ""Net Quota Share,"" which is a proportional reinsurance arrangement. However, since this document is a commutation and not the main proportional contract itself, we cannot classify the document as proportional—it is not a risk-transfer contract anymore. Hence, ""proportional_or_non_proportional"" is None.

The document does not specify the type of insurance (Life or Non-Life), but the ceding companies (e.g., Philadelphia Insurance Company, Mobile USA Insurance Company) are property and casualty insurers, and ""Whole Account"" quota share treaties are typical in Non-Life contexts. Additionally, the structure (ceding a percentage of net written premium) is characteristic of Non-Life reinsurance. Therefore, the insurance type is likely Non-Life.

Given the broad ""whole account"" nature of the original treaty and the involvement of multiple lines of property and casualty insurance, the most appropriate class of business is ""Multi-Line,"" which covers composite Property and Casualty portfolios.",True,,,,Non-Life,Multi-Line
2005-913144-0000950136-05-007094-file002.htm,"The document is an Amended and Restated Employment Agreement between Renaissance Reinsurance Ltd. and Kevin J. O'Donnell. It outlines the terms and conditions of employment, including duties, compensation, termination, non-competition obligations, and indemnification. While the employer has ""Reinsurance"" in its name, the document itself is not a reinsurance agreement. It does not involve the transfer of insurance risk from one insurer to another, nor does it contain any terms typical of reinsurance contracts such as ceding commissions, reinsurance premiums, coverage limits, or risk-sharing mechanisms.

Instead, this is a standard executive employment contract, covering salary, bonuses, benefits, confidentiality, and post-employment restrictions. It is governed by Bermuda law and includes provisions typical of executive employment agreements, such as change-in-control benefits and non-compete clauses.

Therefore, it falls under the category of an employment contract, which is explicitly not a reinsurance agreement as per the classification guidelines.",False,,,,,
2005-1064122-0000898080-05-000165-ex10-54.txt,"The document is a ""Coinsurance Funds Withheld Agreement"" between two life insurance companies, Security Life of Denver International Limited (the ""Company"") and Scottish Re Life (Bermuda) Limited (the ""Reinsurer""). The agreement explicitly states that the Company is ceding, and the Reinsurer is assuming, 100% of all liabilities arising under or relating to the ""Covered Insurance Contracts"" on a coinsurance basis (Section 2.1). Coinsurance is a form of reinsurance, and the document is structured as a reinsurance contract.

Key indicators that this is a reinsurance agreement include:
- The parties are both life insurance companies.
- The agreement involves the transfer of insurance liabilities from the Company to the Reinsurer.
- The agreement references reinsurance credit, statutory reserves, and regulatory compliance (e.g., Bermuda SAP, BMA).
- It includes standard reinsurance provisions such as funds withheld, reinsurance credit, security arrangements (trust accounts), and recapture rights.
- The document references the ""Asset Purchase Agreement"" under which the Reinsurer's parent company is acquiring the individual life reinsurance business of the Company, and this agreement is part of that transaction.
- The agreement explicitly makes a tax election under Section 848 of the Internal Revenue Code, which applies to reinsurance agreements.

Therefore, this is clearly a reinsurance agreement.

Regarding whether it is a main contract: The document establishes the full terms of the reinsurance arrangement, including definitions, reinsurance coverage, reserve obligations, payment mechanics, security, duration, and termination. It is not merely an amendment or ancillary agreement. The preamble and Section 2.1 indicate it is the primary agreement for the coinsurance arrangement. Therefore, it is a main contract.

On obligatoriness: The agreement cedes 100% of the ""Covered Insurance Contracts"" on a coinsurance basis. Coinsurance treaties are inherently obligatory, meaning the ceding company must cede and the reinsurer must accept all risks within the defined portfolio. The agreement does not suggest facultative selection; it is a bulk transfer of a block of life reinsurance business. Therefore, it is an obligatory reinsurance agreement.

Regarding proportional or non-proportional: Coinsurance is a form of proportional reinsurance, where the reinsurer assumes a fixed percentage (here, 100%) of both premiums and liabilities. The agreement does not indicate any excess-of-loss or stop-loss structure. Therefore, it is proportional reinsurance.

Insurance type: The parties are life insurance companies, the underlying business is ""individual life reinsurance,"" and the agreement references life insurance terms such as ""Deferred Acquisition Costs (DAC)"" and tax elections specific to life reinsurance. Therefore, this pertains to Life insurance.

Class of business: The underlying business is individual life insurance. Within life reinsurance, this falls under mortality risk, which is the core risk in individual life policies. Therefore, the class of business is ""Mortality.""",True,True,True,proportional,Life,Mortality
2005-1091748-0001125282-05-001024-b405016_ex1017.htm,"The document is an endorsement to a ""Facultative Obligatory Quota Share Retrocessional Agreement,"" which modifies the terms of an existing reinsurance agreement. The reference to a ""Quota Share"" arrangement indicates a proportional reinsurance mechanism. Since it is an endorsement — a document that amends an existing agreement — it is not a standalone main contract but rather an ancillary agreement. However, the original agreement it modifies is clearly a reinsurance contract, and endorsements are explicitly included in the definition of reinsurance agreements. The term ""Facultative Obligatory"" suggests it is an obligatory agreement, as it implies automatic acceptance of certain risks. ""Quota Share"" is a form of proportional reinsurance. However, the document does not specify whether the underlying insurance is Life or Non-Life, nor does it clearly indicate the class of business. Given the context of PXRE (a company typically involved in property and casualty reinsurance), it is likely Non-Life, but without explicit mention, this remains uncertain.",True,False,True,proportional,,
2005-1160294-0001104659-05-013827-a05-1889_1ex10d86.htm,"The document is a ""Deed of Trust with Assignment of Rents, Security Agreement and Fixture Filing."" It establishes a security interest in real and personal property owned by HGI - St. Jo, located in Buchanan County, Missouri, to secure certain obligations under a credit agreement. The secured obligations include repayment of loans and performance of covenants under a credit facility provided by Bank of America, N.A., as administrative agent for a group of lenders.

This document is not a reinsurance agreement. It does not involve the transfer of insurance risk from one insurer to another. Instead, it is a real estate financing instrument used to secure debt obligations through a mortgage-like structure. The document contains provisions typical of secured lending arrangements, such as assignment of rents, security interests in personal property, fixture filings, and remedies upon default (e.g., foreclosure).

Because this is a secured loan agreement and not any form of insurance or reinsurance contract, it falls entirely outside the scope of reinsurance agreements as defined. It is also not ancillary to a reinsurance contract. Therefore, all downstream classification fields related to reinsurance (main contract, obligatory, proportional, etc.) are not applicable.",False,,,,,
2005-1044566-0000950137-05-009434-c97172exv10w32.txt,"The document is titled ""SURETY QUOTA SHARE TREATY"" and is explicitly described as a reinsurance contract between Continental Casualty Company (the ""Company"") and Western Surety Company (the ""Reinsurer""). It outlines the terms under which the Company cedes a portion of its surety business to the Reinsurer.

Key indicators that this is a reinsurance agreement include:
- The use of terms such as ""Reinsurer,"" ""ceded,"" ""reinsurance,"" and ""treaty.""
- Provisions for ceding 100% of the Company's Net Premiums Written on its Net Liability (Article 6), which is typical in proportional reinsurance.
- The Reinsurer's liability for a proportionate share of losses and loss expenses (Article 8).
- Reporting and remittance procedures (Article 11), which are standard in reinsurance contracts.
- The presence of standard reinsurance clauses such as arbitration (Article 19), choice of law (Article 20), and funding of reserves (Article 23).

The document is a main contract because it contains all the principal terms of a reinsurance agreement, including scope of coverage, premium, commissions, loss settlement, and dispute resolution. It is not merely an ancillary agreement like an endorsement or amendment; the metadata indicates it is an ""Amendment to Form of"" but the text presented is the full treaty.

It is an obligatory reinsurance agreement because it covers all surety business written or renewed by the Company during the term (subject to mutual agreement for exceptions), which is characteristic of a treaty arrangement. Facultative reinsurance would involve case-by-case cessions, which is not the case here.

The contract is proportional because it is a ""Quota Share"" treaty, where the Reinsurer receives a fixed percentage (implied to be 100% of the Company's net retained liability) of premiums and pays a corresponding share of losses. This is a hallmark of proportional reinsurance.

The insurance type is Non-Life, as surety bonds are part of casualty insurance, which falls under non-life insurance.

The class of business is ""Specialty,"" as surety is generally classified as a specialty line of insurance, covering bonds related to licenses, fiduciary duties, public officials, and contractual obligations, as detailed in Article 4(H).",True,True,True,proportional,Non-Life,Specialty
2005-78066-0000950153-05-002696-p71362exv10w1.txt,"The provided document is a Master Participation Agreement related to financing the development of a copper mine (Sulfide Project) in Peru. The agreement involves multiple lenders providing senior loans to the borrower, Sociedad Minera Cerro Verde S.A.A. The document outlines the terms of the loan, conditions precedent, representations and warranties, covenants, events of default, and remedies. It also includes provisions for the issuance of Peruvian Bonds and the assignment of rights under various project documents.

This document is not a reinsurance agreement. It is a loan agreement and financing arrangement, not a contract for risk transfer between insurers or reinsurers. The document does not involve the transfer of insurance risk, which is the hallmark of reinsurance agreements. Instead, it deals with the financing of a mining project through loans and related financial instruments.

Therefore, this document is not a reinsurance agreement, and the subsequent fields related to reinsurance characteristics (main contract, obligatory, proportional/non-proportional, insurance type, class of business) are not applicable.",False,,,,,
2005-918958-0000950134-05-005132-d23198exv10w29.txt,"The document is a Contribution Agreement for the transfer of a real estate property known as ""The Crescent"" in Dallas, Texas. It details the conveyance of the property from the seller (Crescent Real Estate Funding I, L.P.) to the purchaser (Crescent TC Investors, L.P.) through intermediate entities. The agreement includes representations and warranties, apportionments of costs and rents, closing conditions, and other standard provisions for a real estate transaction. There is no mention of insurance, reinsurance, risk transfer, or any insurance-related terms. The subject matter is entirely focused on real estate ownership, leases, title, and related financial and legal aspects of a property sale. Therefore, this document is not a reinsurance agreement.",False,,,,,
2005-78066-0000950153-05-002696-p71362exv10w3.txt,"The document is a Master Security Agreement related to a loan financing arrangement for a mining project. It involves lenders providing loans to a mining company (Sociedad Minera Cerro Verde S.A.A.) and creating security interests in various assets of the borrower to secure repayment of the loans. The document establishes collateral arrangements, security interests, and repayment terms between the borrower and lenders.

This is not a reinsurance agreement because:
1. It does not involve the transfer of insurance risk from one insurer to another
2. It is a loan agreement and security arrangement, not an insurance contract
3. The parties involved are lenders and borrowers, not insurance companies
4. The document creates security interests in physical assets and accounts, not insurance policies
5. The purpose is to secure loan repayment, not to transfer insurance risk

Since this is not a reinsurance agreement, the subsequent questions about whether it's a main contract, obligatory, proportional or non-proportional, insurance type, and class of business are not applicable and should be answered as None.",False,,,,,
2005-1272957-0001015402-05-001435-ex10_13.htm,"The document is a Commutation and Release Agreement between several insurance companies (collectively ""Company"") and a reinsurance company (""Reinsurer""). It explicitly references an underlying ""Aggregate Excess of Loss Reinsurance Agreement"" and states that the purpose of this document is to fully settle and commute all rights and obligations arising from that reinsurance agreement. 

According to the classification rules, documents that terminate, commute, or otherwise modify the terms of an existing reinsurance agreement are considered reinsurance agreements. Therefore, this document qualifies as a reinsurance agreement.

However, this document is not a main contract; it is an ancillary agreement that commutes an existing reinsurance contract. It does not establish a new reinsurance contract but instead finalizes and releases obligations under a pre-existing one.

Because it is not a main contract, but rather a commutation of an existing contract, the attributes ""is_obligatory"", ""proportional_or_non_proportional"", ""insurance_type"", and ""class_of_business"" cannot be reliably determined from this document alone. These characteristics would pertain to the original reinsurance agreement, which is not provided here. The reference to ""Aggregate Excess of Loss"" suggests the underlying contract was non-proportional and likely non-life/casualty, but since the document itself is not the main contract and does not contain full terms, these fields should be marked as None.",True,False,,,,
2005-1097864-0001193125-05-066747-dex1034.htm,"The document is an ""Amendment and Restatement Agreement"" related to a credit agreement among ON Semiconductor Corporation, Semiconductor Components Industries, LLC, lenders, and JPMorgan Chase Bank as administrative agent. It outlines the amendment and restatement of an existing credit agreement, the extension of Tranche G Term Loans, and conditions for the Restatement Effective Date. The document involves corporate financing, loan commitments, and debt restructuring.

It does not contain any language related to insurance or risk transfer from an insurer to a reinsurer. Instead, it pertains to credit facilities, term loans, and security interests—typical elements of a corporate loan agreement. The referenced agreements include credit agreements, security documents, and loan-related instruments, none of which fall under reinsurance or retrocession.

Based on the definitions provided, reinsurance agreements involve risk transfer from an insurer to a reinsurer, including treaties, facultative agreements, retrocessions, or related instruments. This document is a financial credit agreement, not a reinsurance contract. Therefore, it is not a reinsurance agreement, nor is it a main contract or ancillary agreement in the context of reinsurance.",False,,,,,
2005-1306051-0001047469-05-026974-a2165175zex-10_12.htm,"The provided document is an Asset Purchase Agreement between a seller group and a buyer group for the sale of various assets related to a golf resort. The document details the terms of the sale, including the definition of assets being sold, liabilities assumed, purchase price, conditions for closing, and other covenants and agreements between the parties. It does not contain any provisions related to reinsurance, retrocession, risk transfer from insurance policies, or any of the instruments listed in the definition of reinsurance agreements. The document is clearly a commercial asset sale agreement and not a reinsurance agreement.",False,,,,,
2005-1283709-0001193125-05-162991-dex1031.htm,"The document is a Loan Agreement dated August 4, 2005 between TPG-BH/ICC, L.P. (Borrower) and Nomura Credit & Capital, Inc. (Lender). This is clearly a commercial real estate loan agreement secured by two properties in Houston, Texas (2800 North Loop Freeway West and 15600 JFK Boulevard).

Key characteristics that identify this as a standard commercial loan agreement:
- It establishes a loan in the amount of $85.8 million ($53 million A Note and $32.8 million B Note)
- Contains standard loan provisions including interest rates, payment terms, covenants, and default provisions
- The collateral consists of specific real properties
- Includes provisions for reserve funds (tax and insurance, rent, tenant improvement)
- Contains standard real estate loan covenants regarding property maintenance, insurance, etc.

While the document does include insurance requirements (Section 6), these are standard provisions found in any commercial real estate loan agreement to protect the lender's collateral, not reinsurance arrangements. The insurance requirements mandate that the borrower maintain property insurance on the collateral properties, which is typical for commercial loans.

The document is not a reinsurance agreement because:
1. It does not involve risk transfer from an insurer to a reinsurer
2. It does not contain any reinsurance-specific terms or structures
3. It is not transferring insurance portfolios or underwriting risk
4. It is not structured as a catastrophe bond or insurance-linked security (despite mentioning securitization of the loan itself in Section 9.1, which refers to standard commercial mortgage-backed securities, not insurance risk transfer)

The document is explicitly a loan agreement between a real estate borrower and a commercial lender, with no connection to insurance or reinsurance activities beyond standard collateral protection requirements.

Since this is not a reinsurance agreement at all, all subsequent classification questions should be answered as None.",False,,,,,
2005-930810-0001125282-05-004233-b408019_ex10-4.txt,"The document titled ""LOAN AND SECURITY AGREEMENT"" is a legal contract between RECKSON COURT SQUARE, LLC, as the Borrower, and GERMAN AMERICAN CAPITAL CORPORATION, as the Lender. It outlines the terms and conditions of a loan amounting to $315,000,000, secured by real property. The document details the loan disbursement, interest payments, prepayment terms, conditions precedent to closing, cash management, representations and warranties, borrower covenants, insurance, casualty and condemnation, impositions, transfers, defeasance, maintenance of property, financial statements, environmental matters, and other standard provisions typically found in a commercial loan agreement.

The document is explicitly described as a ""Loan and Security Agreement"" in both the title and the description. It establishes a lending relationship, where the Lender provides funds to the Borrower, and the Borrower agrees to repay the loan with interest. The security for the loan is provided by a mortgage on the property, as referenced by the ""Security Instrument"" and the ""Assignment of Leases."" The document contains provisions for the creation of reserve accounts, the handling of insurance proceeds, and the management of the property, all of which are typical in a secured loan agreement.

The document does not contain any language or provisions that are characteristic of a reinsurance agreement. It does not involve the transfer of insurance risk from one insurer (the ceding company) to another (the reinsurer). There is no mention of ceding commissions, reinsurance premiums, or the sharing of underwriting profits and losses, which are fundamental elements of reinsurance contracts. Instead, the document is centered on the financial obligations of the Borrower to repay a loan and the Lender's rights to the property in case of default.

Furthermore, the document is not related to insurance policies, retrocession agreements, or any form of risk transfer between insurance entities. It is a standard commercial loan agreement, which is used to finance the acquisition or development of real estate. The inclusion of insurance requirements in the document is a common feature of loan agreements to protect the lender's interest in the collateral, not an indication of a reinsurance contract.

Given the nature of the document as a loan agreement, it is not a reinsurance agreement. Since it is not a reinsurance agreement, the subsequent fields regarding whether it is a main contract, obligatory, proportional or non-proportional, insurance type, and class of business are not applicable and should be set to None.",False,,,,,
2005-1283709-0001193125-05-162991-dex1030.htm,"The provided document is a Loan Agreement dated August 4, 2005, between TPG-2500 City West, L.P., as Borrower, and Nomura Credit & Capital, Inc., as Lender. The agreement outlines the terms for a loan secured by a property located in Houston, Texas. Key elements include the loan amount, interest rates, repayment terms, covenants, conditions precedent to closing, and provisions related to insurance, casualty, condemnation, and reserve funds. The document also details the rights and remedies of the lender in case of default, including foreclosure and other enforcement actions.

This document does not contain any elements characteristic of a reinsurance agreement. It does not involve the transfer of insurance risk from one insurer to another, nor does it include terms related to reinsurance such as retrocession, reinsurance treaties, or proportional or non-proportional reinsurance. Instead, it is a standard loan agreement with provisions typical of commercial real estate financing.

Based on the definitions provided, the document is not a reinsurance agreement because it does not involve the transfer of insurance risk, and it is not related to any form of risk transfer similar to reinsurance. It is a financial loan agreement secured by real property.",False,,,,,
2005-1091748-0001125282-05-001024-b405016_ex1011.htm,"The document is a Commutation Agreement between PXRE Reinsurance Ltd. (Reinsured) and Select Reinsurance Ltd. (Reinsurer), which terminates and releases all obligations under a prior Excess of Loss Reinsurance Treaty (the ""Commuted Contract""). The agreement explicitly references the termination of a reinsurance treaty, involves a payment to fully discharge liabilities, and releases both parties from all future obligations under the original reinsurance contract. As such, it qualifies as a reinsurance agreement under the definition provided, because it modifies and terminates an existing reinsurance contract.

However, this document is not a main reinsurance contract; it is an ancillary agreement that commutes an existing reinsurance treaty. It does not establish new reinsurance terms but finalizes and closes an existing one. Therefore, it is not a main contract.

Because it is a commutation of a reinsurance treaty rather than a full reinsurance contract itself, it is not appropriate to classify it as obligatory or non-obligatory, nor can it be classified as proportional or non-proportional—those attributes apply to active reinsurance contracts. Similarly, while the underlying treaty is an Excess of Loss contract (indicating non-proportional, Non-Life coverage, likely Property or Casualty), the commutation itself does not carry those terms directly, and no specific class of business or insurance type is detailed in the document beyond the reference to the Excess of Loss structure.

Thus, while the document is reinsurance-related, it is ancillary and not a full contract, so attributes like obligation type, proportionality, insurance type, and class of business must be marked as None.",True,False,,,,
2005-1297568-0000950137-05-010150-c97679exv10w1w1.htm,"The document is a Partner Agent Program Agreement between Specialty Underwriters' Alliance, Inc. (the ""Company"") and Specialty Risk Solutions, LLC (the ""Partner Agent""). It outlines the terms under which the Partner Agent will solicit, bind, service, and administer insurance policies on behalf of the Company for a specific program focused on commercial lines insurance, including property and casualty and workers' compensation.

Key elements of the agreement include:
- The Partner Agent is granted exclusive authority to bind commercial lines insurance within a defined territory and program.
- The Partner Agent is responsible for premium collection, policy issuance, and claims reporting but has no authority to adjust or settle claims.
- The Partner Agent must comply with the Company’s underwriting guidelines, forms, and rates.
- The agreement includes compensation terms (commission and profit sharing) and obligations related to recordkeeping, compliance, and indemnification.

Crucially, Section I.H explicitly states: ""Partner Agent has no authority to solicit, negotiate or place any reinsurance on behalf of Company."" This confirms that the agreement does not involve reinsurance.

The document is an agency agreement that governs the relationship between an insurer and a managing general agent or program administrator. It is not a reinsurance agreement, nor does it modify or amend one. Instead, it pertains to direct insurance activities.

Therefore, the document is not a reinsurance agreement. As a result, all subsequent fields related to reinsurance classification (main contract, obligatory, proportional/non-proportional, insurance type, class of business) are not applicable and must be set to None.",False,,,,,
2005-1064122-0000898080-05-000165-ex10-53.txt,"The document is a ""Coinsurance/Modified Coinsurance Agreement"" between two life insurance companies, Security Life of Denver International Limited (the Company) and Scottish Re Life (Bermuda) Limited (the Reinsurer), effective December 31, 2004. The agreement explicitly states that it is an indemnity reinsurance agreement under which the Company cedes 100% of all ""Reinsured Liabilities"" arising from the ""Covered Insurance Contracts"" to the Reinsurer on a coinsurance/modified coinsurance basis. This clearly establishes a reinsurance arrangement.

Section 2.1(a) states: ""the Company hereby cedes on a coinsurance/modified coinsurance basis to the Reinsurer... one hundred percent (100%) of all Reinsured Liabilities... This Agreement is an agreement for indemnity reinsurance solely between the Company and the Reinsurer."" This confirms the document is a reinsurance agreement.

The agreement contains all principal terms of a reinsurance contract, including the parties, effective date, business covered (defined as ""Covered Insurance Contracts""), basis of reinsurance (100% coinsurance/modified coinsurance), payment and settlement terms, duration, and termination rights. It also includes detailed provisions on reserves, administration, security, and dispute resolution. The fact that it is executed by both parties and structured as a comprehensive agreement confirms it is a main contract, not merely an ancillary agreement.

The reinsurance is obligatory because it covers 100% of all Reinsured Liabilities arising under the Covered Insurance Contracts, which are defined as a portfolio of reinsurance agreements. This is not a facultative arrangement for specific risks but a treaty-style transfer of an entire portfolio, making it obligatory.

Coinsurance is a form of proportional reinsurance where the reinsurer assumes a fixed percentage (here, 100%) of all premiums, losses, and reserves. The agreement specifies a 100% coinsurance basis, which is inherently proportional. There are no indications of non-proportional features like excess of loss layers.

The document explicitly references life insurance. The preamble identifies both parties as ""life insurance companies."" The agreement mentions ""individual life reinsurance business"" in the recitals. The arbitration clause specifies arbitrators must be familiar with the ""life reinsurance business."" The DAC tax provisions under Section 848 of the Code are specific to life insurance. Therefore, the insurance type is Life.

Given that the business is life reinsurance, the class of business must be one of the life-related categories. The agreement does not specify subcategories like longevity or mortality, but ""Other Life"" is the appropriate catch-all category for life insurance that isn't specifically longevity or mortality.",True,True,True,proportional,Life,Other Life
2005-1064122-0000898080-05-000165-ex10-52.txt,"The document is titled ""COINSURANCE AGREEMENT"" and is executed between Security Life of Denver International Limited (the Company) and Scottish Re Life (Bermuda) Limited (the Reinsurer). It explicitly states that the Company is ceding, and the Reinsurer is assuming, 100% of the liabilities arising under the Covered Insurance Contracts on a coinsurance basis (Section 2.1). Coinsurance is a well-known form of reinsurance where the reinsurer assumes a defined share of both premiums and liabilities.

The document references a prior Asset Purchase Agreement, under which the Sellers agreed to sell their individual life reinsurance business to the Purchaser (the Reinsurer's parent). This context confirms that the agreement is part of a corporate transaction involving the transfer of reinsurance liabilities, which falls under the category of portfolio transfers in corporate restructurings—a type of reinsurance agreement as per the provided criteria.

The agreement establishes the full terms of the reinsurance relationship, including the transfer of assets (Article III), reserve assumptions (Section 2.3), indemnification obligations (Article X), and dispute resolution (Article VII). It is not merely an ancillary document like an endorsement or commutation but a foundational contract that creates the reinsurance obligation. Therefore, it qualifies as a main contract.

The reinsurance is obligatory because it covers 100% of the liabilities under a portfolio of reinsurance contracts (the Covered Insurance Contracts), not just specific or facultative risks. Section 2.1(a) states the cession is on a ""one-hundred percent (100%) coinsurance basis,"" which is inherently proportional.

Coinsurance, by definition, is a form of proportional reinsurance, where the reinsurer shares premiums and losses in a fixed proportion. There is no indication of excess-of-loss or other non-proportional mechanisms. Therefore, the contract is proportional.

The document repeatedly refers to ""life insurance"" and ""life reinsurance business"" in the recitals and definitions. The parties are life insurance companies, and the Covered Insurance Contracts are reinsurance agreements assumed by the Company in the life insurance sector. Therefore, the insurance type is Life.

Given that the underlying business is life reinsurance, and the document mentions terms like ""mortality,"" ""longevity,"" and ""life reinsurance,"" the class of business is not Property, Casualty, or Specialty. Within life insurance, the specific class is likely ""Mortality"" or ""Longevity."" However, the document does not specify whether the contracts are focused on mortality risk (e.g., term life) or longevity risk (e.g., annuities). Since both are possible and the primary focus is on life reinsurance generally, the most accurate classification is ""Other Life,"" which captures life reinsurance not specifically categorized as Health, Longevity, or Mortality.",True,True,True,proportional,Life,Other Life
2005-743532-0001193125-05-049471-dex10a.htm,"The document is an ""Amended and Restated Management and Operating Agreement"" between Alfa Mutual Insurance Company (AMI) and various affiliated companies, including insurance and non-insurance entities. The agreement outlines the appointment of AMI to manage and operate the business operations of the other companies, including underwriting, claims processing, regulatory compliance, and other administrative functions. It also includes provisions for employee management, indemnification, confidentiality, and termination.

The agreement is not a reinsurance contract. Instead, it is a management and operating agreement where one entity (AMI) provides operational and administrative services to affiliated companies. Although it mentions that AMI has authority to ""negotiation, assumption, placement and administration of reinsurance,"" this is merely one of many services AMI performs on behalf of the companies and does not constitute the document itself being a reinsurance agreement.

This type of agreement—where a central entity manages operations for a group of affiliated insurers—is explicitly listed in the ""NOT considered reinsurance agreements"" category: ""Underwriting Agency Agreements between reinsurance companies and reinsurance underwriting management companies or agents."" While this is not strictly an underwriting agency agreement, it falls under the broader category of management agreements that are ancillary to insurance operations and do not themselves transfer risk.

Therefore, the document is not a reinsurance agreement, nor is it a main contract for reinsurance. All downstream classifications (obligatory, proportional, insurance type, class of business) are therefore not applicable.",False,,,,,
2005-947484-0001104659-05-021217-a05-8025_1ex10d2.htm,"The document is an amendment to an employment agreement between Arch Capital Group Ltd., Arch Reinsurance Ltd., and Dwight R. Evans. It modifies certain terms of the employment arrangement, such as roles, responsibilities, and expense reimbursements. Although the parties include reinsurance companies (e.g., Arch Reinsurance Ltd.), the document itself does not establish or modify a reinsurance contract. Instead, it pertains to executive employment terms. According to the classification criteria, employment agreements are not reinsurance agreements, even if they involve reinsurance companies. Therefore, this document is not a reinsurance agreement.",False,,,,,
2005-1299969-0001104659-05-054697-a05-18416_1ex10d1.htm,"The document is an ""Agreement of Purchase and Sale"" for a real estate property known as ""Carter Lake Apartments"" located in Reston, Virginia. It outlines the terms under which the seller (ER Carter, L.L.C.) agrees to sell, and the buyer (Comstock Carter Lake, L.C.) agrees to purchase, the property, including the land, improvements, leases, tangible and intangible personal property related to the real estate.

The document contains standard provisions for a real estate transaction, including representations and warranties, conditions of title, risk of loss, closing procedures, prorations, and other customary clauses. It does not contain any language related to insurance, risk transfer between insurers, or reinsurance mechanisms such as ceding premiums, assuming risk, or treaty terms.

The listed categories of documents that qualify as reinsurance agreements include reinsurance treaties, retrocessions, loss portfolio transfers, catastrophe bonds, and related instruments. This document does not resemble any of those. Instead, it is a straightforward real estate purchase agreement.

Therefore, the document is not a reinsurance agreement, nor does it relate to insurance or reinsurance in any way.",False,,,,,
2005-352736-0001047469-05-006788-a2153114zex-10_23.txt,"The document is titled ""RETROCESSIONAL REINSURANCE AGREEMENT"" and is explicitly described as such in the first paragraph. Retrocessional reinsurance agreements are explicitly listed as reinsurance agreements in the provided criteria. Therefore, the document qualifies as a reinsurance agreement.

The agreement establishes a full retrocessional reinsurance contract on a 100% coinsurance basis for universal life insurance liabilities arising under prior reinsurance agreements. It contains all essential terms such as definitions, basis of reinsurance, liability, claims, reserves, settlements, and duration. It is not merely an ancillary document like an endorsement or amendment but a complete contract. Thus, it is a main contract.

The reinsurance is on a 100% coinsurance basis, which means the ceding company transfers all premiums and liabilities to the reinsurer in proportion to the underlying policies. This is a hallmark of proportional reinsurance. There are no indications of excess of loss, stop loss, or other non-proportional mechanisms. Therefore, the agreement is proportional.

The agreement pertains to universal life insurance contracts, which are life insurance products. The recitals and definitions specify that the Policies are universal life insurance contracts, excluding health, term, disability, and cancer policies. Thus, the insurance type is Life.

The class of business for universal life insurance falls under life insurance products. Within the provided categories, universal life insurance is not specifically mortality or longevity-focused but is a general life insurance product. Therefore, the most appropriate classification is ""Other Life.""",True,True,True,proportional,Life,Other Life
2005-34408-0001104659-05-053125-a05-19322_1ex10d26.htm,"The provided document is a ""Summary of Family Dollar Stores, Inc. Executive Life Plan"" and a Certificate of Insurance issued by Jefferson Pilot Financial Insurance Company. It outlines group life insurance and accidental death and dismemberment (AD&D) benefits for employees of Family Dollar Stores, Inc. The document details coverage amounts, eligibility, benefits, claims procedures, and other administrative provisions. It explicitly states that it is a certificate summarizing a group life insurance policy and not a contract of insurance itself.

This is a direct insurance agreement between an insurer (Jefferson Pilot Financial Insurance Company) and a policyholder (Family Dollar Stores, Inc.) for the benefit of its employees. It does not involve the transfer of risk from one insurer to another, nor does it contain any features of reinsurance such as retrocession, portfolio transfer between insurers, or risk-sharing between insurance entities.

Therefore, the document is a direct group life and AD&D insurance policy, not a reinsurance agreement. As such, all subsequent classification fields related to reinsurance are not applicable.",False,,,,Life,Mortality
2005-1018164-0001104659-05-058015-a05-18192_4ex10d39.htm,"The document is an Indenture dated August 9, 2005, between Willis Engine Securitization Trust and Deutsche Bank Trust Company Americas, acting as Indenture Trustee. It governs the issuance of notes secured by a portfolio of aircraft engines and related leases. The notes are debt securities issued to finance the acquisition and leasing of aircraft engines.

The document is a financial agreement related to securitization of aircraft engine assets, not a reinsurance agreement. It does not involve risk transfer from an insurer to a reinsurer, nor does it contain any of the characteristics of reinsurance contracts such as retrocession, risk pooling between insurers, or risk transfer mechanisms typical in reinsurance.

The document establishes the terms for notes issuance, security interests, payment priorities, and trustee responsibilities. It is a main contract for the issuance of debt securities, but it is not a reinsurance agreement under any definition provided.

Since it is not a reinsurance agreement, the subsequent fields regarding reinsurance characteristics (main contract, obligatory nature, proportional/non-proportional, insurance type, class of business) are not applicable and should be marked as None.",False,,,,,
2005-1044566-0000950137-05-002491-c92567exv10w14.txt,"The document is titled ""SURETY EXCESS OF LOSS REINSURANCE CONTRACT"" and is explicitly structured as a reinsurance agreement between Western Surety Company (and affiliated entities) and Continental Casualty Company. It outlines the terms under which the Reinsurer accepts excess liability for surety bonds written or renewed by the Company. This fits the definition of a reinsurance agreement as it transfers risk from an insurer to a reinsurer, specifically on an excess of loss basis.

The document establishes a full reinsurance contract with defined business covered, retention, limits, premium, and claims procedures. It is not an ancillary document such as an endorsement or amendment, but rather a complete contract, as evidenced by its comprehensive structure and execution by the parties. Therefore, it qualifies as a main contract.

The contract covers all surety business written or renewed during the term for each principal, without requiring individual underwriting approval for each risk. This automatic coverage of a portfolio of risks classifies it as an obligatory reinsurance agreement.

The structure of the contract is excess of loss, where the reinsurer covers losses above the Company’s retention of $100,000,000 up to a limit of $50,000,000 per principal. This is a classic non-proportional reinsurance arrangement, as the reinsurer only pays after a certain loss threshold is met and does not share premiums or losses proportionally.

The underlying business is surety bonds, which fall under the broader category of casualty insurance. Surety is a form of financial guarantee related to performance or obligations, typically classified under Casualty lines in reinsurance.

Surety insurance is a specialty line of business, but it is most commonly classified under Casualty in reinsurance practice, particularly when integrated with other casualty operations. Therefore, the class of business is Casualty.",True,True,True,non-proportional,Non-Life,Casualty
2005-915781-0000950134-05-006569-c93685exv10w8w4.txt,"The document describes a reinsurance agreement between American Compensation Insurance Company (ACIC) and General Reinsurance Corporation for the fiscal year beginning January 1, 2005. It outlines the liability of the reinsurer, specifying that the reinsurer will cover losses in excess of ACIC's retention up to certain limits for Workers' Compensation and Employers' Liability Business. This structure—covering losses above a retention level and up to a limit—is characteristic of excess of loss reinsurance, which is a form of non-proportional reinsurance. The document explicitly refers to ""reinsurance contracts"" and details the terms of risk transfer, confirming it as a reinsurance agreement.

The document summarizes the terms of the reinsurance contracts but does not appear to be the full executed contract itself. Instead, it is a description of the agreement included in a 10-K filing, likely for disclosure purposes. Therefore, it is not the main contract but rather a summary or ancillary disclosure.

Because it is a treaty covering Workers' Compensation and Employers' Liability Business across a portfolio of policies (not individual risks), it qualifies as an obligatory reinsurance agreement. The coverage applies to all eligible policies issued by ACIC effective January 1, 2005, which is typical of treaty reinsurance.

The reinsurance is structured in layers of excess liability (e.g., $4M excess $1M), with no indication of proportional sharing of premiums or losses—only excess loss coverage. This confirms it is non-proportional.

The underlying insurance covers Workers' Compensation, which is a type of casualty insurance. Workers' Compensation falls under Non-Life insurance and is classified within the Casualty class of business.",True,,True,non-proportional,Non-Life,Casualty
2005-98246-0000950123-05-004501-y07158exv10w145wa.txt,"The document is a ""First Addendum to the Ground Lease,"" which modifies an existing lease agreement between a landlord (River Park Business Center, Inc.) and a tenant (Tiffany and Company). It addresses issues such as the substitution of exhibits, clarification of land subdivision, and modifications to specific lease sections. The document also includes an environmental liability insurance policy (issued by Federal Insurance Company) that covers pollution-related risks at the leased property. However, this insurance policy is a direct insurance contract covering environmental liabilities related to the property, not a reinsurance agreement.

Reinsurance agreements involve one insurer (the reinsurer) assuming part of the risk from another insurer (the ceding company). This document does not involve such a risk transfer between insurers. Instead, it is a lease addendum with an attached primary environmental liability insurance policy. The presence of an insurance policy does not make the overall document a reinsurance agreement, especially since the policy is part of a real estate lease arrangement and serves to protect the parties from environmental liabilities associated with the land.

Therefore, the document is not a reinsurance agreement. As a result, all subsequent classification fields that depend on the document being a reinsurance agreement must be set to 'None'.",False,,,,,
2005-909109-0000893220-05-001098-w08666exv10w8.htm,"The document is titled ""Endorsement No. 2"" to a reinsurance agreement, specifically amending terms of an existing reinsurance contract (Agreement No. 9034) between Philadelphia Indemnity Company, Philadelphia Insurance Company, and General Reinsurance Corporation. The endorsement modifies the reinsurance premium and renews Exhibit B related to terrorism occurrences, indicating it alters the terms of an existing reinsurance agreement. According to the classification rules, documents that modify, amend, or renew existing reinsurance agreements are considered reinsurance agreements. Therefore, this document qualifies as a reinsurance agreement.

However, it is an ancillary agreement (an endorsement) that amends an existing contract rather than establishing a new reinsurance contract. It does not stand alone as a full contract but instead modifies an existing one. Thus, it is not a main contract.

Because it is an amendment to an existing reinsurance agreement and not a full contract itself, it cannot be classified in terms of being obligatory or facultative, proportional or non-proportional, or by insurance type and class of business — these attributes pertain to the main reinsurance contract, not its amendments.",True,False,,,,
2005-1179929-0001193125-05-162774-dex101.htm,"The document is a Medicaid Managed Care Services Agreement between the New Mexico Human Services Department (HSD) and Molina Health Plan. It outlines the terms under which Molina will provide managed care services to Medicaid recipients. The agreement covers aspects such as program administration, enrollment, provider networks, benefits, quality assurance, and financial arrangements. It is fundamentally a direct contract for the provision of health care services to a defined population.

While the document does mention reinsurance in Article 2.10(2), stating that the contractor ""shall have and maintain a minimum of one million dollars ($1,000,000.00) in reinsurance protection,"" this is a requirement placed upon the health plan (the ceding company) to protect itself from catastrophic losses. The agreement itself is not a reinsurance contract; it is the primary insurance or health services contract. The document is a direct insurance contract between a government agency and a health plan, which falls under the category of documents that are NOT considered reinsurance agreements.

Since the document is not a reinsurance agreement, all subsequent fields that depend on that classification (is_main_contract, is_obligatory, etc.) must be set to None.",False,,,,,
2005-915781-0000950134-05-006569-c93685exv10w10.txt,"The document is a Certificate of Reinsurance issued by the Workers' Compensation Reinsurance Association (WCRA) to RTW Inc, confirming reinsurance coverage for workers' compensation liabilities in excess of a retention limit. The document references an underlying ""Agreement of Reinsurance"" approved by the Minnesota Department of Labor and Industry, and provides reinsurance for benefits under Minn. Stat. Ch. 176, which pertains to workers' compensation (a non-life, casualty line of business). 

This document confirms participation in a reinsurance arrangement and certifies coverage under a broader reinsurance agreement. While it is not the full main contract (such as a treaty or contract slip containing all principal terms), it is an ancillary document confirming coverage under an existing reinsurance agreement. Therefore, it is a reinsurance agreement in nature but not a main contract.

The structure described—reinsuring losses in excess of a retention limit—indicates a non-proportional (excess of loss) arrangement. The coverage applies to workers’ compensation, which falls under casualty insurance within non-life insurance. The document does not suggest the reinsurance is facultative or tied to specific policies; instead, it appears to be a treaty-level obligatory arrangement covering the member’s entire workers’ compensation portfolio, making it obligatory.",True,False,True,non-proportional,Non-Life,Casualty
2005-1051628-0000893220-05-002582-w14531exv10w1.htm,"The document is a Master Agreement between reinsurance companies (Wilton Reinsurance Bermuda Limited and Wilton Reassurance Company, formerly Prudential Select Life Insurance Company of America) and two other reinsurance entities (Annuity and Life Reassurance America, Inc. and Annuity and Life Reassurance, Ltd.). The primary purpose of the agreement is the transfer of reinsurance treaties and related rights, liabilities, and obligations from the Companies (ALR America and ALR Bermuda) to the Retrocessionaires (Wilton America and Wilton Bermuda).

Key indicators that this is a reinsurance agreement include:
- The document references ""Treaties"" as reinsurance treaties (defined in Section 1.37).
- The agreement involves the novation and coinsurance of reinsurance treaties (Article II, Section 2.1).
- It includes coinsurance agreements (Exhibit B), novation amendments (Exhibit D), and assignment agreements (Exhibits A and C), all standard reinsurance transaction documents.
- The parties are all insurance or reinsurance entities.
- The transaction involves the transfer of reinsurance liabilities, administration, and related assets.

This is a main contract because it establishes the overarching framework for the transfer of reinsurance treaties and includes provisions for the execution of coinsurance agreements and novations, which are principal reinsurance contracts. The agreement itself is not merely an ancillary document; it governs the entire transaction.

The reinsurance is obligatory because it involves the transfer of entire blocks of reinsurance treaties (as defined in Section 1.37), which implies risk transfer from multiple insureds across a portfolio, not individual facultative risks.

The reinsurance is proportional. This is evidenced by the use of ""coinsurance"" in the agreement (Article II, Section 2.1), which is a form of proportional reinsurance. Coinsurance involves the ceding company and reinsurer sharing premiums and losses in agreed proportions, typically based on the policy's terms.

The insurance type is Life, as confirmed in Section 3.4(c), which states that the treaties involve ""individual life insurance or annuities"" and explicitly excludes health, disability, and group insurance.

The class of business is ""Other Life"" because the coverage is for individual life insurance and annuities, which falls under life insurance but does not specifically fit into Mortality, Longevity, or Health categories as defined. ""Other Life"" is the appropriate classification for standard life and annuity reinsurance.",True,True,True,proportional,Life,Other Life
2005-1041665-0000950159-05-000309-ex10-35.htm,"The document is a Purchase Agreement for $15,000,000 aggregate principal amount of 6.50% Senior Secured Convertible Debentures due 2022 issued by PMA Capital Corporation. It outlines the terms under which the securities are sold to Banc of America Securities LLC, including representations, covenants, conditions, indemnification, and other standard provisions for a private placement of debt securities. The securities are convertible into shares of the company’s Common Stock. The document is related to a debt financing transaction and includes provisions typical of a securities purchase agreement, such as registration rights, delivery of securities, and legal opinions.

This is not a reinsurance agreement. It does not involve risk transfer from an insurer to a reinsurer, nor does it pertain to any insurance or reinsurance contract. Instead, it is a financing instrument in the form of convertible debentures, which are a type of corporate bond. The document is therefore classified as a debt instrument and falls under the category of securities offerings, not reinsurance.

As such, it is not a reinsurance agreement, nor does it amend, renew, or modify any reinsurance contract. It is also not an ancillary agreement to a reinsurance contract. The listed subsidiaries include insurance companies, but the agreement itself does not establish or modify a reinsurance relationship. Therefore, all downstream classifications (main contract, obligatory, proportional, insurance type, class of business) are not applicable.",False,,,,,
2005-1282543-0000950134-05-010248-d25414exv10w5.htm,"The document is titled ""Quota Share Reinsurance Agreement"" and explicitly establishes a reinsurance relationship between Old American County Mutual Fire Insurance Company (the ""Company"") and Affirmative Insurance Company (the ""Reinsurer""). It outlines the terms under which the Reinsurer assumes 100% of the liability for policies issued by the Company, which is a clear indicator of a reinsurance arrangement. This falls squarely within the definition of a reinsurance agreement as provided in the instructions.

The agreement contains all principal terms of a reinsurance contract, including business reinsured, consideration, reporting, losses, and termination clauses. It is not an ancillary document like an endorsement or amendment but a full, standalone reinsurance contract. Therefore, it qualifies as a main contract.

The agreement is obligatory because it requires the Reinsurer to accept 100% of all business ceded by the Company under this arrangement (Article 4.1), with no selection or underwriting discretion. This is characteristic of an obligatory (treaty) reinsurance contract.

The reinsurance is structured as a 100% quota share, meaning the Reinsurer takes a proportional share of all premiums, losses, and expenses. This is a classic form of proportional reinsurance. There are no non-proportional elements such as excess of loss layers or stop-loss provisions.

The policies reinsured are private passenger automobile insurance, covering liability and physical damage. These are non-life (property and casualty) lines of insurance. Specifically, the coverage includes bodily injury, property damage, uninsured motorist, PIP, medical payments, and physical damage — all standard casualty and property coverages.

Given the nature of the coverage, the primary class of business is ""Casualty,"" as it predominantly involves third-party liability arising from auto insurance. While physical damage is a property coverage, the bulk of the exposure and structure is casualty-oriented, and the document does not suggest a balanced mix across multiple lines that would justify ""Multi-Line."" Therefore, ""Casualty"" is the most accurate classification.",True,True,True,proportional,Non-Life,Casualty
2005-1289592-0001125282-05-001498-b405557ex_10-38.txt,"The document is a ""QUOTA SHARE REINSURANCE AGREEMENT"" between Tower Insurance Company of New York and subscribing reinsurers. The title and content clearly establish it as a reinsurance contract, which indemnifies the ceding company (the ""Company"") for a portion of its liabilities under direct insurance policies.

This is a main contract because it contains all the essential terms of a reinsurance agreement, including coverage, exclusions, limits, premium, ceding commission, and definitions. It is not merely an ancillary document like an endorsement or amendment.

It is an obligatory reinsurance agreement because it covers a portfolio of business (""new and renewal Policies written by the Company and classified as Property or Liability"") on a quota share basis, meaning all eligible policies are automatically ceded according to the agreement terms.

The agreement is explicitly a ""QUOTA SHARE,"" which is a form of proportional reinsurance. The reinsurers indemnify the company for the ""Cession Percentage"" (25%) of the net retained liability, which is a defining characteristic of proportional reinsurance.

The policies covered include Fire and Allied Lines, Commercial Multiple Peril, Homeowners Multiple Peril and Liability, Workers' Compensation, Inland Marine, and Automobile Liability and Physical Damage. These are all Non-Life insurance products.

The business covered is classified as ""Property or Liability"" in Article 1 and includes specific lines like Fire, Commercial Multiple Peril, Homeowners, Workers' Compensation, Inland Marine, and Automobile. This mix of Property and Casualty lines constitutes a Multi-Line Non-Life business.",True,True,True,proportional,Non-Life,Multi-Line
2005-1044566-0000950137-05-009434-c97172exv10w31.txt,"The document is titled ""SURETY EXCESS OF LOSS REINSURANCE CONTRACT"" and is explicitly described as a reinsurance contract between Western Surety Company and Continental Casualty Company. It contains standard reinsurance contract provisions such as scope of coverage, retention, liability limits, premium, claims settlement, arbitration, and choice of law. The structure and language are consistent with a main reinsurance agreement.

The contract covers excess of loss reinsurance on surety bonds, which is a form of non-proportional reinsurance. This is evident from Article 3, which states that reinsurance is ""on an excess of loss basis"" and defines a retention ($100,000,000) and a limit ($50,000,000) for each principal. The contract applies to all surety business written or renewed during the term, indicating it is obligatory rather than facultative.

The insurance type is Non-Life, as surety bonds fall under casualty or specialty lines of business. The class of business is Specialty, as surety is typically classified under Specialty insurance rather than Property or Casualty.

The document is a full reinsurance contract, not an ancillary agreement, as it establishes the principal terms of the reinsurance relationship. It is not merely an amendment or endorsement, despite being filed as an exhibit labeled ""AMENDMENT TO FORM OF"" — the content is that of a full contract.",True,True,True,non-proportional,Non-Life,Specialty
2005-109261-0001047469-05-011436-a2156391zex-10_8.htm,"The document is a ""Workers' Compensation Consolidated Catastrophe and Terrorism Excess of Loss Reinsurance Contract"" issued to Zenith Insurance Company and affiliated entities. The title and content clearly indicate it is a reinsurance agreement, specifically an excess of loss contract covering Workers' Compensation risks. This falls under the category of non-proportional reinsurance, as it covers losses above specified retentions (retroactive layers) up to defined limits.

The document establishes the full reinsurance contract, including terms such as business reinsured, limits, retentions, premiums, and conditions. It contains multiple layers (Third through Sixth Excess), each with defined retentions and limits, indicating it is a comprehensive main contract, not merely an ancillary agreement like an endorsement or amendment.

The reinsurance is obligatory because it covers all Workers' Compensation policies underwritten by the company during the term, subject to classifications and exclusions—this is not a facultative contract tied to specific named risks. Therefore, it applies automatically to all qualifying policies.

The structure is non-proportional, as it provides indemnity for losses in excess of specified retentions (e.g., $10,000,000 retention for the Third Excess layer), which is characteristic of excess of loss reinsurance. There is no indication of proportional sharing of premiums or losses based on a fixed percentage.

The insurance type is Non-Life, as Workers' Compensation is a casualty insurance product. The class of business is Casualty, which includes Workers' Compensation, Employer's Liability, and similar liability coverages arising from employment.

All key elements—contractual structure, risk transfer, defined terms, and reinsurance mechanics—confirm this is a main, obligatory, non-proportional reinsurance agreement in the Casualty line of business under Non-Life insurance.",True,True,True,non-proportional,Non-Life,Casualty
2005-24090-0000950134-05-006603-d23464exv10w10xny.htm,"The document is a ""Self-Administered Automatic Reinsurance Agreement"" between Citizens Insurance Company of America (the ""Ceding Company"") and Scottish Re Limited (the ""Reinsurer""). It explicitly outlines the terms under which the Ceding Company cedes life insurance and Waiver of Premium Disability benefits to the Reinsurer. Key indicators that this is a reinsurance agreement include:

- The use of standard reinsurance terminology such as ""cede,"" ""reinsurer,"" ""reinsurance premium,"" ""net amount at risk,"" and ""automatic acceptance.""
- Article I defines the basis of reinsurance, specifying that the Ceding Company will cede the first excess of life insurance policies above its retention limit.
- The agreement includes detailed provisions on notification, liability, claims, accounting, arbitration, and termination—all typical of reinsurance contracts.
- It references exhibits detailing retention limits (Exhibit II), automatic coverage limits (Exhibit III), and procedures for calculating reinsurance premiums and amounts at risk.

The agreement establishes a full reinsurance contract and is not merely an ancillary document like an endorsement or amendment. It governs both new and existing policies and includes facultative and automatic reinsurance elements.

The contract is obligatory because it automatically binds the reinsurer to accept cessions within defined limits (e.g., up to $400,000 per life for international risks), provided the ceding company applies its normal underwriting rules. This automatic feature indicates an obligatory treaty arrangement.

The reinsurance is non-proportional. Although the term ""yearly renewable term"" (YRT) is used, which is a common form of non-proportional reinsurance in life insurance, the structure is based on the net amount at risk (death benefit minus reserves), with premiums calculated per $1,000 of coverage. This is characteristic of excess reinsurance, not proportional (e.g., quota share) arrangements. Additionally, the Waiver of Premium Disability benefits are reinsured on a coinsurance basis, but the primary mechanism for life insurance is non-proportional.

The subject matter is clearly life insurance, including individual life policies and related disability benefits. Therefore, the insurance type is Life.

The class of business is ""Mortality,"" as it involves traditional life insurance coverage where the risk transferred is the risk of death (i.e., mortality risk), and includes standard and substandard risks with defined retention and reinsurance limits.",True,True,True,non-proportional,Life,Mortality
2005-909109-0000893220-05-000572-w06622exv10w82.txt,"The document is a reinsurance agreement titled ""$50,000,000 EXCESS $140,000,000 FLORIDA ONLY CATASTROPHE REINSURANCE CONTRACT"". It clearly outlines the terms of a reinsurance arrangement between Liberty American Insurance Company and other member companies (the ""Company"") and a reinsurer. The structure, language, and provisions (e.g., retention and limit, loss occurrence definition, exclusions, premium, arbitration, and insolvency clauses) are consistent with a standard reinsurance treaty.

The contract reinsures Property business in Florida, triggered by catastrophe events (e.g., hurricanes), and specifies an excess of loss structure with a retention of $140 million and a limit of $50 million. This is a non-proportional (excess of loss) reinsurance contract. The document establishes a full reinsurance treaty and is not merely an amendment or ancillary agreement, making it a main contract. It is obligatory in nature because it covers all losses arising from qualifying events across the Company's portfolio, not on a case-by-case facultative basis.

The business reinsured is Property, which falls under Non-Life insurance. The class of business is clearly Property, as specified under ""Business Reinsured"". There is no indication of Life or health-related coverages being included, despite some exclusions mentioning Accident and Health — these are exclusions, not inclusions.

Thus, the document is a main, obligatory, non-proportional reinsurance contract for Non-Life Property risks.",True,True,True,non-proportional,Non-Life,Property
2005-803352-0000950144-05-001110-g92981exv10w1.txt,"The document is an ""AMENDED AND RESTATED PRIMARY CARE PROVIDER SERVICES AGREEMENT"" between Vista Healthplan, Inc., Vista Insurance Plan, Inc. (collectively ""VISTA"") and Continucare Medical Management, Inc. (""PCP""). The agreement outlines the terms under which the PCP will provide primary care services to members enrolled in various health plans offered by VISTA.

The agreement details the duties of the PCP, including providing primary care services, adhering to standards of care, making referrals, obtaining pre-authorizations, coordinating benefits, and collecting charges from members. It also covers VISTA's duties, compensation for services, term and termination of the agreement, record-keeping requirements, and miscellaneous provisions such as confidentiality, assignment, and governing law.

This document is clearly a contract for the provision of healthcare services by a primary care provider to members of health plans. It is not a reinsurance agreement, which would involve the transfer of insurance risk from one insurer to another. Instead, it is a direct agreement between a healthcare provider and a health plan for the delivery of medical services to patients.

The document establishes the terms for the provision of primary care services and compensation for those services. It includes schedules that detail the specific services to be provided, the benefit programs covered, the locations where services will be provided, and the compensation structure. This indicates that the document is a main contract for the provision of healthcare services, not an ancillary agreement.

However, since this is not a reinsurance agreement, the subsequent questions about whether it is a main contract, obligatory, proportional or non-proportional, insurance type, and class of business are not applicable.",False,,,,,
2005-1099219-0000950123-05-005789-y08560exv10w3.txt,"The document is a commitment letter for a $7.0 Billion Senior Bridge Credit Facility offered to MetLife, Inc. by Bank of America and Goldman Sachs. It outlines the terms and conditions for a bridge loan to finance the acquisition of The Travelers Life and Annuity Company and related entities. The document pertains to a credit facility and financial arrangement involving syndicated loans, interest rates, covenants, and repayment terms. It does not involve the transfer of insurance risk from an insurer to a reinsurer. Instead, it is a financing agreement for corporate acquisition purposes.

Based on the classification criteria:
- The document is not a reinsurance agreement, retrocession, or any risk transfer instrument related to insurance.
- It is a credit facility and thus falls under the category of loans and credit instruments, which are explicitly excluded from being reinsurance agreements.
- Since it is not a reinsurance agreement, all downstream fields (main contract, obligatory, proportional, insurance type, class of business) must be set to None.",False,,,,,
2005-896159-0001193125-05-052345-dex1035.htm,"The document is an employment agreement between ACE Limited and Brian E. Dowd. It outlines the terms of employment, including position, salary, benefits, termination conditions, noncompetition, and confidentiality clauses. There is no mention of risk transfer between insurers and reinsurers, nor any language indicative of a reinsurance or retrocession arrangement. The agreement pertains solely to the executive's employment relationship with the company, not to insurance or reinsurance contracts. Therefore, it does not meet the definition of a reinsurance agreement or any of its related forms such as retrocession, portfolio transfer, or ILS. It is also not an ancillary document to a reinsurance contract. Instead, it falls under the category of corporate personnel documentation.",False,,,,,
2005-1071739-0001193125-05-036156-dex102.htm,"The document is a Request for Proposal (RFP) #02510 from the Kansas Department of Social and Rehabilitation Services (SRS) for Capitated Managed Care Services for Title XIX (Medicaid) and Title XXI (Children's Health Insurance Program) beneficiaries. It includes the original RFP and subsequent amendments to the contract between SRS and FirstGuard Health Plan Kansas, Inc.

This is a direct healthcare services contract between a state government agency and a Managed Care Organization (MCO). The document outlines requirements for providing healthcare services to Medicaid and SCHIP beneficiaries through a capitated payment model.

To determine if this is a reinsurance agreement, I examined the criteria provided:
- The document is not a reinsurance agreement, retrocession agreement, or any of the other specified reinsurance-related contracts
- It does not involve risk transfer between insurance companies
- It is a direct contract between a government agency (acting as the insurer) and a healthcare provider to deliver services to beneficiaries

The document does mention ""Reinsurance (including stop/loss and aggregate solvency insurance)"" in section 4.10 as something the vendor must provide evidence of, but this is merely a requirement for the healthcare provider to have certain insurance coverage - it does not make the document itself a reinsurance agreement.

According to the classification criteria, this falls under ""Insurance policies and other direct insurance contracts"" which are explicitly NOT considered reinsurance agreements.

Since this is not a reinsurance agreement at all:
- is_main_contract must be None (not applicable)
- is_obligatory must be None (not applicable)
- proportional_or_non_proportional must be None (not applicable)

For insurance_type, healthcare services fall under Non-Life insurance.

For class_of_business, this clearly pertains to healthcare services, which corresponds to ""Health"" in the provided options.",False,,,,Non-Life,Health
2005-1071739-0001193125-05-036156-dex103.htm,"This document is a Managed Care Organization (MCO) contract between the State of Indiana's Office of Medicaid Policy and Planning, Office of Children's Health Insurance Program, and Coordinated Care Corporation Indiana, Inc. (doing business as Managed Health Services). The contract establishes a direct healthcare service arrangement where the contractor agrees to ""assume financial risk for developing and managing a health care delivery system"" for Medicaid and CHIP beneficiaries (Hoosier Healthwise members) in exchange for a per-enrollee, per-month fixed fee.

Key evidence that this is not a reinsurance agreement:
1. It's a direct contract between a government entity (state Medicaid/CHIP offices) and a healthcare provider organization
2. The contractor is directly responsible for providing healthcare services to beneficiaries
3. Payment is structured as capitation rates per member per month (with rates listed by age group and region)
4. The document is explicitly titled ""Hoosier Healthwise MCO Contract""
5. The contractor must maintain a Certificate of Authority from the Indiana Department of Insurance as a health plan

While section 1.G.3.b mentions that the contractor must ""obtain appropriate reinsurance pursuant to Section 1.5.3 of Attachment 1"" as one method to satisfy insolvency protection requirements, this reference to reinsurance is merely a requirement within the main MCO contract. The document itself is not the reinsurance agreement but rather the primary healthcare service contract.

According to the classification guidelines, this falls under ""Insurance policies and other direct insurance contracts,"" which are explicitly excluded from being considered reinsurance agreements.",False,,,,,
2005-813040-0000950134-05-006535-d23663exv10w10.txt,"The document is a Loss Portfolio Transfer Agreement between Greyhound Lines, Inc. and Laidlaw Transportation, Inc. It transfers the entire liability for pre-acquisition insurance liabilities related to various insurance policies and programs, including Automobile, Comprehensive Liability, General and Property Liability, and Workers' Compensation coverages. According to the classification criteria, Loss Portfolio Transfer agreements that involve the transfer of insurance liabilities are considered reinsurance agreements, especially when they pertain to retrospective risk transfer similar to standard reinsurance.

The agreement establishes a full transfer of liability for a defined portfolio of pre-3/16/99 insurance liabilities, including both paid and incurred losses, and places administrative control with Parent (Laidlaw). This constitutes a main contract because it creates a new risk transfer arrangement rather than merely modifying an existing one. It is not an ancillary document like an endorsement or amendment.

The agreement is obligatory in nature because it transfers risk associated with an entire portfolio of liabilities (i.e., all pre-3/16/99 deductible liabilities across multiple lines of coverage), not limited to specific named insureds or individual risks. This aligns with the definition of obligatory reinsurance, which includes treaties or portfolio-wide risk transfers.

The structure of the agreement does not indicate proportional sharing of premiums and losses based on fixed percentages (as in Quota Share), nor does it mention layers, attachments, or excess layers typical of non-proportional (excess of loss) structures. However, Loss Portfolio Transfers are inherently retrospective and typically structured as non-proportional risk transfers, as they involve a lump-sum payment to cover future claims liabilities without ongoing proportional participation. Therefore, it is classified as non-proportional.

The types of coverage referenced—Automobile, Comprehensive Liability, General and Property Liability, and Workers' Compensation—are all forms of non-life (property and casualty) insurance. Thus, the insurance type is Non-Life.

The class of business includes liability and workers’ compensation, which fall under Casualty insurance. While Property Liability is mentioned, the dominant lines appear to be liability and workers’ comp, which are core Casualty lines. Therefore, the most accurate classification is Casualty.",True,True,True,non-proportional,Non-Life,Casualty
2005-1282543-0000950134-05-010248-d25414exv10w4.htm,"The document is titled ""Quota Share Reinsurance Agreement"" and explicitly establishes a reinsurance arrangement between Old American County Mutual Fire Insurance Company (the ""Company"") and Affirmative Insurance Company (the ""Reinsurer""). It outlines that the Reinsurer assumes 100% of the liability for all Policies reinsured, including losses, loss adjustment expenses, and extra contractual obligations. This is a standard form of proportional reinsurance, specifically a 100% quota share, where the reinsurer takes a full proportional share of all premiums, losses, and expenses.

The agreement contains all principal terms of a reinsurance contract, including definitions, business reinsured, obligations, term, consideration, reporting, and dispute resolution. It is not an ancillary document but the main contract itself, as it establishes the full reinsurance relationship. The agreement is obligatory, as it automatically reinsures all business produced by the Managing General Agent that falls within the defined scope (private passenger auto in Texas), with no selection by the reinsurer on a per-risk basis.

The reinsurance is clearly proportional, as it is structured as a 100% quota share, meaning the reinsurer assumes 100% of the premiums and 100% of the losses. The underlying insurance is non-life, specifically property and casualty automobile insurance, covering liability and physical damage. The primary class of business is Casualty (due to liability coverages), but it also includes Property (physical damage). However, since the liability components are dominant and the agreement is structured around auto liability, the main class is best classified as Casualty.",True,True,True,proportional,Non-Life,Casualty
2005-909109-0000893220-05-001098-w08666exv10w7.htm,"The document is an addendum to a Property Excess of Loss Agreement of Reinsurance, specifically modifying the reinsurance premium terms for two excess layers (First and Second Excess). The original agreement is referenced as a reinsurance contract (Agreement No. TP1600E,F), and this document serves to amend its terms. Addenda that modify existing reinsurance agreements are explicitly considered reinsurance agreements under the provided definition.

However, this document is not a main contract because it does not establish a new reinsurance agreement but instead modifies an existing one. It is an ancillary agreement (an amendment) to the original contract.

Since it is an amendment to an existing reinsurance treaty and does not stand alone as a full contract, it cannot be classified as obligatory or non-obligatory in isolation. The underlying contract appears to be a treaty (given the reference to layers and subject earned premium), but the addendum itself is not the full contract.

The original agreement is an ""Excess of Loss"" contract, which is a form of non-proportional reinsurance. The addendum does not change the fundamental nature of the agreement, so the reinsurance remains non-proportional.

The agreement covers property insurance, which falls under Non-Life insurance. The class of business is clearly Property, as stated in the title.",True,False,,non-proportional,Non-Life,Property
2005-1289592-0001125282-05-001498-b405557ex_10-36.txt,"The document is titled ""MULTILINE QUOTA SHARE REINSURANCE AGREEMENT"" and is explicitly structured as a reinsurance contract between Virginia Surety Company, Inc. (the ""Company"") and Tower Insurance Company of New York (the ""Reinsurer""). It outlines the cession of 100% of the Company's net line on each risk under policies classified as a Multiple Line Program, which clearly establishes a risk transfer mechanism typical of reinsurance.

The agreement contains standard reinsurance clauses such as coverage (Article I), liability following the fortunes of the ceding company (Article II), term and cancellation (Article III), and reporting, premium, loss settlement, and commutation provisions. These are all hallmarks of a main reinsurance contract.

The contract specifies a 100% quota share, which is a proportional reinsurance arrangement where the reinsurer takes a fixed percentage of all premiums, losses, and expenses. This confirms the proportional nature of the agreement.

The agreement covers ""Multiple Line Program"" policies, and while it does not specify individual lines, the term ""multiline"" typically refers to property and casualty insurance, which falls under Non-Life insurance. Given the context of surety and general liability (implied by references to agents, underwriting management, and loss expenses), the class of business is best classified as Multi-Line, which encompasses both Property and Casualty.

The agreement is obligatory because it automatically reinsures all policies written or renewed under the Managing General Agency Agreement, without individual underwriting by the reinsurer—this is characteristic of treaty (obligatory) reinsurance.

Since the document establishes the full terms of a reinsurance contract, including all principal terms (parties, coverage, premiums, reporting, dispute resolution, etc.), it qualifies as a main contract, not merely an ancillary agreement.

Therefore, all classification fields can be determined with confidence based on the document's content.",True,True,True,proportional,Non-Life,Multi-Line
2005-814585-0001193125-05-052662-dex1073.htm,"The document is titled ""Excess of Loss Reinsurance Agreement"" and is explicitly framed as a reinsurance contract between a ceding company (MBIA UK Insurance Limited) and a reinsurer (MBIA Insurance Corporation). It includes key reinsurance elements such as coverage terms, limits, premiums, claims handling, and arbitration. The agreement provides excess of loss coverage for financial guaranty insurance, which is a form of non-life insurance. This falls under non-proportional reinsurance, as it covers losses in excess of a specified retention amount. The agreement establishes a full reinsurance contract with defined terms, making it a main contract rather than an ancillary document. It appears to be an obligatory treaty covering all financial guaranty business written by the ceding company, not limited to specific risks or named insureds. The class of business is Specialty, as financial guaranty insurance is typically categorized under Specialty lines in reinsurance. The insurance type is Non-Life, as financial guaranty does not pertain to life or health insurance products.",True,True,True,non-proportional,Non-Life,Specialty
2005-804269-0001193125-05-023002-dex104.htm,"The document is an ""Insurance Agreement"" between MBIA Insurance Corporation (the ""Insurer"") and several parties related to AmeriCredit, concerning a $650,000,000 note issued by AmeriCredit MTN Receivables Trust IV. The Insurer has issued a ""Policy"" that guarantees certain payments due on the Note.

The agreement outlines the issuance of the Policy, payment of premiums, reimbursement obligations, indemnification, and various covenants and representations. Key provisions include:
- Section 3.01: The Insurer agrees to issue the Policy on the Closing Date.
- Section 3.02: Details the payment of the Insurer Premium.
- Section 3.03: Outlines the Insurer's right to reimbursement for any payments made under the Policy.
- Section 4.04(b): Explicitly states that the Insurer ""shall have the right to... enter into contracts of reinsurance with respect to the Policy.""

However, the document itself is not a reinsurance agreement. It is an insurance agreement where MBIA is providing direct credit enhancement (a financial guaranty) for a structured finance transaction (an asset-backed note). The mention of reinsurance in Section 4.04(b) refers to MBIA's right to reinsure its own risk, but this agreement is between the insurer (MBIA) and the insured parties (AmeriCredit entities), not between MBIA and a reinsurer.

This is a direct insurance policy on a debt instrument, which falls under the category of financial guaranty insurance, not reinsurance. The document does not transfer risk from one insurer to another; instead, it creates a direct obligation from MBIA to cover potential losses on the Note if the issuer defaults.

Therefore, while the document mentions reinsurance as a right of the insurer, the agreement itself is not a reinsurance contract but rather a direct insurance agreement for a structured finance product.",False,,,,,
2005-1044566-0000950137-05-002491-c92567exv10w13.txt,"The document is titled ""SURETY EXCESS OF LOSS REINSURANCE CONTRACT"" and is explicitly described as such in the metadata. It is entered into between several surety companies (collectively the ""Company"") and Continental Casualty Company (the ""Reinsurer""). The structure and language of the agreement, including articles on scope, business covered, retention, liability, premium, and arbitration, are consistent with a reinsurance contract.

The agreement reinsures the Company’s net excess liability on surety bonds related to the Dick Corporation, above a $60,000,000 retention, with the Reinsurer liable up to $40,000,000. This is a classic excess of loss reinsurance structure, which is non-proportional. The coverage applies only to specific named business (surety bonds for the Dick Corporation), which indicates it is not an obligatory treaty covering all risks in a class, but rather a facultative or specific risk arrangement.

Because the contract covers only one named principal (Dick Corporation), it is a facultative-type agreement, not an obligatory treaty. Obligatory reinsurance automatically covers all risks in a defined portfolio; this does not. Therefore, it is non-obligatory.

The document establishes the full terms of the reinsurance agreement, including scope, limits, premium, claims handling, and dispute resolution. It is not an endorsement or amendment but a complete contract. Therefore, it is a main contract.

The business covered is surety bonds, which fall under the Casualty class of business within Non-Life insurance. Surety is a form of financial guarantee insurance, typically classified under Casualty or Specialty lines, but here it is best classified as ""Casualty"" as per standard reinsurance categorizations.

There is no indication of life or health insurance; the subject matter is surety bonds, which are non-life. Therefore, insurance type is Non-Life.

The contract is purely non-proportional (excess of loss), with no proportional elements mentioned. There is no quota share or surplus share mechanism. Therefore, it is non-proportional.",True,True,False,non-proportional,Non-Life,Casualty
2005-315293-0001047469-05-006608-a2152901zex-10_z.htm,"The document is a Severance Agreement between Aon Corporation and its senior executives. It outlines the terms and conditions under which executives will receive severance benefits in the event of a Change in Control (such as a merger, acquisition, or sale of assets), including lump sum payments, vesting of equity awards, continued health benefits, and tax gross-up payments. The agreement also includes provisions for noncompetition, nonsolicitation, and confidentiality, as well as releases related to alternative severance and equity vesting.

This document is not a reinsurance agreement. It does not involve the transfer of insurance risk from one insurer to another, nor does it relate to any form of risk pooling, retrocession, or insurance-linked securities. Instead, it is an employment-related contract focused on executive compensation and benefits upon termination following a corporate event.

Therefore, it falls outside the defined scope of reinsurance agreements and is instead categorized as an executive employment and severance arrangement.",False,,,,,
2005-24090-0000950134-05-006603-d23464exv10w10xmy.htm,"The document is a reinsurance agreement between Citizens Insurance Company of America (the ""Ceding Company"") and Converium Reinsurance (Germany) Ltd. (the ""Reinsurer""). It explicitly outlines the terms under which the Ceding Company cedes a portion of its life insurance and Waiver of Premium Disability benefits to the Reinsurer. Key indicators include:

- The title: ""Self-Administered Automatic Reinsurance Agreement""
- The use of terms such as ""cede,"" ""reinsurer,"" ""reinsurance premiums,"" and ""Net Amount at Risk""
- Specific articles detailing reinsurance mechanics (e.g., Article I: Basis of Reinsurance, Article IV: Plan of Reinsurance)
- The presence of exhibits detailing retention limits, reinsurance limits, and accounting procedures

This satisfies the criteria for being a reinsurance agreement, specifically an automatic treaty reinsurance contract for life insurance.

The document establishes a full reinsurance contract with detailed terms on cession, notification, liability, premiums, claims, and termination. It includes addenda that modify the original terms, but the core document is a complete and binding contract. Therefore, it qualifies as a main contract.

The agreement is obligatory because it establishes automatic reinsurance for all qualifying policies that meet underwriting criteria (""the Ceding Company shall cede... Reinsurer shall automatically accept""). This is characteristic of an obligatory treaty, not facultative reinsurance.

The reinsurance is proportional because the ceding company cedes a fixed percentage (initially 2%, later amended to 45% via Addendum No. 1) of the ""First Excess"" — the amount above its retention — which aligns with proportional quota share mechanics. Life insurance is on a ""yearly renewable term basis"" and Waiver of Premium benefits on a ""coinsurance basis,"" both indicating proportional risk transfer.

The subject matter is clearly life insurance, including individual life policies, Waiver of Premium Disability benefits, and related coverages. This falls under ""Life"" insurance.

The class of business is ""Mortality,"" as it pertains to life insurance policies where the primary risk is death. Waiver of Premium Disability is ancillary to the life coverage and does not shift the primary classification to health.",True,True,True,proportional,Life,Mortality
2005-811612-0000910647-05-000292-cgi3-1037.htm,"The document is Addendum No. 1 to a Combined Property and Liability Quota Share Reinsurance Agreement. It modifies the original reinsurance agreement by replacing Article 1 – Business Covered. Since it amends an existing reinsurance contract, it qualifies as a document that modifies the terms of a reinsurance agreement, which falls under the definition of a reinsurance agreement per the provided criteria.

However, this addendum is not a standalone main contract; it is an ancillary agreement that modifies an existing reinsurance agreement. Therefore, it is not a main contract.

Because it pertains to a Quota Share reinsurance arrangement — where the ceding company and reinsurer share premiums and losses in a fixed proportion (75%) — it is a proportional reinsurance agreement. The structure of risk transfer (fixed percentage of liability) confirms proportionality.

The agreement covers Property and Liability lines of business, which are Non-Life insurance types. The class of business includes both Property (Fire, Homeowners, Inland Marine, etc.) and Casualty (Liability coverages), so it is best classified as Multi-Line.

The original agreement is obligatory (as it is a quota share treaty covering all policies in specified classes), and this addendum modifies that obligatory treaty. Therefore, the reinsurance remains obligatory.",True,False,True,proportional,Non-Life,Multi-Line
2005-4611-0001171520-05-000323-ex10-10.txt,"The document is a Settlement Agreement and Release between Congoleum Corporation (the insured) and certain AIG member companies (the insurers) regarding insurance coverage for Asbestos Claims. The agreement resolves a Coverage Dispute related to liability insurance policies (the ""AIG Policies"") issued to Congoleum. Key points include:

1.  The AIG Companies agree to make a series of payments (the ""AIG Settlement Payments"") totaling $103,422,652 to a Plan Trust for the benefit of Asbestos Claimants.
2.  In exchange, Congoleum and the Plan Trust release the AIG Companies from any further obligations for Asbestos Claims under the AIG Policies, except for the obligation to make the scheduled settlement payments.
3.  The agreement explicitly states that the AIG Companies' payment of the first settlement installment ""shall satisfy and extinguish in full the AIG Companies' obligation for Asbestos Claims under the AIG Policies.""
4.  This document is not a new reinsurance contract. Instead, it is a settlement that resolves and terminates the existing direct insurance obligations of the AIG Companies to Congoleum. It is a final agreement to close out the claims under the primary insurance policies.
5.  While it modifies the terms of the existing insurance relationship (by converting future coverage obligations into a defined stream of payments), it does so by settling and releasing the underlying insurance contract, not by modifying a reinsurance agreement.

Therefore, this document is a settlement of a direct insurance dispute, not a reinsurance agreement or an ancillary document modifying a reinsurance contract.",False,,,,,
2005-49996-0000909567-05-000568-t15872exv10wm.htm,"The document is a Construction Agreement between GNiFi (the Owner) and Goro Nickel S.A. (the Project Manager) for the construction of a nickel-cobalt processing plant in New Caledonia. The agreement outlines the duties of the Project Manager, the construction costs, insurance requirements, timelines for completion, and other related obligations. It is focused on the construction and project management of industrial assets, not on risk transfer between insurance entities.

The document does not contain any elements of reinsurance, such as the transfer of insurance risk from one insurer to another, retrocession, or any other mechanism typical of reinsurance contracts. It is not a reinsurance agreement, nor does it amend, renew, or modify such an agreement. Instead, it is a construction and project management contract, which falls outside the scope of reinsurance as defined.

Therefore, the document is not a reinsurance agreement, and all subsequent fields dependent on it being a reinsurance contract must be set to 'None' or 'False' accordingly.",False,,,,,
2005-5272-0000950123-05-007921-y09332exv10w4.htm,"The document is the American International Group, Inc. Executive Severance Plan, which outlines severance benefits for select management or highly compensated employees upon termination of employment under certain conditions. It includes provisions for lump-sum and installment payments, continued insurance benefits, pension credits, and restrictive covenants such as non-compete and non-disparagement clauses. The document is an employee benefit plan related to executive compensation and employment terms, not a risk transfer agreement between insurance entities.

This document does not involve the transfer of insurance risk from one insurer to another or any form of reinsurance. It is not a reinsurance agreement, retrocession, risk pooling arrangement, or any other instrument related to insurance risk transfer. Instead, it is an internal corporate severance plan governed by employment and compensation principles, specifically structured to comply with ERISA and Section 409A of the Internal Revenue Code.

Therefore, it falls entirely outside the scope of reinsurance agreements as defined. All downstream classifications (main contract, obligatory, proportional, etc.) are inapplicable.",False,,,,,
2005-909109-0000893220-05-000572-w06622exv10w83.txt,"The document is a reinsurance agreement titled ""$40,000,000 EXCESS $50,000,000 FLORIDA ONLY THIRD EVENT CATASTROPHE REINSURANCE CONTRACT."" It outlines the terms of reinsurance coverage for property business in Florida, specifically excess catastrophe coverage. This falls under the category of non-proportional reinsurance, specifically an Excess of Loss contract, as it covers losses above a specified retention ($50 million) up to a limit ($40 million). The agreement is for a defined term and includes detailed provisions on exclusions, loss occurrence definitions, premium, and claims handling.

The document establishes a full reinsurance contract between the ceding company and the reinsurer, including all principal terms such as coverage, limits, exclusions, and conditions. Therefore, it qualifies as a main contract. It is an obligatory treaty covering all qualifying losses from the ceded portfolio (Florida property business), not limited to specific named risks, making it obligatory reinsurance.

The business reinsured is classified as Property, which falls under Non-Life insurance. The class of business is Property, as explicitly stated in the ""Business Reinsured"" section.",True,True,True,non-proportional,Non-Life,Property
2005-921929-0001104659-05-054569-a05-20065_2ex10d24.htm,"The provided document is an Aircraft Lease Agreement between Frontier Airlines, Inc. (the Lessee) and International Lease Finance Corporation (the Lessor). This agreement outlines the terms for leasing a new Airbus A319-111 aircraft, including details on the lease term, rental payments, maintenance responsibilities, insurance requirements, and conditions for delivery and return of the aircraft.

The document does not contain any elements characteristic of a reinsurance agreement. Reinsurance agreements involve the transfer of risk from one insurer (the ceding company) to another (the reinsurer). The key features of reinsurance, such as the transfer of underwriting risk, ceding commissions, and specific clauses related to claims settlement between insurers, are entirely absent from this lease agreement.

Instead, this document is a standard commercial lease for a high-value asset (an aircraft). The obligations are between a lessor (a finance company) and a lessee (an airline). The primary subject is the physical possession, use, and return of the aircraft, governed by conditions related to maintenance, operation, and financial payments (rent, security deposit, reserves).

The document does contain a clause (Article 18.14) titled ""Reinsurance,"" but this refers to the structure of the *lessee's* primary insurance coverage for the aircraft. It specifies that if the aircraft is subleased to a Permitted Sublessee located outside the U.S., any reinsurance on the primary insurance policy must meet certain criteria (e.g., a ""cut-through"" clause). This is a provision about how the lessee's own insurance is structured and financed, not a reinsurance agreement itself. It is an ancillary clause within a lease agreement, not the primary contract for risk transfer between insurers.

Therefore, this document is definitively not a reinsurance agreement.",False,True,,,,
2005-1044566-0000950137-05-009434-c97172exv10w30.txt,"The document is titled ""SURETY EXCESS OF LOSS REINSURANCE CONTRACT"" and explicitly refers to a reinsurance arrangement between Western Surety Company (and affiliated entities) as the ""Company"" and Continental Casualty Company as the ""Reinsurer"". The contract outlines the transfer of excess loss liability for surety bonds related to the Dick Corporation. This clearly falls within the definition of a reinsurance agreement as it involves risk transfer from an insurer to a reinsurer for specific insurance liabilities.

The document establishes the full terms of a reinsurance contract, including scope, coverage, retention, liability, premium, claims handling, arbitration, and other standard provisions. It is not an amendment or ancillary document modifying an existing contract, but rather a complete contract in itself (despite the metadata indicating it's an ""Amendment to Form"", the body is a full contract). Therefore, it qualifies as a main contract.

The reinsurance is non-proportional because it is structured on an excess of loss basis, with specific retentions and layers (Section A: 10% of surplus per bond; Section B: $60 million per principal), which is characteristic of non-proportional reinsurance.

The contract pertains to surety bonds, which are a form of financial guarantee in the non-life insurance sector. Surety is classified under Specialty lines of business within Non-Life insurance. The coverage is specific to one principal (Dick Corporation), but the structure is treaty-like for that principal. However, because it is limited to a single named principal, it may be considered facultative rather than obligatory. But Article 3, Section B indicates automatic coverage for all losses on the Dick Corporation once the retention is exceeded, and the contract applies to all bonds for that principal written during the term. This suggests it is obligatory for that defined portfolio.

The insurance type is Non-Life, as surety bonds are not life insurance products. The class of business is Specialty, as surety is a recognized sub-category within Specialty lines.",True,True,True,non-proportional,Non-Life,Specialty
2005-929144-0001104659-05-021207-a05-7921_1ex10.htm,"The document is a Fourth Amended and Restated Credit Agreement between Young Broadcasting Inc. and several banks. It outlines the terms for a term loan facility and a revolving credit facility, including details on commitments, advances, interest rates, fees, covenants, and conditions precedent. The agreement is a financial instrument related to corporate borrowing and lending, not insurance or reinsurance.

The document does not contain any language related to insurance, risk transfer, or reinsurance agreements. It does not mention any insurance policies, reinsurance contracts, retrocession agreements, or any other instruments typically associated with the insurance industry. Instead, it focuses on loan terms, credit facilities, and financial covenants.

Based on the definitions provided, this document is clearly not a reinsurance agreement. It is a credit agreement, which is explicitly listed as not being a reinsurance agreement in the ""NOT considered"" list. The document establishes a lending relationship between a borrower and lenders, not a risk transfer relationship between insurance entities.",False,,,,,
2005-754009-0000754009-05-000206-exh10-2.htm,"The document is a contract between the Centers for Medicare & Medicaid Services (CMS) and Sierra Health and Life Insurance Company, Inc. for the operation of a Medicare Part D Prescription Drug Plan (PDP). It outlines the responsibilities of the PDP Sponsor in providing prescription drug benefits to Medicare beneficiaries, including enrollment, benefit provision, quality assurance, appeals, compliance, and reporting. The contract is governed by federal regulations (42 CFR Part 423) and is not related to risk transfer between insurers.

This is a direct government health insurance program contract, specifically for Medicare Part D, which falls under public health insurance and not reinsurance. The document does not involve the transfer of insurance risk from one insurer to another, nor does it reference retrocession, risk pooling between insurers, or any mechanism typical of reinsurance. Instead, it is a regulatory and service agreement between a government agency and a private insurer to deliver prescription drug benefits.

Therefore, it is not a reinsurance agreement. As a result, all subsequent fields related to reinsurance classification (main contract, obligatory, proportional/non-proportional, insurance type, class of business) must be set to None.",False,,,,,
2005-23341-0001171520-05-000318-ex10-2.txt,"The document is a Settlement Agreement and Release between Congoleum Corporation (the ""Debtors"") and several AIG member companies (the ""AIG Companies""). The agreement resolves a dispute over insurance coverage for ""Asbestos Claims"" arising under certain liability insurance policies issued by the AIG Companies to Congoleum (the ""AIG Policies""). The AIG Companies agree to make a series of payments (the ""AIG Settlement Payments"") to a Plan Trust, which will use the funds to pay Asbestos Claims.

While the document involves insurance policies and resolves a coverage dispute, it is not itself an insurance or reinsurance agreement. Instead, it is a settlement contract that terminates the parties' rights and obligations under the pre-existing AIG Policies concerning Asbestos Claims. The document explicitly states that the AIG Policies ""shall remain in the same force and effect as if this Agreement had never existed"" if the agreement is voided (Section III.I), confirming that this agreement does not replace or modify the underlying policies but settles claims arising from them.

The document includes releases, dismissals of litigation, and conditions related to a bankruptcy reorganization plan, but it does not establish a risk transfer mechanism from one insurer to another, which is the hallmark of a reinsurance agreement. It is a settlement of direct insurance coverage disputes, not a reinsurance or retrocession contract.

Therefore, this document is not a reinsurance agreement.",False,,,,,
2005-352736-0001104659-05-053113-a05-17797_1ex10d3.htm,"The document is a Pledge and Security Agreement between Kennett Capital, Inc. (the Pledgor) and Allstate Life Insurance Company (the Secured Party). It secures obligations under a Surplus Note Purchase Agreement by granting a security interest in surplus notes issued by ALIC Reinsurance Company. The agreement outlines the pledge of collateral, representations and warranties, events of default, and remedies, but it does not establish a reinsurance contract. Instead, it is a financial security arrangement related to the purchase of surplus notes, which are capital instruments, not risk transfer agreements.

Although ALIC Reinsurance Company is mentioned, the document itself does not transfer insurance risk from one insurer to another. Rather, it functions as a secured financing arrangement. Therefore, it does not meet the definition of a reinsurance agreement as per the provided criteria. It is not a reinsurance treaty, retrocession, portfolio transfer, or any other instrument that transfers insurance risk.

Since it is not a reinsurance agreement, all downstream classifications (main contract, obligatory, proportional, insurance type, class of business) are not applicable.",False,,,,,
2005-1160294-0001104659-05-013827-a05-1889_1ex10d87.htm,"The document is a ""Fee and Leasehold Deed of Trust with Assignment of Rents, Security Agreement and Fixture Filing."" It is a security instrument used to secure a loan or credit facility, specifically a $275,000,000 credit agreement involving Herbst Gaming, Inc. and multiple lenders, with Bank of America, N.A. acting as administrative agent. The document grants a security interest in real and personal property, including leasehold interests, buildings, equipment, rents, and other assets, to secure repayment of the loan.

This document does not involve the transfer of insurance risk from one insurer to another, nor does it contain any terms typical of reinsurance such as ceding commissions, reinsurance premiums, or claims handling between insurers. Instead, it is a real estate-secured loan agreement, which falls under the category of financial credit instruments.

Accordingly, it is not a reinsurance agreement, nor any of the enumerated types such as retrocession, catastrophe bonds, or risk transfer agreements between insurers. It is also not an ancillary document to a reinsurance contract. Therefore, all downstream fields related to reinsurance classification are not applicable.",False,,,,,
2005-944148-0000950152-05-002193-l11935aexv10w12.txt,"The document provided is an ""Amended and Restated Credit Agreement"" between Century Business Services, Inc., Bank of America, N.A., and other financial institutions. It outlines the terms for a $100,000,000 credit facility, including revolving loans, swing line loans, and letters of credit. The document covers definitions, financial covenants, representations and warranties, affirmative and negative covenants, events of default, and other standard provisions for a credit agreement.

This document is clearly a financial credit agreement, not a reinsurance agreement. It does not contain any provisions related to insurance or reinsurance, risk transfer between insurers and reinsurers, or any of the specific types of reinsurance agreements listed in the definition. Instead, it is a standard loan agreement with provisions for borrowing, interest rates, repayment terms, and collateral.

Since the document is not a reinsurance agreement, all subsequent classification fields should be None or False as appropriate.",False,,,,,
2005-1141719-0001193125-05-031934-dex1012.htm,"The document is a ""Fourth Amended and Restated Letter of Credit Reimbursement Agreement."" It establishes a financial arrangement between Max Re Ltd. (the Borrower) and various financial institutions (the Lenders) for the issuance of Letters of Credit. These Letters of Credit are specifically used to support the Borrower's obligations under Reinsurance Agreements and Primary Policies, as stated in the ""WHEREAS"" clauses and Section 4.6.

However, the document itself is not a reinsurance agreement. It is a credit agreement to provide financial security (via Letters of Credit) for obligations that may arise from reinsurance contracts. According to the provided definitions, Letters of Credit are explicitly listed as documents that are NOT considered reinsurance agreements. The core purpose of this document is to secure payment obligations, which aligns with the definition of a ""financial guarantee"" or ""bond, loan, and credit instrument,"" which are also excluded from the definition of reinsurance agreements.

Since the document is not a reinsurance agreement, all subsequent questions about its nature as a main contract, its obligatory status, proportionality, insurance type, and class of business are not applicable and must be answered as 'None'.",False,,,,,
2005-909109-0000893220-05-001985-w11543exv10w11.htm,"The document is titled ""Reinstatement Premium Protection Reinsurance Contract"" and explicitly states that it is a contract where the reinsurer agrees to indemnify the company for 100% of any reinstatement premium paid under an underlying Excess Catastrophe Reinsurance Contract. Reinstatement Premium Protection (RPP) contracts are considered reinsurance agreements when they refer to an underlying reinsurance contract, which is clearly the case here (referencing the ""Underlying Contract"" described in Schedule A). Therefore, this document qualifies as a reinsurance agreement.

The document appears to be a full contract with defined terms, coverage, premiums, and legal provisions (such as arbitration, insolvency, concurrency, etc.), and it establishes the RPP reinsurance relationship. It is not merely an amendment or ancillary document but a self-contained agreement. Thus, it is a main contract.

The underlying contract is an excess catastrophe reinsurance treaty covering property risks, which is typically obligatory in nature (i.e., automatically covers all policies within the scope of the treaty). Since the RPP is tied to an obligatory underlying treaty and provides automatic coverage for reinstatement premiums arising from that treaty, the RPP itself is considered obligatory.

The RPP contract is non-proportional because it covers reinstatement premiums, which are triggered by specific loss events under an excess of loss (non-proportional) underlying contract. RPP on non-proportional underlying contracts is classified as non-proportional reinsurance.

The underlying reinsurance covers catastrophe losses, which are typically property-related perils (e.g., hurricanes, earthquakes), indicating Non-Life insurance. The class of business is Property, as catastrophe reinsurance is primarily focused on property damage from natural events.",True,True,True,non-proportional,Non-Life,Property
2005-709878-0001104659-05-054137-a05-19931_1ex10d1.htm,"The document is titled ""QUOTA SHARE REINSURANCE AGREEMENT"" and is explicitly structured as a reinsurance contract between Pennsylvania Life Insurance Company (the ""Company"") and PharmaCare Captive Re, Ltd. (the ""Reinsurer""). It outlines the cession of 100% of losses and loss adjustment expenses on a coinsurance (proportional) basis, which is a standard form of reinsurance. The agreement includes standard reinsurance clauses such as premium remittance, claims payment, reserves, insolvency provisions, and dispute resolution. It also references reinsurance-specific regulatory and accounting standards (e.g., SAP, statutory reserve credit), further confirming its nature as a reinsurance agreement.

The document establishes the full terms of the reinsurance relationship, including definitions, obligations, reporting, and financial arrangements. It is not an ancillary or modifying document (such as an endorsement or commutation), but rather a complete contract that governs the reinsurance of a group prescription drug benefit policy. Therefore, it qualifies as a main contract.

The agreement is obligatory because it covers 100% of the risks under the underlying policy (a group policy issued to the State of Connecticut), transferring all risks from the entire portfolio of insureds. This is characteristic of an obligatory treaty, not a facultative arrangement limited to specific named insureds.

The reinsurance is clearly proportional, as it is structured on a ""Coinsurance Basis"" with 100% of premiums and losses ceded. The term ""Quota Share"" in the title and the 100% cession confirm this.

The underlying insurance policy covers a group prescription drug benefit, which is a health insurance product. Health insurance falls under Non-Life insurance. The class of business is therefore Health, not Life, despite the ceding company being a life insurer—this agreement pertains to a health product.",True,True,True,proportional,Non-Life,Health
2005-768899-0000768899-05-000009-ex_10-24.htm,"The document is an ""Assumption and Novation Agreement"" among three insurance companies (Lumbermens Mutual Casualty Company, American Motorist Insurance Company, American Protection Insurance Company, and American Manufacturers Mutual Insurance Company, collectively ""the Company""), National Union Fire Insurance Company, and Labor Ready, Inc. The agreement transfers all rights, obligations, liabilities, and benefits arising from certain insurance policies from the original insurer (the Company) to National Union. The policies listed in Schedule 1 are workers' compensation and employers liability policies, which are direct insurance policies, not reinsurance.

The agreement explicitly states that the reinsurance agreements and related agreements (such as the WAHI Agreement and Reinsurance Trust Agreement) are not transferred or assumed by National Union. This confirms that the underlying policies are direct insurance, and the transaction is a novation of direct insurance policies, not a reinsurance arrangement.

While the document modifies and transfers obligations under existing insurance contracts, it does not establish a reinsurance contract. It is not a reinsurance agreement, retrocession, or any of the enumerated reinsurance-related instruments. Instead, it is a novation of direct insurance policies from one insurer to another.

Therefore, the document is not a reinsurance agreement. As a result, all subsequent fields that depend on it being a reinsurance contract must be set to None.",False,,,,,
2005-1044566-0000950137-05-002491-c92567exv10w19.txt,"The document is titled ""Services and Indemnity Agreement"" and is entered into between Western Surety Company (the ""REINSURER"") and Continental Casualty Company (the ""COMPANY""). It references two reinsurance agreements: a ""Surety Quota Share Treaty"" and a ""Surety Excess of Loss Reinsurance Contract."" However, this document itself does not establish the terms of reinsurance coverage, such as cession, premiums, limits, or attachment points. Instead, it outlines administrative and operational responsibilities, including underwriting, claims handling, regulatory compliance, and indemnification related to the bonds reinsured under the separate reinsurance agreements.

The agreement appoints the REINSURER as the underwriting and claims agent for the COMPANY with respect to certain surety bonds. It delegates authority for underwriting, issuing, canceling, and adjusting claims on bonds, and includes compensation and indemnification provisions. These are typical of a service or agency agreement between an insurer and a managing agent or reinsurer acting in an administrative capacity.

Crucially, the document states that it takes effect with the Reinsurance Agreement and terminates if the Reinsurance Agreement terminates. This dependency confirms that this is not a standalone reinsurance contract but an ancillary agreement supporting an underlying reinsurance arrangement.

Therefore, while the document is related to reinsurance, it is not itself a reinsurance agreement. It is a service and agency agreement that supports the administration of reinsurance-covered business. As such, it does not qualify as a reinsurance agreement under the provided definitions, which exclude ""Underwriting Agency Agreements"" and similar service arrangements.",False,,,,,
2005-909109-0000893220-05-000572-w06622exv10w81.txt,"The document is titled ""$50,000,000 EXCESS $240,000,000 FLORIDA ONLY CATASTROPHE REINSURANCE CONTRACT"" and clearly establishes a reinsurance agreement between the Company (Liberty American Insurance Company and others) and a Reinsurer. It outlines terms such as retention, limit, territory, exclusions, premium, and loss occurrence, which are typical of a reinsurance contract. The structure and language are consistent with a primary reinsurance treaty.

The document is a full reinsurance contract, not an ancillary agreement, as it contains all principal terms including coverage scope, limits, exclusions, definitions, and key clauses (e.g., arbitration, insolvency, premium). Therefore, it qualifies as a main contract.

The contract is non-proportional because it provides excess coverage of $50 million over a $240 million retention per loss occurrence, which is characteristic of an Excess of Loss reinsurance structure.

It is an obligatory reinsurance agreement because it covers all property business in Florida that meets the specified criteria (in force, new, and renewal), transferring risk from an entire portfolio rather than specific named insureds.

The business reinsured is classified as ""Property business,"" and the territory is limited to Florida, with a focus on catastrophe risk (e.g., hurricanes). This places it firmly in the Property class of business.

The insurance type is Non-Life, as Property insurance falls under Non-Life (as opposed to Life, Annuity, or Health products).

The document contains no indication of proportionality beyond the excess structure, and there are no separate proportional components. The FHCF and quota share references relate to inuring reinsurance, which do not affect the classification of this contract’s structure.

Thus, all classification fields can be determined based on the content.",True,True,True,non-proportional,Non-Life,Property
2005-1138817-0001140361-05-009309-ex10_1.txt,"The document is a Purchase Agreement for the sale of 4,500,000 shares of common stock of First Security Group, Inc. to underwriters. It outlines the terms of the public offering of common stock, including representations and warranties, covenants, conditions, indemnification, and other provisions related to the securities offering. The document does not contain any language or provisions related to insurance or reinsurance. It is a securities offering agreement, not a reinsurance agreement. Therefore, it is not a reinsurance agreement, and all subsequent fields related to reinsurance classification are not applicable.",False,,,,,
2005-21175-0000950137-05-002420-c92483exv10w18.htm,"The document is a ""First Amendment to the CNA Supplemental Executive Savings and Capital Accumulation Plan,"" which is an employee benefit plan designed to provide deferred compensation for executives. It outlines changes to vesting, deferral agreements, and payment terms for participants in the plan. The document is related to executive compensation and retirement benefits, not to risk transfer between insurers and reinsurers.

Although the document mentions ""Life Reinsurance"" and ""individual life insurance business to Swiss Re"" in Appendix A, these references are only in the context of past business unit sales affecting employee vesting, not in the context of a reinsurance agreement. The document itself does not establish, modify, or relate to a reinsurance contract.

Therefore, this document is not a reinsurance agreement or any type of ancillary reinsurance document. It is an amendment to an executive compensation plan, which falls outside the scope of reinsurance.",False,,,,,
2005-717538-0000717538-05-000020-exhibit1014.htm,"The document provided is an ""Agreement and Plan of Reorganization"" dated November 22, 2004, among Glens Falls National Bank and Trust Company, Arrow Financial Corporation, 429 Saratoga Road Corporation, Capital Financial Group, Inc., and John Weber. The purpose of this agreement is to effect a merger (the ""Merger"") of 429 Saratoga Road Corporation (a newly created wholly owned subsidiary of Glens Falls National Bank and Trust Company) with and into Capital Financial Group, Inc., resulting in Capital becoming a wholly owned subsidiary of Glens Falls National Bank and Trust Company.

The document outlines the terms and conditions for the acquisition of Capital Financial Group, Inc., including the structure of the merger, the purchase price (paid in shares of Arrow Financial Corporation common stock and potential future consideration), representations and warranties by the parties, covenants, conditions to closing, indemnification, termination, and other general provisions.

It is clear from the document that this is a corporate acquisition and reorganization agreement, not a reinsurance agreement. The document does not mention any transfer of insurance or reinsurance risk, ceding of policies, retrocession, or any other elements characteristic of a reinsurance contract. Instead, it focuses on the merger of two corporate entities, with Capital Financial Group, Inc. being a licensed insurance agency. The agreement involves the acquisition of an insurance agency, but the document itself is not a reinsurance contract.

Therefore, this document does not meet any of the criteria for being classified as a reinsurance agreement as defined in the instructions.",False,,,,,
2005-1179929-0001193125-05-044725-dex1019.htm,"The document is a ""Medicaid Managed Care Services Agreement"" between the State of New Mexico Human Services Department (HSD) and Cimarron Health Plan. This is a direct contract for the provision of healthcare services to Medicaid beneficiaries. The agreement details the scope of work, benefits, services, reporting, compensation, and other obligations for the managed care organization to provide medical care.

The document does not contain any language related to risk transfer from an insurer to another party. It does not describe any reinsurance or retrocession of risk. Instead, it is a primary insurance contract where Cimarron Health Plan assumes the risk of providing healthcare services to a defined population in exchange for a capitated payment from the state. The agreement includes provisions for the delivery of medical services, provider network management, member services, and quality assurance, all of which are characteristic of a direct insurance arrangement.

The document explicitly states that the contractor is at risk for providing the managed care benefit package (Article 5.4), but this is the risk of a primary insurer, not a reinsurer. The mention of reinsurance in Section 2.10(2) is in the context of the contractor maintaining its own reinsurance to protect against catastrophic claims, not as the subject matter of the agreement itself.

Therefore, this document is not a reinsurance agreement. It is a direct insurance/managed care contract.",False,,,,,
2005-909109-0000893220-05-001985-w11543exv10w13.htm,"This document is a Reinstatement Premium Protection (RPP) Reinsurance Contract effective June 1, 2005. It explicitly states it is a ""Reinstatement Premium Protection Reinsurance Contract"" where the Reinsurer agrees to indemnify the Company for 100% of reinstatement premiums the Company pays under its ""Florida Only Excess Catastrophe Reinsurance Contract."" According to the classification guidelines, ""Reinstatement Premium Protection contracts if they refer to an underlying reinsurance contract"" are considered reinsurance agreements, so this qualifies as reinsurance.

The document contains all principal terms of the reinsurance agreement including parties, effective dates, coverage details, premium structure, claims procedures, and standard reinsurance clauses (Concurrency of Conditions, Late Payments, Brokerage, etc.), making it a main contract rather than merely an ancillary agreement.

The underlying contract is described as ""Florida Only Excess Catastrophe Reinsurance Contract,"" which is an obligatory treaty covering Florida property risks broadly. According to guidelines, ""RPP relative to obligatory contracts are also considered obligatory,"" so this is an obligatory reinsurance agreement.

As a Reinstatement Premium Protection contract tied to an excess catastrophe (non-proportional) underlying contract, it falls under the guideline classification: ""Reinstatement Premium Protection on non-proportional underlying contracts"" are considered non-proportional reinsurance.

The coverage relates to Florida property insurance (Schedule A shows Condo/Dwelling, MHO, and Homeowner properties), which falls under Non-Life insurance. Specifically, this is catastrophe reinsurance for residential property risks, placing it firmly in the Property class of business.",True,True,True,non-proportional,Non-Life,Property
2005-5272-0000950123-05-007921-y09332exv10w1.htm,"The document is an employment agreement between American International Group, Inc. (AIG) and Martin J. Sullivan for his role as President and Chief Executive Officer. It outlines terms of employment including salary, bonuses, benefits, termination conditions, restrictive covenants, and other executive compensation-related provisions. There is no mention of any reinsurance or insurance risk transfer arrangement, treaty, or contract. The document does not pertain to the transfer of insurance risk between insurers and reinsurers, nor does it contain any language typical of reinsurance agreements such as ceding commissions, loss recoveries, or coverage layers.

Instead, it is a standard executive employment contract, which falls under the category of corporate governance and human resources documentation. Employment agreements are explicitly excluded from the definition of reinsurance agreements. Therefore, this document is not a reinsurance agreement and none of the subsequent classification fields (main contract, obligatory, etc.) are applicable.",False,,,,,
2005-913144-0000950136-05-001796-file004.htm,"The document is a ""Notice of Reduction of the L/C Commitments"" under a Reimbursement Agreement related to a letter of credit facility. It references a Reimbursement Agreement involving insurance and reinsurance entities, but the document itself is not a reinsurance agreement. Instead, it is a notice concerning the reduction of commitments under a financial facility secured by letters of credit. According to the classification criteria, letters of credit and related financial instruments are explicitly excluded from the definition of reinsurance agreements. Therefore, this document is not a reinsurance agreement. Since it is not a reinsurance agreement, all subsequent classification fields must be set to None.",False,,,,,
2005-1051628-0000893220-05-000746-w07372exv10w24.txt,"The document is a Letter of Intent concerning proposed reinsurance transactions between Annuity & Life Reassurance, Ltd. (ALR) and Transamerica Occidental Life Insurance Company (TOLIC). It outlines retrocession transactions involving two blocks of life reinsurance business, specifically the retrocession of 100% of liabilities under the F&G Agreement and the Scottish Re Agreements from ALR to TOLIC, effective December 31, 2004. Additionally, it includes the recapture by TOLIC of an annuity retrocession treaty with ALR. The document explicitly refers to ""retrocession transactions,"" ""reinsurance agreements,"" ""novation,"" and ""termination and recapture"" of treaties, all of which are characteristic of reinsurance activity.

This qualifies as a reinsurance agreement under the definition provided, as it pertains to retrocession agreements and documents that modify or terminate existing reinsurance contracts. The Letter of Intent contemplates the execution of definitive agreements (retrocession agreements, novation amendments, termination amendments), indicating it is a preliminary but binding expression of intent to enter into formal reinsurance arrangements.

Although it is a Letter of Intent and not the final executed contract, it establishes the principal terms and conditions of the reinsurance transactions and includes financial consideration, effective dates, risk transfer, and conditions for implementation. Therefore, it functions as a main contract in intent and structure, even if subject to definitive documentation.

The transactions are obligatory in nature because they involve the retrocession of entire blocks of life reinsurance business (100% of liabilities), not individual policies or facultative placements. This indicates automatic risk transfer across portfolios.

The structure involves the transfer of all liabilities from specific life reinsurance agreements, which implies a proportional arrangement, as the retrocession covers 100% of the liability under the underlying treaties. However, the document does not explicitly specify proportional mechanics (e.g., premium sharing, proportional claims). Still, given the complete transfer of liability and the nature of life reinsurance treaties like coinsurance and modified coinsurance (e.g., the referenced ""Annuity Modco Treaty""), the arrangement is best classified as proportional.

The subject matter clearly pertains to life insurance, including annuities and life reinsurance. The class of business includes both mortality and longevity risk, but the primary context is life reinsurance involving annuities and life policies. The specific mention of ""Automatic Modified Coinsurance"" and annuity reinsurance aligns with longevity risk, as it involves long-term financial obligations tied to policyholder survival.

Therefore, the document is a reinsurance agreement, constitutes a main contract (as it establishes the core terms), is obligatory, proportional, pertains to Life insurance, and falls under the ""Longevity"" class of business due to the annuity and modified coinsurance structure.",True,True,True,proportional,Life,Longevity
2005-1015535-0001193125-05-195109-dex1013.htm,"The document is a Contribution Agreement between QubicaAMF Worldwide S.a.R.L., Qubica Lux S.a.R.L., and AMF Holdings, Inc. The agreement outlines the contribution and transfer of equity interests in various subsidiaries (AMF BV, AMF Products, and Qubica Products) to the Company in exchange for the issuance of securities. The document does not contain any provisions related to reinsurance, retrocession, or any risk transfer mechanisms typically associated with reinsurance agreements. Instead, it is focused on corporate restructuring, equity contributions, and the issuance of securities. Therefore, it does not meet the criteria for being classified as a reinsurance agreement.",False,,,,,
2005-949156-0000950124-05-003177-k94823exv10w1.txt,"The document is titled ""Inter-Company Reinsurance Agreement"" and explicitly refers to reinsurance throughout its text. It establishes a reciprocal reinsurance arrangement between Star Insurance Company and several affiliated companies, where each party cedes and assumes portions of insurance liabilities. This fits the definition of a reinsurance agreement as it involves the transfer of insurance risk between insurers within a holding system.

The agreement is a main contract because it establishes the full terms of the reinsurance arrangement, including cessions, premiums, reserves, accounting, and governance. It is not merely an amendment or ancillary document; rather, it supersedes all prior intercompany reinsurance agreements (per Article XIX), indicating it is the primary contractual vehicle.

The reinsurance is obligatory because it applies automatically to all insurance risks of the affiliated companies in the U.S. without requiring individual underwriting decisions per risk. Article I states it applies to ""all insurance risks... as of the Effective Date, as well as to all such risks written and assumed thereafter,"" which aligns with the definition of an obligatory treaty.

The structure of the agreement—where 100% of liabilities are ceded by the Affiliated Companies to Star, and Star cedes back a defined ""Respective Percentage"" (e.g., 51.5%, 12.0%, etc.)—is characteristic of a proportional reinsurance arrangement, specifically a quota share. The use of percentages and the mutual sharing of premiums and losses based on fixed or adjustable participation percentages confirms this is a proportional treaty.

The recitals mention the parties are engaged in ""property, casualty, medical malpractice, commercial auto and workers' compensation insurance,"" all of which are non-life (property and casualty) lines. There is no mention of life, annuity, or long-term care products. Therefore, the insurance type is Non-Life.

Given the multiple lines cited—property, casualty, workers' compensation, commercial auto, and medical malpractice (which is a specialty casualty line)—the most appropriate class of business is ""Multi-Line,"" as it encompasses both Property and Casualty lines and does not focus on a single class.",True,True,True,proportional,Non-Life,Multi-Line
2005-831259-0000831259-05-000021-exhibit10_7.htm,"The document is a settlement agreement between reinsurers, Freeport-McMoRan Insurance Company Limited (FMICL), and Freeport-McMoRan Copper and Gold Inc (FCX) regarding claims arising from slope failures at the Grasberg mine. The agreement resolves disputes over claims made under reinsurance policies that reinsure an original insurance policy (the ""Original Policy"") issued by FMICL to FCX. The document explicitly references ""Reinsurance Policies"" described in Schedule A and confirms that the reinsurers are settling claims arising from these policies.

Although this is not a reinsurance contract itself, it is a document that settles claims under existing reinsurance agreements. According to the classification rules, documents that ""settle, commute, amend, or otherwise modify the terms of an existing reinsurance agreement"" are considered reinsurance agreements. Therefore, this settlement agreement qualifies as a reinsurance-related document.

However, it is not a main contract because it does not establish a new reinsurance contract or contain the principal terms of one. Instead, it is an ancillary agreement that resolves disputes under an existing reinsurance arrangement.

Because it is a settlement of a reinsurance claim rather than a full reinsurance contract, attributes such as whether it is obligatory, proportional or non-proportional, insurance type, and class of business cannot be determined from the document itself — these characteristics would depend on the underlying reinsurance contracts, which are not fully described here. Thus, those fields should be set to 'None'.",True,,,,,
2005-1079577-0001193125-05-161247-dex1022.htm,"The document is an amendment to a Group Disability Income Reinsurance Agreement between Standard Insurance Company and The Northwestern Mutual Life Insurance Company. It modifies the terms of an existing reinsurance agreement, specifically by replacing Exhibit B and detailing how certain financial elements will be recalculated and implemented retroactively. Since it modifies an existing reinsurance agreement, it qualifies as a reinsurance agreement under the definition provided, which includes documents that amend or otherwise modify the terms of an existing reinsurance agreement.

However, this document is not a main contract because it is an amendment—specifically an ancillary agreement that modifies an existing contract rather than establishing a new reinsurance contract. As such, it does not stand alone as a full reinsurance contract.

Because it is an amendment and not a complete reinsurance contract, it is not appropriate to classify it as obligatory or facultative, nor can we determine proportionality or classify the insurance type and class of business based solely on this amendment. The underlying agreement pertains to disability income, which falls under Non-Life insurance and specifically the Health class of business, but since this is not a full contract, these fields should be marked as None.",True,False,,,,
2005-909109-0000893220-05-001098-w08666exv10w2.htm,"The document is titled ""$50,000,000 Excess $90,000,000 Florida Only Catastrophe Reinsurance Contract"" and is explicitly structured as a reinsurance agreement between Liberty American Insurance Company and multiple reinsurers. It outlines the terms under which the reinsurers will cover excess liability for losses arising from catastrophe events in Florida, specifically for property business. This fits squarely within the definition of a reinsurance agreement, particularly a non-proportional (excess of loss) treaty.

The document establishes a full reinsurance contract with defined terms including retention ($90 million), limit ($50 million), classes of business (Property), territory (Florida), exclusions, reinstatement, premium, and other standard reinsurance clauses. It is not an ancillary agreement like an endorsement or commutation but a primary reinsurance contract, making it a main contract.

The structure is that of an obligatory reinsurance treaty — it automatically covers all qualifying losses above the retention from the defined portfolio (property insurance in Florida), without requiring individual underwriting per risk. This is not a facultative contract tied to specific named insureds.

The contract is clearly non-proportional, as it provides coverage for losses in excess of a retention ($90 million) up to a specified limit ($50 million), which is the hallmark of an Excess of Loss reinsurance agreement.

The class of business is Property, as specified in Article I, which limits reinsurance to policies ""classified by the Company as Property business."" This falls under Non-Life insurance, as property insurance is not related to life, health, or longevity risks.

Therefore, all classification criteria are met based on the document’s title, structure, and content.",True,True,True,non-proportional,Non-Life,Property
2005-909109-0000893220-05-001985-w11543exv10w10.htm,"The document is titled ""Excess Catastrophe Reinsurance Contract"" and explicitly outlines a reinsurance agreement between Philadelphia Insurance Company and reinsurers. It includes standard reinsurance provisions such as retention and limit layers, business reinsured (Property), territory, exclusions, reinstatement, premium calculations, and arbitration. These elements are characteristic of a reinsurance treaty.

The agreement covers excess catastrophe losses arising from property insurance, triggered after the ceding company’s retention is exceeded. This structure is typical of non-proportional reinsurance, specifically excess of loss coverage, particularly catastrophe excess of loss. The contract applies to all property business of the company (obligatory basis), not on a per-risk facultative basis, and automatically covers in-force, new, and renewal business.

The document establishes the full terms of the reinsurance contract, including financial terms, definitions, and legal provisions, indicating it is a main contract (not merely an endorsement or ancillary agreement). It is not a proposal or term sheet but a finalized, effective reinsurance contract.

The coverage applies to Property business, which falls under Non-Life insurance. The class of business is clearly Property, as stated in the ""Business Reinsured"" section. The contract includes multiple layers of excess coverage, each with defined retentions and limits, confirming its non-proportional nature.

The Florida Hurricane Catastrophe Fund (FHCF) is mentioned, which is a government insurance scheme that provides risk transfer similar to reinsurance, but its inclusion inures to the benefit of this reinsurance contract and does not change the fundamental classification of the document.

Therefore, the document is a main, obligatory, non-proportional reinsurance contract for Non-Life (Property) business.",True,True,True,non-proportional,Non-Life,Property
2005-927102-0001104659-05-052724-a05-18068_1ex10d1.htm,"The document is a Property Management Agreement between AmeriVest Properties Inc. (Owner) and Trammell Crow Services, Inc. (Manager). It outlines the responsibilities of the Manager in managing and operating certain real properties on behalf of the Owner, including collecting rents, maintaining the premises, preparing budgets, hiring employees, and arranging service contracts. The agreement includes provisions for compensation, insurance, indemnification, and termination.

This document is not a reinsurance agreement. It does not involve the transfer of insurance risk from one insurer to another, nor does it mention any insurance or reinsurance terms such as ceding, retrocession, risk transfer, or coverage of insurance liabilities. Instead, it is a service contract for property management, which falls outside the scope of reinsurance agreements as defined.

The document also contains no indication of proportional or non-proportional risk sharing, obligation to accept risks, or any classification related to life or non-life insurance. Therefore, all subsequent fields that depend on the document being a reinsurance agreement must be marked as None.",False,,,,,
2005-909109-0000893220-05-001985-w11543exv10w12.htm,"The document is titled ""Florida Only Excess Catastrophe Reinsurance Contract"" and contains standard reinsurance contract clauses such as retention and limit, business reinsured, premium, loss occurrence, reinstatement, and arbitration. It clearly establishes a reinsurance agreement between Liberty American Insurance Company and subscribing reinsurers for property catastrophe risks in Florida. The structure, including layers of coverage, attachment points, and excess limits, is typical of a non-proportional reinsurance contract, specifically an excess of loss treaty.

The ""Business Reinsured"" section specifies Property business, which falls under Non-Life insurance. The coverage is for catastrophe events such as hurricanes, windstorms, and floods, which are characteristic of Property class of business. The contract applies to all policies of the company in force, new, and renewal business, indicating it is a broad portfolio-level agreement, not limited to specific risks, which confirms it is obligatory.

The contract is structured in excess layers (e.g., $3.5M, $13M, $15M, etc.), with defined retentions and limits, and includes reinstatement provisions — all hallmarks of non-proportional (excess of loss) reinsurance. There is no indication of proportional risk sharing (e.g., quota share), and the premium is based on gross earned premium but not calculated as a fixed percentage of ceded premiums, which further supports non-proportional classification.

The document is a full main contract, not an amendment or ancillary agreement, as it contains all principal terms, including coverage, limits, exclusions, and conditions. It also references attachments like Schedule A and exclusions, which are integral but do not diminish its status as a main contract.

Thus, the document is a reinsurance agreement, specifically a main, obligatory, non-proportional reinsurance contract for Non-Life, Property class business.",True,True,True,non-proportional,Non-Life,Property
2005-1058033-0001104659-05-009167-a05-3135_1ex10d24.htm,"The document is a ""Mortgage and Security Agreement"" between Northwest Airlines, Inc. and a Collateral Agent. It establishes a security interest in an Airbus A330-223 aircraft and its engines to secure the repayment of a loan. The agreement details the terms of the loan, the collateral, covenants, remedies upon default, and other standard provisions of a secured financing arrangement.

This document is not a reinsurance agreement. It does not involve the transfer of insurance risk from one insurer to another or from an insurer to a reinsurer. Instead, it is a financing agreement where an aircraft is used as collateral for a loan. The document pertains to asset-backed lending and not to the insurance or reinsurance of risks.

Given that the document is not a reinsurance agreement, the subsequent fields related to the nature of the reinsurance contract (main contract, obligatory, proportional, insurance type, class of business) are not applicable and should be set to None.",False,,,,,
2005-904020-0001104659-05-023891-a05-9427_1ex10d54.htm,"The provided document is a Loan Agreement between Independence Air, Inc. and General Electric Capital Corporation. The agreement details the terms and conditions for loans to be secured by aircraft engines and spare parts. The document outlines the loan amounts, interest rates, repayment terms, and conditions for the loan. It also includes provisions for fees, use of proceeds, payments, and various covenants and representations.

The document does not contain any elements of a reinsurance agreement. Reinsurance agreements typically involve one insurance company (the reinsurer) assuming part of the risk of another insurance company (the ceding company) in exchange for a premium. The document in question is a loan agreement, which is a financial instrument for borrowing money, not a risk transfer agreement between insurance companies.

Given that the document is a loan agreement and not a reinsurance agreement, it does not meet any of the criteria for being classified as a reinsurance agreement. The document is clearly a financial loan agreement with specific terms for the loan, including the amount, interest rate, and repayment schedule. It does not involve the transfer of insurance risk from one insurer to another, which is a fundamental characteristic of reinsurance.

Therefore, the document is not a reinsurance agreement, and all subsequent fields related to reinsurance characteristics are not applicable.",False,,,,,
2005-913357-0001047469-05-014744-a2158014zex-10_4.htm,"The document is an agreement evidencing an award of Dexia Restricted Stock under the Financial Security Assurance Holdings Ltd. 2004 Equity Participation Plan. It outlines vesting schedules, restrictions on transfer, tax withholding, and payment terms related to stock or cash distributions upon vesting. The content is entirely focused on employee compensation in the form of restricted stock and does not involve risk transfer between insurance or reinsurance entities. It does not reference any insurance or reinsurance contracts, retrocession, risk pooling, or any mechanism for transferring underwriting risk. Instead, it pertains to equity-based incentives for employees.

Given that the document is a stock award agreement tied to an equity participation plan, it falls outside the scope of reinsurance agreements as defined. It is not a reinsurance treaty, retrocession, risk transfer instrument, or any ancillary document modifying such an agreement. Therefore, it is not a reinsurance agreement.

As a result, all subsequent classification fields that depend on the document being a reinsurance agreement must be set to 'None'.",False,,,,,
2005-896159-0001193125-05-052345-dex10194.htm,"The document is a ""Fifth Amendment and Restatement Agreement Relating to a Letter of Credit Facility Agreement."" It involves financial institutions providing a letter of credit facility to Ace Limited, with guarantees from reinsurance entities (Ace Bermuda Insurance Ltd. and Ace Tempest Reinsurance Ltd.). However, the agreement itself is not a reinsurance contract. Instead, it is a financing arrangement secured by letters of credit, which are explicitly excluded from the definition of reinsurance agreements. The document serves to amend and restate the terms of an existing credit facility, not to transfer insurance risk. Therefore, it does not constitute a reinsurance or retrocession agreement, nor is it an ancillary document to one. It is purely a financial instrument.",False,,,,,
2005-1064122-0000898080-05-000165-ex10-45.txt,"The document is an Administrative Services Agreement between Security Life of Denver Insurance Company, Security Life of Denver International Limited (the ""Companies""), and Scottish Re (U.S.), Inc. (the ""Administrator""). It outlines the administrative functions that the Administrator will perform on behalf of the Companies related to the ""Administered Business,"" which is defined as the business associated with the ""Covered Insurance Contracts"" — reinsurance agreements transferred under a separate Reinsurance Agreement referenced in the preamble.

Although the document references reinsurance agreements (the ""Reinsurance Agreements"") and involves the administration of a reinsurance portfolio, its primary purpose is to delegate administrative duties such as claims processing, financial reporting, investment management, and regulatory compliance. It does not itself establish or modify the terms of a reinsurance contract. Instead, it is a service agreement for managing an existing reinsurance portfolio.

According to the classification criteria, ancillary agreements such as service, administrative, or management agreements are not considered reinsurance agreements. The document is explicitly an administrative services agreement, not a contract that transfers insurance risk.

Therefore, it is not a reinsurance agreement, nor is it a main contract establishing reinsurance. As such, the downstream classifications for obligatory status, proportionality, insurance type, and class of business do not apply.",False,,,,,
2005-909109-0000893220-05-001098-w08666exv10w5.htm,"The document is titled ""Underlying Excess Catastrophe Reinsurance Contract,"" which clearly indicates it is a reinsurance agreement. It is structured as a formal reinsurance contract between the ceding company (Philadelphia Insurance Company and affiliates) and multiple reinsurers (AXA RE, Everest Reinsurance Company, etc.), with defined terms, conditions, and obligations. This fits the definition of a reinsurance agreement as outlined in the instructions.

The contract establishes the principal terms of reinsurance, including classes of business reinsured, term, retention, limit, reinstatement, premium, and other standard clauses. It contains a full reinsurance agreement and is not merely an ancillary document such as an endorsement or amendment. Therefore, it qualifies as a main contract.

The agreement is an excess of loss reinsurance contract, covering losses above a $7,000,000 retention up to a $3,000,000 limit per loss occurrence. This structure is characteristic of non-proportional reinsurance. There is no indication of proportional sharing of premiums or losses (e.g., quota share), confirming it is non-proportional.

The contract reinsures Property business, as stated in Article I (""classified by the Company as Property business""). This falls under Non-Life insurance. The class of business is specifically Property, as it covers property-related losses from catastrophes such as hurricanes, earthquakes, and fire.

Additionally, the contract applies to all policies in force or issued during the term that meet the criteria, meaning it automatically covers risks in a defined portfolio without individual underwriting—indicating it is an obligatory reinsurance agreement.",True,True,True,non-proportional,Non-Life,Property
2005-1010247-0001010247-05-000010-exhibit10dddd1.htm,"The document is an Attorney-in-Fact Agreement between Pennsylvania Physicians Reciprocal Insurers (the ""Exchange"") and Physicians Reciprocal Managers, Inc. (the ""Company""). It outlines the appointment of the Company as Attorney-in-Fact to manage the operations of the reciprocal insurance exchange, including underwriting, claims administration, reinsurance placement, investment management, and regulatory compliance.

While the document mentions the ""placement of reinsurance"" (Section 2.5), it does not itself constitute a reinsurance agreement. Instead, it is an agreement governing the management and operational responsibilities of the Attorney-in-Fact for an insurance exchange. It does not establish the terms of a reinsurance contract, nor does it transfer risk from one insurer to another. Rather, it is a service and management agreement between an insurance entity and its managing agent.

Therefore, this document falls under the category of an Underwriting Agency Agreement, which is explicitly excluded from being considered a reinsurance agreement per the provided definitions. Since it is not a reinsurance agreement, all downstream classifications (main contract, obligatory, proportional/non-proportional, insurance type, class of business) must be set to 'None'.",False,,,,,
2005-1282266-0000950134-05-010046-d25318exv10w1.txt,"The document is an Amended and Restated Credit Agreement between Valor Telecommunications Enterprises, LLC, and several financial institutions. It outlines the terms and conditions of a credit facility, including the commitments of lenders, interest rates, repayment terms, and covenants. The agreement is primarily focused on the provision of loans and credit extensions to the borrower, with detailed provisions for the administration and management of these financial arrangements. 

The document does not contain any provisions related to reinsurance, such as the transfer of risk from one insurer to another, proportional or non-proportional sharing of insurance risks, or any other elements typical of reinsurance agreements. Instead, it is a standard credit agreement, which is a financial instrument used to secure loans and manage credit facilities.

Given the nature of the document, it is clear that it is not a reinsurance agreement. Therefore, the subsequent fields related to the characteristics of a reinsurance contract (such as whether it is a main contract, obligatory, proportional, etc.) are not applicable.",False,,,,,
2005-25475-0000950144-05-002542-g93630exv10w12.txt,"The provided document is a Note Purchase Agreement between Crawford & Company, Crawford & Company International, Inc., and several purchasers, including insurance and reinsurance companies. The agreement outlines the issuance and sale of $50,000,000 in 6.08% Senior Guarantied Notes due October 10, 2010. The document includes covenants, representations, conditions to closing, and other standard provisions typical of private placement debt agreements.

The document does not contain any language or provisions related to the transfer of insurance risk from one insurer to another, which is the hallmark of a reinsurance agreement. Instead, it is a financing instrument where the issuers are borrowing funds from the purchasers. The involvement of reinsurance companies (like RGA Reinsurance Company) as purchasers does not transform the nature of the document into a reinsurance agreement. They are acting as investors, not as assuming risk from the issuers.

The document is clearly a debt instrument governed by securities and corporate law, not insurance or reinsurance regulations. It contains no terms related to premiums, ceded losses, reinsurance recoverables, or any other standard reinsurance concepts.

Therefore, this document is not a reinsurance agreement.",False,,,,,
2005-1289592-0001125282-05-001498-b405557ex_10-34.txt,"The document is a General Agency Agreement between State National Insurance Company, Inc. (the ""Company""), Tower Insurance Company of New York (the ""Reinsurer""), and Tower Risk Management Corp. (the ""General Agent""). Its primary purpose is to appoint the General Agent to perform certain functions—such as policy production, claims handling, premium collection, and reporting—on behalf of the Company and the Reinsurer under two previously executed reinsurance agreements: (1) the 2004 State National Quota Share Reinsurance Agreement and (2) the 2004 Excess of Liability Reinsurance Agreement.

Although the document references reinsurance agreements and operates in the context of reinsurance, it does not itself establish a reinsurance contract. Instead, it governs the administrative and operational duties of a managing general agent in relation to business covered by reinsurance treaties. The document repeatedly states that it is subject to the Reinsurance Agreements and that the Reinsurer is responsible for monitoring compliance. The core of the agreement is agency and service functions, not risk transfer.

According to the classification rules, Underwriting Agency Agreements between reinsurance companies and reinsurance underwriting management companies or agents are explicitly excluded from being considered reinsurance agreements. This document fits squarely within that exclusion.

Because it is not a reinsurance agreement, all subsequent fields that depend on reinsurance classification (is_main_contract, is_obligatory, etc.) must be set to None.",False,,,,,
2005-875159-0000930413-05-003458-c37121_ex10-2.txt,"The document is an employment agreement between XL Capital Ltd and Henry C.V. Keeling, outlining the terms and conditions of his employment as the Chief Executive of the Reinsurance operations of the company. It covers aspects such as salary, bonuses, termination, non-compete clauses, and other employment-related provisions. While the executive's role involves reinsurance operations, the document itself is a contract for personal services and not a reinsurance agreement. It does not establish any risk transfer between insurers and reinsurers, nor does it contain terms typical of reinsurance contracts such as ceding commissions, loss recoveries, or coverage limits. Therefore, it does not meet the definition of a reinsurance agreement.",False,,,,,
2005-1013609-0001193125-05-052496-dex1082.htm,"The document is titled ""FIRST-THIRD EXCESS OF LOSS REINSURANCE CONTRACT"" and explicitly refers to a reinsurance agreement between SCPIE Holdings, Inc. and/or its subsidiaries (the ""Company"") and subscribing reinsurers (the ""Reinsurer""). It contains standard reinsurance contract provisions such as business covered, term, attachment of liability, exclusions, definitions, and detailed exhibits outlining retention, limits, premiums, and reinstatement terms. The structure, language, and content are consistent with a formal reinsurance treaty.

The document establishes a full reinsurance contract with three layers of excess of loss coverage (First, Second, and Third Layers), each with defined retentions, limits, premiums, and reinstatement provisions. It includes mutual obligations, reporting requirements, dispute resolution via arbitration, and governing law (California). This is not an ancillary document such as an endorsement or amendment, but a complete contract.

The contract is structured as an excess of loss arrangement, where the reinsurer covers losses above specified retentions up to defined limits. This is a hallmark of non-proportional reinsurance. There are no proportional terms such as quota share or surplus. The presence of reinstatement premiums further confirms its non-proportional nature.

The underlying business covered includes professional liability for physicians, surgeons, hospitals, healthcare facilities, managed care organizations, and directors and officers. These are medical malpractice and liability risks, which fall under the Non-Life category of insurance. Specifically, medical malpractice and healthcare professional liability are classified as ""Health"" within the Non-Life spectrum.

Therefore, the document is a reinsurance agreement, specifically a non-proportional, obligatory treaty covering Health risks under Non-Life insurance.",True,True,True,non-proportional,Non-Life,Health
2005-1273813-0001047469-05-007243-a2153292zex-10_41.htm,"The document is a separation agreement between Robbin Conner and Assured Guaranty Corp. (AGC), outlining the terms of his resignation as Executive Vice President. It includes provisions related to final compensation, benefits continuation, stock awards, confidentiality, non-solicitation, and a general release of claims. The document is an employment-related agreement and does not involve the transfer of insurance risk from one insurer to another. It does not contain any terms typical of reinsurance contracts such as ceding of premiums, assumption of liabilities, or coverage for specific insurance policies or portfolios. Instead, it is focused solely on the employment relationship and its termination.

Therefore, this document is not a reinsurance agreement or any type of insurance risk transfer instrument. It is a standard executive severance and release agreement.",False,,,,,
2005-5272-0000950123-05-007921-y09332exv10w3.htm,"The provided document is an employment agreement between American International Group, Inc. (AIG) and Steven J. Bensinger for his role as Executive Vice President and Chief Financial Officer. It outlines terms of employment including salary, bonuses, benefits, termination conditions, restrictive covenants, and other executive compensation-related provisions. There is no mention of any reinsurance or insurance contract, risk transfer, or agreements related to the ceding or assuming of insurance liabilities. Instead, the document is focused solely on the employment relationship and executive compensation.

Given the definitions, reinsurance agreements involve contracts where one insurer (the reinsurer) assumes part of the risk from another insurer (the ceding company). This document does not contain any such risk transfer arrangement. It is not a reinsurance treaty, retrocession, portfolio transfer, or any ancillary reinsurance document. It is also not related to Insurance-Linked Securities, pooling agreements, or any modification of a reinsurance contract.

Therefore, this document is clearly not a reinsurance agreement. Since it is not a reinsurance agreement, all subsequent classification fields (is_main_contract, is_obligatory, etc.) must be set to None.",False,,,,,
2005-1064122-0000898080-05-000165-ex10-58.txt,"The document is a Transition and Integration Services Agreement between Security Life of Denver Insurance Company (Provider) and Scottish Re (US), Inc. (Recipient). It outlines the provision of transitional services following an asset purchase transaction, including IT services, employee secondment, and other operational support to facilitate the integration of acquired business operations.

The agreement does not involve the transfer of insurance risk from one insurer to another. Instead, it governs the temporary provision of administrative, technological, and human resource services after a corporate transaction. The services include knowledge transfer, process migration, data conversion, and continued access to certain employees and contractors.

This type of agreement is explicitly excluded from the definition of a reinsurance agreement. It is not a reinsurance, retrocession, risk transfer, or portfolio transfer agreement. It does not amend, renew, or modify any reinsurance contract. Rather, it is a transitional services agreement commonly used in corporate acquisitions to ensure business continuity during integration.

Therefore, the document is not a reinsurance agreement, and all downstream classifications (main contract, obligatory status, proportionality, insurance type, class of business) are inapplicable.",False,,,,,
2005-896159-0001193125-05-052345-dex1034.htm,"The document is a Stock Purchase Agreement between ACE INA International Holdings, Ltd. and Century Indemnity Company, as Sellers, and Randall & Quilter Investment Holdings Limited, as Purchaser, for the sale of shares in several reinsurance companies: ACE American Reinsurance Company (AARe), Brandywine Reinsurance Company S.A.N.V. (SANV), and Brandywine Reinsurance Company (UK) Ltd. (BRUK). The agreement outlines the terms for the sale and purchase of the shares, representations and warranties, conditions precedent, covenants, tax matters, indemnification, and other related provisions.

The document itself is not a reinsurance agreement but rather an agreement for the sale of shares in companies that are involved in reinsurance. The agreement references reinsurance agreements and reinsurance liabilities of the acquired companies, but it does not establish a reinsurance or retrocession contract. Instead, it deals with the transfer of ownership of entities that have existing reinsurance contracts.

Since the document is a stock purchase agreement and not a reinsurance agreement, it does not establish a reinsurance or retrocession contract, nor is it an ancillary agreement to a reinsurance agreement. It is a corporate transaction document that facilitates the change of ownership of companies that may have reinsurance agreements as part of their business operations.",False,,,,,
2005-5272-0000950123-05-007921-y09332exv10w2.htm,"The provided document is an employment agreement between American International Group, Inc. (AIG) and Donald P. Kanak. It outlines terms of employment, including position, compensation, benefits, termination conditions, restrictive covenants, and other employment-related provisions. The document does not contain any language related to the transfer of insurance risk, reinsurance, retrocession, or any other risk-sharing arrangement between insurers or reinsurers. Instead, it is a standard executive employment contract focused on individual employment terms.

Given the definitions provided, reinsurance agreements involve risk transfer between insurance entities. This document pertains solely to an individual's employment and contains no elements of reinsurance, retrocession, or any related risk transfer mechanism. Therefore, it is not a reinsurance agreement.

Since it is not a reinsurance agreement, all subsequent classifications (main contract, obligatory, proportional/non-proportional, insurance type, class of business) are not applicable.",False,,,,,
2005-909109-0000893220-05-001985-w11543exv10w1.htm,"The document is titled ""Excess Catastrophe Reinsurance Contract"" and explicitly states that the Reinsurer agrees to reinsure the excess liability of the Company under its insurance policies. This clearly establishes it as a reinsurance agreement, specifically an excess of loss catastrophe treaty.

The document contains all the principal terms of the reinsurance agreement, including the classes of business reinsured, term, retention and limit, premium, and various standard reinsurance clauses. It is not an ancillary document like an endorsement or commutation, but the primary contract itself. Therefore, it is a main contract.

The contract covers all losses arising from catastrophe events across the Company's property portfolio, triggered by a retention based on loss occurrences. It is not limited to specific named risks or facultative cases, but applies to a broad portfolio of property business. This structure is characteristic of an obligatory treaty reinsurance agreement.

The contract is structured as an excess of loss agreement, with the Reinsurer liable for losses exceeding the Company's retention up to a specified limit per occurrence. This is a non-proportional form of reinsurance, as the Reinsurer's liability is not a fixed percentage of the loss but is contingent on the loss exceeding a threshold.

The contract explicitly reinsures ""Property business"" as stated in Article I. Property insurance is a category of Non-Life insurance.

The class of business is directly stated as ""Property business"" in Article I, which aligns with the ""Property"" category in the classification schema.",True,True,True,non-proportional,Non-Life,Property
2005-1272957-0001015402-05-001435-ex10_11.htm,"The document is a Termination of Trust Agreement and Release and Indemnification of Trustee, related to a prior trust established to secure obligations under certain ""Reinsurance Agreements"" between Alea London Limited (the Grantor) and several U.S. insurance companies (the Beneficiaries). The document itself does not establish a reinsurance agreement but terminates a trust that was created to support such agreements. It references the existence of prior reinsurance agreements (specifically indicating a quota share arrangement in the exhibit title), but this document is an ancillary agreement concerning the release of trust assets and indemnification of the trustee upon termination. Therefore, it is not a reinsurance agreement itself, but a document that modifies or concludes a financial arrangement tied to one.

Because it is not a reinsurance agreement, all downstream classification fields (main contract, obligatory, proportional, insurance type, class of business) must be set to None.",False,,,,,
2005-1273813-0001047469-05-007243-a2153292zex-10_3.htm,"The document provided is an employment agreement between Assured Guaranty Corp. and Michael J. Schozer. It outlines the terms and conditions of employment, including position, salary, bonuses, benefits, termination clauses, non-competition, and confidentiality provisions. There is no mention of any insurance or reinsurance arrangements, risk transfer, coverage terms, or any other elements characteristic of a reinsurance agreement. Instead, the document pertains solely to the executive's employment relationship with the company.

Given the nature of the document, it does not fall under any of the categories defined as reinsurance agreements, such as reinsurance contracts, retrocessions, risk transfer instruments, or related amendments. It is also not an ancillary agreement to a reinsurance contract. Rather, it is a standard executive employment contract.

Therefore, it is not a reinsurance agreement, and all subsequent classification fields that depend on the document being a reinsurance contract must be set to 'None'.",False,,,,,
2005-787784-0001157523-05-007119-a4939767ex10_5.htm,"The document is a Construction Loan Administration Agreement between Bank of America, N.A. and ARC HDV, LLC, related to financing the construction of an assisted living and Alzheimer's care facility. It outlines the terms for administering and disbursing a construction loan, including budgeting, inspections, disbursement procedures, and borrower covenants. The document is clearly a loan and construction administration agreement, not an insurance or reinsurance contract. It does not involve risk transfer from an insurer to a reinsurer, nor does it contain any terms typical of reinsurance agreements such as ceding commissions, loss payments, or treaty structures. Instead, it governs the disbursement of funds for a construction project secured by real estate. Therefore, it is not a reinsurance agreement or any related ancillary document.",False,,,,,
2005-1289592-0001125282-05-001498-b405557ex_10-35.txt,"The document is titled ""EXCESS OF LIABILITY REINSURANCE AGREEMENT"" and explicitly establishes a reinsurance arrangement between State National Insurance Company, Inc. (the ""Company"") and Tower Insurance Company of New York (the ""Reinsurer""), with Tower Risk Management Corporation acting as the General Agent. The Preamble clarifies that the Company is not bearing any business, credit, or insurance risk and that the Reinsurer indemnifies the Company for all liabilities arising from the Subject Program, except those already reinsured under a separate Quota Share Reinsurance Agreement. This confirms the risk transfer from the insurer (Company) to the reinsurer (Reinsurer), which is characteristic of reinsurance.

The document contains core reinsurance contract elements such as the scope of business reinsured (Article I), original conditions (Article II), loss and loss adjustment expense provisions (Article IV), reporting and remittances (Article V), premium and commission terms (Article VII), arbitration (Article IX), and provisions for insolvency (Article XII). It also includes a hold harmless provision (Article XIV) where the Reinsurer agrees to indemnify the Company for all liabilities, claims, and expenses related to the reinsured business.

Given that this is a comprehensive agreement that establishes the terms of reinsurance coverage, including risk transfer, indemnification, and claims handling, it qualifies as a reinsurance agreement under the provided definition. It is not merely an ancillary or modifying document but a primary contract, as it sets forth the complete terms of the reinsurance arrangement.

The agreement is obligatory because it reinsures all liabilities arising from the Subject Program, which implies a portfolio of policies rather than individual risks. The term ""Excess of Liability"" indicates that the Reinsurer covers losses in excess of a certain threshold, which is characteristic of non-proportional reinsurance (e.g., excess of loss). There is no indication of proportional sharing of premiums or losses, and the structure of indemnification supports a non-proportional nature.

The document references insurance policies issued through a general agent and mentions ""Property"" in the context of regulatory filings (e.g., Texas Catastrophe Property Insurance Association), suggesting the underlying business is Property insurance. However, the broader category aligns with Casualty or Specialty lines due to the nature of excess liability coverage. Given that the document includes ""Property"" in its metadata (e.g., Texas Catastrophe Property Insurance Association) and the nature of liability coverage often overlaps with Property and Casualty lines, the most accurate class of business is ""Casualty"" or ""Specialty."" However, ""Property"" is explicitly referenced in regulatory reporting, and excess liability reinsurance often covers Property risks. After careful consideration, ""Property"" is the most directly supported class.

The insurance type is Non-Life, as the document pertains to property and liability insurance, not life, health, or annuity products.",True,True,True,non-proportional,Non-Life,Property
2005-12927-0001193125-05-149899-dex10i.htm,"The document is a Joint Venture Master Agreement between Lockheed Martin Corporation and The Boeing Company to form a new Delaware limited liability company. The purpose of this joint venture is to design, develop, manufacture, sell, repair, service, and support Expendable Launch Vehicle (ELV) Systems and to supply related Launch Services to the U.S. Government. The agreement outlines the contributions of assets from each member, the governance of the new company, and various operational and financial covenants.

The document does not establish a reinsurance agreement. It is not a contract where one insurer transfers part of its risk portfolio to another party (the reinsurer) to reduce the likelihood of paying a large obligation resulting from an insurance claim. Instead, it is a corporate agreement to form a joint venture for the purpose of manufacturing and launching rockets. The activities described, such as the design and manufacture of ELV Systems and the provision of Launch Services, are clearly outside the scope of insurance or reinsurance.

Since the document is not a reinsurance agreement, the subsequent questions regarding whether it is a main contract, obligatory, proportional or non-proportional, and the insurance type and class of business are not applicable. These questions are only relevant if the document were a reinsurance agreement, which it is not.",False,,,,,
2005-898174-0000950137-05-002539-c92597exv10w22.txt,"The document is titled ""Amendment No. 1 to First Amended and Restated Credit Agreement"" and pertains to a credit agreement between Reinsurance Group of America, Incorporated (RGA) and several banks, with The Bank of New York as Administrative Agent. The document amends financial covenants and conditions related to statutory surplus but does not establish or modify any reinsurance or retrocession agreement. Instead, it is a financial instrument—specifically, an amendment to a credit agreement—which governs lending terms and borrower obligations.

Although the borrower is a reinsurance company (RGA), the document itself is not a reinsurance agreement. It does not transfer insurance risk, define treaty terms, or establish proportional or non-proportional risk-sharing between insurers and reinsurers. It is, rather, a credit facility amendment, which falls under the category of financial credit instruments.

Per the classification criteria, credit agreements, loans, and bonds are explicitly excluded from the definition of reinsurance agreements, even if they involve reinsurance companies.

Therefore, this document is not a reinsurance agreement, and all downstream fields related to reinsurance contract classification must be set to 'None'.",False,,,,,
2005-1044566-0000950137-05-002491-c92567exv10w07.txt,"The document is a ""SURETY QUOTA SHARE TREATY"" between Continental Casualty Company (the ""Company"") and Western Surety Company (the ""Reinsurer""). It explicitly establishes a reinsurance agreement where the Company cedes 100% of its net retained liability on Surety Business to the Reinsurer. This fits the definition of a reinsurance agreement as it involves risk transfer from an insurer to a reinsurer under defined terms.

The document contains all principal terms of the agreement, including business covered, term, territory, definitions, premium, ceding commission, loss settlements, reporting, and other standard clauses. It is not merely an amendment or ancillary document but a full treaty, indicating it is a main contract.

The agreement is a quota share treaty, which is a form of proportional reinsurance, as the Reinsurer accepts 100% of the Company's net retained liability on the specified business. Therefore, it is clearly proportional.

The treaty covers ""Surety Business,"" which includes various types of bonds related to statutory, fiduciary, public official, notary, and contract performance bonds. This falls under the Casualty class of business within Non-Life insurance. There is no indication of Life insurance elements.

Given that the treaty covers all Surety Business written or renewed by the Company during the term, and does so on a 100% cession basis, it is an obligatory reinsurance contract — risk is automatically transferred from the insurer to the reinsurer for all qualifying policies.

Thus, all classification criteria are met based on the content and structure of the document.",True,True,True,proportional,Non-Life,Casualty
2005-1273813-0001047469-05-007243-a2153292zex-10_5.htm,"The document is an Employment Agreement between Assured Guaranty Ltd. and Assured Guaranty Re International Ltd. (collectively, the ""Company"") and Pierre Samson, the Executive. It outlines the terms and conditions of employment, including position, duties, salary, benefits, termination provisions, noncompetition, and confidentiality. There is no mention of any insurance or reinsurance contracts, risk transfer, coverage terms, or any other elements characteristic of a reinsurance agreement. Instead, the document pertains solely to the employment relationship between the parties.

Given that the document is an employment contract and does not involve risk transfer between insurers and reinsurers, it does not meet any of the criteria for being classified as a reinsurance agreement. It is not a reinsurance treaty, retrocession, portfolio transfer, or any other document that modifies or establishes a reinsurance contract. Therefore, it is not a reinsurance agreement, nor is it a main contract, obligatory agreement, or related to proportional/non-proportional reinsurance. The classifications for insurance type and class of business are also not applicable.",False,,,,,
2005-1133016-0000909567-05-000588-t15824exv10w26.htm,"The document is a Contingent Compensation Agreement between Old Lyme Insurance Company Ltd. (OLIC) and Program Brokerage Corporation (PBC). It establishes a compensation structure whereby OLIC will pay PBC a percentage of underwriting profits derived from business produced by PBC and assumed by OLIC as reinsurance. The agreement references OLIC acting as a ""reinsurance company"" on programs developed by PBC, and OLIC assuming business placed by PBC with unaffiliated carriers. This indicates that OLIC is reinsuring risks originated by PBC.

However, the agreement does not establish the terms of the reinsurance contract itself—such as coverage limits, attachment points, ceding percentages, or risk transfer mechanics. Instead, it governs how PBC will be compensated based on the profitability of the reinsurance business it produces. This is characteristic of an incentive or commission arrangement, not the reinsurance contract.

Per the classification guidelines, referral agreements, underwriting agency agreements, and compensation arrangements between brokers and reinsurers are explicitly excluded from being classified as reinsurance agreements. This document falls within that category—it is a contingent compensation or profit-sharing agreement tied to reinsurance activity, but not a reinsurance contract itself.

Therefore, it is not a reinsurance agreement, and all downstream classifications (main contract, obligatory, proportional, etc.) are not applicable.",False,,,,,
2005-936468-0001193125-05-150203-dex102.htm,"The document is a Joint Venture Master Agreement between Lockheed Martin Corporation and The Boeing Company to form a Delaware limited liability company, referred to as the ""Company,"" for the purpose of developing and manufacturing integrated ELV (Expendable Launch Vehicle) Systems and supplying related Launch Services to the U.S. Government. The agreement outlines the contributions of assets from both members, the assumption of liabilities by the new company, governance structure, covenants, representations and warranties, indemnification, and conditions for closing.

The agreement does not involve the transfer of insurance risk from one party to another. Instead, it establishes a joint venture for the operation of a business in the aerospace sector. The transactions described pertain to the formation of a new entity, the contribution of assets and liabilities, and the ongoing operational and governance arrangements between the founding parties. There is no mention of risk transfer, premium payments, or claims settlement processes that are characteristic of reinsurance agreements.

Therefore, this document is not a reinsurance agreement, nor is it any of the ancillary agreements related to reinsurance. It is a corporate formation and operational agreement for a joint venture.",False,,,,,
2005-1294632-0000950144-05-013016-g98665exv10w19.txt,"The document is an amendment to a contract between the Arizona Health Care Cost Containment System Administration (AHCCCSA) and Health Choice Arizona. The contract outlines the provision of healthcare services to AHCCCS members, including capitation rates, covered services, program requirements, and various administrative and operational standards. The primary focus is on the delivery of healthcare services under a managed care model, with AHCCCSA paying Health Choice Arizona a fixed monthly payment per member.

The document includes a section on ""REINSURANCE"" (Section 57), which describes a stop-loss program provided by AHCCCSA to the Contractor for the partial reimbursement of covered services for a member with an acute medical condition beyond an annual deductible level. However, this reinsurance provision is a part of the broader healthcare services contract and does not constitute a standalone reinsurance agreement. The reinsurance described here is an internal risk management mechanism within the managed care contract, rather than a separate reinsurance agreement between insurance or reinsurance companies.

The document is clearly a healthcare services contract, not a reinsurance agreement. It establishes the terms under which Health Choice Arizona will provide healthcare services to AHCCCS members, including the scope of services, payment mechanisms, and performance standards. The reinsurance provision is ancillary to the main purpose of the contract, which is the delivery of healthcare services.

Therefore, while the document mentions reinsurance, it is not itself a reinsurance agreement. It is a contract for the provision of healthcare services, which includes a reinsurance component as part of its risk management structure.",False,True,,,Non-Life,Health
2005-53669-0000950137-05-005532-c95019exv10wt.htm,"The document is a Stock Purchase Agreement between IAP Worldwide Services Inc. and Johnson Controls, Inc. for the sale of all the shares of Johnson Controls World Services, Inc. This is a corporate acquisition agreement, not a reinsurance contract. The agreement outlines the terms for the purchase and sale of stock, representations and warranties, covenants, conditions to closing, and indemnification provisions. There is no mention of insurance or reinsurance transactions, risk transfer between insurers, or any other elements characteristic of a reinsurance agreement. The document is fundamentally about the transfer of ownership in a company, not the transfer of insurance risk.",False,,,,,
2005-1133016-0000909567-05-000588-t15824exv10w19.htm,"The document is an amendment to an Administrative Services and Cost Allocation Agreement between Old Lyme Insurance Company of Rhode Island, Inc. and Hub International Group Northeast Inc. (formerly Kaye Group). It outlines the compensation for administrative services provided, specifically a fee based on earned premium for part of 2004 and a fixed amount for 2005. The document references ""ceded reinsurance premiums"" and a ""loss portfolio transfer and reinsurance arrangements between Old Lyme and nSpire Re,"" which indicate that reinsurance is part of the broader context, but this specific document does not establish or modify a reinsurance contract. Instead, it governs the allocation of administrative costs and services. This type of agreement is explicitly excluded from being a reinsurance agreement under the provided definitions, as it is an administrative services agreement, not a risk transfer instrument. Therefore, it is not a reinsurance agreement. Since it is not a reinsurance agreement, all subsequent fields that depend on that classification must be set to None.",False,,,,,
2005-909109-0000893220-05-001985-w11543exv10w9.htm,"The document is a ""Reimbursement Contract"" between Mobile USA Insurance Company and the State Board of Administration of Florida, which administers the Florida Hurricane Catastrophe Fund (FHCF). The FHCF is a government insurance scheme established under Florida law to provide reimbursement to insurers for hurricane-related losses in excess of a retention, up to certain limits. According to the classification guidelines, insurance pooling agreements and government insurance schemes that fulfill a risk transfer objective similar to standard reinsurance—such as the FHCF—are considered reinsurance agreements. This contract transfers a portion of the insurance risk (specifically, hurricane losses on residential property) from the insurer to a centralized public fund, which is functionally equivalent to reinsurance.

The contract establishes the full terms of the arrangement, including scope, definitions, liability, reporting, and payment mechanisms, and is executed for a defined contract year. It is not an ancillary agreement (e.g., endorsement or amendment), but rather a standalone, comprehensive agreement. Therefore, it qualifies as a main contract.

The contract covers all qualifying hurricane losses incurred by the insurer during the contract year, based on the volume of policies written, without requiring individual underwriting per risk. This automatic risk transfer for an entire portfolio of policies meets the definition of an obligatory reinsurance agreement.

The reimbursement is calculated as a fixed percentage (45%, 75%, or 90%) of the insurer’s Ultimate Net Loss in excess of its retention. This structure—where a fixed proportion of losses above a retention is reimbursed—is characteristic of non-proportional reinsurance (specifically, an excess-of-loss arrangement), not proportional. Although the reimbursement percentage is proportional in form, the trigger based on loss occurrence and retention level aligns with non-proportional mechanisms. Moreover, the FHCF operates like a catastrophe excess-of-loss cover, which is inherently non-proportional.

The coverage applies to property insurance policies (e.g., homeowners, residential structures), which fall under Non-Life insurance. The class of business is Property, as it specifically covers physical damage to residential real and personal property caused by hurricanes.

Thus, all classification criteria are met based on the document’s content and structure.",True,True,True,non-proportional,Non-Life,Property
2005-915781-0000950134-05-006569-c93685exv10w13.txt,"The document describes a reinsurance agreement between ACIC and multiple reinsurers (American Reinsurance Company, Aspen Insurance Ltd., and Max Re Ltd.) for the fiscal year beginning January 1, 2005. It outlines the liability of the reinsurers for Workers' Compensation and Employers' Liability Business, specifying that the reinsurers will cover losses in excess of ACIC's retention up to certain limits. This structure—covering losses above a retention level—is characteristic of an excess of loss reinsurance arrangement, which is a form of non-proportional reinsurance.

The document establishes the principal terms of the reinsurance contract, including the risk covered, the layers of coverage, the parties involved, the premium terms, and termination conditions. Although it is labeled as a ""description"" of the agreement rather than the full legal contract, it contains sufficient detail to constitute a main contract, as it reflects the core terms that define the reinsurance relationship for the year. Therefore, it qualifies as a main contract.

The agreement applies automatically to all eligible Workers' Compensation and Employers' Liability policies written by ACIC during the term, indicating that it is an obligatory treaty—reinsurers are obligated to accept these risks without individual underwriting. This confirms it as an obligatory reinsurance agreement.

The structure of coverage—specific loss layers in excess of a retention—is non-proportional (excess of loss). The reinsurers do not share a fixed percentage of all premiums and losses across the portfolio, but instead cover specific excess layers. Therefore, it is classified as non-proportional.

The underlying insurance business is Workers' Compensation and Employers' Liability, which are forms of Non-Life insurance. The class of business is Casualty, as Workers' Compensation falls under casualty insurance, which covers liability arising from injuries to third parties or employees.",True,True,True,non-proportional,Non-Life,Casualty
2005-874977-0000950152-05-004065-l13693aexv10w56.htm,"The document is a Management and Operations Agreement among various insurance and non-insurance companies within the State Auto group. It outlines the provision of management and operational services by State Auto Property and Casualty Insurance Company (State Auto P&C) to other affiliated companies, including executive, administrative, underwriting, claims, and reinsurance arrangement services. It also references a separate ""2005 Pooling Agreement"" under which several of the companies cede all their insurance business to State Automobile Mutual Insurance Company and assume a percentage of the combined pool.

Although the document mentions reinsurance (""arrangement of reinsurance"") as one of the services provided, it does not itself establish a reinsurance contract. Instead, it is an agreement for shared services and operational management among affiliated companies. The actual risk transfer mechanism is governed by the separate 2005 Pooling Agreement, which is referenced but not included here.

Per the classification guidelines, documents such as Underwriting Agency Agreements or service agreements between affiliates that do not themselves transfer risk are not considered reinsurance agreements. This document is a management and operations agreement, not a risk transfer agreement. Therefore, it is not a reinsurance agreement.

Since it is not a reinsurance agreement, the downstream fields (is_main_contract, is_obligatory, etc.) must be set to None.",False,,,,,
2005-947484-0001047469-05-006594-a2150753zex-10_302.htm,"The document is an Amendment Agreement relating to a Letter of Credit and Reimbursement Agreement between Arch Reinsurance Ltd., Arch Insurance Company, and Barclays Bank PLC. It amends and restates the original facility agreement to allow Barclays Bank PLC to issue letters of credit on behalf of the Obligors (Arch Reinsurance and Arch Insurance). The document outlines the terms for issuing letters of credit, reimbursement obligations, collateral requirements, and other covenants.

The agreement is fundamentally a credit facility secured by collateral, enabling the issuance of standby letters of credit—specifically Tranche A and Tranche B Letters of Credit—for the benefit of third parties such as the Council of Lloyd's. These letters of credit serve as financial guarantees, not as risk transfer instruments between insurers and reinsurers.

According to the classification rules provided:
- Reinsurance agreements involve the transfer of insurance risk from one insurer (ceding company) to another (reinsurer).
- Letters of credit are explicitly listed as **not** considered reinsurance agreements.

This document is a financial instrument securing payment obligations via letters of credit and does not establish any risk transfer mechanism typical of reinsurance. Therefore, it is not a reinsurance agreement.

Since it is not a reinsurance agreement, all subsequent fields related to reinsurance characteristics (main contract, obligatory status, proportional/non-proportional, insurance type, class of business) must be set to `None`.",False,,,,,
2005-1273813-0001047469-05-007243-a2153292zex-10_1.htm,"The document is an employment agreement between Assured Guaranty Ltd. (and related entities) and Dominic J. Frederico for his position as Chief Executive Officer. It contains standard employment contract provisions including:
- Term of employment
- Salary and compensation details ($700,000 base salary)
- Moving allowance provisions
- Annual performance incentive plan
- Long-term incentive awards (stock options and restricted shares)
- Employee benefits description
- Termination conditions and severance provisions
- Non-competition clause (section 11 mentions ""financial guaranty insurance business"")
- Confidentiality provisions
- Arbitration clause

While Assured Guaranty appears to be an insurance company (specifically a financial guaranty insurer as referenced in section 11), this document itself is purely an employment contract and contains no provisions related to insurance coverage, risk transfer, reinsurance terms, premiums, claims handling, or any other elements of a reinsurance agreement.

The document does not meet any of the criteria for reinsurance agreements as defined in the instructions. It is not:
- A reinsurance or retrocession agreement
- An RPP contract
- A capital maintenance agreement
- A loss portfolio transfer
- A portfolio transfer related to corporate restructuring
- A catastrophe bond
- An insurance pooling agreement
- A document modifying an existing reinsurance agreement

Instead, it is clearly categorized as an employment contract, which falls outside all defined categories of reinsurance agreements. The metadata confirms this is filed as EX-10.1 (exhibit to a 10-K), which typically contains material contracts, in this case an executive employment agreement.

Since the document is not a reinsurance agreement at all, all subsequent classification fields should be set to None.",False,,,,,
2005-109261-0001104659-05-050341-a05-18468_1ex10d1.htm,"The document is titled ""Amendment No. 1 to Amended and Restated Reinsurance and Pooling Agreement"", which clearly indicates it is a modification of an existing reinsurance agreement. The original agreement involves Zenith Insurance Company, ZNAT Insurance Company, and Zenith Star Insurance Company, and this amendment updates the proportionate shares of underwriting results between Zenith and ZNAT following the merger of Zenith Star into Zenith. 

Since the document amends an existing reinsurance agreement, it falls under the category of documents that modify reinsurance contracts, which are explicitly defined as reinsurance agreements in the instructions. Therefore, it is a reinsurance agreement.

However, this is an amendment, not the original contract or a full reinsurance contract itself. It modifies an existing agreement but does not establish the principal terms of a reinsurance contract independently. Thus, it is an ancillary agreement, not a main contract.

Because it is an amendment and not a full contract, attributes such as whether it is obligatory, proportional or non-proportional, and the insurance type and class of business cannot be determined solely from this document. These characteristics would be defined in the main contract, which is not provided here.",True,False,,,,
2005-775368-0000950123-05-002760-y06166exv10w68wa.txt,"The provided document is a Stock Purchase Agreement between Darwin National Assurance Company and Ulico Casualty Company for the sale of all shares of Ulico Indemnity Company. While the document references several reinsurance-related agreements in its recitals and definitions (such as the ""Quota Share Agreement,"" ""Third-Party Reinsurance Agreements,"" ""Termination and Commutation of LPT Agreement,"" and ""Amended Termination of Pooling Agreement""), the primary subject of this document is the purchase and sale of stock. It is not itself a reinsurance agreement, but rather an agreement governing a corporate transaction that involves entities engaged in reinsurance activities. The document facilitates the transfer of ownership and includes conditions related to reinsurance contracts, but it does not establish or modify the terms of a reinsurance contract itself. Therefore, it does not meet the criteria for being classified as a reinsurance agreement.",False,,,,,
2005-1142750-0001193125-05-218407-dex101.htm,"The provided document is a ""Second Amended and Restated Credit Agreement"" between AMN Healthcare, Inc. (the Borrower), its guarantors, several lenders, and Bank of America, N.A., as the Administrative Agent. This document outlines the terms for a credit facility, including the provision of revolving loans, a Tranche B loan, and letters of credit. The agreement details the obligations, covenants, representations, and conditions related to the borrowing of funds and the repayment thereof.

The document explicitly defines its nature in the opening sections, referring to itself as a ""Credit Agreement"" and detailing financial instruments such as loans, interest rates, and repayment schedules. It includes provisions for the issuance of letters of credit and outlines the rights and responsibilities of the parties involved in the lending and borrowing of funds.

The key indicators that this is not a reinsurance agreement include:
- The document is titled a ""Credit Agreement.""
- It involves the lending of money from lenders to a borrower, with specific terms for interest, repayment, and covenants.
- The parties involved are a borrower, lenders, and an administrative agent, which are typical in a credit agreement but not in a reinsurance agreement.
- The document includes financial covenants, representations, and conditions that are characteristic of a credit facility, not a reinsurance contract.

Given these points, the document is clearly a credit agreement, not a reinsurance agreement.",False,,,,,
2005-813461-0000892569-05-000125-a06513exv10w7.txt,"The document is the ""Fourth Amended and Restated Master Collateral Assignment Agreement."" Its primary purpose is to secure the payment obligations of Western Financial Bank and WFS Financial Auto Loans 2, Inc. (WFAL2) under certain reinvestment contracts (RICs) and a Master RIC Reimbursement Agreement by pledging collateral to a Master Collateral Agent for the benefit of Financial Security Assurance Inc. (Financial Security), the Indenture Trustee, and the Collateral Agent.

The agreement details the types of collateral (e.g., mortgage loans, auto loans, securities), the establishment of a collateral account, procedures for delivering and releasing collateral, and remedies in case of default. It also includes provisions for the role and duties of the Master Collateral Agent.

Section 8.07(b) mentions that Financial Security ""shall have the right to give participations in its rights under this Agreement and to enter into contracts of reinsurance with respect to any Policy issued in connection with any of the Trusts."" However, this clause merely grants Financial Security the right to enter into reinsurance; it does not make the Master Collateral Assignment Agreement itself a reinsurance contract. The agreement is fundamentally a security and collateral assignment arrangement to support obligations under RICs and reimbursement agreements, not a risk transfer agreement between insurers or reinsurers.

Therefore, while reinsurance is mentioned as a possible future action by one of the parties, the document itself is not a reinsurance agreement.",False,,,,,
2005-1015859-0000950152-05-002127-l12279aexv10w22.txt,"The document is a Hotel Purchase and Sale Agreement, which details the sale of a hotel property (Hotel 71 in Chicago, Illinois) from Boykin Chicago L.L.C. (Seller) to The Falor Companies, Inc. (Purchaser). It covers the transfer of real property, personal property, contracts, permits, and other assets associated with the hotel. The document outlines the purchase price, due diligence period, closing conditions, prorations, representations and warranties, and other standard provisions of a real estate transaction.

This document is not a reinsurance agreement. It does not involve the transfer of insurance risk between insurers or reinsurers. Instead, it is a straightforward real estate transaction for the sale of a hotel. The listed exclusions for reinsurance agreements explicitly state that direct insurance contracts and real estate sale agreements are not reinsurance. Therefore, this document does not meet any of the criteria for being classified as a reinsurance agreement.",False,,,,,
2005-1273813-0001047469-05-007243-a2153292zex-10_2.htm,"The document is an employment agreement between Assured Guaranty Ltd. and Robert Mills, outlining terms of employment including salary, bonuses, benefits, termination conditions, non-competition, and confidentiality. It does not involve the transfer of insurance risk from one insurer to another, nor does it contain any terms typical of reinsurance such as ceding of premiums, assumption of liabilities, or risk-sharing mechanisms. Instead, it is a standard executive employment contract, which is explicitly excluded from the definition of a reinsurance agreement. Therefore, it is not a reinsurance agreement, and all subsequent reinsurance-specific classification fields are not applicable.",False,,,,,
2005-1133421-0001193125-05-041833-dex10hh.htm,"The document is a group accident insurance policy issued by the Life Insurance Company of North America to the Trustee of the Group Insurance Trust for Employers in the Manufacturing Industry, covering employees of Northrop Grumman Corporation. It provides benefits for accidental death, dismemberment, and related injuries, with specific coverage details outlined in the Schedules of Benefits and Description of Coverages and Benefits sections.

The policy explicitly states: ""THIS IS A GROUP ACCIDENT ONLY INSURANCE POLICY. IT DOES NOT PAY BENEFITS FOR LOSS CAUSED BY SICKNESS."" This confirms it is a direct insurance contract covering individual employees for accidental injuries and death, not a reinsurance agreement.

Reinsurance agreements involve one insurer (the reinsurer) assuming part of the risk from another insurer (the ceding company) to reduce its exposure. This document does not involve such a risk transfer between insurers; instead, it is a direct policy between an insurer and a policyholder (the trust) for employee benefits.

Therefore, the document is not a reinsurance agreement. As a result, all subsequent fields related to reinsurance classification (is_main_contract, is_obligatory, etc.) must be set to None.",False,,,,,
2005-1079577-0001193125-05-046514-dex1020.htm,"The document is titled ""GROUP DISABILITY INCOME REINSURANCE AGREEMENT"" and is explicitly structured as a reinsurance agreement between The Northwestern Mutual Life Insurance Company (""ceding company"") and Standard Insurance Company (""reinsurer""). It outlines the cession and acceptance of risk on group long-term and short-term disability insurance policies, which are forms of group disability income insurance. The agreement includes standard reinsurance terms such as automatic reinsurance, liability of the reinsurer, premium calculations, claims reimbursement, recapture provisions, and dispute resolution via arbitration. It also references exhibits that define key terms like Reinsurer's Risk Share and Reinsurance Premium Percentage.

The document establishes a full reinsurance contract with comprehensive terms governing the risk transfer, including proportional sharing of premiums and claims based on a defined ""Reinsurer's Risk Share."" This indicates it is a proportional reinsurance arrangement (e.g., quota share style), where the reinsurer takes a fixed percentage of both premiums and losses. The agreement applies to all in-force and future group disability policies administered by the reinsurer, indicating it is an obligatory treaty—automatically covering all eligible policies without individual underwriting per risk.

The insurance type is clearly non-life, as it pertains to disability income insurance, which falls under health-related non-life coverages. The class of business is ""Health,"" as group disability insurance is a core health insurance product, especially in the group benefits space.

The document is not ancillary—it is the main reinsurance contract, as it contains all principal terms, effective dates, and mechanisms for risk transfer, premium payment, and claims handling. It also supersedes a prior reinsurance treaty, indicating it is a full, standalone, and binding reinsurance agreement.",True,True,True,proportional,Non-Life,Health
2005-743532-0001193125-05-049471-dex10b.htm,"The document is an Insurance Pooling Agreement among Alfa Mutual Insurance Company and several associated insurance companies. It establishes a risk-sharing arrangement where each company cedes 100% of its book of business to the others and agrees to share premiums, losses, and expenses in proportion to their participation percentages (as defined in Exhibit I). This type of agreement involves the transfer of insurance risk among affiliated insurers for the purpose of risk diversification and solvency protection, which aligns with the definition of a reinsurance agreement under the provided criteria. Specifically, ""Insurance pooling agreements [...] that fulfill a risk transfer objective similar to standard reinsurance"" are explicitly listed as reinsurance agreements.

The agreement contains all principal terms, including cession of in-force business, ongoing risk transfer, proportional sharing of premiums and losses, accounting procedures, and catastrophe allocations. It is not merely an ancillary document but establishes the core risk-sharing relationship — thus qualifying as a main contract.

The risk transfer is obligatory and applies to all business written by the participants, not on a case-by-case basis. Therefore, it is an obligatory reinsurance arrangement.

The structure is inherently proportional — all parties share premiums and losses in fixed percentages (e.g., 18%, 13%, etc.), which is characteristic of a proportional (quota share) reinsurance arrangement. Although catastrophe loss allocations differ by layer (Exhibit II), these are secondary adjustments and do not override the fundamental proportional nature of the pooling.

The document does not specify life insurance products; instead, the names of the companies (e.g., Fire, General, Specialty, Vision Insurance) and the mention of catastrophe events (windstorm, hail, hurricane) strongly suggest property and casualty coverage. This indicates a Non-Life insurance context.

The primary lines of business involved appear to include property and casualty, with possible specialty lines. Given the pooling of general insurance operations and the focus on catastrophe risk, the most accurate classification is ""Multi-Line"" within Non-Life, as it combines multiple classes.",True,True,True,proportional,Non-Life,Multi-Line
2005-1273813-0001047469-05-007243-a2153292zex-10_4.htm,"The document is an employment agreement between Assured Guaranty Ltd. and James Michener for the position of General Counsel. It outlines terms of employment, including salary, benefits, termination conditions, noncompetition, and confidentiality clauses. The document does not involve any insurance or reinsurance risk transfer, nor does it reference any reinsurance contract, retrocession, or related risk-sharing mechanism. It is strictly a contract for personal services and employment.

Given that the document is an employment agreement and not related to the transfer of insurance risk between insurers and reinsurers, it does not meet any of the criteria for being classified as a reinsurance agreement. Therefore, all subsequent classification fields that depend on the document being a reinsurance agreement are set to None.",False,,,,,
2005-1045829-0001045829-05-000041-exhibit10_4.txt,"The document is an amendment (Amendment Number: 10) to an existing contract (Contract No.: YH04-0001) between the Arizona Health Care Cost Containment System Administration (AHCCCS) and Phoenix Health Plan/Community Connection. It modifies the terms of the original contract but does not establish a new, independent agreement. The original contract, as described in the document, is a health care services agreement for a managed care organization providing services to Medicaid and SCHIP beneficiaries in Arizona.

While the document mentions ""Reinsurance"" in Section C (Definitions) and Section 57, this refers to a ""stop-loss program"" provided by AHCCCS to the Contractor to reimburse the contractor for certain catastrophic medical expenses incurred on behalf of members. This is a risk-sharing mechanism from the government payer (AHCCCS) to the provider (the health plan), which is a common feature in public health insurance contracts. This is not a reinsurance agreement as defined in the instructions. A reinsurance agreement is a contract between an insurer and a reinsurer, where the reinsurer assumes part of the risk from the insurer's portfolio. Here, AHCCCS is the primary insurer, and the health plan is the service provider, not an insurer in the traditional sense. Therefore, the document itself is not a reinsurance agreement.

Since it is not a reinsurance agreement, the subsequent questions about it being a main contract, obligatory, proportional, insurance type, and class of business are not applicable.",False,,,,,
2005-775368-0000950123-05-002760-y06166exv10w68wb.txt,"The document provided is a list of exhibits and schedules to a stock purchase agreement. It does not itself constitute a reinsurance agreement but rather references other documents, including Exhibit E, which is titled ""100% Quota Share Reinsurance Agreement."" However, this document only lists the existence of that agreement and does not contain its terms or substance. Therefore, this specific document is not a reinsurance agreement but an ancillary list of exhibits. Since it does not establish a reinsurance contract or contain its principal terms, it cannot be classified as a main contract, nor can its type, structure, or obligations be determined from this list alone.",False,,,,,
2005-1296435-0001047469-05-008551-a2154656zex-10_10.htm,"The document is a Credit Agreement between Neenah Paper, Inc., its subsidiaries, financial institutions, and JPMorgan Chase Bank, N.A. acting as an agent. The agreement outlines the terms for loans, letters of credit, interest rates, and other financial obligations. It includes provisions for collateral, conditions for loans, representations and warranties, covenants, and events of default. The document does not mention any reinsurance or insurance-related terms, nor does it involve risk transfer from an insurer to a reinsurer. Instead, it is a financial agreement focused on lending and borrowing of funds, which is fundamentally different from a reinsurance agreement. Therefore, this document is not a reinsurance agreement.",False,,,,,
2005-1289592-0001125282-05-001498-b405557ex_10-37.txt,"The document is a Managing General Agency Agreement between Virginia Surety Company, Inc. (the ""Company"") and Tower Risk Management Corporation (the ""Agent""). Its primary purpose is to appoint the Agent to perform various functions on behalf of the Company, including soliciting, underwriting, issuing, and servicing insurance policies, as well as handling claims and accounting/reporting responsibilities.

Although the document references reinsurance agreements multiple times—such as the ""Multiple Line Quota Share Reinsurance Agreement"" and others listed in Exhibit C—it does not itself constitute a reinsurance agreement. Instead, it is an agreement that governs the relationship between an insurer and a managing general agent, including the agent's responsibilities in servicing existing reinsurance arrangements. The Agent is authorized to service Reinsurance Agreements and process reinsurance premiums and collections, but it does not establish the terms of reinsurance coverage.

Per the classification criteria, documents that are NOT considered reinsurance agreements include Underwriting Agency Agreements between reinsurance companies and reinsurance underwriting management companies or agents. This document falls squarely into that excluded category.

Since it is not a reinsurance agreement, all downstream fields related to the nature of the reinsurance contract (main contract, obligatory, proportional, etc.) must be set to 'None'.",False,,,,,
2005-1320092-0001193125-05-225712-dex1020.htm,"The document is titled ""All Lines Quota Share Reinsurance Agreements"" and explicitly refers to a quota share arrangement, which is a form of proportional reinsurance. The structure includes ceding percentages (e.g., 40%, 60%), sliding scale commissions, loss ratios, and profit-sharing mechanisms—all hallmarks of a reinsurance agreement. The document outlines terms for multiple years (2006–2008), suggesting it is a renewal or continuation of an existing arrangement. It includes standard reinsurance provisions such as a non-compete clause, profit-sharing adjustments, and collateral requirements based on AM Best ratings, further confirming its nature as a reinsurance contract.

The term ""Term Sheet"" in the metadata and exhibit title suggests it may not be the full executed contract, but it contains all principal terms (participation levels, commission structure, loss ratio caps, profit share, and collateral triggers), which qualifies it as a main contract under the provided definitions.

The agreement covers ""All Lines,"" indicating multiple classes of business, but the ceding company (Republic Underwriters Insurance Company) operates in the property and casualty space, and the inclusion of sliding scales and loss ratios is typical of Non-Life (property and casualty) reinsurance. Given the broad scope (""All Lines"") and the absence of any indication of life insurance elements, the primary classification defaults to Non-Life with a ""Multi-Line"" class of business, as it spans multiple lines including likely Property and Casualty.

The quota share structure means the reinsurer assumes a fixed proportion of all risks, which defines it as an obligatory reinsurance contract. Furthermore, because it is a quota share, the contract is inherently proportional.

Thus, all classification fields can be determined based on the document content and metadata.",True,True,True,proportional,Non-Life,Multi-Line
2005-1040554-0001193125-05-214006-dex101.htm,"The document is a Purchase and Sale Agreement for commercial real estate properties located in Phoenix and Tucson, Arizona. It outlines the terms for the sale of real property, including buildings, improvements, leases, and associated personal and intangible property. The agreement involves the transfer of ownership from CarrAmerica U.S. West, LLC to Transwestern Investment Company and includes provisions related to due diligence, title review, closing conditions, prorations, representations, warranties, and default remedies.

This document does not involve any insurance or reinsurance arrangements. It is a real estate transaction agreement and does not contain any elements of risk transfer through insurance mechanisms. The mention of ""reinsurance"" in Article 3.1 (""Purchaser shall have the right to request that the Title Company provide at Purchaser's sole cost and expense any reinsurance or endorsements Purchaser shall request"") refers to title insurance reinsurance, which is not a reinsurance agreement in the context of insurance contracts but rather a standard provision in real estate transactions related to title insurance policies. This does not constitute a reinsurance agreement as defined in the classification criteria.

Therefore, this document is not a reinsurance agreement, nor is it related to insurance or risk transfer in the manner defined by the provided categories.",False,,,,,
2005-898174-0000950137-05-002539-c92597exv10w23.txt,"The document is titled ""Amendment No. 2 to First Amended and Restated Credit Agreement"" and pertains to a credit agreement between Reinsurance Group of America, Incorporated (RGA) and several banks, with The Bank of New York acting as Administrative Agent. The content outlines amendments to an existing credit agreement, including changes to definitions and representations, and specifies conditions for effectiveness. The agreement involves financial covenants, affiliate transactions, and governance under New York law, which are typical of credit or loan agreements.

Although the borrower is a reinsurance company (RGA), the document itself is not a reinsurance agreement. Instead, it is a financial instrument related to corporate borrowing and lending. According to the classification criteria, credit agreements, loans, and similar credit instruments are explicitly excluded from the definition of reinsurance agreements, even if they involve a reinsurance company as a party.

Therefore, this document is not a reinsurance agreement, nor does it establish or modify a reinsurance contract. It is a corporate credit agreement amendment. As such, all downstream fields related to reinsurance contract classification (main contract, obligatory, etc.) must be set to None, as they are not applicable.",False,,,,,
2005-1137048-0000909567-05-001761-t18405exv10w43.txt,"The provided document is a Credit Agreement, which is a financial contract between Odyssey Re Holdings Corp. (the borrower) and a group of lenders, led by Wachovia Bank, National Association, to establish a revolving credit facility. This document outlines the terms for borrowing, interest rates, fees, covenants, and other conditions related to the loan. It is fundamentally a credit facility agreement, not a reinsurance agreement.

The document mentions ""Reinsurance Agreements"" multiple times, particularly in the definitions section and in various covenants and representations (e.g., Section 5.18 and Section 7.13). However, these mentions are in the context of the borrower's existing business activities and obligations, not as the subject of the Credit Agreement itself. The Credit Agreement is securing the borrower's obligations through the lenders' commitments and collateral, not transferring insurance risk.

Therefore, the document is a loan or credit agreement, which falls under the category of ""Bonds, loans and credit instruments"" in the list of documents that are NOT considered reinsurance agreements. It does not establish a contract to transfer risk from an insurer to a reinsurer, which is the defining characteristic of a reinsurance agreement.

Since it is not a reinsurance agreement, all subsequent fields (is_main_contract, is_obligatory, proportional_or_non_proportional, insurance_type, class_of_business) are not applicable and should be set to None.",False,,,,,
2005-1218320-0000950144-05-005287-g95040exv10w3.htm,"The document provided is a ""Revolving Loan Agreement"" between several development companies, a guarantor, and Wachovia Bank. It outlines the terms for a $40 million revolving line of credit to be used for real estate development activities, including land acquisition and development in St. Lucie County, Florida. The agreement includes provisions for loan disbursement, security interests in real and personal property, covenants, representations, warranties, default conditions, and remedies.

This document is a standard commercial loan agreement and contains no elements related to insurance or reinsurance. It does not transfer insurance risk, establish reinsurance terms, or reference any underlying insurance policies or portfolios. Instead, it is a financial lending instrument secured by real estate and related assets.

Based on the definitions provided, documents that are not reinsurance agreements include bonds, loans, and credit instruments. This document is explicitly a loan agreement, which falls under the category of instruments that are not considered reinsurance agreements.

Therefore, the document is not a reinsurance agreement, and all subsequent fields that depend on it being a reinsurance contract must be set to None or False accordingly.",False,,,,,
2005-743532-0001193125-05-049471-dex10d.htm,"The document is a Managing General Agent's Agreement between ALFA VISION INSURANCE CORPORATION (the ""Insurer"") and THE VISION INSURANCE GROUP, LLC (the ""MGA""). The agreement appoints the MGA to perform various functions on behalf of the Insurer, including solicitation, underwriting, policy issuance, premium collection, claims handling, and compliance with regulatory requirements. The MGA is authorized to bind private passenger automobile insurance policies within specified limits and territories, and is compensated through commissions and fees.

The agreement does not involve the transfer of insurance risk from one insurer to another, which is the defining characteristic of reinsurance. Instead, it establishes a relationship where the MGA acts as an agent for the Insurer in the production and servicing of direct insurance policies. Article III.27 explicitly prohibits the MGA from binding any reinsurance or retrocession on behalf of the Insurer, further confirming that this is not a reinsurance arrangement.

Since the document is not a reinsurance agreement, the subsequent classification fields (is_main_contract, is_obligatory, etc.) are not applicable and should be set to None.",False,,,,,
2005-1300514-0001193125-05-108519-dex1067.htm,"The document is a ""First Amendment to Master Disbursement Agreement"" related to a construction and financing project for a casino resort and mall in Las Vegas. It involves parties such as Lido Casino Resort, LLC, Phase II Mall entities, and financial institutions like The Bank of Nova Scotia and Goldman Sachs Credit Partners. The agreement outlines procedures for disbursement of funds for the development of the Phase II Hotel/Casino and Phase II Mall. It also references loan agreements, security agreements, and title insurance policies, but these are in the context of real estate and construction financing.

There is no mention of risk transfer from an insurer to a reinsurer, ceding of insurance liabilities, reinsurance premiums, retrocession, or any core reinsurance mechanism. The reference to ""reinsured by such reinsurance as is satisfactory"" in the definition of ""Title Policies"" pertains to title insurance reinsurance, which is not the focus of the document and does not make the document itself a reinsurance agreement.

The document is an amendment to a disbursement agreement, which is a financial and construction funding mechanism, not an insurance or reinsurance contract. Therefore, it does not meet any of the criteria for being classified as a reinsurance agreement.",False,,,,,
2005-59558-0001193125-05-047973-dex10ll.htm,"The document is titled ""Fourth Amended and Restated Letter of Credit and Reimbursement Agreement"" and involves Lincoln National Corporation, its subsidiary account parties, and multiple banks, including JPMorgan Chase Bank as administrative agent. The agreement establishes a $900,000,000 letter of credit facility, outlines commitment amounts from various banks, and details terms for issuance, reimbursement, fees, and conditions precedent.

Despite the presence of entities like ""Lincoln National Reinsurance Company (Barbados) Limited"" as a party, the substance of the agreement is financial in nature, focusing on letters of credit and reimbursement obligations. Letters of credit are explicitly listed in the instructions as *not* being reinsurance agreements. The document does not contain terms typical of reinsurance contracts, such as ceding of risk, premium sharing, loss payments, or treaty terms. Instead, it governs credit facilities and financial assurances.

Therefore, this is a financial instrument securing payment obligations, not a risk transfer agreement in the form of reinsurance.",False,,,,,
2005-1064122-0000898080-05-000165-ex10-56.txt,"The provided document is a ""Security Trust Agreement"" established between Scottish Re Life (Bermuda) Limited (Grantor), Security Life of Denver International Limited (Beneficiary), and The Bank of New York (acting as both Trustee and Securities Intermediary). The purpose of this agreement is to create a trust account (the Security Trust Account) funded with assets equal to $330,000,000 to secure the Grantor's obligations arising under one or more Reinsurance Agreements.

Key observations:
- The document explicitly references ""Reinsurance Agreements"" in the preamble and throughout, indicating that those agreements exist separately and are the primary contracts governing the reinsurance relationship.
- This Security Trust Agreement is designed to secure performance under those Reinsurance Agreements, specifically to fund recapture payments or reserve shortfalls upon the occurrence of a Triggering Event.
- The agreement does not establish the terms of reinsurance coverage (such as risk transfer, premiums, limits, or scope of coverage). Instead, it governs the deposit, management, and withdrawal of collateral assets.
- It includes provisions for valuation, investment, withdrawal rights by both parties under certain conditions, and termination, all centered around the secured trust account.

This document is ancillary to the actual reinsurance contract(s). It is a security arrangement, similar to a collateral trust or escrow agreement, used to support obligations under the reinsurance agreements. It does not itself transfer insurance risk or define the reinsurance terms.

Therefore:
- It is not a reinsurance agreement per se, but rather a financial security mechanism supporting one.
- It is not a main reinsurance contract, nor is it obligatory or proportional/non-proportional in nature.
- Since it is not a reinsurance agreement, the downstream fields (is_main_contract, is_obligatory, etc.) must be set to None.",False,,,,,
2005-773660-0000950134-05-015208-d27571exv10w97.txt,"The document is titled ""ASSUMPTION REINSURANCE AND MARKETING AGREEMENT"" and explicitly describes a reinsurance arrangement where ATAC cedes 100% of its liability for certain health insurance policies to CHESAPEAKE on an assumption basis. Key evidence includes Section 2 stating ""ATAC agrees to transfer, assign, cede, deliver and convey to CHESAPEAKE all of the rights, privileges and prerogatives of ATAC in and to the ATAC Assumed Policies"" and Section 3 stating ""CHESAPEAKE agrees to fully reinsure and assume all of the rights and liabilities of ATAC... under and or relating to the ATAC Assumed Policies."" This qualifies as a reinsurance agreement per the definitions provided.

The document establishes the main reinsurance contract rather than being an ancillary agreement, as it contains all principal terms including policy definitions, cession terms, assumption of obligations, premium arrangements, and conversion provisions.

It is an obligatory reinsurance agreement because it transfers risk from all insureds in a specific portfolio (all group health insurance policies with groups of 75 or fewer subscribers), meeting the definition of ""agreements which transfer risk from all insureds in one or more specific portfolios.""

The arrangement is proportional reinsurance (specifically 100% quota share) as evidenced by Section 4.1 stating CHESAPEAKE ""shall be entitled to collect, retain and invest an amount equal to 100% of the premiums collected on the ATAC Assumed Policies."" The profit/loss adjustments based on loss ratios (Sections 8.3.1-8.3.4) are consistent with proportional arrangements.

The document pertains to health insurance, which falls under Non-Life insurance per the definitions (explicitly including ""Medical Expenses"" in Non-Life products). The class of business is specifically ""Health"" as the policies reinsured are described as ""group health insurance with respect to groups of 75 or fewer subscribers.""",True,True,True,proportional,Non-Life,Health
2005-315293-0001104659-05-021676-a05-8045_1ex10d1.htm,"The document is an Employment Agreement between Aon Corporation and Gregory C. Case. It outlines the terms of employment, including position, compensation, benefits, termination conditions, and restrictive covenants such as noncompetition and confidentiality. The document does not involve any insurance or reinsurance risk transfer. Instead, it is a contract for executive employment. Therefore, it is not a reinsurance agreement or any type of insurance contract. It pertains solely to employment terms and conditions.",False,,,,,
2005-1095997-0001104659-05-039719-a05-14832_1ex10d3.htm,"The document is a ""PURCHASE AGREEMENT"" for $40,000,000 aggregate principal amount of 11% Senior Secured Notes due 2012 issued by Diamond Jo Worth, LLC and Diamond Jo Worth Corp. The agreement outlines the terms for the issuance and sale of these notes to Jefferies & Company, Inc., the initial purchaser. It includes provisions related to the Indenture, Security Documents, collateral, and other operational documents related to financing the design, development, construction, and operation of the Diamond Jo Worth Casino in Iowa.

The document is fundamentally a securities purchase agreement involving senior secured notes, which are debt instruments. It does not involve any transfer of insurance risk from one insurer to another, which is the core function of a reinsurance agreement. Instead, it pertains to corporate financing through debt issuance secured by company assets.

The referenced documents include an Indenture, Security Documents, a Construction Contract, and a Management Services Agreement—all related to project financing and operations, not risk transfer between insurers.

Therefore, this document is not a reinsurance agreement, nor is it any of the ancillary documents related to reinsurance such as retrocession agreements, loss portfolio transfers, or catastrophe bonds. It is a financial instrument related to corporate debt financing.",False,,,,,
2005-874977-0000950152-05-002015-l11501aexv10w43.htm,"The document is titled ""PROPERTY CATASTROPHE OVERLYING EXCESS OF LOSS REINSURANCE CONTRACT"" and clearly establishes a reinsurance agreement between multiple insurance companies (the ""Company"") and State Auto Property and Casualty Insurance Company (the ""Reinsurer""). It includes standard reinsurance contract elements such as business covered, exclusions, term, territory, limit and retention, ultimate net loss definition, and premium. The structure, language, and clauses (e.g., arbitration, insolvency, offset, access to records) are typical of a reinsurance treaty.

The contract provides excess of loss coverage for catastrophe events involving property insurance, triggered when the ceding companies sustain a loss in excess of $120 million per occurrence, with a maximum recoverable amount (Cat Cover Cap) of $100 million. This is a non-proportional reinsurance arrangement because it indemnifies the ceding company for losses above a specified retention level, not based on a percentage of premiums or losses.

The document constitutes a main contract, as it contains all principal terms of the reinsurance agreement, including scope, limits, exclusions, and payment terms. It is not merely an endorsement or ancillary document.

It is an obligatory reinsurance agreement because it covers all eligible risks within defined portfolios (e.g., property coverages under Fire, Allied Lines, Homeowners, etc.) without requiring individual risk acceptance. This is a treaty-style arrangement.

The insurance type is Non-Life, as it covers property-related perils such as fire, windstorm, hail, and other physical damage. The class of business is Property, as the coverage is explicitly limited to property coverages and excludes casualty and other lines.",True,True,True,non-proportional,Non-Life,Property
2005-875159-0000930413-05-003458-c37121_ex10-4.txt,"The provided document is an employment agreement between XL Capital Ltd and Clive Tobin, an executive. It outlines the terms and conditions of employment, including position, compensation, benefits, termination provisions, non-compete and confidentiality clauses, and other employment-related terms. There is no mention of any insurance or reinsurance contract, risk transfer, or any arrangement related to the ceding or assuming of insurance liabilities. Instead, it is a standard executive employment contract.

According to the classification rules, reinsurance agreements include contracts such as reinsurance, retrocession, loss portfolio transfers, catastrophe bonds, and documents that modify such agreements. Employment agreements, even when involving executives in insurance or reinsurance companies, are not considered reinsurance agreements. The document does not establish any risk transfer mechanism between insurers and reinsurers.

Therefore, this document is not a reinsurance agreement, and all downstream classifications (main contract, obligatory, proportional, etc.) are not applicable.",False,,,,,
2005-86312-0001104659-05-037318-a05-12625_1ex10d1.htm,"The document is a ""FIVE YEAR CREDIT AGREEMENT"" between The St. Paul Travelers Companies, Inc. (the Borrower) and various financial institutions (the Lenders). It establishes a $1,000,000,000 revolving credit facility, allowing the Borrower to draw funds, issue letters of credit, and make competitive bid advances. The document details the terms of the loan, including interest rates, repayment schedules, fees, covenants, and events of default.

According to the provided classification rules, the following are NOT considered reinsurance agreements:
  - Bonds, loans and credit instruments except for Catastrophe Bonds and other Insurance Linked Securities as described above

This document is a standard credit agreement, which is a loan instrument. It is not a Catastrophe Bond or an Insurance Linked Security. Therefore, it is not a reinsurance agreement.

Since the document is not a reinsurance agreement, the subsequent fields (is_main_contract, is_obligatory, proportional_or_non_proportional, insurance_type, class_of_business) are not applicable and should be set to None.",False,,,,,
2005-1311370-0001193125-05-126336-dex105.htm,"The document is an Insurance Matters Agreement between Lazard Group LLC and LFCM Holdings LLC, created in connection with a corporate separation. It governs the allocation of rights and responsibilities regarding existing insurance policies, including how claims will be handled, how deductibles and self-insured retentions will be paid, and how insurance proceeds will be shared between the parties post-separation. The agreement references specific insurance policies (e.g., Errors and Omissions and D&O policies), but it does not itself transfer risk from one insurer to another or constitute a reinsurance contract. Instead, it outlines how the parties will manage and share access to existing insurance coverage.

The agreement explicitly states in Section 2.7 that it ""shall not be considered as an attempted assignment of any policy of insurance or as a contract of insurance."" This confirms that the document is not an insurance or reinsurance agreement, but rather a corporate allocation agreement regarding insurance rights.

Therefore, the document is not a reinsurance agreement, nor does it establish a reinsurance contract. It is an ancillary agreement related to a corporate separation that deals with insurance matters, but it does not itself constitute reinsurance.",False,,,,,
2005-1013609-0001193125-05-052496-dex1083.htm,"The document is a ""Cover Note"" for a First - Third Excess of Loss Reinsurance Agreement, which explicitly states it confirms the terms and conditions of reinsurance. This qualifies as a reinsurance agreement under the provided definition, as it is an excess of loss contract, which is a standard form of non-proportional reinsurance.

The cover note contains all principal terms of the agreement, including the parties involved, the effective date, the layers of coverage, retentions, limits, premium, exclusions, and various clauses (e.g., attachment of liability, accounting, and arbitration). It also references predecessor contracts and includes detailed business covered. As such, it functions as a main contract, not merely an ancillary document like an endorsement or amendment.

The agreement is structured as an excess of loss treaty covering multiple policies within defined classes (e.g., physicians, hospitals, managed care), indicating that it is obligatory—meaning the reinsurer automatically covers all qualifying risks without individual underwriting per risk.

The structure is clearly non-proportional, as it involves excess of loss layers with specified retentions and limits per loss, not a proportional sharing of premiums and losses.

The business covered—professional liability for physicians, hospitals, and managed care organizations—falls under liability insurance for healthcare providers, which is a form of casualty insurance. This is categorized under Non-Life insurance.

The class of business is ""Casualty,"" as it involves liability coverage for professional services (medical malpractice), which is a core component of casualty reinsurance.",True,True,True,non-proportional,Non-Life,Casualty
2005-1062822-0000950129-05-002315-h23229exv10w18.txt,"The provided document is a ""Loan and Security Agreement"" between a borrower (LEX-GEN WOODLANDS, L.P.) and a lender (iSTAR FINANCIAL INC.). The document outlines the terms of a $34,000,000 loan, including the interest rate, repayment schedule, collateral, and conditions for default. It includes provisions for security interests in the borrower's property, financial covenants, and remedies available to the lender in case of default.

This document is fundamentally a financing agreement, not an insurance or reinsurance contract. It does not involve the transfer of risk from an insurer to a reinsurer. Instead, it is a secured loan where the borrower pledges real and personal property as collateral to secure the repayment of a debt.

Based on the provided definitions, this document does not fall into any of the categories that constitute a reinsurance agreement. It is not a reinsurance or retrocession agreement, nor is it a Reinstatement Premium Protection contract, a Capital Maintenance agreement, or a retrospective reinsurance agreement. It is also not a portfolio transfer or an Insurance Linked Security. It is simply a standard loan agreement secured by a mortgage and other collateral.

Since the document is not a reinsurance agreement, the subsequent questions regarding whether it is a main contract, obligatory, proportional, and its insurance type and class of business are not applicable.",False,,,,,
2005-29915-0001047469-05-004197-a2151917zex-10_s.htm,"The document is a Summary Plan Description (SPD) for The Dow Chemical Company's group life insurance plans, specifically the Company-Paid, Employee-Paid, and Dependent Life Insurance Plans. It outlines coverage details, eligibility, enrollment, benefits, funding, and claims procedures for employees and their dependents. The plans are funded through group term life insurance policies underwritten by Metropolitan Life Insurance Company (MetLife), with some coverage also involving Dorinco Reinsurance Company via a joint insurance arrangement approved under ERISA.

Despite the mention of reinsurance (via the joint insurance arrangement with Dorinco), the document itself is not a reinsurance agreement. Instead, it is a direct group life insurance plan offered to employees — a classic example of a primary insurance arrangement. The joint insurance arrangement is a risk-sharing mechanism between insurers (MetLife and Dorinco) but does not transform the underlying plan into a reinsurance contract. The document does not establish a reinsurance or retrocession agreement between insurers or reinsurers.

According to the provided classification criteria, direct insurance contracts — including group life insurance policies — are explicitly not considered reinsurance agreements. The document is also not an ancillary or modifying agreement to a reinsurance contract, nor does it fall under any of the listed types of reinsurance (e.g., retrocession, catastrophe bonds, etc.).

Therefore, the document is a direct life insurance policy, not a reinsurance agreement.",False,,,,,
2005-847431-0000950152-05-008932-j1686501exv10w2.htm,"The document is a Taxation Deed entered into between MMO EU Limited (the Seller), NYMAGIC, INC. (the Guarantor), the Purchasers, and MMO UK Limited (the Company). It is made pursuant to a Share Sale Agreement for the sale and purchase of the issued share capital of the Company. The deed primarily addresses tax-related covenants, indemnities, and procedures concerning the Company’s tax liabilities arising from events before completion of the share sale.

The document contains covenants by the Seller to pay the Purchasers for certain tax liabilities of the Company related to pre-completion events, limitations on such liabilities, provisions for rebate if the Purchasers receive a recovery, procedures for handling tax claims, gross-up and withholding provisions, payment terms, and arrangements related to group tax relief. It also includes a guarantee by NYMAGIC, Inc. for the Seller’s obligations.

Despite references to insurance-related entities (e.g., the Company appears to be part of a Lloyd’s-related structure, with references to ""Lloyd's -- MMO Agreement"" and ""technical provisions"" under the Finance Act 2000), the document itself does not establish or modify any reinsurance or retrocession agreement. Instead, it governs tax indemnities and obligations arising from a corporate share sale transaction. It does not transfer insurance risk, set reinsurance terms, or define ceded premiums or losses between insurers and reinsurers.

Therefore, the document is not a reinsurance agreement or any of its ancillary forms (e.g., retrocession, RPP, LPT, etc.). It is a tax indemnity deed tied to a share purchase, which falls outside the defined scope of reinsurance agreements.",False,,,,,
2005-909109-0000893220-05-001985-w11543exv10w8.htm,"The document is a Reimbursement Contract between Liberty American Insurance Company and the State Board of Administration of Florida, which administers the Florida Hurricane Catastrophe Fund (FHCF). The FHCF is a government insurance scheme established under Florida Statutes to provide reimbursement to insurers for hurricane-related losses on residential property policies in Florida. According to the classification guidelines, government insurance schemes that fulfill a risk transfer objective similar to standard reinsurance—such as the FHCF, NFIP, and CEA—are considered reinsurance agreements.

The contract provides for reimbursement of ""Ultimate Net Loss"" on Covered Policies in excess of the insurer’s Retention, following a Loss Occurrence (i.e., a hurricane), up to certain limits and subject to available funding. This is a classic non-proportional reinsurance mechanism, specifically excess of loss in nature, where the FHCF covers losses above a retention level. The liability is triggered per event and is limited by the insurer’s reimbursement percentage (e.g., 90%), which is elected at the beginning of the contract year.

The document establishes the full terms of the agreement between the insurer and the FHCF, including scope, definitions, reporting, premium, claims handling, and payment mechanisms. It is therefore a main contract, not an ancillary agreement.

The risk transfer is obligatory in nature: once the insurer participates and reports exposure, it is entitled to reimbursement for qualifying losses without case-by-case underwriting. This is not a facultative arrangement. The coverage applies automatically to all qualifying residential property policies written in Florida.

The insurance type is Non-Life, as it covers property risks (residential structures, contents, and additional living expense). The class of business is Property, as the coverage is specifically for hurricane-related damage to real and personal property.

Thus, the document is a reinsurance agreement, specifically a main, obligatory, non-proportional contract for Non-Life Property insurance.",True,True,True,non-proportional,Non-Life,Property
2005-1133421-0001193125-05-041833-dex10jj.htm,"The document is a ""Flexible Premium Adjustable Life Insurance Policy"" issued by Pacific Life Insurance Company to Litton Industries Inc., covering Ronald D. Sugar. It outlines the terms of a life insurance contract, including premiums, death benefits, cash surrender value, policy loans, and other standard life insurance provisions. The policy includes riders such as the ""Added Protection Benefit"" and an ""Exchange of Insured Rider,"" which are ancillary to the main life insurance contract.

This is clearly a direct insurance policy, not a reinsurance agreement. Reinsurance involves one insurer (the reinsurer) assuming part of the risk of another insurer (the ceding company), which is not the case here. There is no mention of risk transfer between insurers, retrocession, or any other reinsurance mechanism. Instead, this is a corporate-owned life insurance (COLI) policy, where a company insures an employee and is the owner and beneficiary of the policy.

Therefore, it falls under the category of a direct insurance contract, which is explicitly excluded from being a reinsurance agreement.",False,,,,,
2005-1013609-0001193125-05-052496-dex1081.htm,"The document is titled ""Reinsurance to Close Administration and Management Agreement"" and explicitly references ""reinsurance to close"" (RITC) throughout. RITC is a well-known mechanism in the Lloyd's market where liabilities from one underwriting year are transferred to a subsequent year via a reinsurance agreement. The document outlines the process for closing the 2001, 2002, and 2003 years of account of Syndicate 1204 by reinsuring them into future years, managed by Chaucer Syndicates Limited. It includes provisions for determining RITC premiums, payment of shortfalls, and security mechanisms, all consistent with standard reinsurance to close practices.

According to the classification guidelines, ""Reinsurance To Close"" agreements are explicitly listed as reinsurance agreements. Therefore, this document qualifies as a reinsurance agreement.

However, this is not a main contract in the traditional sense. It is an administrative and management agreement that governs how the RITC will be executed, including fee arrangements, dispute resolution (via an Independent Actuary), and security provisions. It does not itself constitute the full reinsurance contract but rather sets the terms under which the RITC will be administered. The actual RITC contract would be executed separately pursuant to clause 3.7.11. Thus, it is an ancillary agreement related to the execution and management of the RITC, not the main reinsurance contract.

Because it is not the main reinsurance contract, questions about whether it is obligatory, proportional or non-proportional, and its insurance type and class of business do not apply — these characteristics pertain to the underlying reinsurance contract, not this administrative agreement.",True,False,,,,
2005-1272957-0001272957-05-000038-quotashare.htm,"The document is titled ""Agreement to Terminate and Commute the 2005-2006 Quota Share Reinsurance Contract"" and explicitly references a pre-existing ""Quota Share Reinsurance Contract"" effective January 1, 2005. It confirms the termination and commutation of that agreement, with mutual obligations such as the payment of a profit commission. Since the document modifies and terminates an existing reinsurance agreement, it falls under the category of documents that are considered reinsurance agreements per the definition provided (e.g., documents that terminate, commute, or otherwise modify reinsurance agreements).

However, this document is not a main contract, as it does not establish a new reinsurance agreement but rather ends an existing one. It is an ancillary agreement (a commutation and termination agreement) to the original reinsurance contract.

Because it is not a standalone reinsurance contract but a modification/termination of one, we cannot classify it as obligatory or non-obligatory, nor can we determine its proportional nature or insurance type from the document itself—these attributes belong to the underlying contract. While the original contract is a ""Quota Share"" (which is inherently proportional and typically non-life/casualty), this document does not itself contain the terms of that contract.

The metadata indicates the company is Bristol West Holdings Inc, which is an auto insurance provider (non-life, casualty). However, the document itself does not specify insurance type or class of business beyond referencing the terminated quota share contract.

Thus, while the document is ancillary to a reinsurance agreement, it is not a main contract, and downstream classifications are not applicable.",True,False,,,,
2005-716823-0000950152-05-002759-l12364aexv10w6.htm,"The document is titled ""Rules of the Benefit Plan for Senior Managers and Executives"" and outlines a pension plan provided by Cincinnati Milacron Kunststoffmaschinen Europa GmbH for its employees. It details eligibility, benefit calculations, retirement pensions (normal, early, disability), spousal and orphan benefits, financing, and administrative provisions.

Although Article 31 mentions that the company ""can effect reinsurance contracts"" to secure benefits under the ""pension promise,"" the document itself is not a reinsurance agreement. Instead, it is an employee pension or benefit plan—a direct arrangement between the employer and employees. The mention of reinsurance is incidental and refers to how the company may choose to finance or secure its obligations, not that the document itself is a reinsurance contract.

Therefore, this document is not a reinsurance agreement. Since it is not a reinsurance agreement, all subsequent fields related to reinsurance classification (main contract, obligatory, proportional, insurance type, class of business) must be set to 'None'.",False,,,,,
2005-836658-0000837276-05-000161-exhibit_10.htm,"The document is titled ""Coinsurance Agreement"" and is between two life insurance companies: ING USA Annuity and Life Insurance Company (the ""Company"") and Security Life of Denver Insurance Company (the ""Reinsurer""). The agreement explicitly states that the Company is ceding, and the Reinsurer is assuming, 100% of all liabilities arising under or relating to the ""Covered Contracts"" on a coinsurance basis. Coinsurance is a form of reinsurance where the reinsurer assumes a proportional share of the policy, including premiums and losses. The agreement outlines the transfer of assets, reserves, and administrative responsibilities, and includes standard reinsurance provisions such as reinsurance credit, arbitration, insolvency, and recapture rights.

The agreement is structured as a full reinsurance contract with comprehensive terms, including definitions, cession and assumption of risk, payment obligations, and dispute resolution. This indicates it is a main contract, not merely an ancillary agreement like an endorsement or amendment.

The reinsurance is on a 100% coinsurance basis, which is inherently proportional. Proportional reinsurance involves sharing a defined percentage of premiums and losses. The agreement does not contain features typical of non-proportional reinsurance (e.g., excess of loss layers), and there is no indication of hybrid structures. Therefore, it is purely proportional.

The Covered Contracts are listed in Schedule 1.1(a) and consist of ""Deferred Annuities - MYGA"" (Multi-Year Guaranteed Annuities), which are life insurance/annuity products. This places the agreement within the Life insurance category. The class of business for annuities and life insurance products like these is best classified as ""Other Life,"" as it does not fall under mortality or longevity specifically but is a life-oriented financial product.

The reinsurance is obligatory because it covers a portfolio of contracts (a block of annuities) rather than individual, named insureds. Obligatory reinsurance treaties automatically reinsure all policies in a defined class or portfolio, which is the case here.

Therefore, the document is a reinsurance agreement, specifically a proportional, obligatory coinsurance treaty for Life insurance, classifiable under ""Other Life.""",True,True,True,proportional,Life,Other Life
2005-1064122-0000898080-05-000165-ex10-51.txt,"The document is a Security Trust Agreement established between Scottish Re (U.S.), Inc. (Grantor), Security Life of Denver Insurance Company (Beneficiary), and The Bank of New York (Trustee and Securities Intermediary). Its purpose is to secure obligations arising from one or more Reinsurance Agreements by depositing assets into a trust account. The document explicitly references ""Reinsurance Agreements"" in the preamble and throughout, confirming that it supports a reinsurance arrangement. However, this agreement itself does not establish the terms of reinsurance coverage (such as risk transfer, ceding, or premium calculations); rather, it secures performance under those reinsurance contracts.

Therefore, while the document is related to reinsurance, it is not itself a reinsurance agreement but an ancillary security arrangement. It functions as a credit enhancement mechanism (a trust to secure obligations), which falls under the category of financial guarantees or security instruments. According to the classification rules provided, such documents — including security trusts and financial guarantees securing payment obligations arising from reinsurance — are explicitly **not** considered reinsurance agreements.

Because it is not a reinsurance agreement, all downstream fields related to the nature of the reinsurance contract (main contract, obligatory, proportional, insurance type, class of business) must be set to `None`.",False,,,,,
2005-310826-0000310826-05-000018-ex10hplico123104.htm,"The document is an ""Amendment and Clarification of the Tax Allocation Agreement"" among Protective Life Corporation and its subsidiaries. It outlines how federal income tax liabilities will be allocated among the members of a consolidated corporate group for tax purposes. The agreement addresses the filing of consolidated tax returns, computation of separate return liabilities, payments between parent and subsidiaries, and adjustments due to tax audits or changes in tax items. It also distinguishes between a ""Life Sub-group"" and a ""Non-life Sub-group"" for tax allocation purposes.

This document is fundamentally a tax-sharing agreement within a corporate group and does not involve the transfer of insurance risk from one insurer to another. It does not contain any terms typical of reinsurance agreements such as ceding commissions, risk transfer, coverage limits, premiums for risk protection, or claims handling. Instead, it governs internal financial responsibilities related to tax reporting.

Therefore, this is not a reinsurance agreement, nor is it any form of insurance risk transfer. It is an internal corporate tax allocation mechanism.",False,,,,,
2005-935724-0001193125-05-047951-dex1037.htm,"The document is a Revolving Credit Agreement between The PMI Group, Inc. (the Borrower), Bank of America, N.A. (as Administrative Agent), and several Lenders. It outlines the terms for a revolving credit facility, including loan amounts, interest rates, fees, covenants, and conditions for borrowing. The document is clearly a financial credit agreement and not a reinsurance contract. It does not contain any provisions related to the transfer of insurance risk, reinsurance, retrocession, or any other elements characteristic of reinsurance agreements. Instead, it governs the lending of money and the repayment obligations of the borrower. Therefore, it falls under the category of financial instruments, specifically a credit agreement, which is explicitly listed as not being a reinsurance agreement.",False,,,,,
2005-1038280-0001047469-05-008463-a2154458zex-10_4.txt,"The document is a Credit Agreement dated January 10, 2005, among Mac-Gray Corporation, Mac-Gray Services, Inc., Intirion Corporation, and several banks, including JPMorgan Chase Bank, N.A., as Administrative Agent. The agreement outlines the terms under which the lenders will extend credit to the borrowers in the form of Term Loans and Revolving Loans, with proceeds to be used for repaying existing debt, paying transaction costs, and funding an acquisition.

This document is a standard credit facility agreement, involving corporate borrowers and financial institutions. It contains no references to insurance, reinsurance, risk transfer between insurers and reinsurers, or any other elements characteristic of a reinsurance agreement. Instead, it is a financial instrument related to corporate lending and borrowing.

Therefore, it is not a reinsurance agreement.",False,,,,,
2005-706270-0000950153-05-002835-p7141401exv10w2.txt,"The provided document is an ""Amended and Restated Loan Agreement"" between America West Airlines, Inc., US Airways Group, Inc., and other parties, including Citibank, N.A. and the Air Transportation Stabilization Board. The agreement outlines the terms of a loan, including the principal amount, repayment schedules, interest rates, fees, and conditions for prepayment and default. It also includes various covenants, representations, and warranties related to the loan.

The document does not contain any language or clauses that are characteristic of a reinsurance agreement. Reinsurance agreements typically involve the transfer of risk from one insurer (the ceding company) to another (the reinsurer), and include terms related to the sharing of premiums, losses, and reserves. The provided document, however, is focused on the terms of a loan, including the repayment of principal and interest, and does not involve the transfer of insurance risk.

Given the nature of the document as a loan agreement, it does not meet the criteria for being classified as a reinsurance agreement. Therefore, the subsequent fields related to the nature of the reinsurance contract (such as whether it is a main contract, obligatory, proportional, etc.) are not applicable and should be marked as None.",False,,,,,
2005-1064122-0000898080-05-000165-ex10-57.txt,"The document is a Technology Transfer and License Agreement between Security Life of Denver Insurance Company, ING North America Insurance Corporation, and Scottish Re (U.S.), Inc. Its primary purpose is to govern the transfer and licensing of computer programs, data, databases, and related intellectual property in connection with an asset purchase. Key sections include the sale and licensing of software, data, improvements, and dispute resolution mechanisms.

Although the document references ""Reinsurance Agreements"" in Section 6 (""Recapture of Retroceded Business""), this is in the context of administrative and data handling procedures in the event of a recapture of insurance contracts under pre-existing reinsurance arrangements. The document itself does not establish, amend, or modify any reinsurance contract. Instead, it is ancillary to other agreements, particularly the Asset Purchase Agreement, and focuses on technology and data rights.

Therefore, the document is not a reinsurance agreement as defined. It does not transfer insurance risk, set terms for risk sharing, or function as a treaty, facultative agreement, or any other form of reinsurance. It is a license and technology transfer agreement related to an acquisition.

Since it is not a reinsurance agreement, all subsequent fields that depend on that classification (is_main_contract, is_obligatory, etc.) must be set to None.",False,,,,,
2005-109261-0001047469-05-011436-a2156391zex-10_7.htm,"The document is titled ""AMENDED AND RESTATED REINSURANCE AND POOLING AGREEMENT"" and involves Zenith Insurance Company, ZNAT Insurance Company, and Zenith Star Insurance Company. It establishes a pooling arrangement where the companies cede and assume 100% of underwriting liabilities and share premiums, losses, expenses, and underwriting results according to fixed proportionate shares (97.5%, 2.0%, and 0.5%). This structure is characteristic of a proportional reinsurance pooling agreement, specifically a quota share arrangement, as risk and premiums are shared based on agreed percentages.

The document explicitly references reinsurance of underwriting liabilities and replaces prior reinsurance and pooling agreements, including a prior Quota Share Contract. It includes standard reinsurance clauses such as settlement of accounts, statutory insolvency provisions, arbitration, and termination. These features confirm it is a reinsurance agreement.

It is a main contract because it establishes the full terms of the pooling and reinsurance arrangement, including definitions, cessions, sharing mechanisms, and governance. It is not merely an ancillary or modifying document, despite being an amendment and restatement — it supersedes prior agreements and sets out a complete contractual framework.

The agreement is obligatory because it automatically pools all underwriting liabilities arising from the operations of the parties during the term, without requiring case-by-case approval. This is characteristic of treaty or pooling arrangements that bind all business in a portfolio.

The risk transfer is proportional, as the parties share premiums and losses according to fixed percentages. Article V specifies exact proportionate shares, and the structure aligns with quota share reinsurance. There is no indication of excess layers or non-proportional mechanisms.

The document mentions ""California workers' compensation insurance"" in Article III, which is a Non-Life (property and casualty) line of business. This indicates the underlying insurance is Non-Life. The class of business is Casualty, as workers' compensation is a core component of casualty insurance.",True,True,True,proportional,Non-Life,Casualty
2005-49071-0001193125-05-218181-dex104.htm,"The document is an addendum to a contract between the Centers for Medicare & Medicaid Services (CMS) and a Medicare Advantage Organization (MA Organization), specifically addressing the operation of Employer/Union-Only Group Medicare Advantage Prescription Drug Plans (MA-PDs). It outlines provisions related to benefits, enrollment, payment, formularies, and other administrative aspects of offering prescription drug plans to employer or union groups under Medicare Part D.

This is a direct agreement concerning the provision of health insurance benefits to Medicare-eligible individuals through a private insurer, regulated under the Social Security Act. It does not involve the transfer of insurance risk from one insurer to another, which is the defining characteristic of reinsurance. Instead, it governs how an MA Organization must operate a specific type of Medicare Advantage plan.

Therefore, this document is not a reinsurance agreement or any form of retrocession, risk transfer between insurers, or capital maintenance arrangement. It is a direct insurance contract between a government agency and a private insurer for the delivery of healthcare benefits. As such, it falls squarely outside the definition of reinsurance agreements.",False,,,,,
2005-909109-0000893220-05-000572-w06622exv10w79.txt,"The document is titled ""35% FLORIDA ONLY THIRD AND FOURTH EVENT EXCESS CATASTROPHE REINSURANCE CONTRACT"" and is issued by Liberty American Insurance Company and related entities to reinsurers, including Da Vinci Reinsurance Ltd. and Renaissance Reinsurance, Ltd. It outlines a reinsurance agreement covering excess liability for catastrophe events in Florida. This clearly falls under the category of a reinsurance agreement, specifically an excess of loss treaty, which is a standard form of non-proportional reinsurance.

The contract establishes the terms of reinsurance coverage, including retention, limits, definitions, exclusions, and claims procedures. It contains all principal terms of a reinsurance agreement and is executed by the parties, including Interests and Liabilities Agreements from the subscribing reinsurers. Therefore, it is a main contract, not merely an ancillary agreement.

The agreement is an obligatory reinsurance treaty because it covers all policies in force or issued during the term that fall under the defined classes of business (Property) in Florida. It is not facultative, as it automatically covers the entire portfolio of eligible policies.

The structure of the contract—providing excess coverage over specified retentions and limits—confirms it is non-proportional reinsurance. It does not involve a fixed percentage share of premiums and losses, but rather indemnifies for losses above certain thresholds.

The classes of business reinsured are explicitly defined in Article I as ""Property business."" Therefore, the insurance type is Non-Life, and the class of business is Property.

All criteria for classification are met based on the document’s content.",True,True,True,non-proportional,Non-Life,Property
2005-912595-0001206774-05-000366-exhibit_10-31.htm,"The document is a Credit Agreement between borrowers (Jefferson Village, L.P., Jefferson at Sunset Valley, L.P., and JPI Coral Springs, L.P.) and a lender (German American Capital Corporation). It outlines the terms of a $58.8 million loan, including repayment terms, interest, collateral (real estate properties), covenants, events of default, and other standard provisions of a secured loan agreement. The document is clearly a loan or credit agreement secured by real property, not an insurance or reinsurance contract.

According to the provided classification rules, reinsurance agreements include retrocession agreements, risk transfer instruments like catastrophe bonds, and various types of reinsurance contracts. However, the document explicitly excludes ""Bonds, loans and credit instruments except for Catastrophe Bonds and other Insurance Linked Securities"" from being considered reinsurance agreements. Since this is a standard commercial loan agreement and not related to insurance risk transfer, it does not qualify as a reinsurance agreement.

Because it is not a reinsurance agreement, all downstream fields related to reinsurance contract characteristics (main contract, obligatory, proportional/non-proportional, insurance type, class of business) must be set to None.",False,,,,,
2005-948034-0001104659-05-035042-a05-13486_1ex10d117.htm,"The document is an ""Insurance Agreement"" between MBIA Insurance Corporation (the Insurer) and several parties related to the First Investors Auto Owner Trust 2005-A. The agreement governs the issuance of a ""note guaranty insurance policy"" (the ""Policy"") that guarantees certain payments on asset-backed notes issued by the trust. This policy is a financial guarantee insurance product, designed to protect investors (the Owners) against default on the underlying auto loan receivables.

This is not a reinsurance agreement. Reinsurance is a transaction between insurance companies, where one insurer (the reinsurer) agrees to cover part of the risk underwritten by another insurer (the ceding company). The document in question is a direct insurance contract between an insurer (MBIA) and the issuer of asset-backed securities (a special purpose vehicle). Its purpose is to enhance the credit rating of the securities, not to transfer underwriting risk from one insurer to another. The document explicitly states that the Policy is ""not covered by the property/casualty insurance security fund,"" highlighting its nature as a financial guarantee, which is distinct from traditional property and casualty insurance and, by extension, reinsurance.

Because it is not a reinsurance agreement, all subsequent questions about its nature as a main contract, its obligatoriness, proportionality, and class of business are not applicable.",False,,,,,
2005-909109-0000893220-05-001985-w11543exv10w14.htm,"The document is titled ""Third Event Excess Catastrophe Reinsurance Contract"" and is explicitly structured as a reinsurance agreement between Philadelphia Insurance Company and subscribing reinsurers (Da Vinci Reinsurance Ltd. and Renaissance Reinsurance, Ltd.). It outlines terms for reinsurance coverage, including retention, limits, definitions, exclusions, and claims procedures. This matches the definition of a reinsurance agreement as it transfers risk from an insurer to a reinsurer.

The document establishes a full reinsurance contract with principal terms such as coverage layers, retentions, limits, premiums, and conditions. It is not an ancillary document like an endorsement or amendment, but rather the main contract itself, as evidenced by its comprehensive structure and inclusion of a Schedule A with financial terms.

The contract is non-proportional because it is an excess-of-loss treaty (specifically ""Third Event Excess Catastrophe""), where the reinsurer covers losses above a specified retention only after certain conditions (e.g., two prior events) are met. There is no indication of proportional sharing of premiums or losses, which rules out proportional reinsurance.

The class of business is Property, as stated in Article I: ""classified by the Company as Property business."" This includes coverage for perils like windstorm, hurricane, earthquake, fire, etc., which are typical property risks.

Given that the coverage is for property risks such as catastrophe events affecting physical property, the insurance type is Non-Life. Life insurance includes products like annuities, life policies, and critical illness, which are not relevant here.

Therefore, all classification criteria are met based on the document’s content and structure.",True,True,True,non-proportional,Non-Life,Property
2005-912898-0001266454-05-000131-glimcher_10qex10-116.txt,"The document is a Term Loan Agreement between Montgomery Mall Associates Limited Partnership and Glimcher Properties Limited Partnership (the Borrowers) and KeyBank National Association (the Administrative Agent and a Lender), along with other lenders. The agreement outlines the terms for a single disbursement term loan of $44,000,000 to refinance existing debt secured by a mall property in Montgomery, Alabama. It includes provisions related to advances, interest rates, fees, covenants, representations, and conditions precedent, all typical of a loan or credit agreement.

The document is not a reinsurance agreement. It does not involve the transfer of insurance risk from one insurer to another (reinsurance), nor does it mention any insurance or reinsurance terms, cedents, reinsurers, or risk-sharing mechanisms. Instead, it is a standard loan agreement involving borrowers, lenders, and a secured real estate asset. The listed exclusions in the instructions explicitly state that ""Bonds, loans and credit instruments"" are not reinsurance agreements, with only Catastrophe Bonds and Insurance Linked Securities being exceptions if they serve a risk transfer purpose similar to reinsurance. This is a standard real estate loan, not a risk-linked security.

Therefore, since the document is not a reinsurance agreement, the remaining fields—`is_main_contract`, `is_obligatory`, `proportional_or_non_proportional`, `insurance_type`, and `class_of_business`—must be set to `None`.",False,,,,,
2005-912595-0001206774-05-000343-exhibit_10-31.htm,"The document is a Credit Agreement dated September 28, 1998, between Jefferson Village, L.P., Jefferson at Sunset Valley, L.P., and JPI Coral Springs, L.P. (the Borrowers) and German American Capital Corporation (the Lender). It outlines the terms of a $58,800,000 loan secured by real property. The agreement includes provisions for loan disbursement, repayment, interest, prepayment, covenants, events of default, and collateral. It also references mortgages, notes, and security interests in real estate.

This document is not a reinsurance agreement. It is a commercial loan agreement secured by real property. The document falls under the category of credit instruments, specifically a loan agreement, which is explicitly listed as not being a reinsurance agreement. The document does not involve risk transfer between insurers or reinsurers, nor does it contain any provisions related to insurance or reinsurance. It is purely a financial arrangement for real estate financing.

Since it is not a reinsurance agreement, the subsequent classification fields (is_main_contract, is_obligatory, proportional_or_non_proportional, insurance_type, class_of_business) are not applicable and should be set to None.",False,,,,,
2005-355429-0000355429-05-000163-ex10b.htm,"The document is a performance share award letter and related provisions for senior officers of Protective Life Corporation. It outlines a compensation arrangement tied to the company's financial performance over a specified period, with payouts based on stock performance relative to a peer group. The document pertains to equity-based employee incentives under a long-term incentive plan and includes details on vesting, payment terms, tax implications, and employment conditions.

This is not a reinsurance agreement or any form of insurance contract. Instead, it is a corporate compensation instrument, specifically a stock-based incentive award. Therefore, it does not meet any of the criteria for being classified as a reinsurance agreement. Since it is not a reinsurance agreement, all subsequent classification fields (main contract, obligatory, proportional/non-proportional, etc.) must be set to 'None'.",False,,,,,
2005-706270-0000950153-05-002835-p7141401exv10w1.txt,"The provided document is an ""Amended and Restated Loan Agreement"" between US Airways, Inc. and several lenders, including the Air Transportation Stabilization Board. It outlines the terms of a loan, including repayment schedules, interest rates, fees, covenants, and events of default. The document is fundamentally a financial agreement for borrowing money and does not contain any provisions related to the transfer of insurance risk from an insurer (ceding company) to a reinsurer. The definitions section explicitly lists what constitutes a reinsurance agreement, and this document does not meet any of those criteria. It is a direct loan agreement, which is specifically excluded from being a reinsurance agreement.",False,,,,,
2005-909109-0000893220-05-001098-w08666exv10w1.htm,"The document is titled ""Florida Only Excess Catastrophe Reinsurance Contract"" and is explicitly structured as a reinsurance agreement between Liberty American Insurance Company (the ""Company"") and various subscribing reinsurers. It contains standard reinsurance clauses such as retention, limits, reinstatement, definitions of ""ultimate net loss,"" premium calculations, arbitration, and insolvency provisions. It reinsures excess liability arising from property business in Florida, triggered by catastrophe events like hurricanes.

The document establishes a full reinsurance contract with multiple excess layers (First to Fourth Excess), each with defined retentions, occurrence limits, and term limits. It includes a Schedule A detailing financial terms and is supported by Interests and Liabilities Agreements from subscribing reinsurers, confirming their participation. These characteristics confirm it is a main reinsurance contract.

The contract covers excess losses arising from catastrophe events (e.g., hurricanes), which is typical of non-proportional (excess of loss) reinsurance. It does not involve sharing premiums or losses proportionally but instead attaches after the ceding company's retention and pays up to specified limits per occurrence. Therefore, it is non-proportional.

The class of business is Property, as stated in Article I: ""classified by the Company as Property business."" This falls under Non-Life insurance, as it involves property damage from perils like windstorm, hail, and hurricane.

The contract is obligatory because it automatically covers all qualifying losses from the defined portfolio (Florida property business) without case-by-case underwriting, which is characteristic of treaty reinsurance.

Thus, all classification criteria are met based on the document's content and structure.",True,True,True,non-proportional,Non-Life,Property
2005-1272957-0001015402-05-001435-ex10_10.htm,"The document is a Termination Agreement and Release that settles all obligations and liabilities under a prior Quota Share Reinsurance Agreement between the Company (comprising Coast National, Security National, Bristol West, and Bristol West Casualty) and ALEA London Ltd. The referenced Quota Share Reinsurance Agreement, originally effective January 1, 2002, is explicitly mentioned as the ""Contract"" and involved a 40% participation by the reinsurer in the company’s policies. The current document is not a reinsurance contract itself but rather a commutation and release agreement that terminates and settles the obligations of that reinsurance contract.

According to the classification criteria, documents that ""commute, amend, terminate, or otherwise modify the terms of an existing reinsurance agreement"" are considered reinsurance agreements. Therefore, this document qualifies as a reinsurance-related agreement because it is a commutation of a reinsurance contract.

However, it is not a main contract because it does not establish a new reinsurance contract or contain the principal terms of one; instead, it is an ancillary agreement that finalizes and releases obligations under an existing contract. As such, it is a commutation agreement, which is explicitly listed as ancillary.

Because it is not a full reinsurance contract but a settlement of one, the attributes of being obligatory, proportional/non-proportional, insurance type, and class of business are not applicable. These classifications pertain to active reinsurance contracts, not their termination agreements. Therefore, these fields should be set to 'None'.",True,False,,,,
2005-355429-0000355429-05-000163-ex10a.htm,"The document is a Performance Share Award Letter and related provisions issued by Protective Life Corporation to its vice presidents as part of a long-term incentive plan. It outlines the terms of an equity-based compensation award tied to the company's performance over a specified period. The award is denominated in ""Performance Shares,"" with payout contingent on the company’s return on equity relative to a peer group of insurance companies. The document includes provisions on vesting, termination, tax treatment, and change in control, which are typical of executive compensation plans.

This document is not a reinsurance agreement. It does not involve risk transfer between insurers and reinsurers, nor does it contain any terms typical of reinsurance contracts such as ceding, retention, limits, premiums, or coverage for insurance liabilities. Instead, it is an internal employee incentive plan governed by securities and corporate compensation laws. It is related to equity compensation and not to the transfer of insurance risk.

Therefore, it falls outside all categories of reinsurance agreements listed in the definition, including retrocession, portfolio transfers, catastrophe bonds, or any ancillary reinsurance documents. It is fundamentally a corporate governance and compensation instrument.",False,,,,,
2005-1298675-0000950152-05-009246-l16969aexv10w2.txt,"The document is a Loan Agreement between YASKY LLC (Borrower) and LaSalle Bank National Association (Lender). It outlines the terms of an $80 million loan, including interest rates, repayment schedules, covenants, and conditions for default and remedies. The agreement includes provisions for insurance, collateral (via Security Instruments), and financial reporting, all typical of a commercial real estate loan. However, there is no mention of risk transfer from an insurer to another party, which is fundamental to reinsurance. The document is explicitly a loan agreement secured by real property, not a contract for the transfer of insurance risk. Therefore, it does not meet any of the criteria for being a reinsurance agreement.",False,,,,,
2005-845091-0000950133-05-001373-w06745exv10w10.htm,"The document is an ""Insurance Administrative Services Agreement"" between Merrill Lynch Life Insurance Company (the Customer) and Liberty Insurance Services Corporation (Liberty). The agreement outlines the services Liberty will provide to administer life insurance and annuity contracts on behalf of the Customer. The services include billing and collection, contract owner support, claims support, financial accounting, actuarial support, records management, distribution, disaster recovery, reinsurance administration, regulatory and compliance support, and administrative support.

The agreement explicitly states in Section 5.1 that Liberty assumes no ""Insurance Risk"" for any of the Contracts, which includes mortality or morbidity risk. This indicates that Liberty is not taking on any insurance risk but is merely providing administrative services.

The services described in the agreement are administrative in nature and do not involve the transfer of insurance risk from one insurer to another, which is the defining characteristic of a reinsurance agreement. The document is not a reinsurance agreement but rather a contract for administrative services.

Since the document is not a reinsurance agreement, the subsequent fields related to reinsurance (is_main_contract, is_obligatory, proportional_or_non_proportional, insurance_type, class_of_business) are not applicable and should be set to None.",False,,,,,
2005-789388-0001193125-05-221637-dex101.htm,"The document is a Credit Agreement dated as of August 11, 2005, among Solar Capital Corp., SunGard Data Systems Inc., and several financial institutions. It outlines the terms for providing credit extensions, including term loans and revolving credit facilities, to the borrowers. The agreement involves the lending of funds, interest rates, repayment terms, and conditions for default, which are typical elements of a credit or loan agreement.

The document does not contain any elements characteristic of a reinsurance agreement. Reinsurance agreements involve the transfer of insurance risk from one insurer (the ceding company) to another (the reinsurer). This document, however, is focused on financial lending and borrowing, with no mention of insurance policies, risk transfer between insurers, or any other aspect related to the insurance industry. Instead, it details financial obligations, credit facilities, and covenants typical of corporate loan agreements.

Therefore, the document is not a reinsurance agreement. Since it is not a reinsurance agreement, the subsequent fields related to reinsurance (is_main_contract, is_obligatory, proportional_or_non_proportional, insurance_type, class_of_business) are not applicable and should be set to None.",False,,,,,
2005-850141-0001193125-05-162112-dex101.htm,"The document is a Credit Agreement between Horace Mann Educators Corporation and several financial institutions, including Bank of America, N.A., JPMorgan Chase Bank, N.A., and others. It outlines the terms for a revolving credit facility, including loan amounts, interest rates, fees, covenants, and conditions precedent. The agreement is a financial instrument involving the lending of funds and does not involve the transfer of insurance risk from one insurer to another. The document explicitly defines terms such as ""Insurance Policies"" and ""Reinsurance Agreements,"" indicating that it is not itself a reinsurance agreement. The document is a standard credit agreement used in corporate finance and does not meet the criteria for any type of reinsurance agreement, including retrocession, Reinstatement Premium Protection, Capital Maintenance, or any other form of risk transfer similar to reinsurance.",False,,,,,
2005-1262959-0000950129-05-011047-h30245exv10w9.htm,"The document is an ""Agreement of Sale"" for the purchase and sale of real property known as the Miami Airport Corporate Center in Miami, Florida. It details the sale of land, buildings, improvements, personal property, leases, and service contracts from Miami RPFIV Airport Corporate Center Associates Limited Liability Company to Hines REIT Properties, L.P. The agreement includes standard real estate transaction components such as purchase price, closing terms, title conditions, apportionments, representations, and closing conditions.

This document is clearly a real estate purchase agreement and not a reinsurance agreement. The listed types of documents that are considered reinsurance agreements (such as reinsurance agreements, retrocession agreements, catastrophe bonds, etc.) are all related to risk transfer in insurance contexts, while this document is about the transfer of ownership of commercial real estate. The document contains no language related to insurance, risk transfer, indemnity for insurance losses, or any other elements characteristic of reinsurance contracts.

Since this is not a reinsurance agreement, the subsequent fields (is_main_contract, is_obligatory, etc.) should be None as they only apply to reinsurance agreements.",False,,,,,
2005-1064122-0000898080-05-000165-ex10-44.txt,"The document provided is a Credit Agreement dated December 29, 2004, among several entities, including Scottish Annuity & Life Insurance Company (Cayman) Ltd., Scottish Re (Dublin) Limited, Scottish Re (U.S.), Inc., and Scottish Re Limited, with Bear Stearns Corporate Lending, Inc. and Wachovia Bank, National Association as Co-Syndication Agents, Bank of America, N.A. as Administrative Agent and L/C Issuer, and other lenders. The document outlines the terms and conditions for a revolving credit facility provided by the lenders to the borrowers.

The agreement includes definitions of terms, commitments and credit extensions, conditions precedent to credit extensions, representations and warranties, affirmative and negative covenants, events of default and remedies, and other miscellaneous provisions. It also includes schedules and exhibits detailing specific terms, such as existing letters of credit, applicable percentages for eligible investments, commitments and applicable percentages, subsidiaries, existing liens, existing indebtedness, and administrative agent's office and addresses for notices.

The document is primarily focused on the financial and credit aspects of the agreement, including the obligations of the borrowers to repay loans, the rights of the lenders, and the conditions under which credit extensions can be made. It does not contain any provisions related to reinsurance, such as the transfer of insurance risk from one insurer to another, the terms of reinsurance contracts, or the ceding of insurance liabilities. The document is a standard credit agreement used in corporate finance to secure funding, and it does not pertain to the insurance or reinsurance industry's specific practices or regulations.

Given that the document is a credit agreement and does not involve the transfer of insurance risk, it does not meet the criteria for being classified as a reinsurance agreement. The document is not related to reinsurance in any form, including reinsurance agreements, retrocession agreements, reinstatement premium protection contracts, capital maintenance agreements, loss portfolio transfer, adverse development cover, reinsurance to close, portfolio transfers, catastrophe bonds, insurance pooling agreements, or any other form of risk transfer similar to standard reinsurance.

Therefore, the document is not a reinsurance agreement, and all subsequent fields that depend on it being a reinsurance agreement are not applicable.",False,,,,,
2005-1273813-0001104659-05-022978-a05-7642_2ex10d1.htm,"The document is a Credit Agreement between Assured Guaranty Ltd., its subsidiaries, and several banks. It outlines the terms for a $300 million, 3-year revolving credit facility. This is a financial credit agreement, involving loans and letters of credit, not the transfer of insurance risk. The agreement governs lending and borrowing activities, with financial covenants and conditions for disbursement. It does not contain any clauses typical of reinsurance, such as risk sharing, premium payments, or claims settlements. The document is explicitly categorized as ""EX-10.1"" and ""CREDIT AGREEMENT,"" which aligns with the non-reinsurance category of financial agreements. Therefore, it is not a reinsurance agreement, and all subsequent fields that depend on it being a reinsurance agreement are marked as None.",False,,,,,
2005-1168338-0000909567-05-000509-t15747exv10w6.htm,"The document is an Investment Management Agreement between Crum & Forster Holdings Corp, Hamblin Watsa Investment Counsel Ltd. (HW), and Fairfax Financial Holdings Limited (FFH). It outlines the terms under which HW will manage an investment account on behalf of Crum & Forster, including investment discretion, reporting obligations, fees, and administrative responsibilities. The agreement also includes provisions for arbitration, notices, and confidentiality.

The document does not involve the transfer of insurance risk from one insurer to another, nor does it contain any terms typical of reinsurance such as ceding commissions, reinsurance recoverables, attachment points, limits, or coverage triggers. Instead, it governs the management of corporate investable funds and is focused solely on investment activities.

Therefore, this is not a reinsurance agreement. It is an investment management contract, which falls outside the defined categories of reinsurance or retrocession agreements. As such, all downstream classifications related to reinsurance (main contract, obligatory, proportional, etc.) are not applicable.",False,,,,,
2005-1137048-0000909567-05-000901-t16515exv10w37.txt,"The document is a Separation Agreement between Odyssey Re Holdings Corp. and Charles Troiano, an executive retiring from his position as Chief Financial Officer. It outlines the terms of his resignation, including the continuation of salary, vesting of restricted stock, exercise of stock options, and a release of claims. Additionally, it incorporates an Indemnification Agreement that provides for indemnification of the executive for legal expenses incurred in connection with claims arising from his service to the company.

The document does not involve any transfer of insurance risk from one insurer to another or any risk-sharing arrangement between insurance entities. Instead, it pertains to employment terms, compensation, and legal protections for an executive. It is not a reinsurance agreement, nor does it modify, renew, or amend any reinsurance contract. It is fundamentally an employment-related separation and indemnification agreement.

Therefore, it does not meet any of the criteria for being classified as a reinsurance agreement.",False,,,,,
2005-49996-0000909567-05-000568-t15872exv10wl.htm,"The provided document is a Lease Agreement (Contrat de Crédit-Bail) between GNiFi (the Lessor) and Goro Nickel S.A. (the Lessee). The agreement outlines the terms for the leasing of assets related to a nickel-cobalt processing plant in New Caledonia. The document includes provisions for rent, maintenance, insurance, indemnification, termination, and other standard lease clauses. 

The document does not contain any language or terms related to reinsurance, retrocession, or risk transfer between insurers or reinsurers. Instead, it is a financial lease agreement focused on the construction, financing, and leasing of industrial assets. The insurance clauses in the document are standard for such a lease and require the Lessee to maintain insurance on the assets, but these are not reinsurance contracts. The document is also not a modification or ancillary agreement to a reinsurance contract.

Therefore, the document is not a reinsurance agreement.",False,,,,,
2005-352736-0001104659-05-021178-a05-8030_1ex10d1.htm,"The document is an ""Amended and Restated Service and Expense Agreement"" among Allstate Insurance Company, The Allstate Corporation, and various affiliated entities. It outlines the provision of administrative and operational services—such as finance, human resources, legal, marketing, IT, and facilities—between affiliated companies, with costs being allocated based on specific methodologies detailed in the exhibits.

The agreement explicitly governs the sharing of services and cost allocations among corporate affiliates and does not involve the transfer of insurance risk from one insurer to another. Key indicators that this is not a reinsurance agreement include:
- No mention of ceding or assuming insurance policies or risk.
- No provisions for premium sharing, loss reimbursements, or reinsurance recoverables.
- Focus on internal cost allocation for shared services (e.g., HR, IT, accounting).
- References to statutory reporting and expense classifications per NAIC guidelines, but in the context of internal accounting, not risk transfer.

Additionally, the document terminates prior service agreements of a similar administrative nature (listed in Exhibit E), reinforcing its role as an intercompany administrative services agreement.

Therefore, this document is not a reinsurance agreement, nor does it establish any reinsurance contract. It is an internal cost-sharing and service agreement among affiliates.",False,,,,,
2005-1264242-0000950136-05-001734-file002.htm,"The document is a ""Second Consent to Credit Agreement"" that involves Quanta Capital Holdings Ltd. and its subsidiaries, lenders, and agents. It relates to a credit agreement and consents to certain transactions involving the issuance of capital securities, common securities, and junior notes. The document also references a capital contribution to Quanta Reinsurance Ltd., but the document itself is not a reinsurance agreement. Instead, it is a financial consent agreement related to debt financing and capital structure adjustments. 

The document does not establish any reinsurance or retrocession terms, nor does it transfer insurance risk from an insurer to a reinsurer. It is fundamentally a credit and financing arrangement, involving lenders, borrowers, and securities issued as part of corporate financing. Although Quanta Reinsurance Ltd. is a party, the document does not pertain to reinsurance contracts, risk transfer, or insurance coverage terms.

Therefore, this document is not a reinsurance agreement. As such, all downstream classifications (main contract, obligatory, proportional/non-proportional, insurance type, class of business) are not applicable.",False,,,,,
2005-909109-0000893220-05-001985-w11543exv10w3.htm,"The document is a reinsurance agreement titled ""$45,000,000 Excess $195,000,000 Florida Only Catastrophe Reinsurance Contract,"" which clearly indicates it is a reinsurance contract. It involves a ceding company (Liberty American Insurance Company and others) transferring risk to multiple reinsurers, including ACE Tempest Reinsurance Ltd., American Re-Insurance Company, and Lloyd's underwriters. This fits the definition of a reinsurance treaty, specifically an excess of loss contract, which is a standard form of non-proportional reinsurance.

The document establishes the full terms of a reinsurance contract, including coverage, exclusions, limits, premium, and claims handling. It is not an ancillary document like an endorsement or amendment, but rather a complete contract. Therefore, it qualifies as a main contract.

The contract is an obligatory reinsurance agreement because it covers all policies classified as Property business in force or issued during the term, within the defined territory and perils. It does not require individual risk acceptance by the reinsurer and applies automatically to the entire portfolio, which is characteristic of an obligatory (treaty) reinsurance arrangement.

The contract is non-proportional because it is structured as an excess of loss treaty, where the reinsurer covers losses above a $195 million retention up to a $45 million limit per loss occurrence. There are no proportional elements like quota share or surplus terms; the payout is triggered only after a specific loss threshold is met.

The insurance type is Non-Life, as the contract covers property insurance policies, specifically catastrophe risks in Florida, which fall under property and casualty insurance, not life, health, or annuity products.

The class of business is Property, as explicitly stated in Article I: ""classified by the Company as Property business."" The exclusions also confirm this by excluding Casualty, Accident and Health, and other non-property lines.",True,True,True,non-proportional,Non-Life,Property
2005-1091748-0001125282-05-001024-b405016_ex1034.htm,"The document is a lease agreement between Barr's Bay Properties Limited and PXRE Reinsurance Ltd for office space in Bermuda. It outlines the terms of a five-year lease for the use of office premises, including rent, maintenance responsibilities, covenants by both parties, and conditions for renewal or termination. The document does not involve risk transfer, insurance coverage, or reinsurance terms. Although the lessee is a reinsurance company (PXRE Reinsurance Ltd), the document itself is not a reinsurance agreement but a standard commercial real estate lease. Therefore, it does not meet any of the criteria for being classified as a reinsurance agreement.",False,,,,,
2005-1001082-0000950134-05-008996-d24969exv10w3.htm,"The document is a settlement agreement between EchoStar and its insurers regarding the EchoStar IV satellite. It resolves disputed claims related to insurance coverage under the existing insurance policies (referred to as ""Policies"") for the satellite. The agreement includes mutual releases of claims, payment terms, and provisions related to the dismissal of an ongoing arbitration. However, it does not establish a reinsurance contract. Instead, it pertains to the settlement of claims under direct insurance policies covering a satellite — a type of property insurance. The document explicitly states it is not an insurance policy and does not create new insurance or reinsurance terms. Therefore, it is not a reinsurance agreement. Since it is not a reinsurance agreement, all subsequent reinsurance-specific fields must be set to None.",False,,,,,
2005-1137778-0000950123-05-002537-y05710exv10w22.txt,"The provided document is a ""Second Consolidated, Amended and Restated Revolving Credit Construction Loan Agreement."" It is a legal contract between a borrower (WCI Communities, Inc. and Bay Colony-Gateway, Inc.) and a group of lenders, led by Wachovia Bank. The agreement details the terms of a construction loan, including the amount of the loan, interest rates, repayment terms, conditions for disbursement of funds, covenants, representations, and warranties. The purpose of the loan is to finance the construction of real estate projects.

This document is fundamentally a financial lending agreement. It does not involve the transfer of insurance risk from one party to another, which is the core function of a reinsurance agreement. The document deals with the borrowing and lending of money, secured by real estate, and is not related to insurance or risk pooling in the insurance industry.

Therefore, it does not meet any of the criteria for being a reinsurance agreement, such as a reinsurance treaty, retrocession, or any other risk transfer mechanism within the insurance sector. It is clearly a construction loan and falls into the category of financial guarantees and credit instruments, which are explicitly excluded from the definition of reinsurance agreements.

Since it is not a reinsurance agreement, all subsequent fields related to the type of reinsurance contract are not applicable and must be set to `None`.",False,,,,,
2005-875159-0000930413-05-003458-c37121_ex10-3.txt,"The provided document is an employment agreement between XL Capital Ltd and Fiona E. Luck, an executive. It outlines terms of employment, including position, duties, compensation, termination conditions, non-compete clauses, confidentiality, and other employment-related provisions. The document does not involve any insurance or reinsurance risk transfer, nor does it establish or modify a reinsurance contract. While the company operates in the insurance and reinsurance sector (as referenced in Section 11), the document itself is a standard executive employment contract. Therefore, it is not a reinsurance agreement or any type of insurance contract. All classification fields dependent on it being a reinsurance agreement must reflect this.",False,,,,,
2005-1001082-0000950134-05-009132-d24969a1exv10w3.htm,"The document is a Settlement Agreement and Release between EchoStar and multiple insurers regarding the EchoStar IV satellite. It resolves disputes related to insurance coverage under existing satellite insurance policies (referred to as ""Policies"") and includes mutual releases of claims. The agreement does not establish a new reinsurance contract; rather, it settles outstanding disputes under direct insurance policies for a satellite, which is a form of property insurance. 

Although some of the signatories are reinsurers (e.g., AXA Reinsurance Company, Great Lakes Reinsurance), the agreement itself is not a reinsurance agreement but a settlement of claims under direct insurance policies. The document references ""Policies"" that are direct insurance contracts for satellite risk, not reinsurance or retrocession agreements. Furthermore, it does not renew, amend, or modify a reinsurance agreement — it settles claims under direct insurance.

Therefore, this is not a reinsurance agreement. As such, all downstream fields related to reinsurance classification (main contract, obligatory, etc.) must be set to None.",False,,,,,
2005-1179929-0001193125-05-162774-dex102.htm,"The document is a Standard Agreement between the State of California, Department of Health Services, and Sharp Health Plan (later amended to Molina Healthcare of California) for the provision of managed care services under the Medi-Cal program. This is a direct contract for the provision of healthcare services to eligible beneficiaries, which falls under the category of a direct insurance policy or healthcare service plan. 

The document explicitly outlines the terms for providing Covered Services, including medical case management, preventive care, enrollment, and payment provisions based on capitation. It is not a reinsurance agreement as it does not involve the transfer of risk from one insurer to another. Instead, it is a direct healthcare service contract between a state agency and a health plan.

Therefore, this document is not a reinsurance agreement.",False,,,,,
2005-895930-0000950144-05-008377-g96643exv10w2.txt,"The provided document is titled ""AMSURG CORPORATION Your Group Long Term Care Plan"" and is explicitly identified as a long-term care insurance policy underwritten by Unum Life Insurance Company of America. The document outlines coverage terms, benefits, exclusions, claim procedures, and other provisions typical of an individual or group insurance policy for long-term care. It references Policy No. 47819 011 and includes a Certificate of Coverage, which serves as evidence of insurance for eligible employees and their family members.

The document does not exhibit any characteristics of a reinsurance agreement. It does not involve risk transfer between insurers, nor does it reference ceding or assuming risk from another insurance policy. Instead, it directly insures individuals against long-term care expenses, which is a direct insurance arrangement. Long-term care insurance is a form of health insurance, falling under the broader category of Life insurance products.

Given the definitions provided, reinsurance agreements include treaties, retrocessions, and other risk-transfer instruments between insurers. This document, however, is a direct insurance policy issued to a corporate policyholder (AmSurg Corporation) for the benefit of its employees and their families. It is not a reinsurance contract, nor is it an ancillary document modifying a reinsurance agreement.

Therefore, the document is not a reinsurance agreement, and all downstream classifications (main contract, obligatory, proportional, etc.) are not applicable.",False,,,,Life,Health
2005-837173-0001047469-05-014139-a2157513zex-10_11.htm,"The provided document is a Credit Agreement between Walter Industries, Inc. (the Borrower) and several financial institutions, including Bank of America, N.A., SunTrust Bank, BNP Paribas, and Calyon New York Branch (the Lenders). The agreement outlines the terms for a revolving credit facility and a term loan facility, specifying the commitments of the Lenders, interest rates, repayment schedules, covenants, and other conditions for the loan.

The document does not pertain to any form of reinsurance. It is a financial loan agreement, which is categorized as a credit or loan instrument. The agreement involves borrowing funds, not the transfer of insurance risk from one insurer to another, which is the essence of reinsurance. The document explicitly mentions ""Term Loan B"" and ""Revolving Loans,"" and includes provisions related to interest rates, repayment, and collateral, which are typical of loan agreements.

Furthermore, the document includes standard clauses for such financial agreements, such as representations and warranties, affirmative and negative covenants, events of default, and remedies. These are not characteristics of reinsurance agreements, which typically involve ceding premiums, risk sharing, and claims settlement procedures.

Since the document is a credit agreement and not a reinsurance agreement, it does not meet any of the criteria listed for reinsurance agreements. Therefore, the classification as a reinsurance agreement is not applicable.",False,,,,,
2005-1298675-0000950152-05-009246-l16969aexv10w1.txt,"The document is a Loan Agreement between YSI VI LLC, as Borrower, and Lehman Brothers Bank, FSB, as Lender. It details the terms of a loan, including disbursement, interest, payments, prepayments, defeasance, and conditions precedent. The document also includes provisions related to borrower covenants, insurance, casualty, condemnation, reserve funds, defaults, and remedies. 

The document explicitly states that the loan is for the purpose of acquiring properties, repaying existing loans, paying carrying costs, making deposits into reserve funds, covering transaction costs, funding working capital, and distributing any remaining balance to the borrower. The properties involved are self-service storage facilities.

This document does not meet any of the criteria for being a reinsurance agreement as defined. It is a financial loan agreement secured by real estate, not an insurance or reinsurance contract. It is not a reinsurance agreement, retrocession agreement, Reinstatement Premium Protection contract, Capital Maintenance agreement, Loss Portfolio Transfer, Adverse Development Cover, Reinsurance To Close, Insurance Linked Securities, or any other type of reinsurance-related document. Instead, it is a standard loan agreement in the real estate financing context.

Therefore, the document is not a reinsurance agreement.",False,,,,,
2005-1272957-0001015402-05-001435-ex10_12.htm,"The document is a Termination Agreement and Release between several insurance companies and Chubb Re (Bermuda) Ltd., acting on behalf of Federal Insurance Company. It references a prior Quota Share Reinsurance Agreement (the ""Contract"") and an Interests and Liabilities Agreement (the ""I&L"") from January 1, 2002, under which Chubb took a 10% share in the reinsured liabilities. The document confirms that the original reinsurance contract was commuted effective January 1, 2005, and sets forth a final settlement payment of $19,675,578 as a full and final release of all obligations under both the I&L and the original reinsurance agreement.

Although this document itself is not a reinsurance contract establishing new terms of risk transfer, it is a formal agreement that terminates and commutes an existing reinsurance contract. According to the classification guidelines, documents that ""commute, amend, renew, cancel, novate, or otherwise modify the terms of an existing reinsurance agreement"" are considered reinsurance agreements. Therefore, this termination and commutation agreement qualifies as a reinsurance-related document.

However, it is not a main contract because it does not establish the terms of a reinsurance agreement but instead finalizes the settlement of an existing one. It is an ancillary agreement—specifically, a commutation agreement.

Because it is a commutation of a quota share reinsurance agreement, the underlying contract was proportional and obligatory. However, this document itself is not a full reinsurance contract but a termination agreement. Therefore, classifications for obligation, proportionality, insurance type, and class of business should be 'None' as per the instruction to reply 'None' when the document is not a full reinsurance contract.

The underlying Quota Share Agreement was for a casualty insurance portfolio (as inferred from the names of the ceding companies and the context of the filing by Bristol West Insurance Group, which operates in the personal auto insurance market—typically casualty). However, since this document is not the main contract and only a commutation, we do not classify it as such.",True,,,,,
2005-904020-0001047469-05-008605-a2154856zex-10_43.htm,"The provided document is a General Terms of Sale for the sale of V2500® engines and spare parts between IAE International Aero Engines AG and Atlantic Coast Airlines. It details the agreement for the purchase of firm spare engines, provisions for spare parts, warranties, guarantees, and various other terms related to the sale and support of the engines. The document also includes side letters that provide additional terms and conditions, such as financial assistance, customer support, and lease agreements for emergency spare engines.

The document does not contain any elements that are characteristic of a reinsurance agreement. It does not involve the transfer of risk from one insurer to another, nor does it include terms related to the sharing of premiums, claims, or losses between insurance companies. Instead, it is focused on the sale and support of aircraft engines and related services, which is a direct commercial transaction between a manufacturer and a customer.

Therefore, the document is not a reinsurance agreement.",False,True,,,,
2005-1160294-0001104659-05-013827-a05-1889_1ex10d88.htm,"The document is a ""Mortgage, Assignment of Rents and Fixture Filing"" executed by HGI - Lakeside, a Nevada corporation, in favor of Bank of America, N.A., as Administrative Agent. The document is a real estate mortgage securing a credit facility of up to $300,000,000. It includes provisions for the grant of a mortgage on real property, assignment of rents, security interest in personal property, and various covenants and remedies in the event of default. The document pertains to the financing of a gaming property and is governed by Iowa law.

This document is not a reinsurance agreement. It does not involve the transfer of insurance risk from one insurer to another. Instead, it is a secured lending agreement where real and personal property is pledged as collateral for a loan. The document is a mortgage, which is explicitly excluded from the definition of reinsurance agreements. There is no mention of insurance, reinsurance, retrocession, or any risk transfer mechanism typical of reinsurance contracts.

Therefore, the document is not a reinsurance agreement, and all subsequent fields related to reinsurance classification are not applicable.",False,,,,,
2005-1233426-0000950144-05-008786-g96871exv10w9.htm,"The document is a Strategic Agreement between Connecticut General Life Insurance Company (CIGNA) and United States Pharmaceutical Group, LLC and NationsHealth, Inc. The agreement outlines services related to the Medicare Prescription Drug Benefit program (Part D), including marketing, beneficiary communication, enrollment, billing, premium collection, and grievance processing. CIGNA is the Prescription Drug Plan (PDP) sponsor, and USPG is providing operational and administrative services to support CIGNA's PDP.

The agreement explicitly states in Exhibit 3.01, under ""No Intent to Create Reinsurance,"" that ""both parties have independently formed a belief that, in the event of a loss under any of CIGNA's Part D contracts covered by this Agreement, this provision does not give rise to a contract for reinsurance against an underwriting loss by CIGNA."" This clearly indicates that the parties do not intend this arrangement to be a reinsurance agreement.

Furthermore, the services provided by USPG are administrative and operational in nature (e.g., enrollment, billing, customer service), not risk transfer from one insurer to another. The compensation structure is based on performance and cost-sharing mechanisms related to operational expenses and target margins, not on the transfer of insurance risk.

Therefore, the document is not a reinsurance agreement.",False,,,,,
2005-909109-0000893220-05-000572-w06622exv10w77.txt,"The document is titled ""REINSTATEMENT PREMIUM PROTECTION REINSURANCE CONTRACT"" and explicitly states in Article I that the Reinsurer agrees to indemnify the Company for 100% of any reinstatement premium paid under the Company's ""Underlying Excess Catastrophe Reinsurance Contracts."" Reinstatement Premium Protection (RPP) contracts are considered reinsurance agreements when they refer to an underlying reinsurance contract, which this document clearly does. The underlying contracts are Excess Catastrophe Reinsurance Contracts, which are non-proportional in nature. Therefore, this RPP contract is tied to non-proportional reinsurance and is itself a form of non-proportional reinsurance.

The document contains all principal terms of the agreement, including coverage, term, premium, loss settlements, and other standard reinsurance clauses, and is issued as a standalone contract with a schedule and an Interests and Liabilities Agreement. This indicates it is a main contract, not merely an ancillary endorsement or amendment.

The RPP covers the entire portfolio of the underlying catastrophe excess contracts, which are obligatory treaties. Therefore, the RPP is also obligatory, as it supports a portfolio-wide risk transfer mechanism rather than a single or facultative risk.

The underlying contracts are Excess of Loss catastrophe reinsurance contracts, which are non-proportional. RPP on non-proportional underlying contracts is classified as non-proportional reinsurance.

The underlying contracts are catastrophe excess contracts, which typically cover property risks from natural perils (e.g., hurricanes, earthquakes). These fall under Non-Life insurance. The class of business is Property, as catastrophe reinsurance is predominantly property-related.

Thus, all classification criteria are met based on the document’s content and structure.",True,True,True,non-proportional,Non-Life,Property
2005-875159-0000930413-05-003458-c37121_ex10-1.txt,"The document is an employment agreement between XL Capital Ltd and Paul S. Giordano. It outlines the terms and conditions of his employment, including position, duties, compensation, benefits, termination provisions, non-compete and confidentiality clauses, and other standard employment-related terms. The document does not involve any transfer of insurance risk, ceding of policies, or reinsurance arrangements. It is not related to reinsurance or any type of insurance contract. Therefore, it does not meet any of the criteria for being classified as a reinsurance agreement.",False,,,,,
2005-890926-0001193125-05-046563-dex1046.htm,"The document provided is a Credit Agreement dated December 16, 2004, among Radian Group Inc., the lenders party to the agreement, and KeyBank National Association, acting in several roles including Administrative Agent. The agreement outlines the terms for revolving credit loans, including 364-Day and Five-Year facilities, and includes provisions for letters of credit and swingline loans.

The agreement details the commitments of the lenders, borrowing procedures, interest rates, fees, representations and warranties, covenants, events of default, and other standard provisions typical of a credit facility. It is structured as a loan agreement where funds are made available to the borrower (Radian Group Inc.) for general corporate purposes, including liquidity and working capital.

Nowhere in the document is there any reference to reinsurance, retrocession, risk transfer between insurers and reinsurers, or any of the specific types of reinsurance contracts listed in the definition (e.g., quota share, excess of loss, catastrophe bonds, etc.). Instead, the document is clearly a financial instrument for corporate borrowing and lending.

Therefore, this document is not a reinsurance agreement. It is a credit agreement, which falls under the category of financial guarantees and credit instruments, which are explicitly excluded from being considered reinsurance agreements.

Since it is not a reinsurance agreement, the subsequent fields (is_main_contract, is_obligatory, etc.) must be set to None as per the instructions.",False,,,,,
2005-1140536-0001047469-05-013753-a2157506zex-10_25.htm,"The document is an ""Assurance of Discontinuance"" entered into between the New York Attorney General, the Superintendent of Insurance, and Willis Group Holdings Ltd and its subsidiaries. It outlines findings related to improper business practices by Willis, an insurance broker, including steering client business to insurers with whom it had contingent commission agreements, leveraging retail brokerage to obtain reinsurance brokerage business, and engaging in bid-rigging. The document imposes monetary relief, business reforms, and compliance monitoring but does not establish or modify any reinsurance contract.

It is not a reinsurance agreement, retrocession agreement, or any other type of risk transfer contract between insurers and reinsurers. Instead, it is a regulatory settlement addressing misconduct in the insurance brokerage process. Therefore, it does not meet any of the criteria for being classified as a reinsurance agreement.",False,,,,,
2005-922621-0000950152-05-003489-j1354101exv10w83.htm,"The document is titled ""AGGREGATE EXCESS OF LOSS REINSURANCE ADDENDUM NO. 4"" and explicitly refers to an amendment of a reinsurance contract between Erie Insurance Company and Erie Indemnity Company. The term ""Aggregate Excess of Loss"" is a well-known form of non-proportional reinsurance. The document modifies the premium terms of the existing reinsurance agreement, specifically Article 12, which governs premium payments. As an addendum that amends an existing reinsurance contract, it qualifies as a document that modifies a reinsurance agreement and is therefore a reinsurance agreement under the provided definition.

However, since this is an addendum—specifically amending only one article (premium terms)—it is not a full, standalone reinsurance contract but rather an ancillary agreement that modifies an existing contract. Therefore, it is not a main contract.

Because it is an ancillary agreement and not a full contract, attributes such as whether it is obligatory, proportional or non-proportional, insurance type, and class of business cannot be determined from this document alone, even though the underlying contract type (non-proportional) could be inferred. However, since the document does not establish the full terms of the contract, these fields should be marked as 'None' per instructions.",True,False,,,,
2005-1289592-0001125282-05-001498-b405557ex_10-39.txt,"The document is titled ""GENERAL AGENCY AGREEMENT"" and establishes an agreement between State National Insurance Company, Tower Insurance Company of New York (the Reinsurer), and Tower Risk Management Corp. (the General Agent). The preamble states that this agreement is made in connection with existing reinsurance agreements — specifically, the ""2005 State National Quota Share Reinsurance Agreements"" and the ""2005 Excess of Liability Reinsurance Agreement"" — which are referenced and attached as exhibits. The purpose of this agreement is to appoint the General Agent to perform certain administrative, underwriting, claims handling, and reporting functions on behalf of the Company and Reinsurer under those reinsurance contracts.

The document does not establish a reinsurance contract itself. Instead, it governs the role and responsibilities of the General Agent in managing business that is already reinsured under separate reinsurance agreements. It includes provisions about claims authority, premium handling, reporting, compliance, and indemnification, but these are all in service of administering an existing reinsurance arrangement.

According to the classification guidelines, documents such as underwriting agency agreements between reinsurance companies and agents are explicitly **not** considered reinsurance agreements. This is an agency agreement that facilitates the operation of reinsurance contracts but does not itself transfer risk or establish reinsurance terms.

Therefore, while the document is closely related to reinsurance, it is not a reinsurance agreement. Consequently, downstream fields such as `is_main_contract`, `is_obligatory`, `proportional_or_non_proportional`, `insurance_type`, and `class_of_business` must be set to `None`, as they only apply if the document is a reinsurance agreement.",False,,,,,
2005-909109-0000893220-05-001985-w11543exv10w2.htm,"The document is titled ""65% Florida Only Third and Fourth Event Excess Catastrophe Reinsurance Contract,"" which clearly indicates it is a reinsurance agreement. It establishes a contractual relationship between Liberty American Insurance Company and other member companies of Liberty American Insurance Group, Inc. (the ""Company"") and subscribing reinsurers (the ""Reinsurer""). The structure, language, and clauses (e.g., retention and limit, reinsurance premium, arbitration, insolvency, net retained lines) are standard in reinsurance contracts.

The document contains principal terms such as coverage layers, retentions, limits, premium, definitions, exclusions, and detailed claims procedures. It includes a Schedule A with specific financial terms and multiple Interests and Liabilities Agreements from subscribing reinsurers, confirming its status as a main contract rather than an ancillary document like an endorsement or amendment.

The contract covers excess liability for Property business (Article I), confirming it is non-life and in the Property class. It is structured as an excess catastrophe reinsurance contract with multiple layers (Underlying, First, Second, Third Excess), which is characteristic of non-proportional (excess of loss) reinsurance. The retention and limit structure (e.g., $3.5M excess of $3.5M) confirms it is non-proportional. There is no indication of proportional sharing of premiums or losses.

The contract reinsures ""Property business"" (Article I) and excludes Accident and Health, Casualty, Fidelity, and Surety, confirming its focus on property catastrophe risks. The territory is limited to Florida, and the perils include windstorm, hurricane, etc., consistent with property catastrophe coverage.

It is an obligatory treaty, as it automatically covers all eligible policies of the ceding company within the defined classes and territory without individual underwriting (facultative). This is typical of catastrophe excess treaties.",True,True,True,non-proportional,Non-Life,Property
2005-352736-0001104659-05-053113-a05-17797_1ex10d1.htm,"The document is an Investment Management Agreement between ALLSTATE INVESTMENTS, LLC and ALIC REINSURANCE COMPANY. It outlines the provision of investment management services for trust assets held by ALIC Re, including investment discretion, advisory services, trade execution, compliance, and reporting. The agreement does not involve the transfer of insurance risk from one insurer to another, nor does it contain terms typical of reinsurance such as ceding premiums, coverage limits, or risk sharing related to insurance claims. Instead, it governs how investment assets are to be managed.

Given that the document pertains solely to investment management and not to risk transfer between insurers, it does not meet the definition of a reinsurance agreement. It is not a reinsurance treaty, retrocession, or any ancillary document modifying such an agreement. Therefore, it is not a reinsurance agreement, and all downstream fields related to reinsurance classification must reflect that.",False,,,,,
2005-1022671-0001125282-05-001195-b405239_ex1001.txt,"The document provided is a Credit Agreement between Steel Dynamics, Inc. (the ""Borrower"") and various financial institutions, including General Electric Capital Corporation and Morgan Stanley Senior Funding, Inc., among others. The agreement outlines the terms for a $225,000,000 credit facility, including provisions for advances, letters of credit, interest rates, fees, covenants, and conditions for borrowing. It also includes representations, warranties, and events of default.

The document is clearly a financial credit agreement, which is a type of loan agreement. It is not related to insurance or reinsurance in any way. The document does not contain any terms or conditions related to risk transfer, indemnity, or coverage that are characteristic of reinsurance agreements. Instead, it focuses on the terms of a loan, including repayment schedules, interest calculations, and collateral.

Based on the provided definitions, a reinsurance agreement is a contract where one insurer (the reinsurer) agrees to indemnify another insurer (the ceding company) for part of the insurance risk underwritten by the ceding company. The document in question does not involve such a risk transfer between insurers. It is a direct loan agreement between a borrower and lenders.

Therefore, this document is not a reinsurance agreement. It is also not a main contract, obligatory agreement, or any type of proportional or non-proportional reinsurance. It does not pertain to Life or Non-Life insurance, nor does it relate to any specific class of business in the insurance sector.",False,,,,,
2005-351754-0001193125-05-064794-dex10d.htm,"The provided document is an ""Insurance Administrative Services Agreement"" between Kemper Investors Life Insurance Company (Customer) and Liberty Insurance Services Corporation (Liberty). The agreement outlines the provision of administrative services for variable annuity contracts, including tasks such as billing and collections, contract owner services, claims processing, reinsurance administration support, financial accounting, call center operations, and regulatory compliance. The services are defined in Exhibit 3.2, which includes administrative functions related to the management of existing insurance contracts.

The document explicitly states that Liberty assumes no ""Insurance Risk"" (mortality or morbidity risk) for any of the contracts (Section 5.1). Instead, Liberty is acting as a third-party administrator, providing operational, technical, and compliance-related services. The agreement is not transferring insurance or reinsurance risk between parties; rather, it is delegating administrative responsibilities.

Reinsurance agreements involve the transfer of risk from one insurer (the ceding company) to another (the reinsurer). This document does not involve such a risk transfer. Instead, it is a service agreement for the administration of insurance contracts, similar to outsourcing back-office functions. Per the provided classification rules, such agreements are explicitly excluded from being considered reinsurance agreements (e.g., ""Underwriting Agency Agreements"" and ""Referral Agreements"" are non-reinsurance, and by extension, administrative service agreements are ancillary and not risk-transfer instruments).

Since the document is not a reinsurance agreement, all subsequent fields dependent on that classification (is_main_contract, is_obligatory, proportional_or_non_proportional, insurance_type, class_of_business) are set to None.",False,,,,,
2005-822416-0000950124-05-006153-k99357exv10w1.txt,"The document is a ""Second Amended and Restated Credit Agreement"" between Pulte Homes, Inc. (the borrower), various lenders, and JPMorgan Chase Bank as the administrative agent. The agreement outlines the terms for a credit facility, including revolving loans, swingline loans, and letters of credit. The core purpose of this document is to establish a lending relationship, define the financial obligations of the borrower, and set the conditions under which funds are extended. 

The provided list of documents considered reinsurance agreements includes items like reinsurance agreements, retrocession agreements, and insurance pooling agreements. This document is fundamentally a credit agreement, which is explicitly listed as a document that is **not** considered a reinsurance agreement. It is a financial instrument for debt financing, not a contract for the transfer of insurance risk.

Because the document is not a reinsurance agreement, all subsequent questions regarding its nature as a main contract, its obligatory status, its proportional/non-proportional classification, and its insurance type and class of business are irrelevant and must be answered with 'None'.",False,,,,,
2005-352736-0001104659-05-037196-a05-12688_1ex10d1.htm,"The document is an ""Amended and Restated Service and Expense Agreement"" among Allstate Insurance Company, The Allstate Corporation, and various affiliated entities. It outlines the provision of services such as marketing, claims, underwriting, policyholder services, finance, human resources, legal, IT, and facilities, all provided at cost. The agreement focuses on administrative and operational support services between corporate affiliates and includes detailed cost allocation methodologies based on NAIC guidelines.

There is no mention of risk transfer, indemnification of insurance losses, reinsurance cessions, or any core elements of a reinsurance contract. Instead, the document governs the sharing of services and expenses within a corporate group. Although the list of signatories includes insurance entities (including life and property & casualty insurers), the substance of the agreement is intercompany service sharing, not risk transfer.

Reinsurance agreements involve the transfer of insurance risk from one insurer to another. This document does not establish such a relationship. Ancillary agreements to reinsurance contracts (e.g., service agreements related to a reinsurance arrangement) may exist, but this is a broad intercompany services agreement that is not tied to any specific reinsurance transaction.

Therefore, this is not a reinsurance agreement, nor is it an ancillary document to one. It is a corporate service agreement.",False,,,,,
2005-4611-0001171520-05-000323-ex10-11.txt,"The document is a Confidential Settlement Agreement and Release among Congoleum Corporation, the Plan Trust, and certain Underwriters at Lloyd's, London. It resolves disputes over insurance coverage for asbestos-related claims under policies known as the ""London Policies."" The agreement involves a final settlement where Congoleum releases Lloyd's Underwriters from all obligations under these policies in exchange for a monetary payment.

The document is not a reinsurance agreement. It is a settlement agreement resolving coverage disputes under direct insurance policies (the London Policies). Although it references reinsurance (e.g., Equitas reinsuring liabilities), the agreement itself does not establish a reinsurance or retrocession contract. Instead, it terminates existing insurance obligations and releases claims under direct insurance policies. The document is ancillary to the original insurance contracts and does not create a new risk transfer mechanism from one insurer to another, which is the hallmark of reinsurance.

Therefore, it is not a reinsurance agreement, nor does it establish a main reinsurance contract. All downstream classifications (obligatory, proportional, insurance type, class of business) are not applicable.",False,,,,,
2005-920605-0000950144-05-002628-g93846exv10w20.txt,"The document provided is a Loan Agreement between Winston SPE II LLC, as the borrower, and General Electric Capital Corporation, as the lender. It outlines the terms and conditions of a $155,000,000 credit facility, including details on advances, interest rates, fees, collateral, and covenants. The document does not contain any provisions related to insurance or reinsurance. Instead, it focuses on financial lending, repayment terms, and security interests in real estate properties. The agreements and conditions described are typical of a commercial loan agreement and do not involve risk transfer between insurers or reinsurers. Therefore, this document is not a reinsurance agreement or any of its ancillary forms.",False,,,,,
2005-1041379-0000950144-05-003142-g93770kexv10w66.txt,"The provided document is an ""Amended and Restated Credit Agreement"" between AFC Enterprises, Inc. (the Borrower), various Lenders, and JPMorgan Chase Bank (the Administrative Agent). The document outlines the terms of credit facilities, including loans, letters of credit, and associated covenants, representations, and conditions. It is fundamentally a financial agreement for lending and borrowing, involving commitments, interest rates, repayment schedules, and security interests.

This document does not contain any language or provisions related to the transfer of insurance risk from one party to another, which is the core function of a reinsurance agreement. The listed items in the document, such as ""Loans,"" ""Letters of Credit,"" ""Commitments,"" and ""Security Interests,"" are all standard components of a credit facility, not a reinsurance contract. The document's purpose is to secure financing for the Borrower, not to provide risk transfer for insurance claims.

Therefore, based on the definition provided, this document is not a reinsurance agreement.",False,,,,,
2005-811612-0000910647-05-000292-cgi3-1038.htm,"The document is a ""PROPERTY CATASTROPHE (1st through 3rd) EXCESS OF LOSS REINSURANCE CONTRACT"" between The Commerce Group, Inc. (including its subsidiaries) and a subscribing reinsurer. It explicitly indemnifies the Company for losses exceeding certain retentions in respect of its participation in the Massachusetts Property Insurance Underwriting Association (MPIUA) pool. This is a clear reinsurance agreement, specifically an excess of loss contract, which falls under the category of non-proportional reinsurance.

The contract includes three exhibits (Exhibits A, B, and C), each representing a different layer of excess of loss coverage with increasing retentions and limits. The structure (first, second, and third) indicates a layered catastrophe excess of loss treaty. The presence of defined ""Ultimate Net Loss,"" ""Loss Occurrence,"" premium payments, reinstatement premiums, and other standard reinsurance clauses confirms this is a full reinsurance contract.

It is a main contract because it establishes the full terms of the reinsurance relationship, including scope, limits, premiums, and conditions. It is not merely an endorsement or ancillary agreement.

The contract is obligatory because it covers all Pool Business written by MPIUA in which the Company participates, without selection on a risk-by-risk basis. This is a treaty-style agreement covering a defined portfolio.

The reinsurance is non-proportional because it is structured as an excess of loss contract—losses are covered only after a specified retention is exceeded, and the reinsurer pays 100% of the excess up to a limit. This is not a quota share or surplus arrangement.

The insurance type is Non-Life, as it covers property insurance (specifically catastrophe risks in Massachusetts), which falls under property and casualty insurance. There is no indication of life, health, or annuity coverage.

The class of business is Property, as the contract explicitly covers property catastrophe risks (e.g., windstorm, hail, hurricane, earthquake) and is written on property policies from a property insurance pool (MPIUA).",True,True,True,non-proportional,Non-Life,Property
2005-856982-0001104659-05-011178-a05-3416_1ex10d13.htm,"The document is an Asset Purchase Agreement between Merit Medical Systems, Inc. (Purchaser) and MedSource Packaging Concepts LLC (Seller), along with its members. The agreement outlines the sale of the assets of the Seller's medical supplies and products packaging, marketing, distribution, sales, and services business to the Purchaser. It includes details on the sale and transfer of assets, assumption of liabilities, purchase price, representations and warranties, covenants, indemnification, and other related terms.

This document is not a reinsurance agreement as it does not involve the transfer of insurance risk from one insurer to another. Instead, it is a business acquisition agreement focused on the sale of tangible and intangible assets related to a medical supplies and products packaging business. Since the document does not pertain to reinsurance or any form of risk transfer between insurers, it does not meet the criteria for being classified as a reinsurance agreement.",False,,,,,
2005-776867-0001047469-05-005178-a2152709zex-10_26.txt,"The document is an Amended and Restated Revenue Sharing Agreement between Fund American Companies, Inc., Folksamerica Reinsurance Company, and John D. Gillespie. It outlines revenue sharing arrangements related to investment management activities through entities such as Prospector Partners and Prospector Associates. The agreement involves payments based on net revenue from investment funds and separate accounts, and includes provisions for expense sharing and founder's revenue shares.

However, the document does not establish or modify a reinsurance contract. It does not transfer insurance risk from an insurer to a reinsurer, nor does it contain typical reinsurance terms such as ceded premiums, assumed losses, coverage limits, or treaty terms. Instead, it governs the sharing of investment management revenue and associated expenses. Folksamerica Reinsurance Company is a party, but its involvement is as a recipient of a revenue share from investment activities, not in a capacity typical of a reinsurer assuming insurance risk.

Therefore, this is not a reinsurance agreement, nor is it an ancillary document to one. It is a revenue sharing and expense allocation agreement related to investment management services.",False,,,,,
2005-23341-0001171520-05-000318-ex10-3.txt,"The document is a Confidential Settlement Agreement and Release between Congoleum Corporation (and the Plan Trust) and certain Underwriters at Lloyd's, London. The agreement resolves a coverage dispute concerning insurance policies (the ""London Policies"") that provided coverage to Congoleum, particularly for asbestos-related claims. The agreement involves the payment of a settlement amount by the Lloyd's Underwriters to resolve all past, present, and future claims under these policies.

Although the London Policies themselves may have been reinsurance or insurance contracts, this document is not a reinsurance agreement. Instead, it is a settlement agreement that releases all claims under the underlying insurance policies. It does not establish, renew, amend, or modify the terms of a reinsurance contract; rather, it terminates all obligations under the London Policies via a final settlement. Therefore, it falls outside the definition of a reinsurance agreement as per the provided criteria, which include only contracts that transfer risk or modify existing reinsurance contracts—not settlement agreements that extinguish claims.

Since it is not a reinsurance agreement, all downstream fields (main contract, obligatory, etc.) must be set to None.",False,,,,,
2005-914804-0000950123-05-006391-y08634bexv10w2.htm,"The document is a ""First Amended and Restated Credit Agreement"" between Assurant, Inc. and a group of lenders, with JPMorgan Chase Bank, N.A. serving as the Administrative Agent. It outlines terms for a revolving credit facility, including commitments, interest rates, fees, covenants, and conditions for borrowing. The document is clearly a financial credit agreement and not a reinsurance agreement. It does not involve the transfer of insurance risk from one insurer to another, nor does it contain typical reinsurance terms such as ceding commissions, reinsurance recoverables, or treaty structures. Instead, it deals with loan amounts, repayment terms, and financial covenants typical of a corporate credit facility. Therefore, it falls under the category of credit instruments, which are explicitly excluded from being considered reinsurance agreements.",False,,,,,
2005-909109-0000893220-05-001098-w08666exv10w3.htm,"The document is titled ""$50,000,000 Excess $140,000,000 Florida Only Catastrophe Reinsurance Contract,"" which clearly indicates it is a reinsurance agreement. It involves Liberty American Insurance Company and other affiliated companies as the ceding insurer and multiple reinsurers (e.g., Hannover Re, Tokio Millennium Re) who are assuming a portion of the risk. The structure of the contract, including clauses on retention, limit, reinstatement, and definitions such as ""ultimate net loss,"" aligns with standard reinsurance treaty practices.

The contract reinsures excess liability arising from catastrophe events in Florida, specifically covering property business, and is structured as an excess of loss treaty with a retention of $140 million and a limit of $50 million per loss occurrence. This is a classic non-proportional reinsurance arrangement because the reinsurer only pays if losses exceed a specified retention, and the amount paid is not a fixed percentage of the loss.

The document appears to be a complete reinsurance contract, not merely an amendment or ancillary agreement. It includes all essential terms—parties, coverage, exclusions, premium, term, and conditions—and is executed with Interests and Liabilities Agreements from subscribing reinsurers. Thus, it qualifies as a main contract.

It is an obligatory treaty because it automatically covers all qualifying losses from the defined portfolio (property business in Florida) without requiring individual underwriting per risk. This is characteristic of an obligatory catastrophe excess treaty.

The class of business is Property, as explicitly stated in Article I: ""classified by the Company as Property business."" This is a Non-Life insurance contract, as property insurance falls under the non-life category. There is no indication of life, health, or casualty as the primary coverage; the focus is clearly on property catastrophe risk.

Therefore, all classification criteria are met based on the content and structure of the document.",True,True,True,non-proportional,Non-Life,Property
2005-1138951-0001193125-05-221456-dex1038.htm,"The provided document is a Credit Agreement between LeapFrog Enterprises, Inc. (the Borrower) and several financial institutions (the Lenders), with Bank of America, N.A. acting as the Agent. This agreement outlines the terms under which the Lenders will provide a revolving credit facility to the Borrower, including the conditions for making loans, interest rates, fees, and covenants. It also includes provisions for letters of credit and other bank products. The document is clearly a financial credit agreement, not a reinsurance agreement. Reinsurance agreements involve the transfer of risk from one insurer to another, which is not the case here. The document does not contain any provisions related to insurance or reinsurance, and it does not pertain to any insurance-related activities.",False,,,,,
2005-1064122-0000898080-05-000165-ex10-49.txt,"The document is explicitly titled ""RETROCESSION AGREEMENT"" and is entered into between Scottish Re Life (Bermuda) Limited (the ""Reinsurer"") and Security Life of Denver Insurance Company (the ""Retrocessionaire""). A retrocession agreement is a reinsurance contract where a reinsurer cedes part of its assumed risk to another reinsurer, which falls squarely within the definition of a reinsurance agreement as per the provided criteria. Therefore, the document qualifies as a reinsurance agreement.

The agreement establishes the core terms of the retrocession, including the scope of reinsurance (Excess Mortality Risks on specific individuals), premium payments, claims handling, liability, and termination. It contains all principal terms necessary for a functioning reinsurance contract and is not merely an ancillary document like an endorsement or commutation. Thus, it is a main contract.

The agreement covers ""Excess Mortality Risks"" — defined as death benefits exceeding $2,000,000 for specific individuals under existing life insurance contracts. This is a risk excess of a retention limit, which is characteristic of non-proportional reinsurance (specifically, a form of excess of loss). There is no indication of proportional sharing of premiums or losses across a portfolio. Therefore, the contract is non-proportional.

The risks involved are related to death benefits under life insurance policies, and the document references ""individual life reinsurance business"" and ""Covered Insurance Contracts"" in the context of life insurance. This clearly places the agreement within the Life insurance category.

The class of business is mortality, as the reinsurance covers excess death benefits (i.e., mortality risk) on individual lives, which is a core component of life reinsurance.",True,True,False,non-proportional,Life,Mortality
2005-913144-0000950136-05-004653-file002.htm,"The document is an Amended and Restated Employment Agreement between Renaissance Reinsurance Ltd. and Kevin J. O'Donnell. It outlines the terms and conditions of the employee's continued employment, including duties, compensation, termination provisions, non-compete obligations, confidentiality, and indemnification. While the employer is a reinsurance company, the document itself pertains to employment terms and does not establish or modify any reinsurance or retrocession contract. It is not a reinsurance agreement, nor is it an ancillary document to one. Instead, it is a standard employment contract.

Because this is not a reinsurance agreement, all subsequent classification fields that depend on the document being a reinsurance contract must be set to 'None' or False as appropriate.",False,,,,,
2005-823533-0000950123-05-006392-y08634cexv10w2.htm,"The document is a ""FIRST AMENDED AND RESTATED CREDIT AGREEMENT"" dated April 29, 2005 among Assurant, Inc. (the ""Borrower""), multiple lenders, and JPMorgan Chase Bank as Administrative Agent. This is clearly a corporate credit facility/revolving loan agreement, not a reinsurance agreement.

Key evidence:
1. The document establishes a $500 million credit facility (as shown in Schedule 2.1) with multiple banks providing commitments to lend money to Assurant, Inc.
2. It contains standard credit agreement provisions including interest rates (Base Rate or LIBOR), covenants, representations and warranties, events of default, and other loan terms.
3. The metadata explicitly describes it as ""AMENDED AND RESTATED REVOLVING CREDIT...""
4. While Assurant is an insurance company (evidenced by references to ""Insurance Subsidiaries"" and statutory financial statements), this document governs a loan facility, not risk transfer between insurers.

According to the classification criteria, credit agreements/loan instruments are explicitly NOT considered reinsurance agreements (second bullet under ""NOT considered reinsurance agreements"": ""Bonds, loans and credit instruments except for Catastrophe Bonds and other Insurance Linked Securities as described above"").

Although Schedule 4.6 mentions past reinsurance activities of a subsidiary (American Reliable Insurance Company), this is merely a disclosure of historical business activities, not the reinsurance agreement itself.

The document is fundamentally a financial instrument for corporate borrowing, not a risk transfer agreement between insurance entities.",False,,,,,
2005-1128546-0001104659-05-039150-a05-12975_1ex10d1.htm,"The provided document is a Loan Agreement between Badger State Ethanol, LLC and AgStar Financial Services, PCA. It outlines the terms for a term loan, a convertible loan, and a revolving loan, including interest rates, repayment schedules, covenants, and conditions precedent. The agreement also includes provisions for letters of credit and security interests in the borrower's assets. The document does not mention any form of reinsurance, retrocession, or any other risk transfer mechanism typically associated with reinsurance agreements. Instead, it is clearly a financial agreement focused on lending and borrowing money, with no indication of insurance or reinsurance activities.",False,,,,,
2005-86312-0001104659-05-022258-a05-7939_1ex10d1.htm,"The document is The St. Paul Travelers Companies, Inc. Senior Executive Performance Plan, which outlines an incentive compensation program for executives. It defines performance metrics, award calculations, and payment mechanisms tied to company performance, specifically After-Tax Operating Earnings and Return on Equity. The plan is designed to comply with Section 162(m) of the Internal Revenue Code for performance-based compensation.

This document is not a reinsurance agreement or any type of insurance or risk transfer contract. Instead, it is an internal corporate compensation plan. It does not involve the transfer of insurance risk, ceding of policies, or any reinsurance terms such as ceding commissions, layers of coverage, or treaty provisions. Therefore, it does not meet any of the criteria for being classified as a reinsurance agreement.

Since it is not a reinsurance agreement, all subsequent classifications related to reinsurance (main contract, obligatory, proportional, insurance type, class of business) are not applicable.",False,,,,,
2005-1289592-0001125282-05-001498-b405557ex_10-33.txt,"The document is a General Agency Agreement between State National Insurance Company, Inc. (the ""Company""), Tower Insurance Company of New York (the ""Reinsurer""), and Tower Risk Management Corp. (the ""General Agent""). It outlines the appointment of the General Agent to perform various functions related to insurance policies issued under two reinsurance agreements: a Quota Share Reinsurance Agreement and an Excess of Liability Reinsurance Agreement. However, the document itself does not establish a reinsurance contract; instead, it governs the operational and administrative duties of the General Agent in relation to business subject to existing reinsurance agreements.

The agreement explicitly references two underlying reinsurance agreements (the ""Reinsurance Agreements"") and states that those agreements govern in case of conflict. The current document merely facilitates the management of business covered by those reinsurance contracts. It grants the General Agent authority over underwriting, claims handling, premium collection, and reporting but does not itself transfer risk between insurers and reinsurers.

Because this is an agreement concerning agency functions and not a risk-transfer instrument, it falls under the category of ancillary or service agreements. Specifically, it is an Underwriting Agency Agreement, which according to the classification guidelines provided, is **not** considered a reinsurance agreement.

Since it is not a reinsurance agreement at all, all downstream fields related to reinsurance characteristics (main contract, obligatory, proportional/non-proportional, insurance type, class of business) must be set to `None`.",False,,,,,
2005-1267238-0000950123-05-006387-y08634aexv10w2.htm,"The document is a ""First Amended and Restated Credit Agreement"" between Assurant, Inc. and a group of lenders, with JPMorgan Chase Bank, N.A. acting as the administrative agent. It outlines the terms of a revolving credit facility, including commitments, interest rates, fees, covenants, and conditions precedent. The agreement is a financial instrument related to corporate borrowing and does not involve the transfer of insurance risk from one insurer to another.

Although Assurant, Inc. is an insurance company and the document references certain insurance subsidiaries and reinsurance activities in ancillary schedules (e.g., Schedule 4.6 mentions historical reinsurance programs), the document itself is not a reinsurance agreement. Instead, it is a credit agreement, which falls under the category of financial guarantees and credit instruments. According to the classification guidelines, such instruments are explicitly excluded from being considered reinsurance agreements.

Therefore, the document is not a reinsurance agreement, and all subsequent classification fields related to reinsurance (main contract, obligatory, proportional, insurance type, class of business) are not applicable.",False,,,,,
2005-355622-0000355622-05-000049-secondamendnpa.txt,"The document is a ""Second Amendment to Note Purchase Agreement"" related to the issuance and sale of Senior Notes by Ryan's Restaurant Group, Inc. It amends financial covenants, definitions, and conditions related to a debt financing arrangement. The document pertains to a corporate debt instrument and does not involve risk transfer between insurers and reinsurers. Although one of the note holders is ""RGA Reinsurance Company,"" this does not make the document a reinsurance agreement. The document is an amendment to a note purchase agreement, which falls under credit instruments (bonds, loans, etc.), explicitly excluded from the definition of reinsurance agreements. Therefore, it is not a reinsurance agreement. Since it is not a reinsurance agreement, all downstream fields related to reinsurance classification are set to None.",False,,,,,
2005-1169638-0001193125-05-221675-dex1025.htm,"The document provided is an ""Amended and Restated Senior Secured Credit Agreement"" dated August 1, 2005. This is a loan agreement between a group of borrowers (entities in the MeriStar group) and a group of lenders led by Lehman Commercial Paper, Inc. as the Administrative Agent.

The agreement details a $150 million credit facility secured by real property assets (hotel properties). It outlines the terms of the loan, including the advances, interest rates, fees, covenants, events of default, and remedies. The collateral for the loan consists of mortgages on specific hotel properties.

This document is a standard credit agreement in the corporate finance sector. It is not a reinsurance agreement. The listed exclusions in the prompt specifically state that bonds, loans, and credit instruments are not considered reinsurance agreements.

Therefore, this document does not meet any of the criteria for being a reinsurance agreement.",False,,,,,
2005-1038914-0001193125-05-041768-dex1042.htm,"The document is a Group Life and Accident and Health Insurance Policy between Aetna Life Insurance Company and GlobalSantaFe. It outlines the terms of insurance coverage for employees, including life insurance, accidental death and personal loss benefits, and health expense coverage. The policy is issued to a corporate policyholder (GlobalSantaFe) for its employees and includes detailed provisions on eligibility, benefits, premiums, and administrative matters.

This is a direct insurance contract, not a reinsurance agreement. The document explicitly refers to coverage for employees and dependents, benefit amounts, premium rates, and policyholder responsibilities—all hallmarks of a primary insurance policy. Furthermore, the document contains disclaimers stating that certain protections (like guaranty association coverage) do not apply to reinsurance policies, implying this is not a reinsurance contract.

Since it is not a reinsurance agreement, the subsequent fields related to reinsurance (main contract, obligatory, proportional/non-proportional, etc.) are not applicable and should be set to None.",False,,,,Life,Other Life
2005-1064863-0000950133-05-004984-w14217exv10w51.txt,"The document is a model contract between the New York State Department of Health (SDOH) and a managed care contractor for providing Medicaid Managed Care (MMC) and Family Health Plus (FHPlus) services. It outlines the terms for providing health care coverage to eligible individuals, including service areas, enrollment, compensation through capitation payments, benefit packages, quality assurance, and compliance with state and federal regulations.

This is a direct health insurance contract between a government agency and a managed care organization, not a reinsurance agreement. Reinsurance involves one insurer transferring risk to another insurer, which is not the case here. The document establishes a primary insurance arrangement where the contractor directly provides health care services to beneficiaries in exchange for capitation payments from the state.

The contract is a main contract as it establishes the primary relationship between the state and the managed care organization for providing health services. However, since this is not a reinsurance agreement, the fields related to reinsurance characteristics (obligatory status, proportional/non-proportional nature) are not applicable.

The document pertains to Non-Life insurance as it covers health care services rather than life insurance products. The class of business is Health, as it specifically addresses medical, preventive, and specialty health services for the covered population.",False,True,,,Non-Life,Health
2005-1193558-0001193125-05-098301-dex103.htm,"The document is a Loan and Security Agreement between a borrower and lenders, outlining terms for a loan secured by real property. It details loan disbursement, interest rates, repayment terms, borrower covenants, and provisions for default. The document involves real estate financing and security interests, not risk transfer through insurance or reinsurance. According to the provided definitions, this document is a loan agreement, not a reinsurance agreement. Therefore, it does not meet any of the criteria for being classified as a reinsurance agreement.",False,,,,,
2005-945841-0000945841-05-000053-exhibit10_25.htm,"The document is an Asset Contribution Agreement between Fort Wayne Pools, Inc. (Seller), SCP Pool Corporation (Parent), and Latham Acquisition Corp. (Purchaser). The agreement outlines the sale and transfer of substantially all of the Seller's assets, including inventory, equipment, intellectual property, contracts, and goodwill, in exchange for shares of the Purchaser’s common stock and the assumption of certain liabilities. The document is focused on a corporate transaction involving the transfer of a manufacturing business related to swimming pool components and accessories.

There is no mention of insurance, reinsurance, risk transfer, indemnity for insurance losses, or any terms typically associated with reinsurance agreements such as ceding, retrocession, premiums, coverage limits, or claims handling. Instead, the document pertains to a corporate asset sale and acquisition, including representations, warranties, covenants, and indemnifications related to the business transaction.

Therefore, the document is not a reinsurance agreement. Since it is not a reinsurance agreement, the remaining classification fields (is_main_contract, is_obligatory, etc.) are not applicable and should be set to None.",False,,,,,
2005-1272957-0001015402-05-001435-ex10_9.htm,"The document is a Termination Agreement and Release that finalizes the commutation of a Quota Share Reinsurance Agreement (the ""Contract"") originally effective January 1, 2002, between Coast National, Security National, Bristol West, Bristol West Casualty (collectively the ""Company"") and National Union Fire Insurance Company of Pittsburgh, PA (the ""Subscribing Reinsurer""). The agreement references an Interest and Liabilities Agreement (I&L) that assigned 50% of the reinsurance interests and liabilities to the Subscribing Reinsurer under the underlying Quota Share Reinsurance Agreement.

Although this document itself is not a reinsurance contract establishing new coverage terms, it is a formal agreement to terminate and commute an existing reinsurance contract. According to the classification guidelines, documents that ""commute, amend, renew, cancel, novate, or otherwise modify the terms of an existing reinsurance agreement"" are considered reinsurance agreements. Specifically, commutations of reinsurance contracts fall under this category.

Therefore, the document qualifies as a reinsurance agreement because it is a commutation of an existing reinsurance contract. However, it is ancillary in nature—it does not establish a new reinsurance contract or set out principal terms of coverage, but rather settles and terminates an existing one. Thus, it is not a main contract.

The underlying contract referenced is a Quota Share Reinsurance Agreement, which is a form of proportional reinsurance. Since the termination agreement is directly tied to this proportional contract, and no indication exists of non-proportional elements, the proportional nature of the underlying contract applies. However, because this document is a commutation and not the main contract itself, classification of the reinsurance as proportional or non-proportional is based on the underlying agreement.

The companies involved—Bristol West Insurance Company, Bristol West Casualty, Coast National, and Security National—are all property and casualty insurers, and the Quota Share Agreement pertains to non-life insurance. The class of business is Casualty, as Bristol West primarily operates in personal automobile insurance, which falls under Casualty.

The original reinsurance agreement was a treaty arrangement (Quota Share), which is by definition obligatory, as it covers a portfolio of risks automatically. The termination agreement pertains to that obligatory treaty, so the original contract was obligatory.

In summary:
- The document is a reinsurance agreement because it commutes an existing reinsurance contract.
- It is not a main contract, as it does not establish coverage terms but only terminates them.
- The underlying contract was obligatory.
- The underlying reinsurance was proportional.
- The insurance type is Non-Life.
- The class of business is Casualty.",True,False,True,proportional,Non-Life,Casualty
2005-909109-0000893220-05-000572-w06622exv10w78.txt,"The document is titled ""UNDERLYING EXCESS CATASTROPHE AND REINSTATEMENT PREMIUM PROTECTION REINSURANCE CONTRACT"" and explicitly refers to a reinsurance agreement between Liberty American Insurance Company and a reinsurer (Swiss Reinsurance America Corporation). It contains standard reinsurance clauses such as retention and limits, reinsurance premium, loss occurrence, arbitration, and offset provisions. It reinsures excess liability for property business in Florida, triggered by catastrophic events like hurricanes. This fits squarely within the definition of a reinsurance agreement.

The document establishes a full reinsurance contract with defined terms, limits, premiums, and conditions. It is not merely an endorsement or ancillary document but a complete contract, including a schedule and attached clauses. Therefore, it qualifies as a main contract.

The contract is an obligatory reinsurance agreement because it covers all losses arising from qualifying events across the insurer’s entire portfolio of Property business in Florida, not just specific named risks or facultative placements. It operates on a treaty basis, automatically covering all eligible policies.

The structure of the contract is non-proportional, as it provides excess of loss coverage with a retention ($3.5 million) and a limit ($3.5 million per occurrence), which is characteristic of non-proportional (excess of loss) reinsurance. Additionally, it includes Reinstatement Premium Protection (RPP), which is typically associated with non-proportional underlying contracts. There is no indication of proportional sharing of premiums or losses (e.g., quota share), confirming the non-proportional nature.

The classes of business reinsured are explicitly stated in Article I as ""Property business,"" which falls under Non-Life insurance. There is no mention of life, health, or annuity products. The exclusions also confirm this by excluding Accident and Health, Casualty, Fidelity, and Surety business.

Therefore, the class of business is Property, and the insurance type is Non-Life.",True,True,True,non-proportional,Non-Life,Property
2005-1195933-0001193125-05-046640-dex105.htm,"The document is an extension of a Services Agreement between American Financial Group, Inc. (AFG) and Infinity Property & Casualty Corporation (IPCC). It discusses the continuation of certain services, including the use of AFG’s insurance paper for ""Reinsured Business,"" and references a ""Reinsurance Agreement"" and fronting fees. However, the document itself is not a reinsurance agreement but rather an agreement for services related to the administration and use of insurance paper in connection with already reinsured business.

The document mentions ""Reinsured Business"" and a ""Reinsurance Agreement,"" indicating that reinsurance exists in the background, but this document is ancillary to that arrangement. It does not establish the terms of risk transfer, coverage, or reinsurance obligations. Instead, it governs service provisions, fees, and administrative support.

Therefore, while reinsurance is referenced, this document is a service agreement — specifically an extension of services — and falls under the category of ancillary administrative arrangements. It is not itself a reinsurance agreement, nor does it create or modify the core terms of reinsurance. It is akin to an underwriting or administrative services agreement, which is explicitly excluded from being a reinsurance agreement per the definitions.",False,,,,,
2005-354190-0001193125-05-013417-dex1031.htm,"The document provided is a stock option agreement under the Arthur J. Gallagher & Co. 1988 Incentive Stock Option Plan. It outlines the terms under which an employee may purchase shares of the company's common stock. The agreement pertains to equity compensation and includes provisions related to vesting, exercise, tax treatment, and post-employment conduct. There is no mention of risk transfer, insurance, reinsurance, or any related coverage or indemnity provisions. The document is clearly a corporate equity incentive instrument, not a risk transfer agreement. Therefore, it does not meet the definition of a reinsurance agreement or any of its subtypes.",False,,,,,
2005-918958-0000950134-05-005132-d23198exv10w30.txt,"The document is a Purchase and Sale Agreement for a commercial real estate property known as Houston Center in Houston, Texas. It details the sale of land, improvements, fixtures, leases, and other related rights and interests from Crescent Real Estate Equities Limited Partnership (Seller) to Crescent HC Investors, L.P. (Purchaser). The agreement includes provisions for the transfer of title, apportionment of rents and taxes, representations and warranties, closing conditions, and other standard real estate transaction terms.

This document does not contain any elements of a reinsurance agreement. It does not involve the transfer of insurance risk from one insurer to another, nor does it reference any insurance or reinsurance terms such as ceding, retrocession, premiums, loss ratios, or coverage limits. Instead, it is a straightforward real estate transaction involving the sale of a physical property and related contractual rights.

Therefore, it does not meet any of the criteria for being classified as a reinsurance agreement, nor is it any type of insurance-related contract.",False,,,,,
2005-1058033-0001104659-05-011538-a05-3135_3ex10d11.htm,"The provided document is an ""Aircraft Mortgage and Security Agreement"" between Northwest Airlines, Inc. and The Chase Manhattan Bank, acting as Collateral Agent for the benefit of Secured Creditors under a Credit Agreement. The primary purpose of this document is to secure the payment of certain financial obligations (the ""Obligations"") by granting the Collateral Agent a security interest and mortgage lien over specific aircraft, engines, and related assets owned by the airline.

The document details the terms of the security interest, including the description of the collateral (specifically listed airframes and engines in Schedules I and II), the rights and remedies of the Collateral Agent in the event of a default, the insurance requirements for the aircraft, and the procedures for substitution of collateral. The language and structure are characteristic of a secured lending agreement, focusing on asset-based security, default remedies, and the protection of the lenders' financial interests.

The document does not contain any provisions related to the transfer of insurance risk from an insurer to a reinsurer. It does not mention premiums, cessions, reinsurance coverage, or any other terms fundamental to reinsurance contracts. Instead, it is a financing document that uses physical assets (aircraft) as collateral for a loan.

Therefore, this document is not a reinsurance agreement or any other type of insurance contract.",False,,,,,
2005-940181-0000950135-05-005324-b56620ssexv10w1.htm,"The document is a Release and Settlement Agreement between AIG Europe (Ireland) Limited (AIGE(I)) and Skillsoft PLC (formerly SmartForce PLC), along with certain individual insureds. It pertains to the settlement of claims made under a Directors and Officers (D&O) insurance policy (Policy No. FCG 33566) in connection with securities litigation and an SEC investigation. The agreement outlines a $15 million payment by AIGE(I) to Skillsoft and the Individual Insureds in full settlement of claims under the policy, includes mutual releases, and acknowledges exhaustion of the policy's limit of liability.

The document is not a reinsurance agreement. Instead, it is a settlement agreement related to a direct insurance policy—specifically a D&O liability insurance policy. The policy covers legal defense costs and liabilities arising from securities litigation, which is a form of non-life, casualty insurance. The agreement does not involve the transfer of risk from one insurer to another (reinsurance), nor does it amend, renew, or novate a reinsurance contract. It is a final settlement of claims under a direct insurance policy.

Therefore, the document is not a reinsurance agreement, and all downstream classifications (main contract, obligatory, proportional, etc.) are not applicable.",False,,,,Non-Life,Casualty
2005-315293-0001104659-05-021676-a05-8045_1ex10d3.htm,"The document is an employment agreement between Aon Group, Inc., Aon Group Limited, and Mr. Dennis Leonard Mahoney. It outlines the terms and conditions of his employment, including his role as Chairman & Chief Executive Officer, salary, bonus, benefits, termination provisions, confidentiality, intellectual property, and restrictive covenants post-employment. 

The document does not involve the transfer of insurance risk from an insurer to a reinsurer. It is not a reinsurance or retrocession agreement, nor does it amend, renew, or modify such an agreement. Instead, it is a standard executive employment contract.

Therefore, it does not meet any of the criteria for being classified as a reinsurance agreement.",False,,,,,
2005-927720-0000950123-05-009648-y11414exv10w1.htm,"The document is an Asset Purchase Agreement for the sale of television stations and related assets. It involves the transfer of FCC licenses, real property leases, tangible personal property, intellectual property, and other business assets from the sellers to the buyer. There is no mention of any insurance or reinsurance agreements, risk transfer mechanisms, or any clauses related to underwriting, claims, or premiums that are typical in reinsurance contracts. The nature of the transaction is purely an asset sale in the broadcasting industry, which is unrelated to the insurance sector. Therefore, this document does not qualify as a reinsurance agreement under any of the specified categories.",False,,,,,
2005-715273-0001193125-05-159193-dex102.htm,"The provided document is a Second-Lien Credit Agreement, which is a financial contract between a borrower (Wyndham International, Inc.) and lenders, detailing the terms of a loan. It includes provisions about loan amounts, interest rates, repayment schedules, covenants, and security interests. This document is not related to insurance or reinsurance in any way. It does not transfer insurance risk, nor does it involve any insurance-related parties or mechanisms such as premiums, claims, or coverage. Instead, it is a debt financing instrument secured by collateral, which falls under the category of credit agreements and is explicitly excluded from the definition of reinsurance agreements. Therefore, it cannot be classified as a reinsurance agreement or any of its ancillary forms.",False,,,,,
2005-1174922-0001193125-05-219913-dex1010.htm,"The document titled ""Common Terms Agreement"" is an amendment agreement related to a project financing for the expansion of a resort and casino in Macau. The agreement involves financial institutions providing loan facilities to Wynn Resorts (Macau) S.A., and it outlines the terms and conditions for these facilities, including conditions precedent, drawdowns, repayments, interest, and other financial obligations. The document also includes provisions related to security, covenants, events of default, and intercreditor arrangements.

The document does not contain any clauses or sections that pertain to reinsurance agreements, retrocession agreements, or any other forms of risk transfer similar to reinsurance. Instead, it focuses on the financial and operational aspects of the loan facilities provided to the company. The document is clearly a financing agreement and not a reinsurance contract.

Therefore, the document is not a reinsurance agreement.",False,,,,,
2005-1063344-0001015402-05-002354-ex10_5.htm,"The document is an ""Agreement for Sale and Purchase of Hotel"" for the Courtyard by Marriott in Brookline, Massachusetts. It outlines the terms for the sale of a hotel property from Webster Street Hotel, LLC to Hersha Hospitality Limited Partnership. The content includes definitions, sale terms, purchase price, inspection period, representations and warranties, closing procedures, adjustments, and other provisions typical of a real estate transaction.

The document does not contain any language related to insurance or reinsurance. It does not mention risk transfer between insurers, ceding of policies, premiums, claims handling, or any other elements characteristic of a reinsurance agreement. Instead, it deals exclusively with the transfer of real property and associated assets in a commercial real estate transaction.

Based on the definitions provided, this document is not a reinsurance agreement, nor is it any of the ancillary or modifying documents related to such an agreement. It is a real estate purchase agreement, which is explicitly outside the scope of the reinsurance classification.",False,,,,,
2005-1012967-0001193125-05-221548-dex1025.htm,"The provided document is an ""Amended and Restated Senior Secured Credit Agreement"" between a group of real estate limited partnerships and LLCs (the Borrower) and Lehman Commercial Paper, Inc. (the Administrative Agent), along with other lenders. The core subject of this agreement is a $150,000,000 credit facility secured by real property assets (hotel properties).

The document is a standard form of a senior secured loan agreement. Its primary functions are to define the terms of the loan, including the amount, interest rates, repayment schedule, and covenants. It establishes security interests (liens) on the Borrower's real estate assets through Security Instruments, Assignments of Leases and Rents, and other collateral documents to secure the repayment of the loan. The agreement details conditions for borrowing, financial and affirmative covenants the Borrower must follow, and events of default that would allow the lenders to accelerate the debt.

This document does not transfer risk from one insurer (the cedant) to another (the reinsurer). Instead, it creates a direct debtor-creditor relationship. The parties involved are a borrower (a real estate investment company) and lenders (financial institutions), not insurance or reinsurance companies. The obligations are for the repayment of principal and interest on a loan, not for the indemnification of insurance claims.

Therefore, based on the definitions provided, this document is a credit agreement, which is explicitly listed as not being a reinsurance agreement. Since it is not a reinsurance agreement, the subsequent questions about its nature as a main contract, its obligatory status, and its proportional/non-proportional classification are not applicable.",False,,,,,
2005-354190-0001193125-05-013417-dex1032.htm,"The document is a stock option agreement between Arthur J. Gallagher & Co. and one of its employees. It outlines the terms under which the employee may purchase shares of the company's common stock. The agreement pertains to equity compensation and corporate governance, not to risk transfer between insurance entities. There is no mention of insurance or reinsurance coverage, ceding of risk, premium sharing, or any other element typical of reinsurance agreements. Instead, it is a form of employee incentive plan governed by securities laws and internal company policy. Therefore, it does not qualify as a reinsurance agreement under any of the defined categories, including treaties, retrocessions, or related risk transfer instruments.",False,,,,,
2005-909109-0000893220-05-001985-w11543exv10w5.htm,"The document is titled ""$50,000,000 Excess $240,000,000 Florida Only Catastrophe Reinsurance Contract Effective: October 1, 2004"", which clearly indicates it is a reinsurance agreement. The structure, clauses, and language used (e.g., ""Reinsurer"", ""Company"", ""ultimate net loss"", ""retention and limit"", ""reinsurance premium"") are standard in reinsurance contracts. It includes a detailed structure with articles covering terms, territory, exclusions, definitions, loss occurrence, and other typical reinsurance provisions. Additionally, multiple reinsurers (e.g., ACE Tempest Reinsurance Ltd., Lloyd's underwriters) have signed Interests and Liabilities Agreements, confirming their participation—this is standard for reinsurance treaties.

The contract is a catastrophe excess of loss treaty, which is a non-proportional form of reinsurance, as it covers losses exceeding a retention ($240 million) up to a specified limit ($50 million). It is not proportional because the reinsurer does not share a fixed percentage of premiums and losses but only pays if losses exceed a threshold. The contract applies to Property business (as stated in Article I) and is clearly non-life in nature. It pertains to ""Property"" class of business, specifically catastrophe risks in Florida, such as hurricanes.

The document establishes the full terms of a reinsurance contract, including scope, limits, exclusions, and obligations, and is not merely an ancillary agreement. It is a main contract. It is also an obligatory treaty because it automatically covers all qualifying policies of the ceding company (Liberty American Insurance Company and affiliates) in the defined class and territory, without requiring case-by-case acceptance. There is no indication of facultative selection; it is a treaty contract.

Therefore, all classification criteria are met.",True,True,True,non-proportional,Non-Life,Property
2005-1297568-0000950137-05-010150-c97679exv10w1w2.htm,"The document is a Securities Purchase Agreement between Specialty Underwriters' Alliance, Inc. (the ""Company"") and Specialty Risk Solutions, LLC (the ""Purchaser""). It outlines the terms under which the Purchaser will acquire shares of the Company's Class B Common Stock in exchange for installment payments and a balloon payment. The agreement includes provisions related to stock issuance, exchange rights, repurchase rights, change of control, and other corporate governance matters.

The document does not involve the transfer of insurance risk from one insurer to another, nor does it contain any terms typical of reinsurance agreements such as ceding commissions, reinsurance recoverables, or coverage for underlying insurance policies. Instead, it is a corporate securities transaction involving the purchase of equity in an insurance company.

The attached Schedule C refers to a Partner Agent Program Agreement, which governs the relationship between the Company and the Purchaser as an agent for placing insurance business. While this includes references to reinsurance (e.g., ""Ceded Facultative Reinsurance"" in Exhibit B), those are incidental to the operation of the insurance program and not the subject of the document itself. The primary document is clearly a securities agreement, not a reinsurance contract.

Therefore, this document is not a reinsurance agreement, nor does it amend or modify one. It is a corporate securities transaction and thus falls outside the defined scope of reinsurance agreements.",False,,,,,
2005-1064122-0000898080-05-000165-ex10-48.txt,"The document is explicitly titled ""RETROCESSION AGREEMENT"" between Scottish Re (U.S.), Inc. (the Reinsurer) and Security Life of Denver Insurance Company (the Retrocessionaire). Retrocession agreements are specifically listed in the instructions as documents considered reinsurance agreements.

This is a main contract because it contains all principal terms of the reinsurance arrangement including scope of reinsurance, liability provisions, premium calculations, claims procedures, and other essential elements. It's not merely an amendment or ancillary document.

The agreement covers ""Excess Mortality Risk"" specifically defined as death benefits payable by the Reinsurer that would cause the amount of the Reinsurer's retained risk to exceed $2,000,000 for specific Covered Individuals listed in Schedule A. This is facultative reinsurance for named individuals rather than an obligatory treaty covering an entire portfolio, making it non-obligatory.

The structure is clearly non-proportional as it covers only amounts above a specific retention limit ($2,000,000), which matches the definition of Excess of Loss coverage mentioned in the instructions.

The document pertains to mortality risks and death benefits, which falls under Life insurance as defined in the instructions.

For class of business, the agreement specifically covers mortality risks, which directly corresponds to the ""Mortality"" category in the provided options.",True,True,False,non-proportional,Life,Mortality
2005-1058033-0001104659-05-009167-a05-3135_1ex10d11.htm,"The document is an Aircraft Mortgage and Security Agreement, which is a financing instrument used to secure a loan with an aircraft as collateral. It outlines the terms under which Northwest Airlines, Inc. grants a security interest in certain aircraft and engines to The Chase Manhattan Bank, acting as Collateral Agent, for the benefit of lenders under a Credit Agreement. The document includes provisions related to the grant of security interest, covenants regarding maintenance and insurance, remedies upon default, and other standard loan security terms.

This is not a reinsurance agreement. Reinsurance agreements involve the transfer of insurance risk from one insurer (the ceding company) to another (the reinsurer). The document does not involve any transfer of insurance risk, nor does it reference any insurance or reinsurance contracts. Instead, it is a secured loan agreement where the collateral is aircraft. The presence of insurance clauses in the document relates to protecting the value of the collateral (the aircraft) for the lenders, not to transferring insurance underwriting risk.

Therefore, the document is not a reinsurance agreement, and all subsequent fields that depend on it being a reinsurance agreement must be set to None or False as appropriate.",False,,,,,
2005-1063697-0001193125-05-163800-dex107.htm,"The document is an ""Insurance and Indemnity Agreement"" between Ambac Assurance Corporation (the ""Insurer"") and various parties related to the Alliance Laundry Equipment Receivables Trust 2005-A. The core purpose of this agreement is to govern the issuance of the ""Ambac Policy,"" which is a financial guarantee insurance policy (specifically, a ""Certificate Guaranty Insurance Policy"") that ensures the timely payment of principal and interest on asset-backed securities (the ""Notes"") issued by the trust.

The key elements are:
1.  **The Ambac Policy:** This is the central instrument. It is an insurance policy issued by Ambac to the Indenture Trustee for the benefit of the Noteholders.
2.  **The Underlying Assets:** The Notes are backed by a pool of equipment loans and receivables from Alliance Laundry Systems LLC.
3.  **The Agreement's Purpose:** The Insurance and Indemnity Agreement establishes the terms under which the Ambac Policy is issued. It details the conditions precedent for issuance, the payment of premiums, the reimbursement obligations of the Issuer to Ambac if a claim is paid, and extensive indemnification and covenants from the other parties (Alliance, Seller, Issuer) to protect Ambac.

This structure is a classic example of a **credit enhancement** transaction in the asset-backed securities (ABS) market. The Ambac Policy acts as a form of financial guarantee, which is a type of insurance. However, it is not a reinsurance agreement.

*   **Why it is NOT reinsurance:** Reinsurance is an agreement between insurance companies where one insurer (the ""ceding company"") transfers a portion of its risk to another insurer (the ""reinsurer""). In this document, Ambac is providing a direct guarantee to protect investors (Noteholders) against the credit risk of the underlying loans and receivables. This is **direct insurance** (specifically, financial guaranty insurance) on a financial obligation, not the transfer of risk between two insurance companies. The parties involved (Alliance, the Seller, the Issuer) are not insurers transferring their insurance risk; they are a corporate entity, a special-purpose vehicle (SPV), and a trust involved in a securitization.

Therefore, while the document is an insurance agreement, it is a direct insurance policy on a financial transaction and does not meet the definition of a reinsurance agreement as provided.",False,,,,,
2005-863015-0000863015-05-000086-ex1027.htm,"The document is a First Amended and Restated Credit Agreement between Isle of Capri Black Hawk, L.L.C. (the Borrower) and a group of financial institutions (the Lenders), with Canadian Imperial Bank of Commerce (CIBC) acting as the administrative agent. The agreement outlines the terms for extending credit facilities to the Borrower, providing for a total principal amount of $210,708,000. This funding is intended to finance the acquisition of two companies, CCSC/Blackhawk, Inc. and Colorado Grande Enterprises, Inc., as well as to provide general corporate financing for the Borrower and its subsidiaries.

The document contains detailed provisions regarding the commitment of the lenders to make Tranche A Term Loans, Tranche B Term Loans, and Revolving Loans. It specifies the interest rates, repayment schedules, fees, and conditions under which the loans will be disbursed and repaid. The agreement also details the security for the loans, including a pledge of the capital stock of the Borrower's subsidiaries and a first-priority lien on substantially all of the Borrower's and its subsidiaries' real and personal property.

The document is explicitly a credit agreement, which is a type of loan agreement. The provided list of documents that are considered reinsurance agreements does not include credit agreements, loans, or other credit instruments. Furthermore, the list of documents that are not considered reinsurance agreements explicitly includes ""Bonds, loans and credit instruments except for Catastrophe Bonds and other Insurance Linked Securities as described above.""

Therefore, the document is a loan agreement and not a reinsurance agreement. As it is not a reinsurance agreement, the subsequent questions about whether it is a main contract, obligatory, proportional, the type of insurance, and the class of business are not applicable and should be answered with 'None'.",False,,,,,
2005-277928-0000910680-05-000573-exibit10-d.txt,"The document is a Product Purchase Agreement between Verizon Services Corp. and TII Network Technologies, Inc. It outlines the terms for the purchase of products and services, including pricing, delivery, warranties, and other commercial terms. The agreement is focused on the procurement of hardware and related services, as indicated by references to product descriptions, delivery intervals, and quality standards.

This document does not pertain to a reinsurance agreement. It lacks any language or clauses related to risk transfer between insurance companies, which is a hallmark of reinsurance contracts. Instead, it is a standard commercial supply agreement where one company agrees to purchase products from another. The document includes provisions for product warranties, quality standards, and delivery terms, all of which are typical in a procurement contract but not in a reinsurance agreement.

Given that the document is not a reinsurance agreement, the subsequent fields related to reinsurance classification (is_main_contract, is_obligatory, proportional_or_non_proportional, insurance_type, class_of_business) are not applicable and should be set to None.",False,,,,,
2005-715579-0001135428-05-000134-ex-102.txt,"The provided document is a Stock Purchase Agreement between ACNB Corporation, its subsidiary, and Russell Insurance Group Inc. (RIG) for the acquisition of RIG's shares. The agreement outlines the terms of the stock sale, representations and warranties, covenants, conditions to closing, indemnification, and other related provisions. It does not establish or modify any reinsurance contract. Instead, it pertains to the corporate acquisition of an insurance agency. Although the term ""reinsurance"" appears in a definition of ""Material Contract"" (Section 1), it is only for the purpose of identifying agreements that must be disclosed, not because this document is itself a reinsurance agreement. Therefore, the document is not a reinsurance agreement.",False,,,,,
2005-875159-0000930413-05-001799-c35889_ex10-54.txt,"The provided document is a ""Letter of Credit Facility and Reimbursement Agreement"" dated 17 November 2004. It outlines a financial arrangement between XL Capital Ltd (the ""Account Party""), various lenders, and Citibank International PLC (acting as Agent and Security Trustee). The primary purpose of this agreement is to establish a letter of credit facility to support the Funds at Lloyd's for the underwriting business of certain applicants.

The document details the terms of the letter of credit facility, including the granting of the facility, utilization conditions, payment procedures, fees, representations, warranties, covenants, and events of default. It also includes provisions for guarantees and indemnities from the Account Party and other guarantors.

Based on the definitions provided, a reinsurance agreement involves the transfer of risk from one insurer to another. The document in question does not involve the transfer of insurance risk but rather a financial instrument (a letter of credit) used to support the underwriting activities of the applicants at Lloyd's. The document is a credit agreement, not a reinsurance agreement. It is specifically designed to provide a financial guarantee for the applicants' obligations at Lloyd's, not to transfer insurance or reinsurance risk.

Therefore, the document is not a reinsurance agreement.",False,,,,,
2005-909109-0000893220-05-001985-w11543exv10w6.htm,"The document is titled ""$40,000,000 Excess $50,000,000 Florida Only Third Event Catastrophe Reinsurance Contract Effective: October 1, 2004"" and is explicitly structured as a reinsurance agreement between Liberty American Insurance Company (the ""Company"") and various subscribing reinsurers. It contains standard reinsurance contract clauses such as Classes of Business Reinsured, Term, Retention and Limit, Loss Occurrence, and Liability of the Reinsurer. The structure, language, and use of BRMA clauses (e.g., BRMA 36D, BRMA 1D) are typical of reinsurance contracts. Therefore, it is a reinsurance agreement.

The document establishes the full terms of a reinsurance contract, including coverage limits, retention, exclusions, definitions, and claims procedures. It is not merely an amendment or ancillary agreement. The inclusion of Interests and Liabilities Agreements from multiple reinsurers further confirms this is the main contract.

The contract provides excess coverage above a $50 million retention up to $40 million for catastrophe losses in Florida. This is a non-proportional (excess of loss) structure, as it does not involve a fixed percentage sharing of premiums and losses. It is triggered only when losses exceed a specific attachment point.

The coverage applies to ""Property business"" as stated in Article I, which is a class of Non-Life insurance. The class of business is specifically Property, as it covers physical property damage from perils like hurricanes and windstorms in Florida. There is no indication of Life or health-related coverage.",True,True,True,non-proportional,Non-Life,Property
2005-918958-0000950134-05-005132-d23198exv10w31.txt,"The document is a Purchase and Sale Agreement for a real estate property located in Houston, Texas. It details the sale of land, improvements, and related rights and interests from the Seller (Crescent Real Estate Funding X, L.P.) to the Purchaser (Crescent POC Investors, L.P.). The agreement includes provisions for the transfer of title, apportionment of expenses, representations and warranties, and other standard real estate transaction clauses. There is no mention of insurance, reinsurance, risk transfer, or any related terms. The subject matter is purely a real estate transaction, not an insurance or reinsurance contract.",False,,,,,
2005-909109-0000893220-05-001985-w11543exv10w15.htm,"The document is titled ""Third Event Excess Catastrophe Reinsurance Contract,"" which clearly indicates it is a reinsurance agreement. It involves Philadelphia Insurance Company and its affiliates ceding catastrophe risk to subscribing reinsurers (Catlin Insurance Company Ltd. and Certain Underwriting Members of Lloyd’s). The structure, terminology (e.g., ""Reinsurer,"" ""Company,"" ""ultimate net loss,"" ""retention and limit""), and use of standard reinsurance clauses (e.g., BRMA clauses) confirm this is a reinsurance contract.

The contract establishes full terms for reinsurance coverage, including retention, limits, definitions, exclusions, and premium. It is not an ancillary document like an endorsement or amendment. It contains two excess layers (Underlying Excess and First Excess), each with defined retentions, limits, and premiums, indicating it is a complete and binding main contract.

The reinsurance is non-proportional because it is structured as an excess-of-loss cover (specifically, a ""Third Event"" excess catastrophe cover), where the reinsurer covers losses above a specified retention up to a limit. This is typical of non-proportional reinsurance, particularly catastrophe excess of loss.

The class of business is Property, as explicitly stated in Article I: “classified by the Company as Property business.” This includes coverage for physical damage from perils like windstorm, hurricane, earthquake, etc.

The insurance type is Non-Life, as Property insurance falls under the Non-Life category, which includes casualty, property, and specialty lines.

Therefore, all classification fields can be determined with confidence based on the document content.",True,True,True,non-proportional,Non-Life,Property
2005-1089542-0001116502-05-001816-amendedcreditagreemnt107.htm,"The provided document is an Amended and Restated Credit Agreement, which is a financial contract between a borrower (SFBC International, Inc.) and a group of lenders. Its primary purpose is to outline the terms for a credit facility, including loan amounts, interest rates, repayment schedules, covenants, and security interests. This document establishes a lending relationship and details the obligations of the borrower to repay borrowed funds.

None of the characteristics of a reinsurance agreement are present. The document does not involve the transfer of insurance risk from one insurer (the cedant) to another (the reinsurer). It does not contain terms typical of reinsurance contracts, such as cessions, retrocessions, premiums based on insurance portfolios, or clauses related to claims settlement on behalf of another insurer.

Instead, the document is a classic example of a syndicated loan agreement, where multiple lenders provide capital to a single borrower. It includes provisions for revolving loans, term loans, letters of credit (as a credit facility, not an insurance instrument), and extensive financial covenants. The collateral described is for securing a loan, not for backing an insurance risk.

Therefore, this document is fundamentally a credit and lending instrument, not an insurance or reinsurance contract.",False,,,,,
2005-29915-0001047469-05-004197-a2151917zex-10_t.htm,"The document is a Summary Plan Description (SPD) for three retiree life insurance plans offered by The Dow Chemical Company: the Retiree Company-Paid Life Insurance Plan, the Retiree Optional Life Insurance Plan, and the Retiree Dependent Life Insurance Plan. These are all group term life insurance plans underwritten by Metropolitan Life Insurance Company (MetLife) and are provided to eligible retirees and their dependents.

The document outlines eligibility, coverage amounts, costs, enrollment procedures, beneficiary designations, benefit payments, and other administrative details. It also includes a ""Joint Insurance Arrangement"" section describing a reinsurance-like structure where Dorinco Reinsurance Company assumes a portion of the risk from MetLife under an arrangement approved by the U.S. Department of Labor. However, this arrangement is part of the underlying insurance policy and does not constitute a standalone reinsurance agreement. Instead, it is a funding or risk-sharing mechanism within a direct insurance policy.

The key indicators that this is not a reinsurance agreement are:
- The document is a Summary Plan Description (SPD) governed by ERISA, intended for plan participants (retirees), not insurers or reinsurers.
- It describes direct life insurance benefits provided to employees and their dependents, not risk transfer between insurers.
- The mention of Dorinco is in the context of a joint insurance arrangement for claims payment security, not as a reinsurance contract transferring underwriting risk.

Therefore, this document is a direct insurance policy (specifically, a welfare benefit plan), not a reinsurance agreement.",False,,,,,
2005-1010247-0001010247-05-000010-exhibit10dddd2.htm,"The document is a Program Manager's Agreement between Physicians' Reciprocal Managers, Inc. (the ""Company"") and Professional Medical Administrators, L.L.C. (the ""Manager""). It outlines the appointment of the Manager to perform various duties related to the solicitation, binding, issuance, and servicing of insurance policies, specifically professional liability insurance for healthcare professionals. The Manager is responsible for underwriting, policy issuance, claims handling (subject to certain limitations), accounting, and other administrative tasks on behalf of the Company.

The agreement explicitly states that the Manager's authority is subject to the Company obtaining reinsurance for the business (Article II.D), but the document itself does not establish a reinsurance contract. Instead, it governs the relationship between an insurer and a third-party program manager who acts as an agent or administrator for the insurer in underwriting and servicing direct insurance policies.

This type of agreement is specifically excluded from being classified as a reinsurance agreement under the provided definitions. According to the exclusion list, ""Referral Agreements, Underwriting Agency Agreements between reinsurance companies and reinsurance underwriting management companies or agents"" are not considered reinsurance agreements. This document falls squarely into the category of an Underwriting Agency Agreement, where the Manager operates as an agent for the insurer (the Company) in managing a specific insurance program.

Because it is not a reinsurance agreement, all subsequent fields that pertain to reinsurance contract characteristics (main contract, obligatory, proportional/non-proportional, insurance type, class of business) must be set to None.",False,,,,,
2005-833079-0001104659-05-054065-a05-17724_1ex10d3.htm,"The document is a Stock Purchase Agreement between Meritage Homes of Florida, Inc. (the ""Buyer"") and the stockholders of Greater Homes, Inc. (the ""Stockholders""). This agreement outlines the terms under which the Buyer will purchase all the shares of Greater Homes, Inc. from the Stockholders. The agreement covers various aspects such as the purchase price, representations and warranties, covenants, conditions to closing, and indemnification. It is a corporate acquisition document and does not contain any terms related to risk transfer, insurance, or reinsurance. The document is focused on the sale of a company and its assets, not on the transfer of insurance risk from one entity to another. Therefore, it does not meet the criteria for being classified as a reinsurance agreement.",False,,,,,
2005-916457-0000891618-05-000256-f05222exv10w1w11.txt,"The provided document is a Credit Agreement dated February 25, 2005, between Calpine Steamboat Holdings, LLC (the Borrower) and several financial institutions (the Lenders). The agreement outlines the terms for providing construction and term financing for the Freeport Energy Center and Mankato Energy Center, which are cogeneration and electricity generation facilities. The document details loan facilities, interest provisions, repayment terms, conditions precedent, representations and warranties, affirmative and negative covenants, events of default, and remedies.

The document is fundamentally a credit agreement, which is a type of loan or financing arrangement. It does not involve the transfer of insurance risk from one entity (the ceding company) to another (the reinsurer), which is the defining characteristic of a reinsurance agreement. Instead, it involves the lending of money by financial institutions to a borrower for the development and construction of energy projects. The security for the loans is provided by the projects themselves and guaranteed by the project companies, but this does not constitute reinsurance.

Since the document is not a reinsurance agreement, it cannot be classified as a main contract, obligatory agreement, or proportional/non-proportional reinsurance. Similarly, it does not pertain to life or non-life insurance, nor does it fall into any specific class of business related to insurance.

Therefore, based on the definitions and exclusions provided, this document is not a reinsurance agreement.",False,,,,,
2005-919463-0000919463-05-000005-ex103.txt,"The document is a ""Second Amended and Restated Credit and Guaranty Agreement"" which outlines the terms of a credit facility provided by various lenders to Berry Plastics Corporation and its subsidiaries. The agreement includes provisions for term loans, revolving loans, letters of credit, and other financial instruments. It is primarily focused on the lending of money, repayment terms, interest rates, and related financial covenants. 

The document does not contain any language or provisions related to insurance or reinsurance. It does not transfer risk from an insurer to a reinsurer, nor does it involve the sharing of insurance risk. The agreement is a standard credit agreement between borrowers and lenders, and it falls under the category of financial credit instruments.

Based on the provided list of documents that are considered reinsurance agreements, this document does not meet any of the criteria. It is not a reinsurance agreement, retrocession agreement, or any other document that transfers insurance risk. Instead, it is a credit agreement, which is explicitly excluded from the definition of reinsurance agreements.

Therefore, the document is not a reinsurance agreement.",False,,,,,
