filename,reasoning,is_reinsurance,is_main_contract,is_obligatory,proportional_or_non_proportional,insurance_type,class_of_business
2011-832480-0000832480-11-000007-exhibi1012.htm,"The document is titled ""REINSURANCE AGREEMENT"" and is a formal contract between Universal Guaranty Life Insurance Company (the ""Company"") and Life Reassurance Corporation of America (""Life Re""). It outlines terms for reinsurance of life insurance policies and waiver of disability benefits, including automatic and facultative reinsurance arrangements. This clearly establishes it as a reinsurance agreement under the provided definition, which includes contracts where one insurer transfers risk to another.

The agreement contains principal terms such as retention limits (Schedule A), reinsurance limits, premiums (Schedule C), claims handling, liability, and reporting procedures. It also includes execution clauses with signatures and effective date, indicating it is a complete and binding contract. Therefore, it qualifies as a main contract, not merely an ancillary document.

The agreement includes both automatic reinsurance (obligatory for risks meeting defined criteria) and facultative reinsurance (non-obligatory, subject to underwriting approval). However, the presence of automatic reinsurance—where the ceding company must cede and the reinsurer must accept business that meets specific underwriting criteria—makes the overall agreement obligatory in nature, as a significant portion of the risk transfer is mandatory.

The reinsurance is on a Yearly Renewable Term (YRT) basis, which is a form of non-proportional reinsurance. YRT involves the reinsurer covering a specified amount of risk per life, not a percentage of the total policy, and premiums are calculated based on mortality rates rather than being a proportional share of direct premiums. This is characteristic of non-proportional arrangements.

The underlying insurance covers life insurance and waiver of premium benefits, which are life insurance products. Therefore, the insurance type is Life.

The class of business is Mortality, as it involves life insurance policies where the risk is the death of the insured, and the reinsurance covers the death benefit and related risks.",True,True,True,non-proportional,Life,Mortality
2011-1172222-0001047469-11-000806-a2201534zex-10_30.htm,"The document is a ""Consolidated, Supplemented, Amended and Restated Aircraft Security Agreement."" It establishes a security interest in four Boeing 767 aircraft and their engines, owned by Hawaiian Airlines, Inc., in favor of Wells Fargo Capital Finance, Inc., as Agent, to secure certain financial obligations. The agreement details the terms of the security interest, including the collateral, covenants, remedies upon default, and other provisions typical of a secured financing transaction. It includes references to the Credit Agreement, UCC filings, FAA registration, and the Cape Town Treaty, all of which are standard in aircraft financing.

The document does not contain any language related to insurance or reinsurance. It does not transfer risk from an insurer to a reinsurer, nor does it involve the sharing of premiums or losses on insurance policies. Instead, it is a security agreement, which is explicitly listed in the instructions as a document that is NOT considered a reinsurance agreement. The document pertains to the financing and security of physical assets (aircraft), not the transfer of insurance risk.

Therefore, the document is not a reinsurance agreement, and all subsequent fields related to reinsurance classification are not applicable.",False,,,,,
2011-869187-0001165195-11-000025-10-13.2_JLT_Insur2010_RD.htm,"The document appears to be a collection of insurance certificates and a binder for aviation insurance coverage for Baltia Air Lines, Inc. The binder explicitly states that ""XL Specialty Insurance Company per XL Aerospace is binding their 100% quota share"" of a policy, which indicates a reinsurance arrangement where XL Specialty is assuming 100% of the risk from another insurer. A 100% quota share reinsurance agreement is a classic form of proportional reinsurance, where the reinsurer takes on all premiums and losses in equal proportion (100% in this case).

The document includes terms such as ""quota share,"" which is a hallmark of proportional reinsurance. It also references lead policies and follows their terms, which is common in reinsurance. The inclusion of multiple insurers and syndicates on the security sheets, along with a ""several liability"" notice, further supports that this is part of a reinsurance or co-insurance placement, but the specific binder language about 100% quota share confirms the reinsurance nature.

The binder establishes the terms of coverage, sum insured, period, and conditions, and appears to be the initial binding document for the reinsurance agreement. Since it contains principal terms and binds the risk, it qualifies as a main contract (e.g., akin to a contract slip). 

The reinsurance is obligatory because it covers the entire risk (100% quota share) of an aviation hull deductible policy, which applies to the entire portfolio (i.e., all losses from the insured aircraft), not a single facultative risk.

The structure is clearly proportional (100% quota share), so the type is ""proportional.""

The underlying insurance is for aviation hull and liability coverage, which falls under Specialty insurance in the Non-Life category. Aviation insurance is explicitly listed under the ""Specialty"" class of business.

Thus, the document is a reinsurance agreement, specifically a proportional, obligatory main contract covering a Non-Life, Specialty risk.",True,True,True,proportional,Non-Life,Specialty
2011-1412100-0001144204-11-044413-v228882_ex10-5.htm,"The document is Endorsement No. 1 to a Quota Share Reinsurance Contract between AmTrust Europe Limited and/or AmTrust International Underwriters Limited (the ""Reinsured"") and Maiden Insurance Company Ltd. (the ""Reinsurer""). It modifies an existing reinsurance agreement by amending key sections such as the class of business, commission structure, conditions (including a new Aggregate Annual Deductible clause), and security provisions. 

The endorsement explicitly refers to a pre-existing ""Quota Share Reinsurance Contract"" and modifies its terms—this qualifies as a document that ""modifies the terms of an existing reinsurance agreement,"" which is included in the definition of reinsurance agreements. Therefore, it is a reinsurance agreement.

However, it is not a main contract because it does not establish a new reinsurance contract. Instead, it is an ancillary agreement—an endorsement—that amends an existing contract. As such, it is not a standalone main contract.

Because it modifies a quota share reinsurance contract (a proportional form of reinsurance), the underlying contract is proportional. The endorsement does not change this fundamental nature. There is no indication of multiple structures (proportional and non-proportional), so the classification remains ""proportional.""

The class of business is clearly defined in the endorsement: ""Medical Malpractice, including associated liability coverages and policies covering physician defense costs."" Medical Malpractice falls under liability insurance, specifically Professional Liability, which is categorized under Casualty in the classification framework. Therefore, the class of business is ""Casualty.""

Since the coverage is for Medical Malpractice and related liability—lines typically classified as Non-Life insurance—the insurance type is ""Non-Life.""

The endorsement does not indicate whether the underlying reinsurance is facultative or obligatory. However, given that it is a quota share contract covering all policies classified as Medical Malpractice written or renewed by the Reinsured, it appears to transfer risk from an entire portfolio, which aligns with obligatory reinsurance. The automatic inclusion of all such policies without individual underwriting suggests it is obligatory. Therefore, ""is_obligatory"" is True.",True,False,True,proportional,Non-Life,Casualty
2011-1514705-0001193125-11-208154-dex101.htm,"The provided document is a ""Separation and Distribution Agreement"" between Sunoco, Inc. and SunCoke Energy, Inc. Its primary purpose is to govern the corporate restructuring of Sunoco, which involves creating a new, publicly traded company (SunCoke) to operate its coke-making and coal-mining businesses. The agreement details the transfer of assets and liabilities, the initial public offering (IPO) of SunCoke, and the subsequent distribution of SunCoke shares to Sunoco shareholders.

The document contains standard provisions for such a corporate separation, including the transfer of assets (Section 2.1), indemnification clauses (Article V), and ongoing covenants (Article VI). It also includes specific sections on ""Insurance Matters"" (Section 6.5), which address the transition of insurance coverage and the handling of claims under historical policies. However, these insurance clauses are ancillary to the main purpose of the agreement and are focused on the administrative and financial aspects of transitioning insurance for the separated entities.

The agreement is not a contract for the transfer of insurance risk. It does not involve one party (the reinsurer) assuming a portion of the insurance risk from another party (the ceding insurer) in exchange for a premium. The document does not contain any reinsurance-specific terms such as cessions, retrocessions, or reinsurance recoverables. The mention of ""Reinstatement premium"" in Section 6.5(d) refers to a premium to reinstate an aggregate limit on a primary insurance policy after a claim, which is a concept from direct insurance, not reinsurance. Therefore, this document is a corporate separation agreement and does not meet the definition of a reinsurance agreement.",False,,,,,
2011-52827-0000052827-11-000067-rayonierex1033q2011.htm,"The provided document is a Purchase and Sale Agreement for the sale of timberlands and related assets in Oklahoma from Oklahoma Timber, LLC to Rayonier Inc. The agreement outlines the terms for the sale of real property, timber, personal property, leases, contracts, and other associated rights. It details the purchase price, adjustments, representations and warranties, covenants, conditions precedent, indemnification, and other standard provisions for such a transaction.

None of the clauses or sections in this document pertain to an agreement for the transfer of insurance risk from one party to another. The document does not mention any insurance or reinsurance policies, risk transfer mechanisms, premium calculations based on insurance claims, or any other elements characteristic of a reinsurance agreement. Instead, it is a standard commercial real estate and asset purchase agreement.

Therefore, this document is not a reinsurance agreement. As a result, the subsequent questions regarding whether it is a main contract, obligatory, proportional, the type of insurance, and the class of business are not applicable.",False,,,,,
2011-1309402-0001193125-11-290872-d250606dex106.htm,"The document is an ""Amended and Restated Master Loan Agreement"" between Green Plains Bluffton LLC and AgStar Financial Services, PCA. It outlines the terms for various loans, including a Term Loan and a Term Revolving Loan, and includes provisions related to interest rates, repayment schedules, collateral, and covenants. The document contains typical loan agreement clauses such as conditions precedent, representations and warranties, affirmative and negative covenants, events of default, and remedies. It also references security interests in real and personal property, and includes schedules detailing real property, management, and other pertinent information.

The document is fundamentally a financial agreement involving the extension of credit and is not related to insurance or risk transfer mechanisms. It does not mention any insurance policies, reinsurance, retrocession, or risk transfer activities. Instead, it focuses on loan terms, borrower obligations, lender rights, and financial covenants. Therefore, it does not meet the criteria for being classified as a reinsurance agreement or any of its ancillary or related forms.

Since the document is not a reinsurance agreement, all subsequent fields related to reinsurance classification (is_main_contract, is_obligatory, etc.) are not applicable and must be set to None.",False,,,,,
2011-1137789-0001104659-11-004841-a10-22774_1ex10d47.htm,"The provided document is a Credit Agreement, which is a financial instrument involving a borrower (Seagate HDD Cayman) and multiple lenders. The document outlines the terms and conditions for loans, interest rates, commitments, and other financial obligations. It is not related to insurance or reinsurance. The document is clearly a credit agreement, which is explicitly listed as not being a reinsurance agreement in the provided guidelines. Therefore, it is not a reinsurance agreement.",False,,,,,
2011-1039828-0001039828-11-000007-exhibit1034123110.htm,"The document is a Credit Agreement dated as of January 28, 2011, between American Equity Investment Life Holding Company, the lenders party hereto, and JPMorgan Chase Bank, National Association, as Administrative Agent. It outlines the terms and conditions for a credit facility, including commitments, loans, interest rates, fees, representations and warranties, covenants, and events of default. The document is clearly a financial agreement related to credit and does not involve the transfer of insurance risk from one insurer to another, which is the defining characteristic of a reinsurance agreement. Therefore, it does not meet any of the criteria for being classified as a reinsurance agreement, such as a Reinsurance Agreement, Retrocession Agreement, or any other form of risk transfer between insurers. It is also not an ancillary agreement to a reinsurance contract. Hence, the document is not a reinsurance agreement.",False,,,,,
2011-911421-0001193125-11-049296-dex10102.htm,"The document is an ""Executive Share-Settled Share Appreciation Right Agreement"" between PartnerRe Ltd. and an employee. It outlines the terms under which the employee (Participant) is granted rights to benefit from the appreciation in value of the company's shares. This is a form of equity compensation, specifically a type of stock appreciation right (SAR), which is a financial instrument used in employee incentive plans.

The document does not involve any transfer of insurance risk from an insurer to a reinsurer. It does not contain terms typical of reinsurance agreements such as ceding of premiums, assumption of liabilities, coverage limits, or risk-sharing mechanisms. Instead, it governs the conditions under which an employee may realize value from the company’s stock performance.

Therefore, this is not a reinsurance agreement. It is an equity-based employee compensation agreement. As such, all downstream classifications related to reinsurance (main contract, obligatory, proportional, insurance type, class of business) are not applicable.",False,,,,,
2011-1058299-0001193125-11-067345-dex1033.htm,"The document is a lease agreement between FATA Assicurazioni Danni S.p.A. (a company belonging to the Generali Group) and Lionbridge Italy S.r.l. for office space located in Rome, Italy. The agreement modifies the rental terms of a pre-existing lease for non-domestic use, specifically reducing the annual rent and adjusting payment terms, while reaffirming other conditions of the original lease.

The document pertains to real estate leasing and contains no language related to risk transfer, insurance, or reinsurance. It does not involve the transfer of insurance risk from an insurer to a reinsurer, nor does it reference any insurance or reinsurance contracts, cessions, premiums, coverage limits, or claims handling. The parties are engaged in a landlord-tenant relationship, not an insurer-reinsurer one.

Therefore, this is not a reinsurance agreement. It is a commercial lease modification, which falls entirely outside the scope of reinsurance or any related financial risk transfer mechanisms.",False,,,,,
2011-1347815-0001347815-11-000008-ex1044.htm,"The document is a Share and Warrant Purchase Agreement involving the purchase of shares and a warrant in Flagstone Reinsurance Holdings, SA by Flagstone (Bermuda) Holdings Limited from Limestone and Haverford, along with the resignation of Mark J. Byrne from the board. The transaction pertains to the acquisition of equity securities and is governed by corporate and securities law. It does not establish or modify a reinsurance contract, nor does it transfer insurance risk from an insurer to a reinsurer. Instead, it is a corporate transaction involving the sale of stock and a warrant, which are financial instruments.

The agreement includes provisions related to closing conditions, representations and warranties, standstill obligations, and resignation from the board, but there is no mention of insurance or reinsurance terms, coverage, risk transfer, premiums, claims, or any other elements characteristic of a reinsurance agreement. The document is ancillary to corporate governance and ownership structure, not risk transfer.

Therefore, this document is not a reinsurance agreement. As a result, all downstream classifications (main contract, obligatory, proportional, insurance type, class of business) are not applicable.",False,,,,,
2011-776867-0001104659-11-010544-a11-1984_1ex10d16.htm,"The document titled ""Esurance Holdings, Inc. Performance Unit Plan 2010-2012"" is a compensation plan designed to provide performance-based incentives to executives and consultants of Esurance Holdings, Inc. It outlines the terms for granting Performance Units, which are financial instruments tied to the company's economic performance metrics such as Net EROC and Economic Combined Ratio. The plan details how awards are calculated, paid (in cash or deferred compensation), and conditions under which they may be forfeited or paid upon termination or a change in control.

The document does not involve any risk transfer between insurers and reinsurers, nor does it establish or modify a reinsurance contract. Instead, it is a corporate incentive compensation plan. Therefore, it does not meet any of the criteria for being classified as a reinsurance agreement, including retrocession, risk transfer, or portfolio transfer agreements. It is also not an ancillary document to a reinsurance agreement.

As such, the document is not a reinsurance agreement, and all downstream classifications (main contract, obligatory, proportional, insurance type, class of business) are not applicable.",False,,,,,
2011-1163348-0000950123-11-075104-y92275exv10w2.htm,"The document is an RSU (Restricted Stock Unit) Award Agreement under the Allied World Assurance Company Holdings, AG's stock incentive plan. It outlines the terms and conditions for granting restricted stock units to an employee, including vesting schedules, delivery of shares or cash, termination conditions, and other employment-related provisions. The document is a compensation agreement related to equity incentives and does not involve risk transfer between insurance entities.

It does not contain any language or structure indicative of a reinsurance agreement, such as ceding of risk, premium calculations, coverage limits, or treaty terms. Instead, it is focused on employee compensation through stock units, governed by corporate and tax law, not insurance or reinsurance law.

Therefore, this document is not a reinsurance agreement, nor is it any type of insurance contract. It is an internal corporate compensation instrument.",False,,,,,
2011-352363-0000950123-11-040377-y90909exv10w4.htm,"The document is a Purchase Agreement for the issuance and sale of additional $15,000,000 aggregate principal amount of 10.50% Senior Secured Notes due 2019 by Liz Claiborne, Inc. The notes are debt securities, secured by collateral, and are being sold to initial purchasers for resale to qualified institutional buyers and non-U.S. persons under Rule 144A and Regulation S of the Securities Act. The document outlines the terms of the sale, representations and warranties, covenants, conditions, indemnification, and other provisions typical of a securities offering. It does not involve the transfer of insurance risk from one insurer to another, nor does it relate to any form of reinsurance, retrocession, or risk transfer agreement in the insurance context. Instead, it pertains to corporate debt financing. Therefore, it is not a reinsurance agreement.",False,,,,,
2011-1376074-0001140361-11-019807-ex10_5.htm,"The document is an Indenture for Equipment Contract Backed Notes issued by LEAF Receivables Funding 5, LLC. The notes are asset-backed securities secured by a pool of equipment lease and loan contracts. This is a financing agreement where investors lend money to the issuer in exchange for interest payments, secured by the underlying equipment contracts. This is not a reinsurance agreement, as it does not involve the transfer of insurance risk from one insurer to another. The document is a debt instrument backed by physical assets (equipment contracts), not an insurance or reinsurance contract. Therefore, it does not qualify as any type of reinsurance agreement.",False,,,,,
2011-1453820-0000950123-11-029722-w82113exv10w8.htm,"The document is a ""PROPERTY CATASTROPHE EXCESS OF LOSS REINSURANCE CONTRACT"" issued to Penn Millers Insurance Company and American Millers Insurance Company. This clearly indicates it is a reinsurance agreement, specifically covering property catastrophe excess of loss, which falls under the category of non-proportional reinsurance.

It establishes the full terms of a reinsurance contract, including business covered, retention and limits, premium, and other key clauses. Exhibits I through IV detail the layers of coverage, confirming this is a main contract and not an ancillary agreement.

The contract covers losses arising from perils like fire, windstorm, hail, earthquake, and other catastrophes on property insurance policies, which are classified as Non-Life insurance. The class of business is Property, as it specifically reinsures property damage from fire, allied lines, automobile physical damage, homeowners, inland marine, and agri-business.

The structure of the contract—paying 95% of losses above specified retentions up to defined limits across multiple layers—confirms it is non-proportional (excess of loss) reinsurance. There is no indication of proportional sharing of premiums or losses, which would be characteristic of proportional reinsurance.

The contract applies to a portfolio of policies and automatically covers all qualifying losses during the term, making it an obligatory reinsurance agreement rather than facultative.",True,True,True,non-proportional,Non-Life,Property
2011-1400810-0001193125-11-221350-dex1019.htm,"The document is a Reimbursement Contract between Homeowners Choice Property & Casualty Insurance Company, Inc. and the State Board of Administration of Florida (SBA), which administers the Florida Hurricane Catastrophe Fund (FHCF). The FHCF is a government insurance scheme established under Florida law to provide reimbursement to insurers for hurricane-related losses on certain residential property policies in Florida.

According to the classification guidelines, ""Insurance pooling agreements and government insurance schemes that fulfill a risk transfer objective similar to standard reinsurance, like the FHCF, NFIP, CEA in the US"" are considered reinsurance agreements. The FHCF clearly fits this description, as it transfers catastrophic hurricane risk from private insurers to a state-administered fund, thereby fulfilling a risk transfer function equivalent to reinsurance.

The contract establishes the terms under which the SBA will reimburse the insurer for Ultimate Net Losses on Covered Policies in excess of the insurer’s Retention, up to a specified Reimbursement Percentage (45%, 75%, or 90%). This structure mirrors a non-proportional reinsurance arrangement where the insurer retains a layer of risk and the reinsurer (here, the FHCF) covers losses above that retention.

The document is a main contract because it constitutes the full Reimbursement Contract for the Contract Year, including definitions, scope, liability, reporting, and payment terms. It is not an ancillary agreement like an endorsement or amendment.

The agreement is obligatory because it automatically covers all qualifying policies written by the insurer in Florida during the contract year, without requiring individual underwriting or facultative placement. This is consistent with an obligatory treaty arrangement.

The structure—reimbursement of losses in excess of a retention—is non-proportional (excess of loss) in nature. Although the reimbursement percentage (e.g., 90%) applies proportionally to losses above retention, the trigger based on a retention level and the overall excess-of-loss framework make this a non-proportional contract.

The underlying insurance is property insurance for residential structures in Florida, which falls under Non-Life insurance. The class of business is Property, as it involves coverage for physical damage to real and personal property from hurricanes and related perils.",True,True,True,non-proportional,Non-Life,Property
2011-97196-0001144204-11-001197-v207544_ex10-8.htm,"The document is titled ""QUOTA SHARE REINSURANCE AGREEMENT"" and is explicitly structured as a reinsurance contract between Standard Security Life Insurance Company of New York (the ""Company"") and Independence American Insurance Company (the ""Reinsurer""). The agreement includes multiple exhibits, each applying to different producers, and outlines terms such as cession of business, premium reporting, claims handling, and proportional sharing of losses.

The agreement is a reinsurance contract because it involves the transfer of insurance risk from one insurer (ceding company) to another (reinsurer), which is the fundamental nature of reinsurance. The use of ""quota share"" in the title and throughout the agreement indicates a proportional reinsurance structure, where the reinsurer accepts a fixed percentage of the ceded losses and premiums.

The document establishes a main reinsurance contract, as evidenced by the general articles and multiple exhibits that define the scope, terms, and conditions of the reinsurance relationship. It is not an ancillary document modifying an existing agreement but rather a comprehensive, standalone reinsurance treaty.

The contract is obligatory because it applies automatically to all eligible policies issued by the Company through the listed producers, without requiring individual underwriting approval for each policy. This is confirmed in Article III, which states: ""Automatic reinsurance as provided in this Agreement shall apply to benefits payable under all Policies issued according to the rates and underwriting rules in use by the Company...""

The reinsurance is proportional, as it is explicitly a ""Quota Share"" agreement where the reinsurer accepts a fixed percentage (e.g., 5%, 15%, 25%, etc.) of the Company's loss on each policy up to a specified limit. The structure of sharing premiums and losses proportionally confirms this classification.

The underlying insurance is related to health and disability benefits, such as ""aggregate and specific stop loss insurance, provider excess insurance,"" and policies under the ""New York State Disability Benefits Law."" These are classified under Non-Life insurance, specifically within the Accident and Health class of business.

Therefore, the document is a main, obligatory, proportional reinsurance agreement for Non-Life (Accident and Health) insurance.",True,True,True,proportional,Non-Life,Accident and Health
2011-1412100-0001144204-11-014466-v214182_ex10-17.htm,"The document is titled ""Fourth Amendment to Asset Management Agreement"" and pertains to an agreement between AII Insurance Management Limited (AIM) and several entities within the Maiden Holdings group. The content of the document focuses on investment management services, specifically addressing the aggregation of investment orders, allocation of trades, pricing, and execution. It amends an existing asset management agreement and does not contain any terms related to risk transfer, indemnity, ceding of insurance liabilities, or reinsurance coverage.

The parties involved include Maiden Reinsurance Company, which suggests a reinsurance context, but the agreement itself is about asset or investment management, not the transfer of insurance risk. The document does not establish or modify a reinsurance contract but rather governs how investment decisions are made for accounts managed by AIM.

According to the classification guidelines, agreements such as underwriting agency agreements, referral agreements, or financial management agreements are not considered reinsurance agreements. This document falls into the category of an investment management or asset management agreement, which is ancillary to insurance or reinsurance operations but not a reinsurance contract itself.

Therefore, it is not a reinsurance agreement, and all subsequent reinsurance-specific fields must be set to None.",False,,,,,
2011-42888-0001193125-11-199061-dex102.htm,"The document is an amendment to a Note Agreement between Graco Inc. and several financial institutions, including RGA Reinsurance Company, which is listed as one of the holders of the Notes. The core subject of the document is a financial agreement involving the issuance of senior notes, covenants related to financial ratios, and the establishment of a pledge agreement for collateral. The document modifies an existing Note Agreement and introduces new provisions related to financial covenants and collateral, but it does not involve risk transfer between insurers and reinsurers.

Although RGA Reinsurance Company is a party to the agreement, its involvement here is as an investor or creditor in a private placement debt transaction, not in its capacity as a reinsurer. The agreement pertains to corporate debt financing, security interests, and intercreditor arrangements, not to the transfer of insurance risk.

Therefore, this document is a financial instrument related to corporate debt and security agreements, not a reinsurance agreement. It falls under the category of bonds, loans, and credit instruments, which are explicitly excluded from the definition of reinsurance agreements.",False,,,,,
2011-798783-0001193125-11-299513-d235896dex101.htm,"The document provided is a Credit Agreement dated July 25, 2011, between Universal Health Realty Income Trust, various lenders, and Wells Fargo Bank as the administrative agent. It outlines a $150 million revolving credit facility, including terms for loans, letters of credit, interest rates, fees, covenants, and other standard provisions typical of a corporate credit agreement.

The document is clearly a financing arrangement and does not involve the transfer of insurance risk from one insurer to another. It is not a reinsurance agreement, retrocession agreement, or any of the other instruments listed in the definition of reinsurance agreements. Instead, it is a standard credit facility, which falls under the category of financial guarantees and credit instruments. According to the provided definitions, such instruments are explicitly excluded from being classified as reinsurance agreements.

Since the document is not a reinsurance agreement, all subsequent fields that depend on that classification (is_main_contract, is_obligatory, proportional_or_non_proportional, insurance_type, and class_of_business) must be set to None.",False,,,,,
2011-109177-0000950123-11-076702-y92285exv10w2.htm,"The document provided is a Securities Purchase Agreement between Harbinger Group Inc. and several purchasers for the issuance and sale of 75,000 shares of Series A-2 Participating Convertible Preferred Stock. The agreement outlines the terms of the purchase, representations and warranties of both parties, covenants, conditions precedent, indemnification, and other related matters. It does not involve any form of reinsurance, retrocession, or risk transfer between insurance entities. Instead, it is a financial transaction involving the sale of equity securities. Therefore, this document is not a reinsurance agreement.",False,,,,,
2011-354190-0001193125-11-025625-dex1016.htm,"The document is the ""Arthur J. Gallagher & Co. Deferred Equity Participation Plan,"" which is a deferred compensation plan for key executives. It outlines the rules for contributing shares or cash to a trust, vesting of participant accounts, distribution elections, and forfeiture conditions. The plan is designed to retain executives by providing them with deferred equity-based compensation, subject to certain conditions like age, disability, or change in control.

This document is not a reinsurance agreement. It does not involve the transfer of insurance risk between insurers and reinsurers, nor does it contain any provisions typical of reinsurance contracts such as ceding premiums, assuming liabilities, coverage limits, or risk pooling related to insurance underwriting. Instead, it is an employee compensation and benefits plan governed by tax and employment law (e.g., Section 409A of the Internal Revenue Code).

Therefore, it falls outside the defined categories of reinsurance agreements, including retrocessions, catastrophe bonds, portfolio transfers, or any risk-transfer mechanism in insurance. It is also not an ancillary document to a reinsurance agreement. It is unrelated to insurance or reinsurance operations.

Given that the document is not a reinsurance agreement, all subsequent reinsurance-specific classification fields must be set to 'None'.",False,,,,,
2011-1044566-0000950123-11-015792-c62181exv10w51.htm,"The document is titled ""Surety Quota Share Treaty"" and explicitly refers to itself as a ""Reinsurance Agreement"" throughout. It is a contract between Continental Casualty Company (the ""Company"") and Western Surety Company (the ""Reinsurer"") whereby the Company cedes a portion of its surety business to the Reinsurer. The structure, language, and clauses (e.g., premium cessions, loss settlements, reinsurance recoverables, ceding commission, reporting obligations) are all characteristic of a reinsurance treaty. Therefore, this is clearly a reinsurance agreement.

The document establishes the full terms of a reinsurance contract, including coverage, premiums, reporting, loss settlement, arbitration, and other standard provisions. It is not an amendment, endorsement, or ancillary document but rather a complete and standalone treaty. Hence, it qualifies as a main contract.

The treaty covers ""Surety Business"" on a quota share basis, meaning the Reinsurer takes a fixed proportional share (100% of Net Liability, less ceding commission) of all eligible policies. This is a hallmark of proportional reinsurance. The term ""Quota Share"" in the title further confirms this classification. There is no indication of excess-of-loss or other non-proportional mechanisms. Therefore, it is purely proportional.

The treaty applies to surety bonds, which are a form of casualty insurance. These include bonds related to statutory requirements, fiduciary duties, public officials, notaries, and contract performance—none of which relate to life insurance. Thus, the insurance type is Non-Life.

The class of business is best classified as ""Casualty"" because surety insurance falls under commercial liability lines, including bonds for public officials, court bonds, and contract performance bonds. While surety has unique characteristics, it is traditionally grouped under Casualty in reinsurance classifications.

The treaty is obligatory because it automatically covers all eligible surety business written or renewed by the Company during the term, subject only to mutual agreement to exclude specific policies. This automatic cession of an entire portfolio defines an obligatory treaty, as opposed to facultative reinsurance which is case-by-case.",True,True,True,proportional,Non-Life,Casualty
2011-1401521-0001401521-11-000020-exh10530jun11.htm,"The document is a ""Property Catastrophe Excess of Loss Reinsurance Agreement"" between United Property & Casualty Insurance Company (the ""Company"") and UPC Re (the ""Reinsurer""). It provides indemnification to the Company for losses exceeding a specified retention, up to a defined limit, for catastrophe events affecting property insurance policies. This structure—covering excess losses on a per-occurrence basis with defined terms for retention, limit, territory, exclusions, premium, and reinstatement—is characteristic of a non-proportional reinsurance agreement, specifically excess of loss coverage.

The agreement explicitly covers property business, including homeowners and condominium policies, with exclusions for liability, health, marine, and other lines. This confirms the underlying insurance is Non-Life and falls under the ""Property"" class of business. The coverage applies automatically to all qualifying policies in force or issued during the term, indicating it is an obligatory treaty (i.e., obligatory reinsurance), not facultative.

The document establishes the full reinsurance contract, including all principal terms such as coverage, limits, premium, and conditions. It is not merely an ancillary document like an endorsement or commutation. The inclusion of an Interests and Liabilities Contract at the end does not change the nature of the main document, which remains the primary reinsurance contract.

The agreement is clearly a reinsurance treaty and not a direct insurance policy, bond, or financial guarantee. Therefore, it meets the definition of a reinsurance agreement under the classification rules.",True,True,True,non-proportional,Non-Life,Property
2011-1347815-0001347815-11-000008-ex1017.htm,"The document is an employment agreement between Flagstone Reassurance Suisse SA and Patrick Boisvert, who is appointed as Chief Financial Officer. It outlines the terms and conditions of his employment, including duties, compensation, bonus, confidentiality, non-solicitation, and other employment-related provisions. The document explicitly states in Annex 1 that the employee is not authorized to enter into insurance or reinsurance contracts. 

This is not a reinsurance agreement or any type of risk transfer contract. Instead, it is a standard employment contract within a reinsurance company. Therefore, it does not meet any of the criteria for being classified as a reinsurance agreement, such as risk transfer, treaty terms, or coverage provisions. Since it is not a reinsurance agreement, all downstream classifications (main contract, obligatory, proportional, insurance type, class of business) are not applicable.",False,,,,,
2011-947484-0001104659-11-044252-a11-14025_1ex10d1.htm,"The document is an amendment to a joint venture agreement relating to Gulf Re Holdings Limited, a company presumably involved in reinsurance given the name and the involvement of Arch Reinsurance Ltd. However, the document itself does not establish or modify the terms of a reinsurance contract. Instead, it amends provisions related to share transfer restrictions in a joint venture agreement between Gulf Investment Corporation and Arch Reinsurance Ltd. 

Joint venture agreements, even when involving reinsurance companies, are not reinsurance agreements unless they contain provisions that constitute or modify a reinsurance contract. This document solely addresses corporate governance and shareholding restrictions and does not include any terms related to risk transfer, ceding, or reinsurance coverage. Therefore, it does not qualify as a reinsurance agreement under the provided definitions.

Since it is not a reinsurance agreement, all subsequent fields that depend on reinsurance classification (main contract, obligatory, proportional/non-proportional, insurance type, class of business) must be set to None.",False,,,,,
2011-911421-0001193125-11-295054-d249459dex104.htm,"The document is an employment agreement between PartnerReinsurance Company of the U.S. and Theodore C. Walker, outlining the terms of his employment as President and Chief Executive Officer. It includes provisions on compensation, duties, termination, confidentiality, non-compete obligations, and other employment-related terms. There is no mention of any reinsurance or insurance risk transfer arrangement, nor any contractual terms typical of reinsurance agreements such as ceding of risk, premiums, coverage limits, or treaty terms. Instead, the document governs the executive’s employment relationship with the company.

Therefore, this is not a reinsurance agreement. It does not fall under any of the categories listed as reinsurance agreements, such as retrocession, portfolio transfers, or risk transfer instruments. It is also not an ancillary document modifying a reinsurance agreement. Instead, it is a standard executive employment contract.

As such, all downstream classifications related to reinsurance (main contract, obligatory nature, proportional/non-proportional, insurance type, class of business) are not applicable.",False,,,,,
2011-1096752-0000950123-11-050439-c64636exv10w56.htm,"The document titled ""Energizer Holdings, Inc. Executive Health Plan 2009 Restatement"" outlines a health benefits plan for eligible employees and retirees of Energizer Holdings, Inc. and its affiliated companies. It details eligibility criteria, benefits payable for medical, dental, and vision care, contribution responsibilities, coverage limits, exclusions, and administrative procedures, including claims filing and continuation of coverage under COBRA.

The document explicitly states that benefits are provided ""through insurance policies"" (Section XIV), indicating that this is a self-insured welfare benefit plan funded via insurance, but it is not itself an insurance or reinsurance agreement. It is an employee benefit plan governed by ERISA and related tax and health care laws (e.g., HIPAA, COBRA), designed to provide health coverage to a select group of management or highly compensated employees.

Crucially, this is not a reinsurance agreement because:
- It does not involve the transfer of insurance risk from one insurer to another.
- It does not mention ceding or assuming risk, treaty terms, facultative arrangements, or retrocession.
- It does not describe proportional or non-proportional risk sharing, layers, attachment points, or other hallmarks of reinsurance.
- Instead, it is a direct employee health benefit plan, which falls under the category of direct insurance contracts, explicitly excluded from reinsurance agreements.

Furthermore, Section 13.2(b)(4) and (c)(7) mention ""securing, placing or terminating a contract for reinsurance of risk relating to health care claims (including stop-loss insurance and excess of loss insurance)"" — this indicates that the Plan may purchase reinsurance (e.g., stop-loss coverage) for its own risk, but the document itself is not that reinsurance contract; it is the underlying health plan.

Therefore, this is a direct insurance/employee benefit plan, not a reinsurance agreement.",False,,,,,
2011-27904-0000950123-11-014364-g24877exv10w4.htm,"The document is an ""Anchor Tenant Agreement"" between JFK International Air Terminal LLC (IAT) and Delta Air Lines, Inc. It outlines the lease terms for Delta's use of specific portions of Terminal 4 at JFK International Airport. The agreement includes provisions for rent, maintenance, construction responsibilities, use of gates and hardstand positions, insurance obligations, and other operational matters related to the airport terminal. The document does not contain any clauses or language related to risk transfer from an insurer to a reinsurer, which is the defining characteristic of a reinsurance agreement. Instead, it is a standard commercial lease agreement for real estate, specifically airport terminal space, and includes ancillary services like signage, gate usage, and operational coordination. The insurance sections (Article 20) require both parties to maintain certain insurance policies, but this is a standard risk management practice in commercial leases and does not constitute reinsurance. Therefore, this document is not a reinsurance agreement.",False,True,,,,
2011-1126328-0001047469-11-000974-a2201860zex-10_112.htm,"The document is a ""Change of Control Employment Agreement"" between Principal Financial Group, Inc., Principal Life Insurance Company, and an executive. It outlines the terms of employment, compensation, benefits, and protections in the event of a change of control of the company. The agreement includes provisions related to base salary, bonuses, stock incentives, severance payments, non-compete clauses, and other employment-related terms.

This document is not a reinsurance agreement. It does not involve the transfer of insurance risk from one insurer to another (reinsurer), nor does it contain any terms typical of reinsurance contracts such as ceding commissions, loss sharing, or retrocession. Instead, it is an employment contract, which is explicitly excluded from the definition of reinsurance agreements.

Therefore, all subsequent fields related to reinsurance classification (main contract, obligatory, proportional/non-proportional, insurance type, class of business) are not applicable and must be set to None.",False,,,,,
2011-1116521-0001193125-11-033978-dex103.htm,"The provided document is an ""Amended and Restated Credit Agreement."" This is a financial contract concerning a loan between a borrower (Avaya Inc.) and a group of lenders, with Citibank, N.A. serving as the administrative agent. The document details the terms of a credit extension, including loan amounts, interest rates, repayment schedules, covenants, and conditions for default.

The list of documents considered reinsurance agreements explicitly excludes ""Bonds, loans and credit instruments except for Catastrophe Bonds and other Insurance Linked Securities as described above."" This document is a standard credit agreement for a corporate loan, which falls squarely into the category of a ""loan and credit instrument"" that is not a Catastrophe Bond.

Therefore, this document is not a reinsurance agreement. Since it is not a reinsurance agreement, the subsequent questions about whether it is a main contract, obligatory, proportional, and its insurance type and class of business are not applicable.",False,,,,,
2011-1363829-0000950123-11-022319-w81504exv10w24.htm,"The provided document is a ""US$115,000 000 Facilities Agreement"" between Enstar Group Limited, other guarantors, Barclays Bank PLC (acting in multiple roles), and Barclays Corporate. This is a loan agreement, a financial instrument where a lender (Barclays Bank PLC) provides a borrower (Enstar Group Limited) with a sum of money to be repaid with interest.

The document outlines the terms of the loan, including the amount, purpose, interest rates, repayment schedule, and conditions. It also details the roles of various parties, such as the Agent, Arranger, and Security Agent, and includes standard clauses for such agreements like representations, undertakings, events of default, and governing law.

Although the document references reinsurance in the context of its purpose (e.g., ""CIGNA Reinsurance Arrangements"" and ""Parent CIGNA Guarantee""), these are described as the *reason* for the loan, not the subject of the agreement itself. The agreement is for the provision of credit, not for the transfer of insurance risk.

Therefore, this document is a loan agreement, which falls under the category of ""Bonds, loans and credit instruments"" in the list of documents that are NOT considered reinsurance agreements.",False,,,,,
2011-1140536-0000950123-11-019018-u10354exv10w38.htm,"The document is an Agreement of Restrictive Covenants and Other Obligations between Willis Group Holdings Public Limited Company and an employee, Michael K. Neborak. It outlines non-compete, non-solicitation, and confidentiality obligations in connection with a Restricted Share Unit (RSU) award. The document does not establish any insurance or reinsurance relationship, nor does it transfer risk between insurers and reinsurers. Instead, it is an employment-related agreement focused on post-employment restrictions and equity compensation. 

The document mentions insurance brokerage, reinsurance brokerage, and related services in the definition of ""Business,"" but only to define the scope of the non-compete clause. This context does not make the document itself a reinsurance agreement. It is not a contract of insurance or reinsurance, nor does it amend, renew, or modify such a contract. Therefore, it falls outside the defined categories of reinsurance agreements.

Since the document is not a reinsurance agreement, all subsequent classification fields (is_main_contract, is_obligatory, etc.) must be set to None.",False,,,,,
2011-352736-0001104659-11-044150-a11-13924_1ex10d4.htm,"The document is titled ""Amendment No. 2 to Reinsurance Agreement"" and explicitly refers to modifying an existing reinsurance agreement between American Heritage Life Insurance Company (Ceding Company) and Allstate Life Insurance Company (Reinsurer). It amends the scope of coverage under the original reinsurance agreement to include certain group disability insurance policies, in addition to previously reinsured single premium deferred annuities and individual disability policies. The document references the transfer of net assets equal to the statutory liabilities for the newly ceded policies, which indicates a risk transfer mechanism consistent with reinsurance.

This document is an amendment to an existing reinsurance agreement, which falls under the category of documents that modify the terms of a reinsurance contract. Therefore, it is a reinsurance agreement as per the definition provided (includes renewals, amendments, etc.).

However, it is not a main contract because it does not establish a new reinsurance agreement from scratch; instead, it modifies an existing one. It is an ancillary agreement (an amendment), even though it expands the scope of coverage.

The amendment extends reinsurance to group disability policies, which are typically underwritten on a portfolio basis and transferred in full — indicating an obligatory structure. Since the amendment applies to a class of policies (group disability) rather than named individual risks, it is consistent with an obligatory reinsurance arrangement.

The document does not specify the financial structure of the reinsurance (e.g., quota share, excess of loss), so it is not possible to determine whether the arrangement is proportional or non-proportional. No terms indicating ceding percentages, commissions, or loss-sharing mechanics are present. Therefore, this cannot be classified.

The underlying insurance policies include single premium deferred annuities (a life insurance product) and individual and group disability insurance. Disability insurance can be classified as health-related in the context of life reinsurance. Since annuities and disability insurance are both typically treated under the Life insurance domain, and the policies are issued by life insurance companies, the insurance type is Life.

The class of business for disability insurance (individual and group) falls under ""Health"" in the Life insurance classification, as per the definitions provided. Long-term care, critical illness, and disability are explicitly listed under ""Health"" for Life insurance.",True,False,True,,Life,Health
2011-354190-0001193125-11-025625-dex10421.htm,"The document is a Restricted Stock Unit Award Agreement under Arthur J. Gallagher & Co.'s Long-Term Incentive Plan. It outlines the terms of a grant of restricted stock units to an employee, including vesting conditions, dividend equivalents, tax withholding, and restrictive covenants. The agreement is related to executive compensation and equity incentives, not to insurance or reinsurance risk transfer. There is no mention of insurance policies, reinsurance treaties, risk transfer between insurers and reinsurers, or any other characteristic of reinsurance agreements. Instead, the document pertains to employee stock compensation, which falls entirely outside the scope of reinsurance.

Therefore, this document is not a reinsurance agreement, nor is it any type of insurance-related contract. It is a corporate compensation instrument.",False,,,,,
2011-1494877-0001193125-11-047649-dex1028.htm,"The document is an ""Amendment No. 2 to the Note Purchase and Private Shelf Agreement"" between Digital Realty Trust, L.P. and several purchasers, including Prudential Investment Management, Inc. and various insurance and investment entities. It amends the terms of a private note purchase agreement by increasing the available facility amount. The document pertains to debt financing and does not involve the transfer of insurance risk from an insurer to a reinsurer.

The entities involved include insurance and reinsurance companies (e.g., ""Prudential Insurance Company of America"", ""Universal Prudential Arizona Reinsurance Company""), but their participation is in the capacity of investors or purchasers of debt instruments, not as parties to a reinsurance contract. The agreement modifies financial terms related to note issuance and does not contain any provisions typical of reinsurance such as ceding commissions, loss sharing, risk transfer of insurance liabilities, or coverage terms.

This document is a financial instrument amendment, specifically a private placement debt agreement, which is explicitly excluded from the definition of a reinsurance agreement. According to the provided criteria, bonds, loans, and credit instruments (except Catastrophe Bonds and other Insurance-Linked Securities fulfilling risk transfer) are not reinsurance agreements. This is a standard corporate debt amendment and does not fulfill a risk transfer objective akin to reinsurance.

Therefore, it is not a reinsurance agreement, nor is it an ancillary document to one. All downstream fields that depend on the document being a reinsurance agreement must be set to 'None'.",False,,,,,
2011-1299969-0001193125-11-084811-dex1096.htm,"The provided document is a Construction Loan Agreement between Cardinal Bank (Lender) and Comstock Cascades II, L.C. (Borrower) for the purpose of financing the construction of a two-building, 103-unit apartment project. The agreement outlines the terms under which the lender will disburse funds, conditions precedent to advances, representations and warranties by the borrower, covenants, default provisions, and other loan-related terms.

The document is clearly a financial lending agreement, specifically a construction loan, and not a reinsurance agreement. It does not involve the transfer of insurance risk from one insurer to another, nor does it contain any language typical of reinsurance contracts such as ceding commissions, reinsurance premiums, treaty terms, or facultative placements. Instead, it includes standard loan documentation elements such as a promissory note, guaranties, loan advances, interest reserves, loan-to-value ratios, and collateral in the form of a deed of trust.

Because this is a loan agreement and not a reinsurance contract, it falls outside the scope of documents considered reinsurance agreements. It is also not an ancillary agreement to a reinsurance contract, nor does it modify, renew, or amend any reinsurance agreement. Therefore, all subsequent classification fields related to reinsurance (main contract, obligatory, proportional, insurance type, class of business) are not applicable.",False,,,,,
2011-915127-0000915127-11-000031-exh10_18.htm,"The document is a Credit Agreement between PHC, Inc. and Jefferies Finance LLC, which is a financial arrangement for borrowing funds. It includes terms for loans, interest rates, repayment schedules, and other financial covenants. This type of agreement is not a reinsurance agreement, as it does not involve the transfer of insurance risk from one insurer to another. Instead, it is a standard credit facility provided by a financial institution to a borrower. Therefore, the document does not meet the criteria for being classified as a reinsurance agreement.",False,,,,,
2011-1479094-0001104659-11-047021-a11-14201_1ex10d18.htm,"The document is a Master Loan Agreement between Connecticut General Life Insurance Company (the ""Lender"") and STAG GI Investments Holdings, LLC (the ""Borrower""). The agreement details a mortgage loan for the acquisition of various parcels of real property, primarily industrial properties used for warehouse/distribution, manufacturing, and flex/R&D purposes. The loan is secured by promissory notes, mortgages, assignments of leases, and other security agreements. The document outlines terms for initial and additional advances, payment of indebtedness, insurance, default, and remedies. It is a financial agreement for a real estate loan, not a reinsurance agreement. The document is a loan agreement, which is explicitly listed as not being a reinsurance agreement in the provided list of documents that are NOT considered reinsurance agreements. Therefore, it is not a reinsurance agreement, and all subsequent fields related to reinsurance characteristics are not applicable.",False,,,,,
2011-1453820-0000950123-11-029722-w82113exv10w11.htm,"The document is titled ""PROPERTY EXCESS OF LOSS REINSURANCE CONTRACT"" and explicitly states it is a reinsurance agreement issued to Penn Millers Insurance Company and American Millers Insurance Company. It outlines terms for reinsurance coverage on property insurance policies, including retention, limits, premium, and loss settlement. This fits the definition of a reinsurance agreement.

The document establishes the full terms of a reinsurance contract, including business covered, commencement, exclusions, premium, and loss provisions. It includes three exhibits that define specific layers of excess of loss coverage. As it constitutes the entire agreement and contains all principal terms, it is a main contract.

The contract is an excess of loss treaty, which is a type of obligatory reinsurance. It covers all property risks written by the company during the term, subject to exclusions, meaning the ceding company is obligated to cede and the reinsurer is obligated to accept these risks.

The contract is structured as an excess of loss agreement, which is non-proportional reinsurance. It provides coverage above specified retentions ($1M, $5M, $10M) up to defined limits, which is characteristic of non-proportional arrangements.

The coverage is for property insurance, which falls under Non-Life insurance. The class of business is clearly Property, as specified in the title and throughout the document, covering property damage from various perils.",True,True,True,non-proportional,Non-Life,Property
2011-355429-0001047469-11-001541-a2202064zex-10_u.htm,"The document provided is a ""Reimbursement Agreement"" between Golden Gate IV Vermont Captive Insurance Company (the Borrower) and UBS AG, Stamford Branch (the Issuing Lender). The core purpose of this agreement is to establish a Letter of Credit (LOC) facility, which the Issuing Lender will provide for the benefit of a Reinsurance Trustee.

The agreement is explicitly framed as a financial arrangement to support an underlying reinsurance transaction. This is clearly stated in the ""WHEREAS"" clauses, which confirm that the Borrower is a captive insurance company that reinsures a block of term life insurance policies from its affiliate, West Coast Life Insurance Company (the Ceding Company), pursuant to a separate ""Reinsurance Agreement"" (referenced as Exhibit C). The Letter of Credit established by this Reimbursement Agreement serves as collateral to secure the Borrower's obligations under that underlying reinsurance contract.

While the document references the reinsurance relationship and is critical to its financial security, the Reimbursement Agreement itself does not establish the terms of the risk transfer between the ceding insurer and the reinsurer. It does not define the coverage, the ceded premiums, the claims handling procedures, or the profit-sharing mechanisms. Instead, it creates a separate financial obligation: the Borrower's promise to reimburse the Issuing Lender for any draws made on the Letter of Credit. The security for this obligation is a lien on the Borrower's assets, including its interest in the Reinsurance Trust Account.

Therefore, this document is a financial instrument—a reimbursement agreement for a letter of credit—that supports a reinsurance transaction. It is not itself a contract that transfers insurance risk from one insurer to another. The list of documents that are NOT considered reinsurance agreements explicitly includes ""Letters of credit,"" which directly applies to this document.",False,,,,,
2011-1220754-0001193125-11-145061-dex107.htm,"The document is a Note Purchase Agreement between The Providence Service Corporation and various purchasers. It outlines the terms for the issuance and purchase of $70,000,000 aggregate principal amount of 6.5% Convertible Senior Subordinated Notes due 2014. The agreement includes detailed provisions regarding the authorization, purchase, sale, representations, warranties, covenants, and conditions precedent related to the Notes. The document also references an Indenture, a Registration Rights Agreement, and an Escrow Agreement, all of which are ancillary to the main transaction of issuing and purchasing the Notes.

The document does not contain any provisions related to reinsurance, such as risk transfer from an insurer to a reinsurer, proportional or non-proportional sharing of risks, or any other elements typical of reinsurance agreements. Instead, it is focused on the issuance of debt securities, which are financial instruments, not insurance or reinsurance contracts.

Therefore, the document is not a reinsurance agreement, and none of the subsequent classifications (main contract, obligatory, etc.) are applicable.",False,,,,,
2011-1339553-0000950123-11-018886-c11743exv10w18.htm,"The document is a contract between HealthSpring, Inc. (and its subsidiaries) and the Centers for Medicare & Medicaid Services (CMS) for the operation of Medicare Advantage (MA) coordinated care plans and related prescription drug plans. It outlines the terms under which HealthSpring subsidiaries will provide Medicare services to enrollees, including benefit provision, enrollment, beneficiary protections, quality improvement, compliance, payment mechanisms, and other operational requirements.

This is a direct health insurance contract between a private insurer and a government agency to deliver health benefits to Medicare-eligible individuals. It does not involve the transfer of insurance risk from one insurer to another, which is the defining characteristic of a reinsurance agreement. Instead, it establishes the terms for direct provision of healthcare coverage.

Therefore, this document is not a reinsurance agreement, but rather a direct insurance or managed care contract with the federal government. As such, it falls squarely within the category of documents that are explicitly not considered reinsurance agreements—namely, ""Insurance policies and other direct insurance contracts.""

Because it is not a reinsurance agreement, all subsequent reinsurance-specific classification fields must be set to None.",False,,,,,
2011-899051-0001104659-11-041971-a11-13315_1ex10d3.htm,"The document is a ""Change of Control Employment Agreement"" between The Allstate Corporation, Allstate Insurance Company, and a senior executive. It outlines the terms and conditions of employment, compensation, benefits, and severance arrangements in the event of a change of control of the company. The agreement includes provisions related to base salary, bonuses, stock incentives, deferred compensation, termination of employment, and restrictive covenants such as non-compete and non-solicitation clauses.

This document is clearly an employment contract, not a reinsurance agreement. It does not involve the transfer of insurance risk from one insurer to another, nor does it contain any provisions typical of reinsurance contracts such as ceding commissions, loss sharing, retrocession, or coverage limits. Instead, it governs the employment relationship and executive compensation, particularly in the context of corporate change of control events.

Therefore, it does not meet any of the criteria for being classified as a reinsurance agreement. Since it is not a reinsurance agreement, all subsequent reinsurance-specific classification fields must be set to None.",False,,,,,
2011-1164727-0000950123-11-069854-c20053exv10w1.htm,"The provided document is a Credit Agreement between Newmont Mining Corporation, various lenders, and JPMorgan Chase Bank, N.A., acting as the Administrative Agent. The agreement details the terms for extending credit in the form of loans and letters of credit to the borrower, Newmont Mining Corporation. The document outlines the commitments of the lenders, interest rates, repayment terms, fees, and various covenants and conditions.

This document is clearly a financial loan agreement and not a reinsurance agreement. Reinsurance agreements involve the transfer of risk from one insurance company (the ceding company) to another (the reinsurer). The document in question does not contain any language related to insurance, risk transfer between insurers, or the ceding of insurance policies. Instead, it is focused on the borrowing of funds and the provision of credit, which are financial activities distinct from insurance and reinsurance.

Since the document is not a reinsurance agreement, all subsequent fields that depend on it being a reinsurance agreement (is_main_contract, is_obligatory, proportional_or_non_proportional, insurance_type, class_of_business) must be set to None.",False,,,,,
2011-1040829-0001193125-11-296745-d245208dex101.htm,"The document is a Third Amended and Restated Credit Agreement. This is a standard credit agreement between a borrower (Gaylord Entertainment Company) and a group of lenders, with Bank of America acting as the administrative agent. The agreement outlines the terms for revolving loans, term loans, swing line loans, and letters of credit. It details the commitments of the lenders, the obligations of the borrower, interest rates, fees, representations and warranties, covenants, events of default, and remedies. The document also includes schedules and exhibits related to the loan, such as schedules of guarantors, borrowing base properties, and commitments, and forms of loan notices and notes.

Credit agreements are explicitly listed in the ""NOT"" section as not being reinsurance agreements. The document does not contain any language related to insurance or reinsurance, risk transfer from an insurer to a reinsurer, or any of the other characteristics of a reinsurance contract. Instead, it is a straightforward financial contract for lending money.

Therefore, this document is not a reinsurance agreement.",False,True,,,,
2011-1360474-0001193125-11-083130-dex101f.htm,"The document is a Second Amended and Restated Credit Agreement, which is a financial contract for credit facilities between a borrower (CRC Health Corporation) and lenders (including Citibank, N.A., as the administrative agent). The document outlines the terms for loans, credit extensions, interest rates, repayment schedules, and other financial obligations. It includes provisions for revolving credit loans, term loans, letters of credit, and swing line loans. This document is clearly a credit agreement and not a reinsurance agreement. Reinsurance agreements involve the transfer of risk from one insurer to another, whereas this document pertains to a corporate credit facility. Therefore, it does not meet any of the criteria for being classified as a reinsurance agreement. As such, all subsequent fields related to reinsurance classification are not applicable.",False,,,,,
2011-832480-0000832480-11-000007-exhibit1011.htm,"The document consists of three parts: an amendment to a reinsurance agreement between Universal Guaranty Life Insurance Company and Optimum Re Insurance Company, an addendum to an Automatic YRT Pool Agreement between Universal Guaranty and Business Men's Assurance Company of America (BMA), and the main reinsurance agreement between Universal Guaranty and BMA. The main agreement is titled ""REINSURANCE AGREEMENT"" and contains comprehensive terms governing the reinsurance of life insurance policies on an automatic Yearly Renewable Term (YRT) basis. This includes detailed provisions on basis of reinsurance, liability, reporting, premiums, claims, termination, and arbitration.

The agreement clearly establishes a reinsurance relationship where Universal Guaranty (the ceding company) transfers risk to BMA (the reinsurer) for life insurance policies it underwrites. It includes schedules specifying the types of plans reinsured (Permanent Plans, Universal Life, Term Plans), the basis of reinsurance (Automatic YRT), and administrative procedures. The presence of detailed contractual terms, signatures, and effective dates confirms this is a full reinsurance contract.

Although the first two documents are amendments and addenda (which are ancillary), the core document is a complete reinsurance treaty. The agreement is obligatory because it automatically reinsures all qualifying policies under defined criteria (automatic treaty), without individual underwriting by the reinsurer for each policy. It is non-proportional because it is structured as a Yearly Renewable Term (YRT) treaty, where the reinsurer pays claims based on the net amount at risk rather than a fixed percentage of premiums and losses. YRT is a classic form of non-proportional reinsurance.

The subject matter is life insurance, as explicitly stated in Schedule A (""Life insurance issued by the Ceding Company"") and throughout the document (e.g., ""individual life insurance"", ""mortality rating"", ""death benefit""). The class of business is Mortality, as it pertains to life insurance policies where the risk transferred is the risk of death, which is the core component of mortality risk in life reinsurance.",True,True,True,non-proportional,Life,Mortality
2011-310826-0001104659-11-017649-a11-2296_1ex10dj.htm,"The document is a Reimbursement Agreement between Golden Gate IV Vermont Captive Insurance Company (the ""Borrower"") and UBS AG, Stamford Branch (the ""Issuing Lender""). The agreement establishes a Letter of Credit facility for the Borrower, which is a captive insurance company. The primary purpose of this agreement is to secure a letter of credit that will be used to support reinsurance obligations.

The document references a Reinsurance Agreement between the Borrower and the Ceding Company (West Coast Life Insurance Company), which is attached as Exhibit C. This Reinsurance Agreement is the actual contract that transfers risk from the Ceding Company to the Borrower. The Reimbursement Agreement itself does not transfer any insurance risk; instead, it is a financing arrangement that supports the reinsurance transaction by providing a letter of credit as collateral.

The Reimbursement Agreement contains provisions for the issuance of a letter of credit, reimbursement obligations, fees, yield protection, taxes, payments, collateral and security, events of default, and miscellaneous provisions. It also includes detailed covenants, representations, and warranties from the Borrower. However, these provisions are all related to the financing and security aspects of the transaction, not to the transfer of insurance risk.

Since the Reimbursement Agreement is a financing arrangement that supports a reinsurance transaction but does not itself transfer any insurance risk, it is not a reinsurance agreement. It is a letter of credit facility agreement, which falls under the category of credit instruments. According to the provided definitions, letters of credit are explicitly listed as documents that are NOT considered reinsurance agreements.

Therefore, while this document is related to a reinsurance transaction, it is not itself a reinsurance agreement. It is a financial instrument that supports the reinsurance arrangement but does not contain the terms for risk transfer between insurers.",False,,,,,
2011-792013-0001193125-11-056183-dex10i10.htm,"The document is a ""Twelfth Amendment to the Proportional Reinsurance Agreement"" among multiple Harleysville insurance companies. It modifies an existing reinsurance agreement by specifying that Harleysville Mutual Insurance Company (HMIC) will retain 100% of the workers compensation business written or assumed on or after January 1, 2011, and adjusts premium and liability sharing accordingly. It also adds a new provision for the orderly run-off of liabilities upon termination of the agreement.

The original agreement is explicitly referred to as a ""Proportional Reinsurance Agreement,"" and this document amends its terms. Amendments to reinsurance agreements are considered reinsurance agreements under the provided criteria. Therefore, this document qualifies as a reinsurance agreement.

However, this is an amendment — it modifies an existing reinsurance contract but does not establish the full terms of a standalone reinsurance contract. Thus, it is an ancillary agreement, not a main contract. As such, is_main_contract is False.

The underlying agreement is described as a ""Proportional Reinsurance Agreement,"" and the amendment maintains proportional risk-sharing for most lines, while carving out workers compensation. The core structure remains proportional, and the amendment does not change the fundamental proportional nature of the agreement. Therefore, the reinsurance is proportional.

The agreement covers workers compensation, which falls under Accident and Health for Non-Life insurance. Other lines are not specified, but workers compensation is clearly a Non-Life class of business. Therefore, the insurance type is Non-Life and the class of business is Accident and Health.

The agreement involves a common risk-sharing pool among affiliated companies for underwriting operations, with automatic cession and acceptance of risks (except for the carved-out workers comp). This indicates an obligatory treaty arrangement. Therefore, it is an obligatory reinsurance agreement.",True,False,True,proportional,Non-Life,Accident and Health
2011-859139-0000950123-11-020814-w80663exv10w44.htm,"The document is an employment agreement between Safety National Casualty Corporation and Mark A. Wilhelm. It outlines the terms and conditions of employment, including position, duties, compensation, benefits, and termination provisions. The agreement also includes non-compete, confidentiality, and non-solicitation clauses. 

This document is not a reinsurance agreement as defined by the criteria. It does not involve risk transfer between insurers and reinsurers, nor does it relate to retrocession, portfolio transfers, or any other form of reinsurance. Instead, it is a standard employment contract between an executive and a company.

Because it is not a reinsurance agreement, all subsequent fields that depend on reinsurance classification (is_main_contract, is_obligatory, proportional_or_non_proportional, insurance_type, class_of_business) must be set to None.",False,,,,,
2011-1297996-0001193125-11-047638-dex1028.htm,"The document is an ""Amendment No. 2 to the Note Purchase and Private Shelf Agreement,"" which relates to a financing arrangement between Digital Realty Trust, L.P. and a group of purchasers, including Prudential Investment Management, Inc. and various insurance and investment entities. The amendment modifies the available facility amount under the Note Agreement but does not involve the transfer of insurance risk.

The parties involved include insurance companies and reinsurers (e.g., Universal Prudential Arizona Reinsurance Company, Prudential Arizona Reinsurance Captive Company), but their participation is as investors or purchasers in a private debt issuance, not in the context of a reinsurance transaction. The document does not establish or modify a reinsurance contract; rather, it is a debt financing instrument.

Accordingly, this document is a private placement note agreement amendment, which falls under the category of credit instruments. As such, it is explicitly excluded from the definition of a reinsurance agreement, even though some signatories are reinsurers acting in a different capacity.",False,,,,,
2011-828916-0000828916-11-000008-ex10_59.htm,"The provided document is the ""Weingarten Realty Investors Executive Medical Reimbursement Plan and Summary Plan Description."" This is an employee welfare benefit plan that provides reimbursement for medical expenses to eligible employees and their dependents. It outlines eligibility, benefits, claims procedures, and other administrative details related to medical expense reimbursement. The document is governed by ERISA and is not related to insurance risk transfer between insurers or reinsurers.

It is clearly a direct insurance or employee benefit arrangement between an employer and its employees, not a reinsurance agreement. The document does not mention any ceding of risk from one insurer to another, retrocession, or any other mechanism typical of reinsurance. Instead, it describes a self-insured health reimbursement plan for executives.

Because it is not a reinsurance agreement, all subsequent classification fields (main contract, obligatory, proportional, insurance type, class of business) are not applicable and should be set to None.",False,,,,,
2011-1342126-0000950123-11-025968-c06644exv10w11.htm,"The document is a ""Restatement and Modification of Deed of Trust, Security Agreement, Assignment of Rents and Fixture Filing"" related to a commercial mortgage loan for a property located at 8440 Sunset Boulevard, West Hollywood, California. It involves a loan modification agreement between a borrower (Mondrian Holdings LLC) and a lender (Bank of America, as trustee for the benefit of the holders of certain mortgage pass-through certificates). The document modifies the terms of an existing deed of trust, which is a security instrument for a real estate loan. It includes provisions for principal reduction, cash management, rate cap agreements, and covenants related to future default, including the delivery of a deed in lieu of foreclosure into escrow. The document also includes an escrow agreement for the conveyance documents. This is a real estate financing and security agreement, not a reinsurance agreement. It pertains to a loan secured by real property and the restructuring of that loan, which is entirely unrelated to the transfer of insurance risk.",False,,,,,
2011-802967-0000950123-11-032157-c10708exv10w1.htm,"The document is a ""Revolving Credit Agreement"" dated October 13, 2010, involving various parties including lenders, borrowers, and administrative agents. It outlines the terms for providing revolving credit loans, letters of credit, and swingline loans. The document explicitly mentions financial transactions such as loans, credit facilities, and related financial instruments.

According to the provided guidelines, reinsurance agreements include documents like reinsurance agreements, retrocession agreements, and other documents that transfer risk from insurers to reinsurers. The document in question is a credit agreement, which is explicitly listed as not being a reinsurance agreement. Specifically, the guidelines state that ""Bonds, loans and credit instruments except for Catastrophe Bonds and other Insurance Linked Securities as described above"" are not considered reinsurance agreements.

Since this document is a loan and credit instrument, it falls under the category of documents that are not considered reinsurance agreements.",False,,,,,
2011-1069996-0001140361-11-053104-ex10_3.htm,"The document is titled ""Excess Catastrophe Reinsurance Contract"" and explicitly establishes a reinsurance agreement between Federated National Insurance Company (the ""Company"") and multiple reinsurers. It outlines the terms under which the reinsurers will cover excess liability for catastrophic losses arising from property insurance policies issued by the Company in Florida. This clearly falls within the definition of a reinsurance agreement, specifically an excess of loss treaty, which is a standard form of non-proportional reinsurance.

The document constitutes a main contract because it contains all the principal terms of the reinsurance agreement, including coverage scope (Article 1), retention and limit (Article 5), premium (Article 12), and other key conditions. It is not merely an amendment or ancillary document but a full contract issued to the ceding company.

The agreement is obligatory because it automatically reinsures all eligible policies classified as Property business written by the Company during the contract period, without requiring individual underwriting or acceptance for each risk. Article 1 states the reinsurance applies to policies ""in force at the effective date hereof or issued or renewed on or after that date,"" indicating automatic coverage.

The contract is non-proportional because it provides coverage for losses in excess of a specified retention ($7,000,000) up to a specified limit ($13,000,000), which is characteristic of an excess of loss treaty. There are no proportional sharing terms (e.g., quota share or surplus) involved.

The underlying insurance pertains to Property business in Florida, including Dwelling Fire, Inland Marine, Mobile Home, Commercial, and Homeowners insurance. This falls under Non-Life insurance.

The class of business is Property, as explicitly stated in Article 1, which specifies that the reinsurance covers policies classified by the Company as Property business, including various property lines like Dwelling Fire and Homeowners, and excludes other lines such as Casualty, Health, or Specialty.",True,True,True,non-proportional,Non-Life,Property
2011-832480-0000832480-11-000002-bmaagreement.htm,"The document consists of three parts: an amendment to a reinsurance agreement between Universal Guaranty Life Insurance Company and Optimum Re Insurance Company, an addendum to a reinsurance agreement with Business Men's Assurance Company of America (BMA), and the full reinsurance agreement between Universal Guaranty Life Insurance Company and BMA. The core of the document is the ""REINSURANCE AGREEMENT"" between Universal Guaranty Life Insurance Company (the ceding company) and BMA (the reinsurer). This agreement establishes a formal arrangement for the ceding of life insurance risks, specifically on an automatic Yearly Renewable Term (YRT) basis, which is a standard form of reinsurance. The agreement includes detailed provisions on reinsurance basis, liability, reporting, premiums, claims, termination, and arbitration, all typical of a reinsurance contract.

The agreement is not merely an ancillary document like an endorsement or amendment; rather, it is the principal contract governing the reinsurance relationship. The amendment and addendum modify this main contract but do not stand alone as the primary agreement. Therefore, the main contract is the full reinsurance treaty.

The agreement is obligatory because it establishes automatic reinsurance for all eligible policies that meet underwriting criteria (e.g., age, residency, underwriting standards), meaning the reinsurer is obligated to accept cessions that fall within the treaty terms. This is not facultative reinsurance, which is optional and case-by-case.

The reinsurance is non-proportional. Although the term ""Quota Share"" appears in Schedule A, the actual basis of reinsurance is ""Automatic Yearly Renewable Term"" (YRT), which is a form of excess of mortality risk and therefore non-proportional. YRT reinsurance involves the reinsurer covering a portion of the death benefit in excess of the ceding company’s retention, with premiums calculated based on the net amount at risk. The presence of a 50% quota share language appears to be a mislabeling or misunderstanding, as the entire structure (including NAR calculations, premiums based on mortality tables, and YRT framework) confirms a non-proportional arrangement.

The subject matter is clearly life insurance, as the agreement covers life policies, death benefits, mortality underwriting, and related benefits like waiver of premium and accidental death. There is no mention of property, casualty, or other non-life lines.

The class of business is Mortality, as the reinsurance covers term life, universal life, and permanent life insurance policies where the primary risk transferred is death (mortality risk). Although waiver of premium and accidental death benefits are included, they are ancillary to the main life coverage and do not shift the classification to Health or Accident and Health. The core risk is mortality.

Thus, the document is a reinsurance agreement, it is a main contract, obligatory, non-proportional, related to Life insurance, and in the Mortality class of business.",True,True,True,non-proportional,Life,Mortality
2011-1045829-0000950123-11-010478-c12010exv10w2.htm,"The document is an amendment to a contract between the Arizona Health Care Cost Containment System (AHCCCS) and VHS Phoenix Health Plan, LLC. It modifies capitation rates for healthcare services provided under the AHCCCS program, which is Arizona’s Medicaid program. The amendment adjusts payment rates for different demographic and eligibility categories but does not involve risk transfer from an insurer to a reinsurer. Instead, it is a direct agreement between a government healthcare agency and a managed care organization for the provision of health services to beneficiaries.

The mention of a ""$35,000 Reinsurance Deductible"" in the rate summary note may suggest the use of reinsurance in the underlying risk management structure, but this document itself is not a reinsurance agreement. It is an amendment to a direct health insurance or managed care contract. Therefore, it falls under the category of a direct insurance policy or healthcare service contract, which is explicitly excluded from the definition of reinsurance agreements.

Because it is not a reinsurance agreement, all subsequent reinsurance-specific classification fields must be set to None.",False,,,,,
2011-1093430-0001038838-11-000010-ex1045k093010.htm,"The document is an ""Agreement on Pledge of Movable Property"" between Balykshy L.L.P. and the European Bank for Reconstruction and Development. It establishes a pledge over movable assets (such as office furniture, computers, and air conditioners) as security for a loan. The stated purpose is to secure repayment obligations under a loan agreement and related financing agreements.

This document does not involve risk transfer from an insurer to a reinsurer. Instead, it is a secured financing arrangement, where collateral (movable property) is pledged to secure debt obligations. Such agreements are explicitly excluded from the definition of reinsurance agreements.

Therefore, the document is not a reinsurance agreement. As a result, all subsequent classification fields (main contract, obligatory, proportional/non-proportional, insurance type, class of business) must be set to None, as they only apply if the document is a reinsurance agreement.",False,,,,,
2011-898174-0000950123-11-019862-c62390exv10w23.htm,"The document is an Indemnification Agreement between Reinsurance Group of America, Incorporated (RGA) and an individual (Indemnitee), who is a director or officer of RGA. The purpose of the agreement is to provide indemnification and advancement of expenses to the Indemnitee in the event they face legal proceedings arising from their service as a director or officer. This type of agreement is designed to protect corporate officers and directors from personal liability and is commonly used in corporate governance.

This document does not involve the transfer of insurance risk from one insurer to another or from an insurer to a reinsurer. Instead, it pertains to internal corporate indemnification obligations and liability protection for individuals serving in management roles. It is not a contract of reinsurance, nor does it modify, renew, or amend a reinsurance agreement. It also does not involve risk transfer between insurers or retrocession.

Therefore, it falls under the category of corporate governance documents and is specifically excluded from the definition of reinsurance agreements. As such, it is not a reinsurance agreement, and all downstream fields related to reinsurance classification must be set to 'None' or 'False' accordingly.",False,,,,,
2011-1042784-0001096906-11-002951-ex10-10.htm,"The provided document is a ""Senior Secured Gold Stream Credit Agreement"" between Golden Phoenix Minerals, Inc. (the Borrower) and Waterton Global Value, L.P. (the Lender). This is a credit facility agreement where the Lender provides a loan to the Borrower to fund the acquisition, development, and advancement of a mining project (the Santa Rosa Project in Panama). The loan is secured by various assets of the Borrower, including real property, personal property, and equity interests, and repayment can be made in either cash or physical gold.

The document outlines the terms of the loan, including the commitment amount, tranches, conditions for advancing funds, repayment schedules, covenants, events of default, and remedies. It also includes provisions for security interests, guarantees, and various representations and warranties.

This is clearly a financing and lending agreement in the mining sector. It does not involve the transfer of insurance risk from one insurer to another, which is the defining characteristic of a reinsurance agreement. The document does not contain any clauses related to insurance policies, underwriting, claims settlement, or risk transfer between insurance entities. Instead, it deals with debt, collateral, interest, and repayment—standard elements of a loan agreement.

Therefore, this document is not a reinsurance agreement as defined by the provided criteria.",False,,,,,
2011-1090061-0001193125-11-013203-dex1030.htm,"The provided document is a Second Amended and Restated Term Loan Credit Agreement. This type of document is a financial agreement between a borrower (in this case, OMNOVA SOLUTIONS INC.) and lenders, detailing the terms of a loan. It includes provisions related to the amount of the loan, interest rates, repayment terms, and other financial obligations. 

Based on the definitions provided:
- This document is not a reinsurance agreement. Reinsurance agreements involve the transfer of risk from one insurance company to another, which is not the case here.
- The document is a loan agreement, which falls under the category of financial guarantees and other agreements that secure payment obligations, which are explicitly listed as NOT being reinsurance agreements.
- Since it is not a reinsurance agreement, the subsequent fields (is_main_contract, is_obligatory, proportional_or_non_proportional, insurance_type, class_of_business) are not applicable and should be set to None.

Therefore, the document is not a reinsurance agreement.",False,,,,,
2011-1464720-0001193125-11-047674-dex1028.htm,"The document provided is a Borrowing Base Revolving Line of Credit Agreement, which is a financial agreement between a borrower (a real estate operating partnership and related entities) and lenders (including JPMorgan Chase Bank, N.A., as administrative agent). The agreement outlines the terms for a revolving line of credit to finance the acquisition and operation of qualified properties, primarily industrial and commercial real estate. It includes provisions for advances, interest rates, collateral, covenants, and default remedies. This document is fundamentally a loan and credit agreement, not an insurance or reinsurance contract. It does not involve the transfer of insurance risk from one insurer to another, nor does it reference any insurance policies, claims, or reinsurance mechanisms. The document is clearly a credit facility agreement, which falls outside the scope of reinsurance agreements as defined in the instructions. Therefore, it is not a reinsurance agreement, and none of the subsequent classifications apply.",False,,,,,
2011-899629-0000930413-11-001472-c64396_ex10-40.htm,"The document is a Loan Agreement, which is explicitly listed under the ""NOT"" category for reinsurance agreements. It details a loan between a borrower and a lender, with terms related to interest rates, payment schedules, and collateral. There is no mention of insurance, risk transfer, or any other elements characteristic of reinsurance. Therefore, it is not a reinsurance agreement.",False,,,,,
2011-1412100-0001144204-11-044413-v228882_ex10-4.htm,"The document is a ""Quota Share Reinsurance Contract"" between AmTrust Europe Limited and/or AmTrust International Underwriters Limited (the Reinsured) and Maiden Insurance Company, Limited (the Reinsurer). It explicitly states that it is a reinsurance agreement and defines the terms under which the Reinsurer will indemnify the Reinsured for a proportion (40%) of certain underwritten business. This satisfies the definition of a reinsurance agreement as per the provided criteria, including the fact that it is a quota share treaty, which is a standard form of proportional reinsurance.

The document contains all principal terms of the reinsurance agreement, including the parties, effective date, coverage (class and period of business), cession percentage, premium, commission, profit share, loss settlement, termination, arbitration, and other standard clauses. It is not an ancillary agreement such as an endorsement or amendment, but rather a full contract. Therefore, it qualifies as a main contract.

The contract is an obligatory reinsurance treaty because it covers all policies classified as Medical Malpractice written or renewed by the Reinsured during the specified period, without requiring individual risk approval. This is characteristic of a treaty arrangement where the ceding of risk is automatic for the defined portfolio.

The contract is explicitly a ""Quota Share Treaty,"" which is a form of proportional reinsurance. The Reinsurer accepts 40% of the premiums and losses on a proportional basis. There is no indication of non-proportional layers or structures within this document. Therefore, it is purely proportional.

The class of business is Medical Malpractice, which falls under liability insurance. Medical Malpractice is specifically listed under the ""Casualty"" class of business, which includes Professional liability, Medical malpractice, and similar lines. It is not classified as Accident and Health, which covers personal accident, medical expenses, or income protection. Medical malpractice is a liability coverage, not a health insurance product.

The underlying insurance is liability coverage for medical professionals, which is a Non-Life insurance product. Life insurance includes term life, annuities, pensions, etc., none of which are relevant here. Therefore, the insurance type is Non-Life.",True,True,True,proportional,Non-Life,Casualty
2011-1044566-0000950123-11-015792-c62181exv10w54.htm,"The document titled ""Canadian Services and Indemnity Agreement"" is not itself a reinsurance agreement but rather an ancillary agreement related to an existing reinsurance contract. It references a separate ""Surety Canada Quota Share Treaty"" (the ""Reinsurance Agreement"") that is effective January 1, 2011 and under which 100% of certain surety bonds issued by the COMPANY in Canada are reinsured by the REINSURER. The current document governs services such as underwriting supervision, claims administration, regulatory compliance, and indemnification related to that reinsurance arrangement.

Because this document does not establish the reinsurance contract itself but instead outlines administrative and indemnity obligations supporting the main reinsurance treaty, it is not a reinsurance agreement in substance. It is an ancillary agreement to a reinsurance treaty.

Therefore, while it relates to reinsurance, it is not a reinsurance agreement per the provided definitions. As such, all downstream fields that depend on the existence of a reinsurance contract (is_main_contract, is_obligatory, proportional_or_non_proportional, insurance_type, class_of_business) must be set to None.",False,,,,,
2011-1045829-0000950123-11-010478-c12010exv10w3.htm,"The document is an amendment to a contract between the Arizona Health Care Cost Containment System (AHCCCS) and VHS Phoenix Health Plan, LLC. It modifies the capitation rates for a healthcare program (DHCM -- ACUTE) effective from October 1, 2010, to September 30, 2011. The document references a ""Reinsurance Deductible"" of $35,000, which may suggest reinsurance is part of the broader program, but the agreement itself is between a state Medicaid agency and a health plan to provide direct healthcare coverage to beneficiaries. This is a direct insurance or managed care arrangement, not a reinsurance agreement. Reinsurance involves one insurer transferring risk to another insurer (reinsurer), which is not the case here. The contractor is a health plan providing services directly to enrollees, not assuming risk from another insurer.

Therefore, the document is not a reinsurance agreement. As a result, all downstream fields related to reinsurance classification (main contract, obligatory, proportional, insurance type, class of business) must be set to None.",False,,,,,
2011-352736-0001104659-11-044150-a11-13924_1ex10d3.htm,"The document is titled ""Amendment No. 1 to Reinsurance Agreement"" and explicitly refers to an existing reinsurance agreement between American Heritage Life Insurance Company (Ceding Company) and Allstate Life Insurance Company (Reinsurer). It amends the scope of policies covered under the original reinsurance agreement by expanding it to include additional universal life insurance policies, specifically those marketed as ""GoodForLife"" and ""GoodForLife Protector."" This constitutes a modification of an existing reinsurance agreement, which falls under the definition of a reinsurance agreement as per the guidelines (documents that amend, renew, or otherwise modify the terms of an existing reinsurance agreement are considered reinsurance agreements).

However, this document is not a main contract because it does not establish a new reinsurance contract; rather, it is an amendment to an existing one. Therefore, it is an ancillary agreement. Since it modifies the terms of an existing reinsurance agreement, it is not a standalone main contract.

Regarding whether the reinsurance is obligatory: the original agreement reinsures 100% of liabilities for all policies in a defined class (universal life policies under ""GoodForLife""), and this amendment expands that class. This indicates an automatic, portfolio-wide risk transfer, which is characteristic of an obligatory reinsurance treaty. Thus, the underlying contract is obligatory, and this amendment pertains to that obligatory structure.

The type of reinsurance cannot be determined as proportional or non-proportional from this amendment alone, as it does not specify the ceding or sharing mechanism—only the scope of policies. Since the document is an amendment and lacks the full terms of the financial structure, this field must be set to None.

The insurance type is clearly Life insurance, as the policies involved are individual universal life insurance policies with riders related to death, critical illness, disability, and other life contingencies.

The class of business for these policies includes elements such as critical illness, disability, and term life coverage. Universal life insurance primarily falls under mortality risk. Riders such as accelerated death benefits and critical illness are typically classified under Mortality or Health in life reinsurance contexts. Given that the base policy is universal life and the main risk is death, the primary class is Mortality.",True,False,True,,Life,Mortality
2011-1220754-0001193125-11-064256-dex109.htm,"The document is a Credit and Guaranty Agreement, which is a financing agreement between a borrower (The Providence Service Corporation), lenders, and an administrative agent (Bank of America, N.A.). It outlines the terms for a credit facility, including revolving loans, term loans, and letters of credit. The agreement includes provisions for borrowing, interest rates, repayment, covenants, and events of default.

The document is not a reinsurance agreement. Reinsurance agreements involve one insurance company (the reinsurer) assuming part of the risk and premium from another insurance company (the ceding company). This document is a credit agreement, which is a financial instrument for borrowing money, not for transferring insurance risk. The document is specifically listed as a ""CREDIT AGREEMENT"" and involves loans and credit extensions, not insurance or reinsurance.

Since the document is not a reinsurance agreement, the subsequent fields related to reinsurance (is_main_contract, is_obligatory, proportional_or_non_proportional, insurance_type, and class_of_business) are not applicable and should be set to None.",False,,,,,
2011-911421-0001193125-11-295054-d249459dex102.htm,"The document is an employment agreement between PartnerRe Ltd. and William Babcock for his role as Executive Vice President and CFO. It outlines terms of employment including position, compensation, benefits, termination conditions, confidentiality, non-compete clauses, and other standard employment-related provisions. The document does not contain any terms related to risk transfer between insurers and reinsurers, nor does it reference reinsurance contracts, retrocession, or any other reinsurance-specific mechanisms. It is purely an employment contract and does not fall under any of the categories defined as reinsurance agreements.",False,,,,,
2011-885508-0000885508-11-000006-exhibit101.htm,"The provided document is a Construction Loan Agreement between a borrower (Tract 107, L.L.C.) and a lender (Comerica Bank). It outlines the terms for a loan to fund the construction of a shopping center, including disbursement of funds, conditions for advances, covenants, warranties, and default provisions. The agreement involves real estate development financing and contains no elements related to risk transfer between insurance entities. It is fundamentally a financial loan agreement secured by real property, not a contract for the transfer of insurance risk. Therefore, it does not meet the definition of a reinsurance agreement or any of its recognized forms such as retrocession, catastrophe bonds, or risk transfer instruments. Since it is not a reinsurance agreement, all subsequent classification fields are not applicable.",False,,,,,
2011-1295810-0001104659-11-062518-a11-25612_1ex10d1.htm,"The document is a Loan Agreement, which is a financial instrument used to formalize a loan between a borrower and a lender. It outlines the terms and conditions under which the loan is provided, including the amount of the loan, interest rates, repayment terms, and other obligations and rights of the parties involved. The document does not pertain to reinsurance, which involves the transfer of risk from one insurer to another. Instead, it is a direct loan agreement for the financing of a hotel property, specifically the Times Square Hotel in New York. The document includes provisions for the use of funds, interest payments, principal repayments, and various covenants and conditions that the borrower must meet. It also includes security interests, collateral assignments, and other financial protections for the lenders. Since the document is a loan agreement and not a reinsurance agreement, it does not meet the criteria for being classified as a reinsurance agreement.",False,,,,,
2011-1479094-0001104659-11-047021-a11-14201_1ex10d19.htm,"The document is a Master Loan Agreement between a lender (Connecticut General Life Insurance Company) and a borrower (STAG GI Investments Holdings, LLC) for a mortgage loan secured by a portfolio of industrial real estate properties. The agreement outlines the terms for an initial advance and additional advances, repayment terms, security interests, and various covenants and representations.

The document is clearly a loan agreement, a type of debt instrument. According to the provided definitions, debt instruments such as bonds, loans, and credit instruments are explicitly listed as documents that are NOT considered reinsurance agreements. The document contains no language related to the transfer of insurance risk, indemnification for insurance claims, or any of the specific types of reinsurance contracts (e.g., retrocession, excess of loss, etc.). Instead, it deals with real estate collateral, loan-to-value ratios, debt service, and mortgage liens, all of which are characteristic of a secured loan, not a reinsurance contract.

Therefore, this document is not a reinsurance agreement. Since it is not a reinsurance agreement, all subsequent fields related to the classification of a reinsurance contract must be answered as 'None'.",False,,,,,
2011-1044566-0000950123-11-015792-c62181exv10w53.htm,"The document titled ""Services and Indemnity Agreement"" is not itself a reinsurance agreement but rather an ancillary agreement related to an existing reinsurance arrangement. It explicitly references a separate ""Surety Quota Share Treaty"" (referred to as the ""Reinsurance Agreement"") that governs the actual reinsurance of surety bonds issued by Continental Casualty Company and reinsured 100% by Western Surety Company. The current document outlines the administrative, underwriting, claims, and accounting services that the reinsurer (Western Surety Company) will perform on behalf of the ceding company, along with indemnification obligations and other operational duties.

Because this document does not establish the reinsurance contract itself but instead governs the service and agency relationship between the parties in connection with an underlying reinsurance treaty, it is classified as an ancillary agreement. Under the definitions provided, ancillary agreements such as service, agency, or administrative agreements are not considered reinsurance agreements on their own, even if they support or relate to reinsurance.

Since it is not a reinsurance agreement, all subsequent fields that depend on the existence of a reinsurance contract (is_main_contract, is_obligatory, proportional_or_non_proportional, insurance_type, class_of_business) must be set to None.",False,,,,,
2011-97196-0001144204-11-001197-v207544_ex10-7.htm,"The document is titled ""QUOTA SHARE REINSURANCE AGREEMENT"" and is entered into between Madison National Life Insurance Company, Inc. (the ""Company"") and Independence American Insurance Company (the ""Reinsurer""). The structure and language of the agreement are consistent with a reinsurance contract, including provisions on cession of risk, reinsurance premiums, claims handling, and settlements.

The agreement explicitly states that it is a reinsurance arrangement where the Company cedes business to the Reinsurer, who accepts such business as reinsurance. The General Articles and multiple Exhibits detail the terms under which the reinsurance applies, including automatic reinsurance based on policies issued by the Company. This confirms the document is a reinsurance agreement.

The agreement establishes the full terms of reinsurance, including scope, definitions, reporting, claims, and termination, and contains multiple Exhibits that define specific business streams being reinsured. It is not an ancillary document modifying another contract but rather the principal agreement itself. Therefore, it qualifies as a main contract.

The reinsurance is described as ""automatic"" in Article III, meaning the Company automatically cedes and the Reinsurer automatically accepts the specified business. This indicates an obligatory nature, as the Reinsurer has no facultative (case-by-case) underwriting discretion.

The structure is clearly proportional: the Reinsurer accepts a fixed percentage (e.g., 15%, 20%, 30%, up to 50%) of the Company’s loss on each policy, up to a specified limit. This is characteristic of quota share reinsurance, a form of proportional reinsurance.

The definition of ""Policy"" in Article IV and specific Exhibits (e.g., Exhibit O, P, S) refers to medical benefits, small group major medical, individual short-term major medical, and group limited benefit medical benefits. These are health insurance products, which are classified under Non-Life insurance. Although the ceding company has ""Life"" in its name, the underlying coverage is health-related and short-term, not long-term life or annuity products.

The class of business is therefore Accident and Health, as defined in the guidelines, which includes medical expenses and sickness income protection.",True,True,True,proportional,Non-Life,Accident and Health
2011-1365555-0001144204-11-044020-v230249_ex10-2.htm,"The document is titled ""Endorsement No. 1 to the Amended and Restated Quota Share Reinsurance Agreement,"" which clearly indicates it is an amendment to an existing reinsurance agreement. The term ""Quota Share"" is a hallmark of proportional reinsurance, where the reinsurer assumes a fixed percentage of all premiums and losses. The endorsement modifies key terms of the original agreement, including the term and termination provisions, unauthorized reinsurance funding mechanisms (trust, letters of credit, or withheld funds), premium and ceding commission structure, and Schedule B defining commission rates. These changes are typical of ancillary documents that modify an existing reinsurance contract rather than establish a new one. Therefore, this is a reinsurance agreement (as it modifies an existing one), but it is not a main contract—it is an ancillary agreement. Since the underlying contract is a quota share treaty, it is inherently obligatory (automatic reinsurance for a portfolio of risks), and the proportional nature of the original contract remains unchanged. The endorsement references ""Covered Business"" and specific lines such as ""Retail Commercial Package Business"" and ""Specialty Risk and Extended Warranty business,"" which are non-life in nature and fall under Property and Casualty lines. Given the broad scope across multiple lines (including Property, Casualty, and Specialty), and the mention of multi-line business like commercial packages, the most appropriate classification is ""Multi-Line"" under Non-Life. Thus, the insurance type is Non-Life and class of business is CreditMulti-Line (used here for multi-line non-life portfolios as per the schema).",True,False,True,proportional,Non-Life,CreditMulti-Line
2011-1071739-0001071739-11-000012-exhibit101f.htm,"The document is an amendment to a contract between the Georgia Department of Community Health (DCH) and Peach State Health Plan for the provision of services to Georgia Families, which is a managed care program for Medicaid and PeachCare for Kids™. The contract outlines the responsibilities of the contractor, including enrollment, disenrollment, member services, marketing, covered benefits and services, special coverage provisions, provider network and access, provider services, utilization management, quality improvement, fraud and abuse, internal grievance system, administration and management, claims management, information management and systems, term of contract, payment for services, financial management, payment of taxes, relationship of parties, inspection of work, state property, ownership and use of data, contractor staffing assignments and credentials, criminal background checks, subcontracts, license, certificate, permit requirement, risk or loss and representations, prohibition of gratuities and lobbyist disclosures, records requirements, confidentiality requirements, termination of contract, liquidated damages, indemnification, insurance, payment bond & irrevocable letter of credit, compliance with all laws, conflict resolution, conflict of interest and contractor independence, notice, miscellaneous, amendment in writing, contract assignment, severability, compliance with auditing and reporting requirements for nonprofit organizations, and entire agreement.

The document is not a reinsurance agreement as it does not involve the transfer of risk or liability for losses from one insurer to another. It is a direct insurance contract between a state agency and a health plan provider for the provision of healthcare services to Medicaid and PeachCare for Kids™ recipients. The contract establishes the terms and conditions under which the health plan will provide services, including the scope of services, provider network requirements, quality improvement initiatives, and financial management. The document also includes provisions for the management of claims, information systems, and compliance with federal and state laws and regulations.

The contract is a main contract as it establishes the terms and conditions for the provision of healthcare services and includes all the principal terms of the agreement. It is not an ancillary agreement as it does not modify the terms of an existing reinsurance agreement. The contract is obligatory as it includes a reinsurance treaty and is a risk transfer agreement. The contract is non-proportional as it is an excess of loss contract. The document pertains to Non-Life insurance as it involves healthcare services for Medicaid and PeachCare for Kids™ recipients. The class of business is Accident and Health as it includes personal and group accident insurance, medical expenses, sickness income protection, and workers compensation.",False,True,True,non-proportional,Non-Life,Accident and Health
2011-778734-0001144204-11-043690-v228267_ex10-3.htm,"The document is a ""First Amendment to Note Purchase Agreement,"" which pertains to the amendment of financial terms related to a note purchase and private shelf agreement. It involves the issuance and modification of debt instruments (notes) by Measurement Specialties, Inc. to investors, including The Prudential Insurance Company of America and other noteholders. The content focuses on covenants, representations, conditions, and obligations related to corporate debt financing.

The document does not involve the transfer of insurance risk from an insurer to a reinsurer. It is not a reinsurance or retrocession agreement, nor does it relate to risk transfer mechanisms such as catastrophe bonds, pooling arrangements, or portfolio transfers in an insurance context. Instead, it is a financial instrument related to corporate borrowing and debt management.

According to the classification criteria, bonds, loans, and credit instruments — even when issued by insurance companies — are not considered reinsurance agreements unless they are Insurance-Linked Securities like catastrophe bonds that serve a risk transfer purpose. This document is a standard corporate note purchase amendment and does not fulfill a risk transfer function typical of reinsurance.

Therefore, it is not a reinsurance agreement. As a result, all subsequent fields that depend on the document being a reinsurance contract must be set to 'None'.",False,,,,,
2011-1412100-0001144204-11-014466-v214182_ex10-7.htm,"The document is an employment agreement between Maiden Global Holdings, Ltd. and Ronald M. Judd. It outlines the terms and conditions of employment, including duties, compensation, benefits, termination, confidentiality, restrictive covenants, and other standard employment-related provisions. There is no mention of any reinsurance or insurance risk transfer, nor are there any terms characteristic of reinsurance contracts such as ceding commissions, loss sharing, retrocession, or coverage layers. The document pertains solely to the executive's employment and does not establish or modify any insurance or reinsurance arrangement. Therefore, it does not qualify as a reinsurance agreement under any of the defined categories.",False,,,,,
2011-776867-0001104659-11-058632-a11-25025_1ex10d1.htm,"The document provided is a Credit Agreement, which is a financial instrument detailing the terms under which a borrower (White Mountains Insurance Group, Ltd.) will receive loans and other extensions of credit from a group of lenders, led by Bank of America, N.A. as the Administrative Agent. The document outlines the mechanics of loan disbursement, interest rates, repayment terms, covenants, and other conditions related to the borrowing and lending of funds.

The document explicitly states that its purpose is to provide a revolving credit facility for the borrower, with uses of proceeds including working capital, acquisitions, refinancing of existing indebtedness, share repurchases, and other general corporate purposes. It contains standard financial and operational covenants, representations and warranties, and events of default typical of such credit agreements.

This document does not contain any elements of a reinsurance agreement. It does not involve the transfer of insurance risk from one insurer (the ceding company) to another (the reinsurer). Instead, it is a standard commercial loan agreement. Therefore, it falls squarely within the category of financial guarantees and credit instruments, which are explicitly excluded from the definition of reinsurance agreements. Specifically, the document is a ""Credit Agreement"" and ""Bonds, loans and credit instruments"" are listed as not being reinsurance agreements.

Since the document is not a reinsurance agreement, the subsequent fields (is_main_contract, is_obligatory, proportional_or_non_proportional, insurance_type, class_of_business) are not applicable and must be set to 'None'.",False,,,,,
2011-1463258-0001193125-11-085016-dex1017.htm,"The provided document is an ""Amended and Restated Credit Agreement"" between Seneca Landlord, LLC, as the Borrower, and WESTLB AG, New York Branch, as the Lender and Agent. This is a financial contract that outlines the terms for a loan, including details on the commitment amounts, repayment schedules, interest rates, covenants, and events of default. It is clearly a credit agreement and not a reinsurance agreement. The document does not contain any language or provisions related to the transfer of insurance risk, which is the core of reinsurance. Instead, it deals with the lending of capital, the creation of debt obligations, and the securing of those obligations with collateral. Therefore, it falls squarely into the category of a credit instrument, which is explicitly listed as NOT being a reinsurance agreement.",False,,,,,
2011-1365555-0001144204-11-044020-v230249_ex10-3.htm,"The document is a Quota Share Reinsurance Contract between AmTrust Europe Limited and/or AmTrust International Underwriters Limited (the ""Reinsured"") and Maiden Insurance Company Ltd. (the ""Reinsurer""). It explicitly establishes a reinsurance agreement where the Reinsurer agrees to accept 40% of the Medical Malpractice insurance business written or renewed by the Reinsured. This fits the definition of a reinsurance agreement as it transfers risk from the ceding insurer to the reinsurer on a proportional basis.

The document contains all principal terms of the reinsurance agreement, including the parties, class of business, cession percentage, premium, commission, loss settlement, and termination clauses. It also includes an endorsement that amends certain terms, but the core agreement is comprehensive and self-contained. Therefore, it qualifies as a main contract, not merely an ancillary agreement.

The contract is an obligatory treaty, as it covers all policies classified as Medical Malpractice written or renewed by the Reinsured during the specified period, without individual underwriting by the reinsurer for each risk. This automatic cession of an entire class of business indicates an obligatory nature.

The reinsurance is clearly proportional, as it is structured as a Quota Share treaty with a fixed 40% cession of premiums and losses. There are no indications of non-proportional features such as excess layers or stop-loss mechanisms that would override this classification.

The underlying insurance covers Medical Malpractice, which includes liability for physicians and associated defense costs. This falls under the Non-Life category, specifically within Casualty insurance, as it involves third-party liability arising from professional services. Medical Malpractice is explicitly listed under the Casualty class in the provided classification framework.",True,True,True,proportional,Non-Life,Casualty
2011-1018979-0001193125-11-057764-dex1028.htm,"The document titled ""INTERESTS AND LIABILITIES AGREEMENT"" refers explicitly to a ""CASUALTY CATASTROPHE EXCESS OF LOSS REINSURANCE CONTRACT"" and outlines the proportional participation (by percentage shares) of multiple reinsurers in this contract. The structure and language are typical of reinsurance agreements where multiple subscribing reinsurers take portions of a larger reinsurance treaty. The document is executed by reinsurers and pertains to risk transfer from the ceding insurer (American Interstate Insurance Company and affiliates) to the reinsurers.

Although the full underlying contract is referenced as ""attached"" and not included here, the interests and liabilities agreements (ILAs) confirm each reinsurer’s binding participation in the main reinsurance contract. These ILAs are not standalone main contracts but confirmatory documents evidencing participation in a larger reinsurance treaty. However, the metadata and header indicate this is an exhibit to a 10-K filing and labeled as a reinsurance contract, and collectively these ILAs form part of the contractual framework.

Given that the document confirms binding reinsurance obligations and refers to a clearly defined reinsurance contract, it qualifies as a reinsurance agreement. However, it is not the full main contract itself but a set of subscription confirmations (ancillary to the main treaty). Therefore, it is a reinsurance document but not a main contract.

The reinsurance is clearly non-proportional, as ""Excess of Loss"" is a hallmark of non-proportional reinsurance. The class of business is ""Casualty,"" as specified in the title and consistent with the named insureds’ operations in workers’ compensation (a key component of casualty insurance). The insurance type is Non-Life, as casualty lines are part of non-life insurance. Since multiple reinsurers are participating in a treaty covering a portfolio of casualty risks, it is an obligatory treaty (automatic risk transfer for qualifying losses), not facultative.",True,False,True,non-proportional,Non-Life,Casualty
2011-1347815-0001347815-11-000008-ex1016.htm,"The document is an employment agreement between Flagstone Reassurance Suisse SA (Bermuda Branch) and Guy Edward Burling Swayne, who is appointed as Chief Underwriting Officer. The agreement outlines terms of employment, including position, salary, bonus, severance, confidentiality, non-solicitation, and other employment-related provisions. It does not establish any insurance or reinsurance contract, nor does it transfer any insurance risk between parties. Instead, it governs the relationship between an employer and an employee.

The metadata confirms this is an exhibit (EX-10.16) to a 10-K filing, labeled as an employment agreement. There is no mention of reinsurance terms, ceding of risk, treaty or facultative reinsurance structures, or any other characteristics typical of reinsurance agreements.

Therefore, this document is not a reinsurance agreement. It is a standard executive employment contract. As such, all downstream classifications related to reinsurance (main contract, obligatory, proportional/non-proportional, insurance type, class of business) do not apply.",False,,,,,
2011-1412100-0001144204-11-044413-v228882_ex10-3.htm,"The document is an endorsement (amendment) to an existing ""Amended and Restated Quota Share Reinsurance Agreement"" between AmTrust International Insurance, Ltd. and Maiden Insurance Company Ltd. The endorsement modifies specific terms of the original agreement, including the term and termination clause, unauthorized reinsurance provisions, premium and ceding commission terms, and the ceding commission schedule.

As an amendment to a reinsurance agreement, it qualifies as a reinsurance agreement under the definition provided, since it modifies the terms of an existing reinsurance contract. Therefore, it is a reinsurance agreement.

However, it is not a main contract because it does not establish a new reinsurance contract but rather modifies an existing one. It is an ancillary agreement (specifically, an endorsement), which adjusts terms of the principal agreement.

Because the underlying agreement is a Quota Share treaty (explicitly stated in the title), this is a proportional reinsurance arrangement. Quota Share contracts are inherently proportional, as they involve a fixed percentage sharing of premiums and losses.

The original agreement is a treaty reinsurance contract (implied by the term ""Quota Share Reinsurance Agreement""), which typically covers a portfolio of risks rather than individual policies. This indicates it is an obligatory reinsurance agreement, as treaties obligate the ceding company to cede and the reinsurer to accept all risks within the defined portfolio.

Regarding insurance type and class of business, the document references ""Retail Commercial Package Business"" and ""Specialty Risk and Extended Warranty"" business. These are typically Non-Life (property and casualty) lines. Commercial package policies usually include property and liability coverage, and extended warranty/specialty risk lines fall under Non-Life. The primary class of business appears to be a mix, but given the emphasis on commercial packages and specialty risks, and absence of any life insurance indicators, it is most appropriately classified as Multi-Line for Non-Life, as it spans multiple classes (likely Property and Casualty at minimum). However, since the endorsement does not contain full details of the underlying portfolio and the original agreement is not provided, the class of business cannot be determined with certainty from this document alone. Still, the presence of ""Commercial Package"" and ""Specialty Risk"" supports a Multi-Line classification under Non-Life.

Thus, based on the content:
- It is a reinsurance agreement (amendment).
- It is ancillary, not a main contract.
- It relates to an obligatory, proportional treaty.
- The underlying business is Non-Life.
- The class of business is best classified as Multi-Line due to the combination of commercial package and specialty risks.",True,False,True,proportional,Non-Life,CreditMulti-Line
2011-1401521-0001401521-11-000009-exh10431mar11.htm,"The document is an Assumption Agreement between United Property and Casualty Insurance Company (""Insurer"") and Citizens Property Insurance Corporation (""CITIZENS""), whereby the Insurer assumes risks associated with certain insurance policies previously held by CITIZENS. The agreement involves the transfer of liabilities for future losses on ""Removed Policies"" from CITIZENS to the Insurer, with the Insurer taking over responsibility for claims occurring after the Assumption Date. The Insurer receives an ""Assumed Premium"" from CITIZENS, less a Ceding Commission, which is a hallmark of reinsurance-like risk transfer.

Although the agreement does not use the term ""reinsurance,"" the economic substance involves a transfer of insurance risk from one insurer (CITIZENS, a state-mandated insurer of last resort) to another insurer. The structure resembles a portfolio transfer under a government-mandated depopulation program. According to the classification guidelines, ""Portfolio Transfers in connection to mergers, acquisitions, sales and other corporate restructurings, if they include provisions similar to standard reinsurance agreements"" are considered reinsurance agreements. Additionally, government insurance schemes like the Florida Citizens program that transfer risk in a manner similar to reinsurance—especially when transferring blocks of policies to private insurers—are analogous to reinsurance.

The agreement establishes the full terms of the risk transfer, including premium, liabilities, claims handling, audit rights, and obligations over time, and includes exhibits that define ceding commissions and audit procedures. It is not merely an ancillary document but a main contract governing the transfer.

The risk transfer is obligatory in nature: the Insurer agrees to assume all Tagged Policies set forth in Exhibit A, with no facultative selection on a policy-by-policy basis after identification. This is a bulk transfer of a defined portfolio, which qualifies as an obligatory reinsurance arrangement.

The agreement does not specify proportional or non-proportional terms explicitly, but the compensation structure (ceding commission based on volume of policies or total insured value) and the transfer of all risks and premiums suggest a proportional mechanism. The ceding commission is a percentage of assumed premium, and the risk and premium move together, which is characteristic of proportional reinsurance.

The insurance type is clearly Non-Life, as both parties are property and casualty insurers. The class of business is Property, as the policies transferred are personal lines property insurance policies in Florida (evidenced by references to Total Insured Value of coverages A, B, C, D—standard dwelling coverages), and the context involves depopulation of Citizens’ property insurance portfolio.

Thus, the document is a reinsurance agreement, specifically a proportional, obligatory, main contract for Non-Life Property insurance.",True,True,True,proportional,Non-Life,Property
2011-899051-0001104659-11-022958-a11-8146_1ex10d4.htm,"The document is a Restricted Stock Unit Award Agreement between The Allstate Corporation and an employee. It outlines the terms of an equity incentive award under the company's 2009 Equity Incentive Plan. The agreement pertains to stock-based compensation and includes provisions related to vesting, tax withholding, termination of employment, change of control, and dividend equivalents. 

This document is not a reinsurance agreement. It does not involve risk transfer between insurers and reinsurers, nor does it contain any terms typical of reinsurance contracts such as ceding of insurance risk, premium payments for risk assumption, or claims settlement procedures. Instead, it is an internal corporate compensation instrument related to employee benefits.

Since it is not a reinsurance agreement, all subsequent classification fields that depend on the document being a reinsurance contract must be set to 'None'.",False,,,,,
2011-1418819-0001193125-11-180583-dex101.htm,"The provided document is a senior term loan facility agreement between Iridium Communications Inc., its subsidiaries, a group of lenders, and various agents. The agreement outlines the terms for a $1.8 billion loan to finance the construction, launch, and operation of a new satellite constellation (the NEXT System). The core of the document details the borrowing, repayment, covenants, security interests, and conditions precedent for the loan.

The document explicitly defines several types of agreements that are *not* considered reinsurance agreements, including ""Bonds, loans and credit instruments except for Catastrophe Bonds and other Insurance Linked Securities as described above."" This agreement is a standard loan and credit instrument, specifically a term loan facility. It does not transfer insurance risk from an insurer to a reinsurer, nor does it involve any of the structures listed as qualifying reinsurance agreements (e.g., reinsurance treaties, retrocession agreements, or insurance pooling agreements). Instead, it is a debt financing arrangement secured by assets and corporate guarantees.

Therefore, this document is a credit instrument and not a reinsurance agreement.",False,,,,,
2011-919465-0000919465-11-000030-ex1023.htm,"The document is an ""Amendment No. 3 to the Amended and Restated Revolving Credit Agreement,"" which is a legal agreement related to a revolving credit facility for a corporate borrower. It involves financial institutions providing loans and credit to a company, with specific terms, conditions, and covenants. This is a standard corporate credit agreement and does not involve the transfer of insurance risk from one insurer (ceding company) to another (reinsurer). The document does not mention reinsurance, retrocession, or any related terms. Instead, it discusses loans, credit commitments, interest rates, and financial covenants typical of a credit facility. Therefore, it is not a reinsurance agreement.",False,,,,,
2011-1073967-0001193125-11-121204-dex107.htm,"The provided document is an ""Amended and Restated Credit Agreement"" between Serena Software, Inc. (the Borrower), several lenders, and Barclays Bank PLC acting as the Administrative and Collateral Agent. The document outlines the terms for a $391,000,000 credit facility, including various types of loans (Term Loans, Revolving Credit Loans, Swingline Loans) and the issuance of Letters of Credit.

The document is clearly a standard credit agreement in the banking and finance sector. It defines the obligations of the borrower to repay the loans, the interest rates, fees, covenants, conditions for borrowing, events of default, and the security provided by the Borrower (e.g., through a Security Agreement and Pledge Agreement).

None of the content in this document relates to the transfer of insurance risk from an insurer (cedent) to a reinsurer, which is the fundamental characteristic of a reinsurance agreement. Instead, it is a contract for the provision of debt financing.

Therefore, this document is not a reinsurance agreement. Since it is not a reinsurance agreement, the subsequent questions about it being a main contract, obligatory, proportional, insurance type, and class of business are not applicable.",False,,,,,
2011-1069996-0001140361-11-053104-ex10_5.htm,"The document is titled ""Second Event Excess Catastrophe Reinsurance Contract"" and is explicitly structured as a reinsurance agreement between Federated National Insurance Company (the ""Company"") and Everest Reinsurance Company (the ""Reinsurer""). It contains standard reinsurance clauses such as retention and limits, loss occurrence definitions, reinsurance premium, and liability provisions. The contract reinsures excess liability arising from property insurance policies, specifically covering catastrophe losses in Florida. This fits squarely within the definition of a reinsurance agreement.

The document establishes a full reinsurance contract with defined terms, including coverage scope, limits, premiums, and conditions. It is not an ancillary agreement like an endorsement or amendment, but rather a complete and self-contained reinsurance contract. Therefore, it is a main contract.

The agreement is an excess-of-loss catastrophe reinsurance contract, which is inherently non-proportional. It specifies that the reinsurer covers losses exceeding a $7 million retention by the ceding company, up to a limit of $13 million per loss occurrence. This structure is characteristic of non-proportional reinsurance.

The class of business is clearly defined in Article 1 as Property business, including Dwelling Fire, Inland Marine, Mobile Home, Commercial and Homeowners policies. The exclusions also confirm this by listing out non-property lines such as Aviation, Ocean Marine, Fidelity, Surety, Accident and Health, etc., which are excluded.

The insurance type is Non-Life because the underlying policies are property insurance policies, which fall under the Non-Life category. Life insurance includes products like term life, annuities, and pensions, none of which are relevant here.

There is no indication of proportional sharing of premiums or losses based on a fixed percentage; instead, the contract operates on a layer basis with defined attachment and exhaustion points, confirming its non-proportional nature.",True,True,True,non-proportional,Non-Life,Property
2011-850141-0001193125-11-304287-d243290dex101.htm,"The document provided is a Credit Agreement dated as of October 7, 2011, among Horace Mann Educators Corporation, the lenders party thereto, and JPMorgan Chase Bank, N.A., as Administrative Agent. This agreement outlines the terms for a credit facility, including commitments, loans, interest rates, and covenants. It is a financial instrument related to corporate borrowing and does not involve any form of risk transfer from an insurer to a reinsurer. 

The document explicitly defines terms such as ""Loans,"" ""Borrowings,"" ""Commitments,"" and ""Lenders,"" all of which are standard in credit agreements. There is no mention of reinsurance, retrocession, risk transfer from insurance policies, or any other elements characteristic of reinsurance contracts. Instead, the document focuses on financial obligations, repayment terms, and conditions for borrowing.

According to the provided classification rules, reinsurance agreements include contracts where risk is transferred from an insurer to a reinsurer. The document in question is a credit agreement, which is explicitly listed as not being a reinsurance agreement. Credit instruments, such as loans and credit agreements, are excluded from the definition of reinsurance agreements unless they are Catastrophe Bonds or similar instruments, which this is not.

Therefore, this document is not a reinsurance agreement, and all subsequent fields related to reinsurance characteristics are not applicable.",False,,,,,
2011-1347815-0001347815-11-000008-ex1015.htm,"The document is an employment agreement between Flagstone Reassurance Suisse SA (Bermuda Branch) and Gary Prestia, outlining terms of employment including position, salary, bonus, termination, confidentiality, and non-solicitation. It does not contain any provisions related to the transfer of insurance risk, reinsurance terms, or any contractual obligations between insurers and reinsurers. Instead, it governs the employment relationship of a Chief Underwriting Officer.

According to the classification criteria, reinsurance agreements include treaties, retrocessions, portfolio transfers, catastrophe bonds, and related risk transfer instruments. This document is neither a reinsurance contract nor any ancillary agreement modifying such a contract. It is also not related to risk transfer between insurance entities but rather an internal corporate employment arrangement.

Therefore, it does not meet any definition of a reinsurance agreement. Since it is not a reinsurance agreement, all downstream classifications (main contract, obligatory, proportional, insurance type, class of business) are not applicable and should be set to 'None'.",False,,,,,
2011-1165880-0001104659-11-009995-a11-2248_1ex10d13.htm,"The document is a Service Agreement between Montpelier Reinsurance Ltd and Jonathan B. Kim for his employment as General Counsel and Vice President. It outlines terms of employment such as duties, remuneration, confidentiality, termination, and non-compete obligations. The document does not contain any provisions related to the transfer of insurance risk, reinsurance coverage, or contractual terms typical of reinsurance agreements (e.g., ceding commissions, loss sharing, treaty terms, etc.). Instead, it is a standard employment contract for an executive within a reinsurance company.

Because the document pertains to employment and not to the transfer of insurance risk between insurers and reinsurers, it does not meet the definition of a reinsurance agreement. Therefore, all subsequent fields related to reinsurance classification (main contract, obligatory, proportional status, insurance type, class of business) are not applicable.",False,,,,,
2011-800457-0000950123-11-025153-w81976exv10wtt.htm,"The document is the ""2011 Equity Incentive Plan for Directors"" of Donegal Group Inc., which outlines a compensation plan for directors involving stock options and restricted stock awards. It details the administration, eligibility, types of awards, grant procedures, and other related provisions for compensating directors with equity in the company. There is no mention of any reinsurance or insurance risk transfer, treaty agreements, retrocession, or any other element characteristic of a reinsurance agreement. Instead, the document pertains to corporate governance and executive compensation. Therefore, it does not meet any of the criteria for being classified as a reinsurance agreement.",False,,,,,
2011-899051-0001047469-11-001286-a2202090zex-10_12.htm,"The document is a Restricted Stock Unit Award Agreement under The Allstate Corporation 2009 Equity Incentive Plan. It outlines the terms of an equity-based employee incentive award, specifically granting restricted stock units (RSUs) that correspond to shares of the company's stock. The agreement includes provisions on vesting, tax withholding, termination of employment, change of control, and dividend equivalents. 

This document is not a reinsurance agreement. It does not involve the transfer of insurance risk from one insurer to another, nor does it contain any terms typical of reinsurance contracts such as ceding premiums, coverage limits, or risk-sharing mechanisms. Instead, it is a corporate compensation instrument related to equity incentives for employees.

As such, it falls outside the defined categories of reinsurance agreements and is instead a form of employee stock compensation. Therefore, it is neither a reinsurance agreement nor a related ancillary document.",False,,,,,
2011-18169-0001193125-11-315791-d254843dex101.htm,"The document is a Credit Agreement, which is a financial instrument for borrowing money between Dole Food Company, Inc., Solvest, Ltd., and various lending institutions. It outlines the terms for loans, interest rates, repayment schedules, and other financial covenants. This document does not involve the transfer of insurance risk from an insurer to a reinsurer. Instead, it pertains to credit and lending activities, which are entirely unrelated to reinsurance. Therefore, it is not a reinsurance agreement.",False,,,,,
2011-789388-0000950123-11-045690-c15980exv10w1.htm,"The provided document is a ""Second Refinancing and Incremental Amendment"" related to a ""Restated Credit Agreement."" This is a financial agreement concerning loans, credit extensions, and refinancing between a company (SunGard Data Systems Inc.) and a group of lenders. The core subject matter is corporate debt financing and banking, not insurance or risk transfer between insurers.

The list of documents that are considered reinsurance agreements includes items like ""Reinsurance agreements,"" ""Retrocession agreements,"" ""Catastrophe Bonds,"" etc. The list of documents that are NOT considered reinsurance agreements explicitly includes ""Bonds, loans and credit instruments except for Catastrophe Bonds and other Insurance Linked Securities.""

This document is a loan agreement and an amendment to that agreement. It is fundamentally a ""loan and credit instrument."" Therefore, it falls squarely into the category of documents that are **not** considered reinsurance agreements.

Since it is not a reinsurance agreement, all subsequent questions regarding its nature as a main contract, its obligatory status, its proportionality, insurance type, and class of business are irrelevant and must be answered as 'None'.",False,,,,,
2011-1388195-0001193125-11-126066-dex1041.htm,"The document is a Credit Agreement between PharMerica Corporation, various lenders, and Citibank, N.A. as the administrative agent. Its primary purpose is to establish the terms for extending credit in the form of Term Loans, Revolving Loans, Swingline Loans, and Letters of Credit to the Borrower.

The document explicitly lists several categories that are NOT considered reinsurance agreements. Among these are ""Bonds, loans and credit instruments except for Catastrophe Bonds and other Insurance Linked Securities as described above."" This document is a standard credit agreement for a loan, not a Catastrophe Bond or Insurance Linked Security. Therefore, it falls squarely into the category of documents explicitly excluded from being considered a reinsurance agreement.

Since the document is not a reinsurance agreement, all subsequent questions about its nature as a reinsurance contract (main contract, obligatory, proportional, insurance type, class of business) are inapplicable, and the answers for those fields should be None.",False,,,,,
2011-1069996-0001140361-11-053104-ex10_4.htm,"The document is titled ""Fourth Excess Catastrophe Reinsurance Contract"" and is issued to Federated National Insurance Company by multiple reinsurers. It contains standard reinsurance contract clauses, including definitions of coverage, retention and limits, exclusions, loss occurrence, premium, reinstatement, and arbitration. The structure, language, and content are consistent with a reinsurance treaty.

The contract reinsures excess liability for property business, specifically catastrophe losses in Florida. It has defined retention ($66.4 million) and a reinsurance limit ($12.5 million per occurrence), which is characteristic of non-proportional reinsurance, specifically an excess of loss treaty. The use of terms like ""excess liability,"" ""retention,"" ""limit,"" and ""reinstatement"" confirms this is non-proportional.

The contract is a main agreement, not an ancillary document, as it establishes the full terms of the reinsurance relationship. It is an obligatory treaty because it automatically covers all qualifying property policies of the ceding company without individual underwriting (facultative selection).

The underlying business is Property insurance (specifically Dwelling Fire, Inland Marine, Homeowners, etc.), which falls under Non-Life insurance. The class of business is Property, as it explicitly covers property damage from catastrophes like hurricanes and windstorms.",True,True,True,non-proportional,Non-Life,Property
2011-944695-0001193125-11-216229-dex104.htm,"The document is a Standby Letter of Credit Facility agreement between Chaucer Holdings plc and several banks. It establishes a facility for issuing letters of credit to support Chaucer Holdings' business at Lloyd's. The document is clearly a financial agreement related to credit and banking, not insurance or reinsurance. According to the provided guidelines, ""Letters of credit"" are explicitly listed as documents that are NOT considered reinsurance agreements. The entire document revolves around the issuance, terms, and conditions of letters of credit, which are financial instruments, not risk transfer mechanisms typical of reinsurance. Therefore, this is not a reinsurance agreement.",False,,,,,
2011-1347815-0001347815-11-000008-ex1018.htm,"The document is an employment agreement between Flagstone Reassurance Suisse SA (Bermuda Branch) and David Flitman, who is appointed as Chief Actuary. It outlines terms of employment such as salary, bonus, vacation, confidentiality, non-solicitation, and termination. The document does not involve any risk transfer between insurers and reinsurers, nor does it establish or modify a reinsurance contract. Instead, it governs the employment relationship between an individual and a reinsurance company. Therefore, it is not a reinsurance agreement. As a result, all subsequent fields related to reinsurance classification (main contract, obligatory, proportional/non-proportional, insurance type, class of business) are not applicable.",False,,,,,
2011-874977-0001193125-11-059090-dex1049.htm,"The document is titled ""First Amendment to Reinsurance Pooling Agreement"" and amends an existing Reinsurance Pooling Agreement among multiple insurance companies. The agreement explicitly references the 2010 Pooling Agreement and modifies its terms by removing one of the parties, State Auto National, following a stock sale. The amendment includes provisions for retroceding liabilities and unearned premiums to the removed party, which is consistent with risk transfer mechanisms in reinsurance. 

Reinsurance pooling agreements are explicitly listed as reinsurance agreements in the provided criteria, as they fulfill a risk transfer objective similar to standard reinsurance. Therefore, this document qualifies as a reinsurance agreement.

However, this document is an amendment to an existing pooling agreement, not the original agreement itself. It does not establish a new reinsurance contract but modifies an existing one. Therefore, it is an ancillary agreement and not a main contract.

Because the underlying pooling agreement is a form of obligatory risk-sharing across portfolios, and pooling arrangements typically involve proportional sharing of premiums and losses, the original agreement (and thus this amendment) relates to an obligatory, proportional reinsurance structure. The amendment does not change the fundamental nature of the agreement.

The companies involved are property and casualty insurers (e.g., ""Property & Casualty Insurance Company"", ""Farmers Casualty"", ""Fire Insurance""), indicating Non-Life insurance. The class of business is broad and includes multiple lines such as property and casualty, suggesting a multi-line portfolio. However, since the amendment does not specify the exact lines but involves a general pooling arrangement across various insurers, ""Multi-Line"" is appropriate under the ""CreditMulti-Line"" category as per the instruction that ""Whole Account reinsurance when not limited to one of the categories above"" should be classified as Multi-Line.",True,False,True,proportional,Non-Life,CreditMulti-Line
2011-354190-0001193125-11-025625-dex10422.htm,"The document is a stock option award agreement under a long-term incentive plan for employees of Arthur J. Gallagher & Co. It outlines the terms of a nonqualified stock option grant, including vesting schedules, exercise procedures, and restrictive covenants. The content is entirely related to equity compensation and employment-related agreements, not to any form of insurance or reinsurance. While the company operates in the insurance brokerage sector and references ""Insurance Services"" and ""Benefit Services"" in the context of non-compete clauses, the document itself does not establish any risk transfer arrangement between insurers and reinsurers. It is not a reinsurance agreement, nor does it relate to any reinsurance contract, retrocession, or risk-sharing arrangement. Therefore, it falls outside the scope of all classifications related to reinsurance.",False,,,,,
2011-800457-0000950123-11-025153-w81976exv10wss.htm,"The document is the ""2011 Agency Stock Purchase Plan"" of Donegal Group Inc., which allows eligible independent insurance agencies to purchase shares of the company's Class A common stock at a discount. The purpose of the plan is to align the interests of the agencies with the long-term growth of the company by offering them an opportunity to acquire equity. The document outlines eligibility criteria, methods of payment, subscription periods, pricing, and administrative procedures related to the stock purchase plan.

This document is not a reinsurance agreement. It does not involve the transfer of insurance risk from one insurer to another, nor does it contain terms typical of reinsurance such as coverage limits, ceding commissions, treaty terms, or risk-sharing mechanisms. Instead, it is a corporate stock purchase plan designed for agency partners. Therefore, it falls outside the scope of reinsurance agreements and all related classifications.",False,,,,,
2011-1166036-0001047469-11-004791-a2203899zex-10_1.htm,"The document is a Purchase and Sale Agreement between EQT Gathering, LLC and MarkWest Energy Appalachia, L.L.C. for the sale of certain assets related to gas processing facilities and an NGL pipeline. The agreement details the transfer of physical assets, real property interests, contracts, and other related rights and obligations. It includes provisions for purchase price, adjustments, indemnifications, and other standard clauses found in asset purchase agreements.

The document does not contain any terms or references indicative of a reinsurance agreement, retrocession, risk transfer between insurers, or any other element characteristic of reinsurance contracts. Instead, it pertains to the sale of midstream energy infrastructure and associated assets. The excluded and included assets, representations, and covenants are all consistent with a commercial asset sale in the energy sector.

Therefore, the document is not a reinsurance agreement or any ancillary document related to reinsurance.",False,,,,,
2011-25600-0000025600-11-000014-executiveseveranceplan.htm,"The document titled ""Springleaf Finance, Inc. Executive Severance Plan"" is a severance plan for select management or highly compensated employees of Springleaf Finance, Inc. It outlines the terms under which eligible employees may receive severance payments and benefits upon a ""Covered Termination"" of employment. The plan includes provisions for severance installments, equity vesting, continued health and life insurance coverage, pension credits, and restrictive covenants such as non-competition and confidentiality.

The document is clearly an employment-related benefits plan, not a contract for the transfer of insurance risk between insurers. It does not involve the ceding of insurance liabilities from one insurer to another, nor does it reference any underlying insurance or reinsurance portfolios, premiums, or risk-sharing mechanisms typical of reinsurance agreements.

Furthermore, the document is not a reinsurance agreement, retrocession, loss portfolio transfer, or any other instrument listed in the definition of reinsurance agreements. Instead, it is a corporate human resources policy governing employee severance, which falls outside the scope of reinsurance entirely.

Therefore, the document is not a reinsurance agreement, and all subsequent fields that depend on it being a reinsurance contract must be set to None or False accordingly.",False,,,,,
2011-935724-0001193125-11-066307-dex1017.htm,"The document is titled ""THE PMI GROUP, INC. RETIREMENT PLAN"" and constitutes a retirement plan for employees, outlining benefits, vesting, distributions, and administrative procedures under the Internal Revenue Code and ERISA. It establishes a defined benefit and cash balance pension plan to provide retirement income to eligible employees. This is a direct employee benefit plan and not a contract between insurance entities for risk transfer.

According to the provided definitions, reinsurance agreements include contracts such as reinsurance, retrocession, catastrophe bonds, and other risk-transfer mechanisms between insurers or reinsurers. The document in question is a corporate retirement plan, which falls under the category of Life insurance-related employee benefits. However, it is not a reinsurance agreement as it does not involve the transfer of insurance risk from one insurer to another.

Since the document is not a reinsurance agreement, all subsequent fields related to reinsurance classification (is_main_contract, is_obligatory, etc.) must be set to None.",False,,,,,
2011-1069996-0001140361-11-053104-ex10_1.htm,"The document is titled ""Excess Catastrophe Reinsurance Contract"" and is explicitly structured as a reinsurance agreement between Federated National Insurance Company (the ceding company) and multiple reinsurers. It contains standard reinsurance contract elements such as layers of coverage (First, Second, and Third Excess), retentions, limits, premium calculations, loss occurrence definitions, and clauses typical of reinsurance (e.g., reinstatement, arbitration, insolvency, and exclusions). This confirms it is a reinsurance agreement.

The document establishes the full terms of a reinsurance contract, including scope, financial terms, duration, and obligations. It is not an amendment or ancillary document but a complete contract, including a schedule and attached Interests and Liabilities Agreements. Therefore, it qualifies as a main contract.

The contract is an obligatory excess catastrophe treaty, as it automatically covers all qualifying losses from the cedent’s portfolio (specifically property business in Florida) above specified retentions. It is not facultative, as it does not require case-by-case underwriting approval.

The structure is clearly non-proportional (excess of loss), as it defines layers of coverage with specific retentions and limits per loss occurrence, rather than sharing premiums and losses proportionally.

The classes of business reinsured are defined in Article 1 as Property business, including Dwelling Fire, Inland Marine, Mobile Home, Commercial and Homeowners business. This falls squarely under the ""Property"" class of business.

The insurance type is Non-Life, as Property insurance (including homeowners and commercial property) is a standard non-life line.",True,True,True,non-proportional,Non-Life,Property
2011-1093430-0001038838-11-000010-ex1039k093010.htm,"The document is a ""Deed of Assignment of Insurances"" between Balykshy L.L.P. and the European Bank for Reconstruction and Development (EBRD). It serves as a security agreement whereby the Borrower assigns its insurance policies and insurance proceeds to EBRD as collateral for a loan. The document does not establish a reinsurance agreement; rather, it involves the assignment of direct insurance policies (referred to as ""Insurances"") as security for loan obligations. The term ""reinsurance"" is mentioned only in passing in Section 1.1 under the definition of ""Insurance"" as part of a non-exhaustive list (""including any reinsurance""), but this does not indicate that the document itself is a reinsurance agreement. The primary purpose is to secure the loan through assignment of insurance benefits, which falls under the category of financial security instruments, not reinsurance. Therefore, it is not a reinsurance agreement, nor is it an ancillary document to one. Since it is not a reinsurance agreement, all subsequent fields related to reinsurance classification must reflect that.",False,,,,,
2011-1385613-0001385613-11-000006-ex10_38.htm,"The provided document is a commitment letter from JPMorgan Chase Bank, N.A. to Greenlight Reinsurance, Ltd. regarding the issuance of standby letters of credit (LCs) to support Greenlight's reinsurance or insurance obligations. Although the document references reinsurance obligations in its purpose clause (Section 2), it is not itself a reinsurance agreement. Instead, it is a financial arrangement where a bank agrees to issue letters of credit—financial guarantees—for the account of a reinsurance company. 

According to the classification guidelines, letters of credit are explicitly listed as documents that are NOT considered reinsurance agreements. The document outlines terms for the issuance, collateral, covenants, and conditions under which LCs will be issued, but it does not transfer insurance risk from one insurer to another, which is the defining feature of a reinsurance agreement.

Because this is not a reinsurance agreement, all subsequent classification fields (main contract, obligatory, proportional status, insurance type, class of business) are irrelevant and must be set to None.",False,,,,,
2011-896159-0001193125-11-047473-dex107.htm,"The document is a Facility Agreement between ACE Limited and The Bank of Tokyo-Mitsubishi UFJ, Ltd., New York Branch, specifically for the issuance of letters of credit (LOCs). The agreement outlines the terms under which the Bank will issue standby letters of credit for the account of ACE and its Wholly-owned Subsidiaries, primarily to support their operations at Lloyd's. 

Letters of credit are financial instruments used to guarantee payment and are not insurance or reinsurance contracts. They are often used in reinsurance contexts as collateral, but the agreement to issue a letter of credit itself is not a reinsurance agreement. According to the provided classification rules, ""Letters of credit"" are explicitly listed under the category of documents that are NOT considered reinsurance agreements.

Therefore, the document is a credit facility agreement for issuing letters of credit, not a reinsurance contract. As such, all subsequent fields related to reinsurance characteristics (main contract, obligatory, proportional, insurance type, class of business) are not applicable and should be set to None.",False,,,,,
2011-315293-0001104659-11-026364-a11-8884_1ex10d1.htm,"The provided document is an Employment Agreement between Aon Corporation and Russell P. Fradin, along with related appendices including restricted stock unit agreements and a Change in Control Agreement. The document outlines the terms of employment, compensation, benefits, non-compete clauses, confidentiality, and severance arrangements. It does not contain any provisions related to the transfer of insurance risk from one insurer to another, which is the defining characteristic of a reinsurance agreement. Instead, it is a contract for personal services between an employer and an executive. Therefore, it does not meet any of the criteria for being classified as a reinsurance agreement.",False,,,,,
2011-1082554-0001047469-11-001229-a2202121zex-10_37.htm,"The provided document is a Credit Agreement between United Therapeutics Corporation (the Borrower), several Lenders, and Wells Fargo Bank, National Association (as the Administrative Agent). It outlines the terms for a $70,000,000 loan, including repayment schedules, interest rates, fees, covenants, and conditions precedent. The agreement is secured by real property (Mortgaged Properties) and involves standard lending and borrowing mechanisms.

The document does not contain any language or structure related to the transfer of insurance risk from an insurer (cedant) to a reinsurer. It lacks the defining characteristics of a reinsurance agreement, such as ceding commissions, loss ratios, reinsurance premiums, or clauses related to claims settlement authority. Instead, it is a financial instrument focused on debt, collateral, and creditworthiness.

Therefore, the document is a standard credit and loan agreement, which is explicitly listed as a document that is NOT considered a reinsurance agreement.",False,,,,,
2011-1273813-0001047469-11-004873-a2203843zex-10_5.htm,"The document is a ""Terms of Performance Retention Award"" issued by Assured Guaranty Ltd. to certain participants. It outlines a cash-based incentive award tied to company performance metrics such as Adjusted Book Value and Operating Return on Equity. The award is structured in installments with vesting conditions based on continued employment, death, disability, or retirement. The document is clearly a compensation or employment-related agreement, specifically a performance-based cash incentive plan under the Assured Guaranty Ltd. 2004 Long-Term Incentive Plan (LTIP).

It does not involve the transfer of insurance risk from one insurer to another, nor does it resemble any form of reinsurance, retrocession, or risk-sharing arrangement between insurance entities. Instead, it governs how and when employees will receive cash payments based on corporate performance and employment status.

Therefore, this document is not a reinsurance agreement or any type of insurance risk transfer instrument. It is an executive compensation agreement.",False,,,,,
2011-352363-0000950123-11-040377-y90909exv10w3.htm,"The provided document is a ""Purchase Agreement"" dated April 1, 2011, between Liz Claiborne, Inc. (the ""Company"") and Merrill Lynch, Pierce, Fenner & Smith Incorporated, acting as the representative of the Initial Purchasers. The agreement outlines the terms for the issuance and sale of $205,000,000 aggregate principal amount of the Company's 10.50% Senior Secured Notes due 2019 (the ""Notes""). The Notes are debt securities issued under an Indenture, secured by first- and second-priority liens on certain company assets, and are being offered in a private placement to qualified institutional buyers under Rule 144A and Regulation S of the Securities Act.

The document details representations, warranties, covenants, conditions, indemnification, and other standard provisions typical of a securities purchase agreement for high-yield bonds. It includes references to financial statements, offering memoranda, security documents, guarantees by subsidiaries, and the use of proceeds (to finance a tender offer and for general corporate purposes).

This document is clearly a corporate finance transaction involving debt capital markets, not insurance or reinsurance. It does not mention any insurance policies, risk transfer from an insurer to a reinsurer, ceding commissions, reinsurance treaties, retrocessions, or any other element characteristic of a reinsurance agreement. Instead, it pertains to the issuance of senior secured notes, which are a form of corporate debt.

Therefore, this is not a reinsurance agreement, nor is it any type of insurance-related contract. It is a securities purchase agreement for corporate bonds.",False,,,,,
2011-1232582-0000950123-11-022284-d80115exv10w30w10.htm,"The provided document is a ""Loan and Security Agreement"" between Ashford Crystal Gateway LP, as Borrower, and German American Capital Corporation, as Lender. This agreement details the terms and conditions of a loan for a property, including disbursement, interest, payments, and security measures. The document does not pertain to any form of reinsurance, retrocession, or similar risk transfer agreements as defined in the guidelines. Instead, it is a financial loan agreement secured by real property, which falls outside the scope of reinsurance agreements. Therefore, the document is not a reinsurance agreement.",False,,,,,
2011-1172052-0001104659-11-062109-a11-25737_1ex10d3.htm,"The document is titled ""Excess Catastrophe Reinsurance Contract"" and is explicitly structured as a reinsurance agreement between Safety Insurance Company and multiple reinsurers. It includes standard reinsurance contract elements such as layers of excess coverage, retentions, limits, premium calculations, and detailed clauses on loss occurrence, reinstatement, and arbitration. This confirms it is a reinsurance agreement.

The document establishes the full terms of the reinsurance contract, including multiple excess layers, and is not merely an amendment or ancillary document. It contains the principal terms and is signed by the parties, making it a main contract.

The contract covers excess catastrophe risk across multiple layers, which is characteristic of non-proportional reinsurance (specifically excess of loss). There are no proportional terms like quota share; instead, the reinsurer covers losses above a retention up to a limit, confirming it is non-proportional.

The classes of business reinsured are listed in Article 1 as Fire, Allied Lines, Homeowners Multiple Peril, Commercial Multiple Peril, Inland Marine, and Automobile Physical Damage—all of which are property-related. This places it under Non-Life insurance.

Given the property nature of the underlying risks and the specific lines mentioned, the class of business is Property. The exclusions and inclusions (e.g., property damage from catastrophes) further support this classification.",True,True,True,non-proportional,Non-Life,Property
2011-5272-0001047469-11-004647-a2203832zex-10_6.htm,"The document is a Master Transaction Agreement among several insurance and reinsurance companies. The key elements of the agreement include the cession of certain Subject Asbestos Liabilities from Reinsureds to Eaglestone Reinsurance Company, and the subsequent retrocession of 100% of these Subject Asbestos Liabilities from Eaglestone to National Indemnity Company (NICO). This structure is characteristic of a loss portfolio transfer reinsurance transaction, which is explicitly listed as a type of reinsurance agreement in the provided definitions.

The agreement establishes the main reinsurance and retrocession contracts, as it sets the principal terms for the transfer of risk and the obligations of the parties. This is further evidenced by the existence of ancillary agreements like the Administrative Services Agreement and the Collateral Trust Agreement, which are supplementary to the main transaction.

The reinsurance is obligatory because it involves the transfer of all liabilities for a specific portfolio (Subject Asbestos Liabilities) from the Reinsureds to Eaglestone, and then from Eaglestone to NICO. This is not a facultative arrangement for individual risks but a treaty for a defined portfolio.

The reinsurance is non-proportional, as it is structured as an excess of loss agreement. The LPT Reinsurance Agreement provides coverage for 100% of the Ultimate Net Loss on the Subject Asbestos Liabilities in excess of a retention, which is a classic feature of an excess of loss (a type of non-proportional) reinsurance contract.

The insurance type is Non-Life, as the underlying risks are related to property and casualty insurance, specifically asbestos liabilities, which fall under casualty lines.

The class of business is Casualty, as asbestos liabilities are a major component of casualty insurance, involving claims for bodily injury and property damage arising from asbestos exposure.",True,True,True,non-proportional,Non-Life,Casualty
2011-1339553-0000950123-11-018886-c11743exv10w19.htm,"The document is a contract between HealthSpring, Inc. subsidiaries and the Centers for Medicare & Medicaid Services (CMS) for the operation of a Voluntary Medicare Prescription Drug Plan (PDP) under the Social Security Act. It outlines the terms and conditions under which the HealthSpring subsidiaries act as Prescription Drug Plan Sponsors, providing prescription drug benefits to Medicare beneficiaries. The contract includes detailed provisions on enrollment, benefits, payment, compliance, reporting, and other operational requirements.

This is not a reinsurance agreement. Instead, it is a direct agreement between a private entity and a government agency to provide a federally regulated health benefit—specifically, prescription drug coverage under Medicare Part D. The document governs the provision of direct insurance services to individuals, not the transfer of risk between insurers or reinsurers. It does not involve risk transfer from one insurer to another, which is the hallmark of reinsurance.

Therefore, it falls under the category of direct insurance contracts, which are explicitly excluded from the definition of reinsurance agreements. As such, all downstream classifications (main contract, obligatory, proportional, etc.) are not applicable.",False,,,,,
2011-800457-0000950123-11-025153-w81976exv10woo.htm,"The document is an ""Amended and Restated Services Allocation Agreement"" among Donegal Group Inc., several insurance subsidiaries, and Donegal Mutual Insurance Company. Its primary purpose is to define how shared services—such as underwriting, claims, reinsurance administration, investments, IT, and accounting—are allocated and reimbursed among the parties. While the document references reinsurance (specifically, a ""Proportional Reinsurance Agreement"" between Donegal Mutual and Atlantic States), it does not establish or modify the terms of a reinsurance contract itself. Instead, it governs cost-sharing for operational services, using the proportional reinsurance agreement merely as a basis for allocating certain expenses.

The agreement does not transfer insurance risk, define coverage terms, set reinsurance limits or premiums, or otherwise function as a reinsurance contract. It is an administrative and cost-allocation agreement among affiliated companies. As such, it falls under the category of an ""Underwriting Agency Agreement"" or shared services agreement, which are explicitly excluded from the definition of reinsurance agreements. Therefore, it is not a reinsurance agreement.

Because it is not a reinsurance agreement, all subsequent fields related to reinsurance classification (main contract, obligatory, proportional, insurance type, class of business) must be set to 'None'.",False,,,,,
2011-1071739-0001071739-11-000031-exhibit102.htm,"The document is a contract between the Texas Health and Human Services Commission (HHSC) and Superior HealthPlan, Inc. (MCO) for managed care services under the Medicaid and CHIP programs. It outlines the terms and conditions for the MCO's participation in these programs, including capitation payments, covered services, and performance standards.

The document explicitly states in Section 1.02 that it is a ""Risk-based contract,"" where HHSC pays fixed monthly capitation payments to the MCO based on the number of enrolled members, and the MCO agrees to provide comprehensive health care services. This structure involves the transfer of risk from HHSC to the MCO for the cost of providing health care services.

However, the document is a direct insurance or managed care agreement between a government agency and a health plan to provide health care services to eligible individuals. It is not a reinsurance agreement, which would involve an insurer transferring part of its insurance risk to another insurer (the reinsurer). The listed exclusions for reinsurance agreements include ""Insurance policies and other direct insurance contracts,"" which this document clearly falls under.

Therefore, while the contract involves risk transfer, it is not a reinsurance agreement as defined by the provided criteria, but rather a direct insurance/managed care contract.",False,True,True,proportional,Non-Life,Accident and Health
2011-714311-0000950123-11-048124-v59474exv10w2.htm,"The document is a ""TERM LOAN CREDIT AGREEMENT"" dated March 30, 2011, between Temescal Aircraft Inc. (the Borrower), International Lease Finance Corporation (ILFC), Park Topanga Aircraft Inc., Charmlee Aircraft Inc., Ballysky Aircraft Ireland Limited (collectively, the Obligors), and various lenders, with Citibank, N.A. acting as Administrative Agent and Collateral Agent. The purpose of the agreement is to provide a loan to the Borrower, secured by a pool of aircraft and related leases.

The agreement details the terms of a loan, including interest rates, repayment schedules, covenants, conditions precedent, and events of default. It involves the creation of a security interest in aircraft and leases to secure the loan obligations. The document is explicitly a loan agreement, not an insurance or reinsurance contract. The security is over physical assets (aircraft) and contractual rights (leases), not insurance risk.

Therefore, this document is a standard financing agreement secured by collateral, falling squarely into the category of a loan agreement. It does not involve the transfer of insurance risk from an insurer to another party, which is the defining characteristic of a reinsurance agreement.

Based on the provided list of what constitutes a reinsurance agreement and what does not, this document is explicitly excluded as it is an ""insurance policies and other direct insurance contracts"" and more specifically, it is a ""bonds and credit instruments"".",False,,,,,
2011-1096142-0001193125-11-302660-d214425dex102.htm,"The document is a Senior Secured Credit Agreement, which is a loan agreement between Gentiva Health Services, Inc. (the Borrower) and a group of lenders, led by Bank of America, N.A. The agreement outlines the terms for a term loan, a revolving credit facility, and letters of credit. It includes details on interest rates, repayment schedules, covenants, and security interests. The document is focused on financial lending and credit facilities, not on insurance or reinsurance. Therefore, it does not meet the criteria for being a reinsurance agreement as defined in the provided guidelines.",False,,,,,
2011-1482430-0001482430-11-000017-reitiiiq22011ex10-2.htm,"The provided document is a Loan Agreement between JP Aberdeen Partners, LP (the Borrower) and KBS Debt Holdings III, LLC (the Agent and a Lender). The agreement outlines the terms of a loan of $23,900,000, which is to be secured by a mortgage on a commercial office property. It details the disbursement of the loan, interest payments, security for the loan, conditions precedent to closing, title insurance, insurance requirements for the property, and various covenants and representations by the Borrower.

The document contains standard loan agreement provisions, including definitions, conditions for disbursement, interest rates, security interests in the property (via a mortgage), representations and warranties, events of default, and remedies. It also includes provisions for a secondary market transaction, allowing the loan to be securitized.

None of the content in this document relates to the transfer of insurance risk from an insurer to a reinsurer. Instead, it is a financial instrument where one party (the Lender) provides capital to another party (the Borrower) in exchange for the repayment of the principal plus interest, secured by real estate. This is a classic example of a debt financing agreement, not a reinsurance agreement.

Therefore, the document is definitively not a reinsurance agreement.",False,,,,,
2011-1071739-0001071739-11-000031-exhibit101.htm,"The document is a contract amendment between the Texas Health and Human Services Commission (HHSC) and Superior HealthPlan, Inc. (HMO), modifying their original managed care contract. It primarily adjusts capitation rates and adds service areas for Rate Period 6, starting September 1, 2011. The contract details the provision of managed health care services to Medicaid and CHIP beneficiaries in Texas.

The document establishes a risk-based contract where the HMO receives fixed monthly payments (capitation) to provide comprehensive health care services to enrolled members. The HMO assumes the financial risk for the cost of these services, as outlined in Article 1.02 and Section 10.01.

This document is not a reinsurance agreement. Reinsurance involves an insurer (the ceding company) transferring a portion of its insurance risk to another insurer (the reinsurer). The listed exceptions to reinsurance explicitly include ""Insurance policies and other direct insurance contracts"" as NOT being reinsurance. This document is a direct insurance/managed care contract between a government agency (HHSC) and a health plan (HMO) to provide health care services to members. The financial risk is not being transferred from one insurer to another; instead, the government is delegating the delivery and financial risk of a public health program to a private health plan. The document is an amendment to a direct service contract, not an agreement to transfer insurance risk between insurers.

Therefore, since it is not a reinsurance agreement, the subsequent fields (is_main_contract, is_obligatory, etc.) are not applicable and should be set to None.",False,,,,,
2011-1069996-0001140361-11-053104-ex10_2.htm,"The document is titled ""Excess Catastrophe Reinsurance Contract"" and is explicitly structured as a reinsurance agreement between Federated National Insurance Company (the ""Company"") and subscribing reinsurers, including JC Re Ltd. It outlines the terms under which the reinsurer agrees to cover excess liability for losses arising from catastrophe events. This fits squarely within the definition of a reinsurance agreement, specifically an excess of loss treaty, which is a standard form of non-proportional reinsurance.

The document establishes the full terms of the reinsurance contract, including coverage, limits, exclusions, premium, and claims handling. It is not a modification or ancillary agreement (like an endorsement or commutation), but rather a complete reinsurance contract. Therefore, it qualifies as a main contract.

The contract covers losses above the ceding company’s retention ($7 million) up to a specified limit ($13 million), which is characteristic of an obligatory treaty reinsurance arrangement—specifically, an excess catastrophe treaty that automatically covers all qualifying losses from eligible policies. There is no indication that the ceding company selects individual risks for reinsurance (as in facultative reinsurance), confirming that it is obligatory.

The structure of the contract—paying only after a retention is exceeded and up to a limit per occurrence—is clearly non-proportional. It does not involve a fixed percentage sharing of premiums and losses, which would be required for proportional reinsurance.

The classes of business reinsured are explicitly defined in Article 1 as Property business, including Dwelling Fire, Inland Marine, Mobile Home, Commercial, and Homeowners insurance. This places it firmly in the Non-Life category. The specific class of business is Property, as it covers physical damage to property from perils like windstorm, fire, and hurricane, all within the State of Florida.

Therefore, all classification criteria are met based on the document’s content.",True,True,True,non-proportional,Non-Life,Property
2011-1018979-0001193125-11-057764-dex1029.htm,"The document is titled ""FIRST CASUALTY EXCESS OF LOSS REINSURANCE CONTRACT"" and explicitly states that it is a reinsurance contract between American Interstate Insurance Company, American Interstate Insurance Company of Texas, Silver Oak Casualty, Inc., and other affiliated companies (collectively the ""Company"") and subscribing reinsurers. The contract outlines the terms under which the reinsurer agrees to cover excess liability for certain insurance policies issued by the Company. This clearly establishes it as a reinsurance agreement.

The document establishes the full terms of a reinsurance contract, including coverage, exclusions, premiums, reporting, and termination provisions. It is not an ancillary document such as an endorsement or amendment but rather the principal agreement itself. Therefore, it qualifies as a main contract.

The contract provides excess of loss coverage for Workers’ Compensation, Employers Liability, and General Liability business, which are automatically accepted lines of business without individual underwriting per risk. This indicates that it is an obligatory reinsurance treaty, as it covers all eligible policies written by the ceding company during the term.

The structure of the reinsurance — covering losses in excess of a retention up to a specified limit — is characteristic of non-proportional reinsurance. Specifically, it is an excess of loss contract, which falls under the non-proportional category. There is no indication of proportional sharing of premiums or losses, such as quota share or surplus arrangements.

The underlying insurance policies cover Workers’ Compensation, Employers Liability, and General Liability — all of which are non-life insurance lines. These relate to liability arising from workplace injuries and third-party claims, which are standard non-life coverages.

The primary class of business is Workers’ Compensation, which falls under Accident and Health for non-life classification, as it covers medical expenses and income protection due to work-related injuries. Employers Liability and General Liability are casualty lines, but since the main focus appears to be Workers’ Compensation (a core accident and health line in non-life), and given the prominence of payroll-based calculations in the contract, the dominant class is Accident and Health.",True,True,True,non-proportional,Non-Life,Accident and Health
2011-1279363-0001279363-11-000064-statesettlement-ct.htm,"The document is a settlement agreement between the State of Connecticut and WellCare Health Plans, Inc. and its affiliated entities. It resolves allegations of fraudulent conduct related to Medicaid claims, including misrepresentation of medical loss ratios, improper reinsurance arrangements, overbilling, and other compliance failures. The agreement outlines financial payments, releases of liability, cooperation requirements, and other terms to settle civil and administrative claims.

The document does not establish a reinsurance or insurance contract. Instead, it is a legal resolution of disputes involving healthcare billing and compliance. While it references a reinsurance subsidiary (Comprehensive Reinsurance, Ltd.) and discusses how reinsurance was allegedly used to manipulate financial reporting, the document itself is not a reinsurance agreement. It does not define risk transfer terms, coverage limits, premiums, or other typical reinsurance contract elements.

Therefore, the document is not a reinsurance agreement, nor is it a main contract, obligatory agreement, or any form of insurance contract. As such, attributes like proportionality, insurance type, and class of business are not applicable.",False,,,,,
2011-896159-0001193125-11-047473-dex108.htm,"The document is a ""Facility Agreement"" between ACE Limited and The Royal Bank of Scotland plc, primarily concerning the issuance of letters of credit (LOCs) for the account of ACE and its subsidiaries. The purpose of these LOCs, as stated in the agreement, is to provide financial guarantees for ""Funds at Lloyd's"" of certain corporate members (subsidiaries of ACE) underwriting insurance risks at Lloyd's of London. 

However, the agreement itself is not a reinsurance contract. It is a credit facility agreement that governs the terms under which the bank will issue letters of credit. Letters of credit are explicitly listed in the instructions as documents that are NOT considered reinsurance agreements. They are financial instruments used to secure obligations, in this case, the capital requirements for entities underwriting at Lloyd's. While the underlying activities of the subsidiaries (the ""Supported Members"") may involve insurance or reinsurance, the agreement between ACE and the bank is purely a financial arrangement for securing those activities, not a transfer of insurance risk.

Since the document is not a reinsurance agreement, all subsequent questions about it being a main contract, obligatory, proportional, etc., are not applicable and must be answered as 'None'.",False,,,,,
2011-1071739-0001071739-11-000031-exhibit103.htm,"The document is a contract between the Texas Health and Human Services Commission (HHSC) and Bankers Reserve Life Insurance Company of Wisconsin d.b.a Superior Health Plan Network (MCO). The contract outlines the provision of managed care services for recipients in the Medicaid State of Texas Access Reform Program (STAR), Medicaid STAR+PLUS Program, and Children's Health Insurance Program (CHIP). The MCO will provide comprehensive health care services to qualified program recipients through a managed care delivery system. The payment structure is based on a risk-based capitation model, where HHSC pays the MCO fixed monthly payments based on the number of eligible and enrolled members. The MCO assumes the risk of potential financial losses. This is a direct insurance contract where the MCO provides primary insurance coverage to members, not a reinsurance agreement where one insurer transfers risk to another insurer. The document is not a reinsurance agreement as it does not involve the transfer of risk from one insurer to another.",False,True,True,proportional,Non-Life,Accident and Health
2011-1091748-0001193125-11-134196-dex102.htm,"The document is an employment agreement between Peleus Reinsurance Limited and an individual, Andrew Carrier, for the position of President. It outlines terms of employment, including duties, salary, benefits, termination conditions, confidentiality, and restrictive covenants. While the employer is a reinsurance company, the document itself is not a reinsurance agreement but rather a contract of employment. It does not involve the transfer of insurance risk, define reinsurance terms, or establish any ceding or assuming of insurance liabilities. Instead, it governs the employment relationship, which falls outside the defined scope of reinsurance agreements. Therefore, it is not a reinsurance agreement, nor is it a main contract, obligatory agreement, or any form of risk transfer instrument.",False,,,,,
2011-1320947-0001193125-11-323055-d246906dex1023.htm,"The document is a Credit Agreement, which is a financial instrument used for lending and borrowing money. It outlines the terms and conditions under which a borrower receives funds from lenders, including repayment terms, interest rates, and covenants. This type of document is not related to reinsurance, which involves the transfer of insurance risk from one insurer to another. The document does not contain any clauses or terms related to insurance or reinsurance. Therefore, it is not a reinsurance agreement.",False,,,,,
2011-25598-0000025598-11-000015-executiveseveranceplan.htm,"The provided document is the ""Springleaf Finance, Inc. Executive Severance Plan."" It is a corporate human resources policy that outlines the severance benefits and procedures for a select group of management or highly compensated employees of Springleaf Finance, Inc. if their employment is terminated under specific circumstances.

The document details eligibility, severance payments (including salary, bonus, and equity vesting), continued health and life insurance coverage, non-qualified pension credits, and the required release and restrictive covenants (like non-compete and non-disparagement clauses) that employees must sign to receive benefits.

This document is fundamentally an employee compensation and benefits agreement. It does not involve the transfer of insurance risk from one insurer (the ceding company) to another (the reinsurer), which is the core function of a reinsurance agreement. The types of documents listed as reinsurance agreements (e.g., reinsurance treaties, retrocession agreements, catastrophe bonds) are all risk-transfer contracts between insurance entities. In contrast, this is an internal corporate policy for managing executive departures.

Because it is not a reinsurance agreement, all subsequent classification questions (is_main_contract, is_obligatory, etc.) are not applicable.",False,,,,,
2011-1071739-0001071739-11-000016-exhibit101.htm,"The document is a contract amendment between the Texas Health and Human Services Commission (HHSC) and Superior HealthPlan, Inc. (HMO) for the provision of managed care services under the Medicaid and Children's Health Insurance Program (CHIP). The contract outlines the terms for providing healthcare services, including capitation payments, covered services, and performance standards. The services provided are direct healthcare services to individuals, which are characteristic of insurance policies rather than reinsurance agreements. Reinsurance involves one insurer transferring part of its risk to another insurer, which is not the case here. Therefore, this document is not a reinsurance agreement.",False,False,,,Non-Life,Accident and Health
2011-1069996-0001140361-11-053104-ex10_7.htm,"The document is titled ""Fourth Reinstatement Premium Protection Reinsurance Contract"" and is explicitly structured as a reinsurance agreement. It indemnifies the ceding company (Federated National Insurance Company) for reinstatement premiums it pays under an underlying ""Fourth Excess Catastrophe Reinsurance Contract."" Reinstatement Premium Protection (RPP) contracts are considered reinsurance agreements when they refer to an underlying reinsurance contract, which this one clearly does.

The document establishes a full reinsurance contract rather than being an ancillary agreement like an endorsement or amendment. It contains all principal terms, including coverage, premium, termination, and arbitration, and is executed by the parties. Thus, it qualifies as a main contract.

The RPP contract is tied to an underlying excess of loss catastrophe reinsurance treaty, which is non-proportional. Reinstatement Premium Protection on a non-proportional underlying contract is itself classified as non-proportional reinsurance.

The underlying original contract covers catastrophe losses, which are typically property-related perils (e.g., hurricanes, windstorms). Federated National Insurance Company is a property and casualty insurer, and the context of a catastrophe excess treaty points to Property coverage within Non-Life insurance.

Therefore, the insurance type is Non-Life, and the class of business is Property.

The contract covers all reinstatement premiums arising from the underlying treaty, which applies to a portfolio of risks rather than individual named insureds. This indicates it is an obligatory reinsurance agreement, as it automatically covers all losses under the original treaty.",True,True,True,non-proportional,Non-Life,Property
2011-1172052-0001104659-11-062109-a11-25737_1ex10d1.htm,"The document is titled ""UMBRELLA LIABILITY EXCESS OF LOSS REINSURANCE AGREEMENT"" and is explicitly structured as a reinsurance contract between Safety Insurance Company and Swiss Reinsurance America Corporation. It outlines terms for indemnifying the ceding company (Safety Insurance) for Ultimate Net Losses on an excess-of-loss basis, which is a standard form of non-proportional reinsurance. This fits squarely within the definition of a reinsurance agreement as provided in the instructions.

The agreement establishes a full reinsurance contract with defined terms such as retention, limits, business covered, premium, claims handling, and termination. It is not merely an ancillary document like an endorsement or amendment, but rather a complete main contract. Therefore, it qualifies as a main contract.

The agreement covers losses on Umbrella Liability Policies in excess of a specified retention ($1,000,000), which indicates it is an obligatory treaty—automatically covering all qualifying policies written by the ceding company during the term, not just specific named risks. This is characteristic of an obligatory reinsurance arrangement.

The structure of the reinsurance—where the reinsurer covers 95% of losses above a fixed retention up to a specified limit—is typical of non-proportional reinsurance (specifically, excess of loss). The fact that the ceding company retains a fixed portion of the risk (5%) does not make it proportional, as the key determinant is whether the risk is shared on a fixed percentage basis across all policies. Here, the coverage triggers only after a loss exceeds a retention, which is a hallmark of non-proportional reinsurance.

The underlying insurance policies are Personal and Commercial Umbrella Liability Policies, which fall under liability insurance—categorized as Non-Life. These are not life, health (as classified under life), or annuity products.

The class of business is Casualty, as Umbrella Liability is a form of commercial and personal liability insurance, which includes general liability, product liability, and other third-party liability coverage. It is not property, specialty, or accident and health in the non-life sense. Although umbrella policies may cover multiple lines, they are primarily liability-focused and are best classified under Casualty.",True,True,True,non-proportional,Non-Life,Casualty
2011-1099219-0000950123-11-018077-y87657exv10w102.txt,"The document is an International Distribution Agreement between Citigroup Inc. and MetLife, Inc. It governs the distribution of life insurance and annuity products by Citigroup's distribution network on behalf of MetLife and its subsidiaries (including the Travelers Insurers). The agreement outlines terms for exclusive and non-exclusive distribution arrangements, private label products, new products, and reinsurance-related provisions.

Although Section 3.7 references reinsurance arrangements where a ""Local Incumbent"" reinsures business to a ""Reinsurer"" (a Travelers Insurer), the primary purpose of this document is to establish a distribution relationship. It does not itself constitute a reinsurance agreement. Instead, it governs how products are distributed and marketed, including access, branding, and compensation, which are characteristics of a distribution or agency agreement.

The agreement explicitly states in Section 1.2 that it does not create an International Selling Agreement and is intended only to set forth principal business terms for future selling agreements. This further confirms that the document is not itself an insurance or reinsurance contract but a framework for distribution.

Therefore, while reinsurance is mentioned in the context of existing arrangements being maintained, the document itself is not a reinsurance agreement.",False,,,,,
2011-896159-0001193125-11-047473-dex106.htm,"The document is a ""Facility Agreement"" between ACE Limited and ING BANK N.V., London Branch, specifically for the issuance of letters of credit. The agreement outlines the terms under which the bank will issue standby letters of credit (LOCs) for the account of ACE and its subsidiaries, primarily to support members at Lloyd's. The document details the conditions for issuance, reimbursement obligations, fees, collateralization, events of default, and other administrative and legal provisions.

The document is explicitly titled and structured as a letter of credit facility agreement. According to the provided definitions, letters of credit are explicitly excluded from being considered reinsurance agreements. The document does not contain any terms or conditions related to the transfer of insurance risk from one insurer to another, which is the defining characteristic of a reinsurance agreement. Instead, it is a financial instrument designed to provide credit support, specifically for members at Lloyd's, and is governed by banking and credit facility terms.

Since the document is a letter of credit facility agreement, it falls squarely under the category of financial guarantees and credit instruments, which are explicitly listed as NOT being reinsurance agreements. Therefore, it is not a reinsurance agreement.

Because it is not a reinsurance agreement, all subsequent fields that pertain to the nature of a reinsurance contract (main contract, obligatory, proportional, insurance type, class of business) are not applicable and must be set to None.",False,,,,,
2011-888002-0001193125-11-306854-d235681dex101.htm,"The provided document is a credit agreement between AXA, AXA Financial, Inc., AXA Financial (Bermuda) Ltd., and several financial institutions. It outlines the terms for a €4,000,000,000 credit facility, including revolving loans, swingline loans, and letters of credit. The document details the obligations of the borrowers, the roles of the lenders and agents, interest calculations, fees, and conditions for utilization and repayment.

The document explicitly mentions that the purpose of the facility is to support the general corporate purposes of the Group, including working capital and capital expenditure. It also specifies that letters of credit can be issued to collateralize reinsurance risk underwriting business as required by the National Association of Insurance Commissioners (NAIC) regulations or equivalent regulations.

However, the document itself is a credit agreement, which is a financial instrument for providing loans and credit facilities. It does not establish a reinsurance contract or any form of risk transfer between insurers and reinsurers. Instead, it is a financial arrangement that provides liquidity and credit support to the borrowers.

Given that the document is a credit agreement and not a reinsurance agreement, it does not meet the criteria for being classified as a reinsurance agreement. Therefore, it is not a reinsurance agreement, and the subsequent fields related to reinsurance (such as is_main_contract, is_obligatory, proportional_or_non_proportional, insurance_type, and class_of_business) are not applicable.",False,,,,,
2011-800457-0000950123-11-025153-w81976exv10wqq.htm,"The document is the ""2011 Employee Stock Purchase Plan"" of Donegal Group Inc., which allows eligible employees to purchase shares of the company's Class A common stock at a discount through payroll deductions. The plan outlines eligibility, subscription periods, contribution amounts, purchase mechanics, and administrative procedures. While the document mentions ""quota share reinsurance"" in the context of defining participating companies (i.e., companies from which the Company or Donegal Mutual assumes 100% quota share reinsurance), this is merely a definitional clause and not the subject of the agreement itself. The document does not establish or modify any reinsurance contract, nor does it transfer insurance risk between insurers and reinsurers. Instead, it is a corporate employee benefit plan related to stock ownership.

Therefore, the document is not a reinsurance agreement or any type of insurance risk transfer instrument. It is a stock purchase plan governed by securities and tax laws (e.g., Section 423 of the Internal Revenue Code), not insurance or reinsurance regulations.",False,,,,,
2011-1342126-0000950123-11-025968-c06644exv10w15.htm,"The document is a ""Modification of Agreement of Consolidation and Modification of Mortgage, Security Agreement, Assignment of Rents and Fixture Filing."" It pertains to a commercial mortgage loan for a property located at 356 West 58th Street, New York, NY. The agreement modifies the terms of an existing loan, including principal reduction, cash management provisions, and cooperation clauses in the event of default or foreclosure.

The document is fundamentally a real estate financing and security agreement. It involves a borrower (Henry Hudson Holdings LLC) and a lender (Bank of America, as successor to LaSalle Bank) and modifies the terms of a mortgage loan secured by real property. There is no mention of insurance, reinsurance, risk transfer between insurers and reinsurers, or any insurance-related obligations.

According to the provided definitions, reinsurance agreements include contracts like retrocession, risk transfer instruments (e.g., catastrophe bonds), and agreements that modify such contracts. However, this document is clearly a mortgage modification agreement, which falls under the category of credit instruments. The list of documents that are NOT reinsurance agreements explicitly includes ""Bonds, loans and credit instruments except for Catastrophe Bonds and other Insurance Linked Securities as described above."" This document is a commercial mortgage loan modification, which is a credit instrument and not related to insurance risk transfer.

Therefore, it is not a reinsurance agreement. Since it is not a reinsurance agreement, all subsequent fields that depend on that classification (is_main_contract, is_obligatory, etc.) must be set to None.",False,,,,,
2011-1304280-0000950123-11-009997-g25888exv10w1.htm,"The document is a Credit Agreement dated December 17, 2010, among several entities including NOVELIS INC., NOVELIS CORPORATION, and various lenders. The agreement outlines the terms for a credit facility of $800,000,000 to finance the mutual and collective business enterprise of the Loan Parties. The agreement details various aspects such as definitions, the credits, representations and warranties, conditions to credit extensions, affirmative covenants, negative covenants, guarantee, events of default, collateral account, collateral monitoring, application of collateral proceeds, the administrative agent and the collateral agent, and miscellaneous provisions.

The document is clearly a financial agreement involving a credit facility and does not pertain to insurance or reinsurance. It does not mention any insurance policies, reinsurance agreements, or any related terms. Instead, it focuses on the lending of money, the establishment of credit facilities, and the securing of loans through collateral and guarantees.

Based on the content and purpose of the document, it is evident that this is not a reinsurance agreement. The document is a credit agreement, which is a financial instrument used to provide a line of credit to borrowers. Therefore, it does not fall under the category of reinsurance agreements as defined in the provided criteria.",False,,,,,
2011-1071739-0001071739-11-000012-exhibit102a.htm,"The document is a contract amendment between the Texas Health and Human Services Commission (HHSC) and Superior HealthPlan, Inc. (HMO) for the provision of managed care services under the Medicaid and Children's Health Insurance Program (CHIP). This agreement involves the HMO providing comprehensive health care services to qualified program recipients through a managed care delivery system in exchange for fixed monthly capitation payments. The nature of this agreement, where the HMO assumes the financial risk for providing health care services to a defined population, is characteristic of a direct insurance contract. The document explicitly states that it is a ""Risk-based contract"" where the HMO receives fixed monthly capitation payments for each enrolled member, and the HMO agrees to provide the specified services regardless of the amount of services used. This is a standard feature of direct insurance, not reinsurance, which involves an insurer transferring a portion of its risk to another insurer. The document outlines terms for capitation rates, service obligations, and financial rebates, all of which are typical of a primary insurance contract between a government agency and a health plan. The document is an amendment to an existing managed care contract, which further confirms its nature as a direct insurance agreement. Therefore, this document is not a reinsurance agreement.",False,False,,,Non-Life,Accident and Health
2011-1400810-0001193125-11-221350-dex1014.htm,"The document is a Reinstatement Premium Protection Contract, which is explicitly listed in the provided criteria as a reinsurance agreement when it refers to an underlying reinsurance contract. The document states it indemnifies the Company for 100% of net reinstatement premiums paid under the ""Original Contract,"" which is the second excess layer of the Company's Excess Catastrophe Reinsurance Contract. This confirms it is a derivative reinsurance instrument tied directly to an underlying reinsurance treaty.

The contract establishes the terms of the reinsurance protection (e.g., business covered, term, premium, loss settlements, arbitration), contains all principal terms, and is executed as a standalone agreement. Therefore, it is a main contract, not an ancillary document like an endorsement or amendment.

The underlying Original Contract is an Excess Catastrophe Reinsurance Contract, which is a non-proportional (excess of loss) arrangement. Reinstatement Premium Protection contracts mirror the nature of the underlying reinsurance; since the original is non-proportional, this RPP is also classified as non-proportional.

The Original Contract covers property and casualty insurance, as indicated by the metadata and the nature of catastrophe reinsurance. The company, Homeowners Choice Property & Casualty Insurance Company, insures property risks, particularly in catastrophe-exposed areas like Florida. Therefore, the insurance type is Non-Life, and the class of business is Property, as catastrophe reinsurance typically covers property damage from natural perils.",True,True,True,non-proportional,Non-Life,Property
2011-1363829-0000950123-11-073689-w83064exv10w9.htm,"The document is a ""US$250,000,000 Revolving Credit Facility Agreement"" between Enstar Group Limited and several financial institutions. It outlines the terms for a revolving credit facility, including definitions, the facility structure, purpose, conditions for loans, repayment terms, interest, fees, and various covenants and undertakings. The document is clearly a financial agreement for a credit facility, which is a type of loan agreement.

The listed categories of documents that are considered reinsurance agreements do not include credit facilities or loan agreements. The document is explicitly about a credit facility, not an insurance or reinsurance contract. It details the borrowing and lending of money, not the transfer of insurance risk.

Therefore, this document is not a reinsurance agreement. Since it is not a reinsurance agreement, it cannot be a main contract, an obligatory agreement, or be classified as proportional or non-proportional. The fields for insurance type and class of business are also not applicable.",False,,,,,
2011-1393612-0001193125-11-014919-dex1033.htm,"The document is an amendment to a Purchase Price Adjustment Agreement related to a corporate transaction involving Discover Bank, The Student Loan Corporation, and Citibank, N.A. It modifies certain financial calculations and payment obligations in connection with the acquisition or merger of entities, particularly concerning employee change of control payments and adjustments to purchase price. The document references a ""Commutation Agreement"" with United Guaranty, an insurer, and briefly mentions ""reinsurance arrangements"" between Citibank and United Guaranty — but only in a representational clause stating that no contracts exist with United Guaranty except for reinsurance arrangements on policies not subject to the Commutation Agreement. This mention is ancillary and does not indicate that the current document is itself a reinsurance agreement.

The document does not establish or modify any reinsurance contract terms, nor does it transfer insurance risk, set ceded premiums, or define coverage for insurance liabilities. Instead, it pertains to financial adjustments in a corporate acquisition, specifically student loan portfolios. The underlying business is credit-related (student loans), but the agreement itself is a financial and corporate transaction document.

Therefore, this is not a reinsurance agreement or any form of risk transfer instrument. It is a corporate amendment related to purchase price mechanics in an acquisition.",False,,,,,
2011-911421-0001193125-11-295054-d249459dex103.htm,"The document is an employment agreement between PartnerRe Capital Markets Corporation and Marvin Pestcoe, outlining the terms of his employment as CEO of the PartnerRe Capital Markets Group. It includes details on compensation, duties, termination, confidentiality, non-compete clauses, and other employment-related provisions. 

This document does not involve the transfer of insurance risk from an insurer to a reinsurer or any form of reinsurance arrangement. Instead, it governs the employment relationship between an executive and a company operating in the reinsurance industry. Therefore, it is not a reinsurance agreement.

Since it is not a reinsurance agreement, the subsequent fields—`is_main_contract`, `is_obligatory`, `proportional_or_non_proportional`, `insurance_type`, and `class_of_business`—must all be set to `None`.",False,,,,,
2011-1494904-0000950123-11-026044-w82021exv10w21.htm,"The document is a ""Retention Agreement"" between Wind River Reinsurance Company, Ltd. and an employee, Troy W. Santora. It outlines the terms under which the employee will receive a bonus (referred to as the ""Bonus"") if they remain employed through a ""Qualifying Period"" following a ""Qualifying Transaction,"" which is defined as a merger, sale of assets, or similar corporate event involving the company.

The agreement pertains to employment terms, bonus eligibility, conditions for termination, and related matters. It does not contain any provisions related to the transfer of insurance risk, ceding of liabilities, reinsurance terms, or any other elements characteristic of a reinsurance agreement. Instead, it is an employment retention incentive agreement.

Although the employer's name includes ""Reinsurance,"" the document itself is not a reinsurance contract. It does not establish, modify, or relate to a reinsurance or retrocession agreement. It is not an ancillary agreement to a reinsurance contract either, but rather a standalone employment arrangement.

Therefore, this document is not a reinsurance agreement as defined by the classification criteria.",False,,,,,
2011-1028985-0001193125-11-032177-dex1012.htm,"The document provided is an ""Amendment and Consent"" and an ""Amended and Restated Credit Agreement"" related to a loan facility for Spectrum Brands, Inc. It details terms for a credit agreement, including loan amounts, interest rates, repayment schedules, and other financial obligations. The document involves lenders providing funds to the borrower, Spectrum Brands, Inc., and outlines the conditions and covenants associated with the loan. This is a standard credit or loan agreement, which is fundamentally a financial instrument for borrowing and lending money.

None of the characteristics of a reinsurance agreement are present in this document. Reinsurance agreements involve the transfer of insurance risk from one insurer (the ceding company) to another (the reinsurer). The document does not mention any insurance policies, risk transfer related to insurance claims, or any parties acting as insurers or reinsurers. Instead, it refers to entities such as ""Lenders,"" ""Borrower,"" and ""Administrative Agent,"" which are typical in loan agreements but not in reinsurance.

Specifically, the document includes clauses about ""Term Loans,"" ""interest payments,"" ""commitments,"" and ""repayment dates,"" all of which are indicative of a credit arrangement. There is no mention of insurance portfolios, claims, premiums, or any of the types of reinsurance contracts listed in the definition (e.g., retrocession, catastrophe bonds, loss portfolio transfer). The presence of entities like ""AVIVA LIFE AND ANNUITY COMPANY"" and ""RGA REINSURANCE COMPANY"" in the list of lenders does not transform the document into a reinsurance agreement; they are participating as financial investors or lenders in a credit facility, not as reinsurers assuming insurance risk.

Therefore, this document is not a reinsurance agreement. Since it is not a reinsurance agreement, all subsequent fields related to reinsurance classification (is_main_contract, is_obligatory, etc.) must be set to None.",False,,,,,
2011-1090061-0001193125-11-181860-dex1030.htm,"The document is an Amended and Restated Term Loan Credit Agreement between OMNOVA SOLUTIONS INC., various lenders, and Deutsche Bank Trust Company Americas, acting as the Administrative Agent and Collateral Agent. The agreement outlines the terms for a $200,000,000 term loan, including the commitments of the lenders, the obligations of the borrower, interest rates, repayment terms, and various covenants and conditions. The document also includes definitions, financial terms, and legal provisions typical of a loan agreement.

This document is not a reinsurance agreement. According to the provided definitions, reinsurance agreements involve the transfer of risk from one insurer (the ceding company) to another (the reinsurer). The document in question is a term loan agreement, which is a financial instrument where a borrower receives funds from a lender with the obligation to repay the principal and interest over time. It does not involve the transfer of insurance risk, and thus does not meet the criteria for a reinsurance agreement. The document is specifically a loan agreement, which is explicitly listed as not being a reinsurance agreement in the provided definitions.

Since the document is not a reinsurance agreement, the subsequent fields related to reinsurance (is_main_contract, is_obligatory, proportional_or_non_proportional, insurance_type, and class_of_business) are not applicable and should be set to None.",False,,,,,
2011-78239-0000078239-11-000028-exhibit101.htm,"The provided document is an ""Amended and Restated Credit and Guaranty Agreement."" This is a financial contract between a borrower (Phillips-Van Heusen Corporation and Tommy Hilfiger B.V.) and lenders (various financial institutions) for the provision of a secured credit facility. It outlines the terms for loans, interest rates, covenants, collateral, and other financial obligations.

The document is explicitly identified as a ""Credit and Guaranty Agreement"" and involves the lending of money, the establishment of interest rates, and the creation of security interests in collateral. This is a standard form of a corporate loan agreement.

None of the characteristics of a reinsurance agreement are present. The document does not involve the transfer of insurance risk from one insurer (the ceding company) to another (the reinsurer). It does not discuss policy terms, premiums, claims, or the sharing of underwriting profits and losses, which are fundamental to reinsurance contracts.

Therefore, this document is a loan agreement, not a reinsurance agreement.",False,,,,,
2011-1473078-0001193125-11-306791-d226408dex103.htm,"The document is a ""Second Amended and Restated Credit Agreement"" between a borrower (Chesapeake Lodging, L.P.) and a group of lenders, led by Wells Fargo Bank as the Administrative Agent. Its primary purpose is to establish a $200 million revolving credit facility for the borrower.

The document contains standard provisions for a credit agreement, including:
*   Definitions of financial terms (e.g., ""Loans,"" ""Commitment,"" ""Interest Period"").
*   The mechanics of borrowing, interest rates, and repayment.
*   Covenants (e.g., financial covenants like a minimum debt service coverage ratio, restrictions on liens and indebtedness).
*   Conditions precedent for borrowing.
*   Events of default and remedies for the lenders.

The document explicitly references and incorporates other loan documents like Notes, Guaranties, and Security Deeds (e.g., mortgages and assignments of leases) to secure the loan. The collateral is a pool of hotel properties.

None of the content relates to the transfer of insurance risk from an insurer (ceding company) to a reinsurer. The document does not mention insurance policies, premiums, claims, or any of the specific types of reinsurance contracts listed in the definition (e.g., treaties, facultative agreements, retrocessions). It is a financial instrument for corporate lending, not a risk transfer agreement in the insurance sector.

Therefore, this document is a standard credit agreement and does not meet any of the criteria for being classified as a reinsurance agreement.",False,,,,,
2011-1069996-0001140361-11-053104-ex10_6.htm,"The document is titled ""Reinstatement Premium Protection Reinsurance Contract"" and explicitly states it is a reinsurance contract issued to Federated National Insurance Company. It provides indemnification for 100% of any reinstatement premium the company pays under its Excess Catastrophe Reinsurance Contract, which qualifies it as a Reinstatement Premium Protection contract tied to an underlying reinsurance agreement. According to the classification rules, such contracts are considered reinsurance agreements.

The document establishes the full terms of the reinsurance contract, including coverage, premium, termination, arbitration, and other key clauses. It contains Interests and Liabilities Agreements from multiple reinsurers and detailed schedules. This indicates it is not merely an ancillary document but a complete, standalone reinsurance contract. Therefore, it qualifies as a main contract.

The contract covers reinstatement premiums due under an Excess Catastrophe Reinsurance Contract, which is a non-proportional (excess of loss) type of reinsurance. Reinstatement Premium Protection contracts are typically structured as non-proportional because they cover specific reinstatement costs triggered by losses exceeding certain thresholds, not a proportional share of all risks. Thus, this is a non-proportional reinsurance agreement.

The underlying Original Contract referenced (Excess Catastrophe Reinsurance) pertains to property catastrophe risks, which are part of Non-Life insurance. The coverage is triggered by loss occurrences under a property catastrophe treaty, indicating the underlying insurance is property damage from natural catastrophes.

Given the nature of the underlying coverage—property damage from events like windstorm, earthquake, and other perils—the class of business is Property. The contract is layered (First, Second, Third Excess), which aligns with catastrophe excess of loss structures commonly used in property reinsurance.",True,True,True,non-proportional,Non-Life,Property
2011-1282543-0001193125-11-085047-dex1016.htm,"The document is titled ""CASUALTY EXCESS OF LOSS REINSURANCE CONTRACT"" and is explicitly structured as a reinsurance agreement between multiple insurance companies (collectively the ""Company"") and one or more reinsurers. It outlines the terms under which the reinsurer will indemnify the Company for losses arising from specific insurance policies, particularly in the casualty lines of business. This fits the definition of a reinsurance agreement as it transfers risk from the insurer to the reinsurer.

The document establishes a full reinsurance contract, not merely an amendment or ancillary agreement. It includes core terms such as business covered, retention and limits, premium, definitions, exclusions, and other standard clauses. It is therefore a main contract.

The structure of the contract—covering losses over a specified retention ($100,000) up to a defined limit ($900,000) per loss occurrence—indicates a non-proportional (excess of loss) arrangement. The reinsurer does not share a fixed percentage of premiums and losses, but instead pays only for losses exceeding the Company’s retention, which is characteristic of non-proportional reinsurance.

The business covered includes Automobile Liability, Physical Damage, and related coverages such as Bodily Injury, Property Damage, and Uninsured Motorists. These are all standard casualty and property lines of insurance, falling under Non-Life insurance.

The class of business is primarily ""Casualty,"" as it involves liability coverages such as Automobile Liability, Bodily Injury, and Property Damage. Although some coverages like Personal Injury Protection and Medical Payments could fall under Accident and Health, the primary focus is on liability arising from motor vehicles, which is a core casualty line. Therefore, the dominant class is Casualty.

The contract is obligatory because it applies to all policies written or renewed during the term that fall within the defined classes of business (e.g., automobile liability), not to individual named risks. This indicates a treaty-style, automatic reinsurance arrangement, which is obligatory in nature.",True,True,True,non-proportional,Non-Life,Casualty
2011-1279363-0001279363-11-000064-statesettlement-il.htm,"The document is a settlement agreement between the State of Illinois and WellCare Health Plans, Inc. and several of its subsidiaries, including Comprehensive Reinsurance, Ltd. The agreement resolves allegations related to fraudulent conduct in connection with Medicaid claims, including misrepresentation of medical loss ratios, improper reinsurance practices, and overpayments. While the document references a reinsurance subsidiary (Comprehensive Reinsurance, Ltd.) and discusses reinsurance arrangements in the context of allegedly inflating costs, the document itself is not a reinsurance agreement. Instead, it is a legal settlement addressing civil and administrative liabilities arising from alleged misconduct in healthcare billing and reporting.

The document does not establish the terms of a reinsurance contract, nor does it transfer insurance risk from one insurer to another. It does not contain typical reinsurance provisions such as ceding commissions, treaty terms, coverage limits, or risk-sharing mechanisms. Rather, it outlines financial payments, release of claims, cooperation obligations, and compliance measures in exchange for resolving litigation.

Therefore, the document is not a reinsurance agreement, nor is it an ancillary agreement to one. It is a legal settlement in a qui tam action related to healthcare fraud, not a risk transfer instrument.",False,,,,,
2011-86312-0001047469-11-001001-a2201945zex-10_27.htm,"The document provided is a ""Performance Share Award Notification and Agreement"" issued by The Travelers Companies, Inc. to an employee. It outlines the terms of a stock-based incentive award under the company's equity compensation plan. The agreement details vesting conditions, performance metrics (based on Return on Equity), dividend equivalents, forfeiture provisions, and non-solicitation obligations. It is clearly a corporate compensation and employment-related document, not an insurance or reinsurance contract.

There is no mention of risk transfer between insurers and reinsurers, ceding commissions, reinsurance premiums, retrocession, or any other hallmarks of a reinsurance agreement. Instead, the document pertains to employee stock incentives and employment conditions.

Therefore, this document is not a reinsurance agreement, nor is it any type of insurance contract. It is a stock incentive award agreement governed by corporate and securities law, not insurance law.",False,,,,,
2011-354190-0001193125-11-025625-dex10423.htm,"The document is a Cash-Settled Stock Appreciation Right (SAR) Agreement between Arthur J. Gallagher & Co. and a participant under the company’s Long-Term Incentive Plan. It outlines the terms of a stock-based compensation award, including vesting schedules, exercise procedures, and restrictive covenants. The document is related to employee compensation and equity incentives, not to insurance or risk transfer between insurers and reinsurers. Although it mentions ""insurance services"" and ""reinsurance"" in the definition of business activities, these references are in the context of describing the company’s operations and restrictive covenants for employees, not as the subject matter of the agreement itself. Therefore, this is not a reinsurance agreement or any form of risk transfer contract.",False,,,,,
2011-1071739-0001071739-11-000033-exhibit101.htm,"The document is an amendment to a contract between the Georgia Department of Community Health (DCH) and Peach State Health Plan for the provision of health services under the ""Planning for Healthy Babies"" (P4HB) 1115 Demonstration Waiver Program. This program expands access to family planning and interpregnancy care services for low-income, uninsured women in Georgia. The amendment modifies various sections of the original contract to include P4HB Participants, update eligibility criteria, define covered services, and establish reporting and payment mechanisms.

This is clearly a direct health care services agreement between a state agency and a managed care organization (MCO), focused on the delivery of medical benefits such as family planning, primary care, and case management. It involves capitated payments, provider networks, enrollment processes, and quality monitoring—all hallmarks of a direct insurance or managed care contract.

The document is not a reinsurance agreement because it does not involve one insurer transferring risk to another insurer. There is no indication of risk transfer between insurance entities; instead, the risk is between the state (payer) and the health plan (provider of services). The contract is part of a Medicaid managed care program, which is a form of direct insurance, not reinsurance.

Therefore, the document is a direct health insurance/managed care contract amendment and not a reinsurance agreement.",False,,,,,
2011-1171662-0001140361-11-051907-ex10_1.htm,"The document is a contract between the Puerto Rico Health Insurance Administration (ASES) and Triple-S Salud, Inc. for the administration of the physical health component of the MiSalud program. The contract outlines the responsibilities of the contractor (Triple-S Salud, Inc.) in managing and administering health services, including enrollment, provider contracting, claims processing, and quality improvement. The contractor is not financially responsible for the provision of covered services, as stated in Article 1.1, which indicates that the contractor acts as a third-party administrator. The services are paid for by ASES, and the contractor receives an administrative fee for its services. This arrangement is typical of a third-party administration (TPA) agreement, where the administrator handles the operational aspects of the insurance plan but does not bear the financial risk of the claims. Therefore, the document is not a reinsurance agreement, as it does not involve the transfer of risk from one insurer to another. Since it is not a reinsurance agreement, the subsequent fields related to reinsurance (is_main_contract, is_obligatory, proportional_or_non_proportional, insurance_type, class_of_business) are not applicable and are set to None.",False,,,,,
2011-931148-0001193125-11-284275-d222661dex1010.htm,"The document provided is an ""Amended and Restated Credit Agreement"" between GrafTech International Ltd., its subsidiaries, and a group of lenders led by JPMorgan Chase Bank, N.A. This agreement outlines the terms for a credit facility involving loans, letters of credit, and various covenants, but it does not involve the transfer of insurance risk from one party to another. Instead, it is a financial agreement focused on lending and borrowing money, establishing credit limits, and setting conditions for repayment. It includes standard clauses related to interest rates, fees, collateral, representations and warranties, covenants, events of default, and other provisions typical of a corporate credit agreement.

None of the content refers to insurance policies, reinsurance contracts, retrocession agreements, or any other instrument that transfers insurance risk. The document also does not mention any underlying insurance portfolios, actuarial calculations, claims settlement processes, or other elements characteristic of reinsurance or insurance contracts.

Therefore, this document is clearly a credit and loan agreement and falls under the category of financial instruments that are explicitly excluded from being considered reinsurance agreements, such as bonds, loans, and credit instruments.",False,,,,,
2011-101063-0001193125-11-299776-d228413dex101.htm,"The document provided is an ""Amended and Restated Credit Agreement"" between Chiquita Brands L.L.C. and various lenders. It outlines the terms and conditions of a credit facility, including loan amounts, interest rates, repayment terms, covenants, and security arrangements. This document is clearly a credit agreement, which falls under the category of financial instruments and credit facilities.

Based on the classification criteria provided, reinsurance agreements include documents such as reinsurance agreements, retrocession agreements, and other agreements that transfer risk from insurers to reinsurers. The document in question does not involve the transfer of insurance risk from an insurer to a reinsurer. Instead, it is a standard credit agreement that governs the borrowing of funds by a company from a group of lenders. The document contains no provisions related to insurance or reinsurance, nor does it mention any transfer of insurance risk.

Therefore, this document is not a reinsurance agreement. Since it is not a reinsurance agreement, the subsequent fields related to reinsurance characteristics (is_main_contract, is_obligatory, proportional_or_non_proportional, insurance_type, class_of_business) are not applicable and should be set to None.",False,,,,,
2011-1279363-0001279363-11-000064-statesettlement-oh.htm,"The document is a settlement agreement between the State of Ohio and WellCare Health Plans, Inc. and several of its subsidiaries, resolving allegations related to fraudulent billing practices, manipulation of medical loss ratios, improper payments to providers, and other misconduct in connection with Medicaid programs. The agreement outlines financial payments, releases of liability, cooperation requirements, and other terms to resolve civil and administrative claims.

The document does not establish a reinsurance or retrocession contract. Instead, it is a legal settlement resolving litigation related to healthcare billing and compliance. It does not involve the transfer of insurance risk from one insurer to another, which is the defining characteristic of reinsurance. The mention of ""Comprehensive Reinsurance, Ltd."" as one of the named entities does not make the agreement itself a reinsurance contract.

Because the document is not a reinsurance agreement, all subsequent classification fields related to reinsurance (main contract, obligatory, proportional status, insurance type, class of business) are not applicable and must be set to None.",False,,,,,
2011-1401521-0001401521-11-000020-exh10430jun11.htm,"The document is titled ""Reinstatement Premium Protection Reinsurance Agreement"" and explicitly states that it is an agreement between United Property and Casualty Insurance Company (the ""Company"") and subscribing reinsurers. It is designed to indemnify the Company for 100% of any net reinstatement premium it pays under its underlying ""Original Agreement,"" which is a Property Catastrophe Excess of Loss Reinsurance Agreement. Reinstatement Premium Protection (RPP) agreements are specifically listed in the instructions as reinsurance agreements when they refer to an underlying reinsurance contract—which this one does. Therefore, this document qualifies as a reinsurance agreement.

The agreement contains all the principal terms of the RPP contract, including business covered, term, premium, loss settlements, and other standard clauses. It is not merely an amendment or ancillary document, but a standalone contract establishing the RPP reinsurance relationship. Therefore, it is a main contract.

The underlying Original Agreement is an Excess of Loss treaty covering property catastrophe risks, which is non-proportional. The RPP agreement protects against the cost of reinstating the capacity of that non-proportional treaty. RPP contracts derive their classification from the underlying reinsurance: since the original agreement is non-proportional, this RPP is also classified as non-proportional.

The underlying insurance is property catastrophe coverage, which falls under Non-Life insurance. The class of business is Property, as it involves coverage for property damage from natural catastrophes.

The RPP is tied to a treaty (the Original Agreement) that covers all losses under the Company’s property catastrophe program—this is not limited to specific named risks or facultative placements. Therefore, it is an obligatory reinsurance agreement.",True,True,True,non-proportional,Non-Life,Property
2011-1400810-0001193125-11-221350-dex1015.htm,"The document is titled ""AGGREGATE EXCESS CATASTROPHE REINSURANCE CONTRACT"" and is explicitly structured as a reinsurance agreement between Homeowners Choice Property & Casualty Insurance Company (the ""Company"") and subscribing reinsurers. The purpose is to indemnify the Company for its net excess liability from losses arising under its insurance policies, which is a core function of reinsurance. It includes standard reinsurance clauses such as retention and limits, inuring reinsurance, premium calculations, loss occurrence definitions, arbitration, and collateral. Therefore, it clearly qualifies as a reinsurance agreement.

The document establishes the full terms of a reinsurance contract, including multiple coverages (A, B, and C), detailed retentions, limits, and conditions. It is not an endorsement, amendment, or ancillary document modifying an existing contract, but rather a complete, self-contained reinsurance contract. Thus, it is a main contract.

The agreement is an ""aggregate excess of loss"" contract, which is a type of non-proportional reinsurance. It indemnifies the reinsured for aggregate losses exceeding a specified retention over the contract period, not a proportional share of each loss. This is distinct from proportional arrangements like quota share. The structure in Article 4 (retention and limits) and Article 8 (loss occurrence definition) confirms this non-proportional nature.

The underlying insurance covers ""property perils of Homeowners and Dwelling,"" as stated in Article 1. This is clearly Non-Life insurance, as it pertains to property damage, not life, health, or annuity products.

The class of business is Property, as the coverage is explicitly for homeowners and dwelling policies, which involve physical damage to property from perils like windstorm, fire, and freeze. Article 3 excludes Accident and Health, Fidelity, Surety, Workers' Compensation, and Credit, further confirming the focus is on property risks.",True,True,True,non-proportional,Non-Life,Property
2011-1412100-0001144204-11-014466-v214182_ex10-15.htm,"The document is a ""Second Amendment to Asset Management Agreement"" between AII Insurance Management Limited and several Maiden entities, including Maiden Insurance Company Ltd., Maiden Holdings, Ltd., Maiden Holdings North America, Ltd., and Maiden Reinsurance Company. The purpose of the document is to amend an existing asset management agreement, specifically by adding Maiden Reinsurance Company as a party, updating contact information, modifying the fee structure for asset management services, and replacing an appendix.

The agreement pertains to investment management services, not risk transfer between insurers and reinsurers. It does not establish or modify any reinsurance contract terms such as ceding of insurance risk, reinsurance coverage, premiums, limits, or indemnification for losses. Instead, it governs the provision of investment management services for the assets of the insurance entities.

Because the document relates to asset or investment management and not to the transfer of insurance risk, it does not meet the definition of a reinsurance agreement. It is not a reinsurance treaty, retrocession, or any other form of risk transfer instrument. It also does not amend, renew, or modify a reinsurance contract — it amends an asset management agreement.

Therefore, this document is not a reinsurance agreement. As a result, all subsequent fields that depend on the document being a reinsurance agreement (such as whether it is a main contract, obligatory, proportional, etc.) must be set to None.",False,,,,,
2011-1279363-0001279363-11-000013-gaamendment8.htm,"The document is a contract between the Georgia Department of Community Health (DCH) and WellCare of Georgia, Inc. for the provision of services to Georgia Families, which is a managed care program for Medicaid and PeachCare for Kids™. The contract outlines the responsibilities of the contractor, including enrollment, disenrollment, member services, marketing, covered benefits and services, special coverage provisions, provider network and access, provider services, utilization management, quality improvement, fraud and abuse, internal grievance system, administration and management, claims management, information management and systems, reporting requirements, term of contract, payment for services, financial management, payment of taxes, relationship of parties, inspection of work, state property, ownership and use of data, staffing assignments and credentials, criminal background checks, subcontractors, license, certificate, permit requirement, risk or loss and representations, prohibition of gratuities and lobbyist disclosures, records requirements, confidentiality requirements, termination of contract, liquidated damages, indemnification, insurance, payment bond & irrevocable letter of credit, compliance with all laws, conflict resolution, conflict of interest and contractor independence, notice, miscellaneous, amendment in writing, contract assignment, severability, compliance with auditing and reporting requirements for nonprofit organizations, and entire agreement.

The contract is not a reinsurance agreement as it does not involve the transfer of risk from one insurer to another. Instead, it is a direct insurance contract where WellCare of Georgia, Inc. agrees to provide healthcare services to members of the Georgia Families program. The document is a main contract as it establishes the reinsurance or retrocession contract or is merely an ancillary agreement. However, since it is not a reinsurance agreement, the question of whether it is a main contract is not applicable. The same applies to the questions of whether it is an obligatory reinsurance agreement, whether it is proportional or non-proportional, the type of insurance it pertains to, and the class of business of the underlying insurance portfolio.",False,,,,,
2011-1179929-0000950123-11-023069-a58840exv10w27.htm,"The provided document is a ""Purchase Agreement"" for the sale of a commercial real estate property located at 200 & 300 Oceangate, Long Beach, California. It details the terms of the sale between a seller (200 Oceangate, LLC) and a buyer (Molina Center LLC), including the purchase price, due diligence period, conditions to closing, representations and warranties, and other standard provisions for a real estate transaction.

The document does not contain any language related to the transfer of insurance risk, indemnification for insurance claims, or any other terms characteristic of a reinsurance agreement. Instead, it is focused entirely on the conveyance of real property, personal property, leases, and related assets. The metadata indicates this is an exhibit (EX-10.27) filed with a 10-K by Molina Healthcare Inc., a company whose business is healthcare, not insurance or reinsurance.

Therefore, this document is a real estate purchase agreement and not a reinsurance agreement.",False,,,,,
2011-764401-0000950123-11-039223-g26982exv10w4.htm,"The provided document is a ""Second Amended and Restated Credit Agreement"" between Insteel Wire Products Company (the borrower), other credit parties, and General Electric Capital Corporation (the agent and lender). This document establishes the terms of a credit facility, including loan amounts, interest rates, repayment terms, covenants, and conditions for borrowing. It is a standard credit agreement for a corporate loan, not related to insurance or reinsurance. The document outlines financial arrangements, collateral, and obligations typical of a secured lending transaction. There is no mention of insurance policies, risk transfer, or reinsurance structures. Therefore, this document is not a reinsurance agreement.",False,True,,,,
2011-931058-0001104659-11-061765-a11-25888_1ex10d1.htm,"The document is a Credit Agreement dated October 26, 2011, between LIN Television Corporation (the Borrower), various Lenders, and JPMorgan Chase Bank, N.A., as Administrative Agent. The agreement outlines terms for loans, commitments, letters of credit, and other financial arrangements. It includes provisions for term loans, revolving credit, interest rates, covenants, and events of default.

This document is fundamentally a credit and lending agreement, not an insurance or reinsurance contract. It does not involve the transfer of insurance risk from one insurer to another, which is the core characteristic of reinsurance. Instead, it is a standard financial instrument for corporate borrowing.

Based on the provided definitions, reinsurance agreements include contracts like retrocession agreements, loss portfolio transfers, and catastrophe bonds. This document is explicitly a ""Credit Agreement"" and contains no language suggesting it is a reinsurance contract. It is more accurately classified as a loan or credit facility, which is specifically excluded from the definition of reinsurance agreements.

Therefore, the document is not a reinsurance agreement, and all subsequent fields that depend on it being a reinsurance contract must be set to None.",False,,,,,
2011-1473078-0001193125-11-037897-dex1024.htm,"The document is an ""Amended and Restated Credit Agreement"" between Chesapeake Lodging, L.P. (the Borrower), several financial institutions (the Lenders), and Wells Fargo Bank, N.A. (the Administrative Agent). It outlines the terms of a credit facility, including loan amounts, interest rates, repayment schedules, covenants, and conditions precedent. The agreement involves the borrowing of funds by a real estate investment trust for the acquisition and management of hotel properties.

This document is clearly a credit agreement, which is a type of loan or credit instrument. According to the provided list of documents that are NOT considered reinsurance agreements, ""Bonds, loans and credit instruments"" are explicitly excluded from being reinsurance agreements. The entire structure of the document—defining loan amounts, interest calculations, collateral properties (hotel assets), and repayment obligations—confirms it is a standard lending agreement, not an insurance or reinsurance contract.

Since it is not a reinsurance agreement, all subsequent fields related to the type of reinsurance (main contract, obligatory, proportional, insurance type, class of business) are not applicable and should be set to 'None'.",False,,,,,
2011-1401521-0001401521-11-000020-exh10130jun11.htm,"The document is a ""Property Catastrophe Excess of Loss Reinsurance Agreement"" between United Property and Casualty Insurance Company (the ""Company"") and one or more subscribing reinsurers. The agreement is structured to indemnify the Company for its net excess liability arising from property insurance policies it has issued, particularly homeowners and condominium policies in Florida and South Carolina. This clearly falls under the definition of a reinsurance agreement as it transfers risk from an insurer to a reinsurer.

The agreement establishes the full terms of the reinsurance contract, including business covered, retention and limit, premium, reinstatement, and other standard clauses. It contains multiple schedules (A through D) detailing different layers of excess of loss coverage, which are integral parts of the main contract. Therefore, this is not an ancillary or modifying document but a complete main contract.

The agreement is an obligatory treaty because it covers all losses arising from a defined portfolio (property business in specific states) that meet the retention and layer criteria. It is not limited to specific named risks or facultative cases, but rather applies automatically to all qualifying losses, which is characteristic of an obligatory reinsurance arrangement.

The coverage is structured as excess of loss across multiple layers (Schedules A-D), which is a classic form of non-proportional reinsurance. There is no indication of proportional sharing of premiums or losses (such as quota share), and the liability is defined in terms of retention and limit per loss occurrence, which confirms its non-proportional nature.

The underlying insurance business is clearly Property, as stated in Article 1 (""classified by the Company as Property Business"") and further specified as Homeowners and Condominium Owners insurance. This falls squarely within Non-Life insurance and specifically under the ""Property"" class of business. The exclusions also confirm this by specifically excluding Casualty, Health, Marine, and other lines.

Therefore, all classification criteria are met based on the explicit terms and structure of the document.",True,True,True,non-proportional,Non-Life,Property
2011-1172052-0001104659-11-062109-a11-25737_1ex10d2.htm,"The document is a ""PROPERTY CATASTROPHE EXCESS OF LOSS REINSURANCE AGREEMENT"" between Safety Insurance Company and Swiss Reinsurance America Corporation. It clearly establishes a reinsurance contract where Swiss Re indemnifies the ceding company for ultimate net losses arising from catastrophe events, subject to specific retentions and limits. This fits squarely within the definition of a reinsurance agreement as it transfers risk from an insurer to a reinsurer.

The agreement contains all principal terms of the reinsurance contract, including business covered, limits, retentions, effective dates, exclusions, and claims procedures. It is executed by both parties and is not merely an amendment or ancillary document. Therefore, it qualifies as a main contract.

The agreement covers multiple layers of excess of loss protection across various catastrophe perils, applies to all policies in force or written during the term, and does not require individual risk-by-risk acceptance. This indicates it is an obligatory treaty reinsurance agreement, not facultative.

The structure is excess of loss (non-proportional), as it covers losses in excess of specified retentions up to defined limits. There is no sharing of premiums or losses on a proportional basis (e.g., quota share), confirming it is non-proportional.

The underlying insurance covers property lines such as Commercial Multiple Peril, Homeowners, Fire, and Automobile Physical Damage, all of which are Non-Life insurance types.

The lines of business are primarily property-related perils (fire, windstorm, earthquake, etc.) on commercial and personal property. Based on the NAIC codes and descriptions, the primary class of business is Property.",True,True,True,non-proportional,Non-Life,Property
2011-1279363-0001279363-11-000064-statesettlement-fl.htm,"The document is a ""State Settlement Agreement"" between the State of Florida and WellCare Health Plans, Inc., and several of its subsidiaries. It resolves civil and administrative claims related to alleged fraudulent conduct involving Medicaid billing practices, including inflating expenses, manipulating medical loss ratios, upcoding, and improper provider remuneration. The agreement includes payment terms, releases, cooperation obligations, and other legal provisions related to the settlement of litigation.

The document does not establish or modify a reinsurance contract. Although it mentions a ""wholly-owned reinsurance subsidiary"" in the context of alleged misconduct (Paragraph II.J.2), this reference is incidental and does not mean the document itself is a reinsurance agreement. The document is a legal settlement resolving qui tam (whistleblower) lawsuits and does not contain any terms typical of reinsurance contracts, such as risk transfer, ceding commissions, limits, retentions, or coverage triggers.

Therefore, the document is not a reinsurance agreement. Since it is not a reinsurance agreement, all subsequent reinsurance-specific classification fields must be set to None.",False,,,,,
2011-896159-0001193125-11-047473-dex105.htm,"The document is a Facility Agreement between ACE Limited and Lloyds TSB Bank PLC for the issuance of letters of credit. The agreement outlines the terms and conditions under which the bank will issue standby letters of credit (LOCs) for the account of ACE and its Wholly-owned Subsidiaries. These LOCs are to be used for the purpose of being included in the Funds at Lloyd's of a Member, which is a corporate member of Lloyd's. The agreement includes provisions for the issuance, extension, and drawing of LOCs, reimbursement obligations, collateralization, and other financial terms.

The document is not a reinsurance agreement because it does not involve the transfer of insurance risk from one insurer to another. Instead, it is a financial arrangement where a bank agrees to issue letters of credit, which are financial instruments used to guarantee payment or performance. Letters of credit are explicitly listed as not being reinsurance agreements in the provided criteria.

Since the document is not a reinsurance agreement, the subsequent fields related to reinsurance (is_main_contract, is_obligatory, proportional_or_non_proportional, insurance_type, class_of_business) are not applicable and should be set to None.",False,,,,,
2011-79282-0001193125-11-133929-dex104.htm,"The document is an amendment to an employment agreement between Brown & Brown, Inc. and an executive, C. Roy Bridges. It primarily contains covenants related to non-competition, non-solicitation, and confidentiality in the context of an employment relationship. While the company operates in the insurance and reinsurance space, this document does not establish or modify a reinsurance agreement. Instead, it governs the terms of employment and post-employment restrictions for an executive. The document is not a reinsurance contract, nor does it relate to risk transfer between insurers and reinsurers. Therefore, it falls outside the definition of a reinsurance agreement as specified in the instructions.",False,,,,,
2011-1071739-0001071739-11-000022-exhibit101.htm,"The document is an amendment to a contract between the Georgia Department of Community Health (DCH) and Peach State Health Plan (a managed care organization) for the provision of healthcare services under the ""Planning for Healthy Babies"" (P4HB) 1115 Demonstration Waiver Program. This program provides family planning and interpregnancy care services to low-income women in Georgia. The amendment modifies the original contract by expanding eligibility, updating definitions, and adding new provisions related to services, enrollment, and reporting.

The document is clearly a healthcare services agreement between a state agency and a managed care provider. It outlines the terms for delivering medical services, provider networks, claims processing, member services, and quality reporting. It does not contain any language related to risk transfer between insurance entities, indemnification for claims, or other hallmarks of reinsurance. Instead, it governs the direct provision of healthcare services to beneficiaries.

Therefore, this is a direct insurance or managed care contract, not a reinsurance agreement. As such, all downstream fields related to reinsurance classification (main contract, obligatory, proportional, insurance type, class of business) are not applicable.",False,,,,,
2011-1300514-0000950123-11-096711-c22583exv10w1.htm,"The provided document is a Credit Agreement, which is a financial contract between a borrower and lenders for the provision of a loan. The document outlines the terms and conditions of the loan, including the amount, interest rates, repayment schedule, and covenants. It does not contain any provisions related to reinsurance, which involves the transfer of risk from one insurer to another. The document is clearly a loan agreement, not a reinsurance agreement.",False,,,,,
2011-785161-0000785161-11-000066-exhibit10-2.htm,"The document is a ""Second Amended and Restated Credit Agreement"" dated May 10, 2011, between HealthSouth Corporation, the Lenders, and Barclays Bank PLC, acting as Administrative and Collateral Agent. It is a financial instrument that establishes a lending arrangement, including Term Loans, Revolving Loans, and other credit facilities. The agreement outlines the terms of borrowing, interest rates, repayment schedules, covenants, and other provisions typical of a credit facility.

The document is not a reinsurance agreement. Reinsurance agreements involve the transfer of insurance risk from one insurer (the ceding company) to another (the reinsurer). This document, however, is a credit agreement, which is a type of loan or debt instrument. It involves the borrowing of money by HealthSouth Corporation, secured by collateral, and is governed by provisions related to credit, interest, and repayment, not the transfer of insurance risk. Therefore, it does not meet the definition of any type of reinsurance agreement listed in the guidelines.

Since it is not a reinsurance agreement, the subsequent fields related to reinsurance (is_main_contract, is_obligatory, proportional_or_non_proportional, insurance_type, class_of_business) are not applicable and should be set to None.",False,,,,,
2011-1355001-0001193125-11-055562-dex106.htm,"The document is an ""Incremental Assumption Agreement"" dated February 3, 2011, among Domus Intermediate Holdings Corp., Realogy Corporation, and various lenders, with JPMorgan Chase Bank acting as administrative agent. The agreement relates to the extension and conversion of existing loan facilities under a prior credit agreement, including First Lien Term Loans, Revolving Facility Commitments, and Synthetic L/C Commitments. It outlines amendments to maturity dates, interest rates, and repayment terms, and references prepayments funded by refinancing notes.

The document is clearly a financial credit agreement involving corporate lending and loan restructuring. It does not involve risk transfer between insurers and reinsurers, nor does it mention insurance, reinsurance, retrocession, or any insurance-specific terms. Instead, it focuses on loan extensions, commitments, and lender agreements—hallmarks of corporate debt financing.

Therefore, the document is not a reinsurance agreement. As such, all downstream reinsurance-specific classification fields (main contract, obligatory, proportional, insurance type, class of business) are not applicable and should be set to None.",False,,,,,
2011-8497-0001193125-11-221520-dex1029.htm,"The document is titled ""FLORIDA PRIVATE PASSENGER AUTOMOBILE QUOTA SHARE REINSURANCE CONTRACT"" and is explicitly structured as a reinsurance agreement between AssuranceAmerica Insurance Company (the ceding company) and one or more subscribing reinsurers. The term ""quota share"" in the title and throughout the document indicates a proportional reinsurance arrangement where the ceding company and the reinsurer share premiums and losses in a fixed proportion (50.0% each, as stated in Article 2). This clearly falls within the definition of a reinsurance agreement.

The document establishes the full terms of the reinsurance contract, including scope of coverage (Article 1), retention and limits (Article 2), term (Article 3), exclusions (Article 9), premium and commission terms (Articles 10–12), loss handling (Articles 14–15), and other standard clauses. It is not an ancillary document like an endorsement or amendment but a complete, self-contained contract. Therefore, it qualifies as a main contract.

As a quota share treaty covering all private passenger automobile policies written in Florida during the contract period (subject to exclusions), it is an obligatory reinsurance agreement. It automatically reinsures all qualifying business without the need for individual underwriting decisions per risk, which is characteristic of obligatory treaties.

The reinsurance is explicitly proportional, as it is a ""quota share"" arrangement where both premiums and losses are shared on a fixed percentage basis (50.0%). Minor non-proportional features (e.g., specific limits on extra contractual obligations) do not change the fundamental proportional nature.

The underlying insurance covers private passenger automobile policies, which include liability and physical damage coverage. This is clearly non-life (property and casualty) insurance.

The class of business is primarily casualty (due to liability coverage) and property (due to physical damage coverage). However, since the contract covers both liability (Casualty) and physical damage (Property) aspects of automobile insurance as a unified portfolio, and these are inseparable under the same proportional treaty, the appropriate classification is ""Multi-Line"". The term ""CreditMulti-Line"" in the schema appears to be a formatting error and should be interpreted as ""Multi-Line"". Given that the contract covers multiple distinct non-life lines (liability and physical damage) under one treaty, ""Multi-Line"" is the most accurate category.",True,True,True,proportional,Non-Life,CreditMulti-Line
2011-1401521-0001401521-11-000020-exh10630jun11.htm,"The document is a ""Reinstatement Premium Protection Reinsurance Agreement"" between United Property & Casualty Insurance Company and UPC Re. It explicitly states that the Reinsurer agrees to indemnify the Company for 30% of any net reinstatement premium the Company pays under its underlying Property Catastrophe Excess of Loss Reinsurance Agreement. Reinstatement Premium Protection (RPP) contracts are considered reinsurance agreements when they refer to an underlying reinsurance contract, which this document clearly does (the ""Original Agreement"" is defined and referenced throughout). Therefore, this document qualifies as a reinsurance agreement.

The agreement establishes the full terms of the RPP contract, including business covered, term, premium, loss settlements, and other conditions. It is not merely an endorsement or amendment but a standalone contract that sets out all principal terms. Therefore, it is a main contract.

The underlying Original Agreement is a Property Catastrophe Excess of Loss treaty, which is a non-proportional reinsurance contract. The RPP contract covers reinstatement premiums arising from that non-proportional treaty. Reinstatement Premium Protection on a non-proportional underlying contract is classified as non-proportional reinsurance.

The underlying insurance coverage is property catastrophe, which falls under Property damage from Natural Catastrophes. This is a Non-Life insurance product, specifically within the Property class of business. There is no indication of Life or Health insurance being involved.

The agreement is structured as a treaty-level cover (30% of reinstatement premiums across the portfolio), and since it relates to a catastrophe excess of loss treaty covering a broad portfolio of property risks, it is obligatory in nature — it automatically covers all reinstatement premiums arising from qualifying losses under the original treaty.",True,True,True,non-proportional,Non-Life,Property
2011-1279363-0001279363-11-000064-statesettlement-in.htm,"The document is a settlement agreement between the State of Indiana and WellCare Health Plans, Inc., along with several of its subsidiaries, to resolve allegations of fraudulent conduct related to Medicaid claims. The allegations include inflating expenses, manipulating medical loss ratios, submitting false data, and retaining overpayments. The agreement outlines financial payments, releases of liability, and cooperation requirements but does not establish any insurance or reinsurance arrangement. It is a legal settlement related to healthcare fraud, not a contract for risk transfer between insurers and reinsurers. There is mention of a ""wholly-owned reinsurance subsidiary"" in the preamble (Paragraph II.J.2), but this is in the context of describing past conduct, not establishing a reinsurance contract in this document. Therefore, the document itself is not a reinsurance agreement, nor does it modify or amend one. As such, all downstream classifications (main contract, obligatory, proportional, insurance type, class of business) are not applicable.",False,,,,,
2011-1165880-0001104659-11-009995-a11-2248_1ex10d14.htm,"The document is a deed that amends a service agreement between Montpelier Reinsurance Ltd., Montpelier Re Holdings Ltd., and an employee (Jonathan B. Kim). It modifies the definition of ""Company"" in the existing service agreement and confirms the continued validity of the agreement with the stated changes. The document pertains to employment terms and corporate governance, not to any risk transfer arrangement between insurers and reinsurers. It does not establish, modify, or relate to a reinsurance contract, nor does it involve any provisions typical of reinsurance agreements such as ceding of risk, premiums, coverage limits, or treaty terms. Therefore, it is not a reinsurance agreement.",False,,,,,
2011-1127703-0000950123-11-017588-g25455exv10w5.htm,"The document is a Deferred Compensation Plan and Agreement between ProAssurance Corporation, its subsidiary, and an individual executive, Victor T. Adamo. It outlines the terms under which Adamo will forgo immediate severance compensation in exchange for deferred payments upon termination of employment, contingent on certain conditions such as signing a release and complying with non-compete obligations. The agreement pertains to executive compensation and employment terms, not to risk transfer between insurers and reinsurers.

It does not involve the transfer of insurance risk from one insurer to another, nor does it reference reinsurance, retrocession, or any related mechanisms. Instead, it is an employment-related deferred compensation arrangement, which is explicitly excluded from the definition of reinsurance agreements. Therefore, it is not a reinsurance agreement.

Since it is not a reinsurance agreement, all subsequent fields that depend on that classification (is_main_contract, is_obligatory, etc.) must be set to None.",False,,,,,
2011-1166291-0001166291-11-000054-exhibit10-88.htm,"The document is an Aircraft Lease Agreement between Wells Fargo Bank Northwest, National Association, as Lessor, and Colgan Air, Inc., as Lessee. The agreement details the leasing of a Bombardier DHC-8-402 aircraft, including terms related to rent, maintenance, insurance, redelivery conditions, and other operational and legal provisions. The document does not contain any language or structure indicative of a reinsurance agreement. Instead, it is a standard lease agreement for an aircraft, outlining the rights and obligations of the lessor and lessee regarding the use, maintenance, and return of the aircraft. The document does not involve the transfer of insurance risk from one insurer to another, which is a defining characteristic of reinsurance agreements. Therefore, the document is not a reinsurance agreement.",False,,,,,
2011-891014-0000891014-11-000007-ex10-17.htm,"The document titled ""MINERALS TECHNOLOGIES INC. RETIREE MEDICAL PLAN"" is an employee benefits plan that provides medical coverage for retirees and their dependents. It outlines definitions, participation rules, contributions, benefits, claims procedures, funding, plan administration, amendment, and termination. The plan is governed by ERISA, HIPAA, COBRA, and other applicable laws, and is explicitly designated as a welfare benefit plan.

This document is not a reinsurance agreement. It does not involve the transfer of insurance risk from one insurer to another (reinsurer), nor does it contain any language typical of reinsurance contracts such as ceding commissions, retrocession, risk pooling between insurers, or indemnification clauses between insurance entities. Instead, it is a direct arrangement between an employer and its retirees for healthcare benefits, making it a direct insurance or employee welfare benefit plan.

Because it is not a reinsurance agreement, all downstream classifications (main contract, obligatory, proportional, insurance type, class of business) are not applicable and must be set to None.",False,,,,,
2011-899629-0001445305-11-003166-exhibit1085.htm,"The document is an ""Amended and Restated Loan Agreement"" between a borrower (Acadia Storage Post Portfolio Company LLC) and a lender (General Electric Capital Corporation). It details the terms of a loan, including the principal amount, interest rate, repayment schedule, security (mortgages on several parcels of real estate), covenants, representations, and remedies in case of default. The document also includes associated notes, mortgage modification agreements, and a mortgage, security agreement, and fixture filing. The subject matter is clearly a commercial real estate loan, secured by self-storage properties. There is no mention of insurance, risk transfer, or reinsurance anywhere in the document. According to the provided definitions, reinsurance agreements include reinsurance, retrocession, and other risk transfer instruments. This document is a standard loan and security agreement, which is explicitly listed as not being a reinsurance agreement. Therefore, it is not a reinsurance agreement.",False,,,,,
2011-1304280-0000950123-11-009997-g25888exv10w2.htm,"The provided document is a credit agreement, specifically a term loan credit agreement, between NOVELIS INC., AV METALS INC., various guarantors, lenders, and Bank of America, N.A., as the administrative and collateral agent. The document details the terms for a $1,500,000,000 loan, including interest rates, repayment schedules, and security arrangements. It includes provisions for loans, guarantees, and security interests, all of which are typical of a standard credit agreement.

This document is not a reinsurance agreement. Reinsurance agreements involve an insurer (the ceding company) transferring portions of its risk portfolio to another insurer (the reinsurer) to reduce the likelihood of having to pay a large obligation resulting from an insurance claim. The document in question does not involve the transfer of insurance risk but rather the extension of credit and the creation of debt obligations.

The document is a main contract as it establishes the primary terms of the credit agreement, including the loan amounts, interest rates, repayment terms, and the security interests and guarantees provided by the borrowers and guarantors. It is not an ancillary agreement, which would typically be a supplementary document that modifies or adds to the terms of a main contract.

The document is an obligatory agreement as it involves a formal, binding commitment by the parties to provide and repay a specified amount of money under defined terms. However, since the document is not a reinsurance agreement, the question of whether it is obligatory in the context of reinsurance is not applicable.

Given that the document is not a reinsurance agreement, the questions regarding whether it is proportional or non-proportional, the type of insurance it pertains to, and the class of business are not applicable.",False,True,,,,
2011-1453820-0000950123-11-029722-w82113exv10w9.htm,"The document is titled ""CASUALTY EXCESS OF LOSS REINSURANCE CONTRACT"" and is explicitly structured as a reinsurance agreement between Penn Millers Insurance Company and American Millers Insurance Company (the ""Company"") and subscribing reinsurers. It contains standard reinsurance clauses such as retention and limits, premium calculations, reinstatement, definitions of key terms like ""Ultimate Net Loss"" and ""Loss Occurrence"", and provisions for arbitration, commutation, and insolvency. The business covered is described as casualty insurance policies, and the structure involves two excess layers of coverage, which is typical of non-proportional reinsurance.

The document establishes the full terms of a reinsurance contract, including scope, limits, exclusions, and conditions, and is not merely an ancillary document like an endorsement or amendment. It is therefore a main contract. The contract is obligatory because it covers all casualty policies written or renewed during the term by the company, subject to defined exclusions, indicating automatic reinsurance for a class of business, which is characteristic of obligatory reinsurance.

The reinsurance is structured as two excess layers (First Excess and Second Excess) with defined retentions and limits per loss occurrence, which is a hallmark of non-proportional (excess of loss) reinsurance. There are no proportional features such as quota share or surplus terms.

The underlying insurance is clearly non-life, as it pertains to casualty lines such as liability, workers' compensation, and general liability. The class of business is ""Casualty"" as defined in the guidelines, covering commercial liability, professional liability, motor liability, and similar lines, which aligns with the exclusions and business covered in the contract.",True,True,True,non-proportional,Non-Life,Casualty
2011-1365555-0001144204-11-014945-v213916_ex10-33.htm,"The document is titled ""PERSONAL AND COMMERCIAL AUTOMOBILE QUOTA SHARE REINSURANCE AGREEMENT"", which clearly indicates it is a reinsurance agreement. It involves Integon National Insurance Company (the ""Company"") ceding 50% of its personal and commercial automobile business to a group of reinsurers. This structure—where the ceding company transfers a fixed percentage of premiums and losses to the reinsurer—is characteristic of a proportional reinsurance arrangement, specifically a quota share.

The agreement establishes the full terms of the reinsurance contract, including business covered, premiums, commissions, loss settlement, exclusions, termination, and arbitration. It is not merely an amendment or ancillary document but a complete, standalone reinsurance contract. Therefore, it qualifies as a main contract.

The reinsurance is obligatory because it covers all eligible new and renewal policies in the defined personal and commercial automobile lines—i.e., all risks in a specific portfolio are automatically ceded. This is not a facultative arrangement limited to individual risks.

The contract is explicitly proportional, as it is a ""quota share"" agreement where 50% of premiums and losses are ceded. There is no indication of excess-of-loss or other non-proportional mechanisms.

The underlying insurance business is personal and commercial automobile insurance, which includes liability and physical damage coverage. This falls under Non-Life insurance. The class of business is primarily ""Casualty"", as it includes third-party liability (bodily injury and property damage), which is a core component of casualty lines. Motor liability (including bodily injury and property damage) is specifically cited under the ""Casualty"" category in the classification guidelines.",True,True,True,proportional,Non-Life,Casualty
2011-1279363-0001279363-11-000064-statesettlement-ny.htm,"The document is a settlement agreement between the State of New York and WellCare Health Plans, Inc. and several of its subsidiaries, resolving allegations of fraudulent conduct related to Medicaid claims. The agreement outlines financial payments, release of claims, compliance obligations, and cooperation requirements. It does not establish any form of risk transfer between insurers and reinsurers. Instead, it is a legal resolution of civil and administrative claims arising from alleged misconduct in billing and reporting practices within a healthcare insurance context.

The document references ""Comprehensive Reinsurance, Ltd."" as one of the named entities, which may suggest a reinsurance function within the corporate structure. However, the agreement itself does not contain terms of a reinsurance contract, nor does it amend, renew, or modify any reinsurance agreement. It is not a reinsurance treaty, retrocession, or any other type of risk transfer agreement. It is also not an ancillary agreement to a reinsurance contract, but rather a resolution of qui tam (whistleblower) lawsuits and related state claims.

Therefore, the document is not a reinsurance agreement as defined in the instructions. Since it is not a reinsurance agreement, all subsequent classification fields must be set to 'None'.",False,,,,,
2011-944695-0001193125-11-216229-dex102.htm,"The document is a service agreement between Chaucer Holdings plc and Robert Stuchbery, outlining the terms and conditions of his employment as Chief Executive Officer. It covers aspects such as job title, duties, remuneration, benefits, working hours, notice periods, restrictive covenants, and confidentiality. The agreement is focused on employment terms and does not contain any provisions related to the transfer of insurance risk between insurers and reinsurers. Although the company operates in the insurance sector and the term ""reinsurance"" is mentioned in the definition of ""Insurance"" within Clause 17, this is for the purpose of defining the scope of restrictive covenants post-employment, not to establish a reinsurance contract. Therefore, the document is not a reinsurance agreement but an employment contract.",False,,,,,
2011-800457-0000950123-11-025153-w81976exv10wrr.htm,"The document is the ""2011 Equity Incentive Plan for Employees"" of Donegal Group Inc., which outlines a stock-based compensation plan for employees. It provides for the granting of stock options, stock awards, and other stock-based awards in the company's Class A common stock. The plan is designed to align employee interests with those of shareholders and to incentivize performance. 

The document does not involve any risk transfer between insurance entities, nor does it reference reinsurance, retrocession, or any form of insurance or reinsurance agreement. Instead, it is a corporate compensation plan governed by securities laws and tax regulations (e.g., Section 422 and Section 409A of the Internal Revenue Code). 

Therefore, it is not a reinsurance agreement under any of the defined categories, including main contracts, ancillary agreements, or related risk transfer instruments. Since it is not a reinsurance agreement at all, all downstream classifications (main contract, obligatory, proportional, insurance type, class of business) are inapplicable.",False,,,,,
2011-1494904-0000950123-11-026044-w82021exv10w26.htm,"The document is an amendment and assignment agreement related to a Management Agreement between Fox Paine & Company, LLC and United America Indemnity, Ltd. (UAIL), with the obligations being transferred to Global Indemnity (Cayman) Limited. The agreement outlines the continuation of management services, payment terms (including Annual Service Fees and a potential Termination Fee upon a Change of Control), and advisory services related to potential Change of Control transactions. It also references indemnification and guaranty arrangements.

The document does not involve the transfer of insurance risk from an insurer to a reinsurer. Instead, it pertains to management and advisory services, including financial advice in the context of corporate transactions. It is not a reinsurance agreement, retrocession, or any instrument that transfers underwriting risk. Rather, it is a service and advisory agreement between parties in a corporate structure.

Therefore, this document does not meet any of the criteria for being classified as a reinsurance agreement. It is not a treaty, facultative agreement, portfolio transfer involving risk transfer, or any ancillary document modifying a reinsurance contract. It is also not a capital maintenance, loss portfolio transfer, or insurance-linked security.

Since it is not a reinsurance agreement, all downstream fields related to reinsurance classification (main contract, obligatory, proportional, insurance type, class of business) must be set to None.",False,,,,,
2011-1418819-0001193125-11-057741-dex101.htm,"The document is a COFACE Facility Agreement, which is a loan agreement between Iridium Satellite LLC (the borrower) and a group of financial institutions (the lenders). It establishes the terms for a term loan facility provided to finance the development, procurement, launch, and operation of the Iridium NEXT satellite constellation. The agreement includes provisions for loan disbursement, repayment, interest, covenants, and security. It is not a reinsurance agreement, as it does not involve the transfer of risk from one insurer to another. Instead, it is a standard loan agreement with specific conditions related to the financing of a satellite project.",False,,,,,
2011-1289785-0001193125-11-081384-dex101g.htm,"The document provided is an ""Amended and Restated Credit Agreement"" dated March 8, 2011, between Atlantic Broadband Finance, LLC (the ""Borrower""), Atlantic Broadband Holdings I, LLC, subsidiary guarantors, the lenders, and Credit Suisse AG, as the administrative agent. It outlines a $580,000,000 Senior Secured Credit Facility, including Term Loans and Revolving Credit Commitments, governed by the laws of New York.

The agreement details the terms of the loan, including definitions of key terms (such as ""Indebtedness,"" ""Loans,"" and ""Obligations""), conditions precedent to borrowing, covenants (affirmative and negative), financial covenants (Total Leverage Ratio and Interest Coverage Ratio), events of default, and provisions for amendments, waivers, and assignments.

The document includes schedules and exhibits related to the credit facility, such as a list of lenders and their commitments, guarantors, and forms for notes and guarantees.

This document is clearly a credit and loan agreement, establishing a secured lending relationship between a borrower and multiple lenders. It contains no language, clauses, or structures related to the transfer of insurance risk, indemnification for insurance claims, retrocession, or any other element associated with reinsurance.

Based on the provided definitions, reinsurance agreements include contracts like retrocession agreements, reinsurance treaties, loss portfolio transfers, and capital maintenance agreements. This document is explicitly a credit agreement, which is specifically listed as **not** a reinsurance agreement.

Therefore, this is not a reinsurance agreement.",False,,,,,
2011-1377630-0001193125-11-210401-dex104.htm,"The document is titled ""Amendment No. 2 to the Credit Agreement"" and pertains to a credit agreement between National CineMedia, LLC (the borrower) and various financial institutions. It outlines amendments to the existing credit agreement, including the establishment of replacement revolving credit commitments, adjustments to definitions, fees, and covenants, and conditions for effectiveness. The document is clearly a financial credit agreement amendment, not related to insurance or reinsurance.

According to the provided classification rules, reinsurance agreements include contracts such as reinsurance treaties, retrocessions, loss portfolio transfers, catastrophe bonds, and related instruments. This document, however, is a credit agreement amendment involving banks and lenders modifying loan terms—this falls squarely under general corporate finance and is explicitly excluded from being a reinsurance agreement. Specifically, the rules state that bonds, loans, and credit instruments (except catastrophe bonds and insurance-linked securities) are not considered reinsurance agreements.

Since the document is not a reinsurance agreement, all downstream fields related to reinsurance (main contract, obligatory, proportional, insurance type, class of business) must be set to None.",False,,,,,
2011-1401521-0001401521-11-000020-exh10330jun11.htm,"The document is titled ""MULTIPLE LINE PER RISK EXCESS OF LOSS REINSURANCE AGREEMENT"" and is explicitly structured as a reinsurance contract between United Property and Casualty Insurance Company (the ""Company"") and several subscribing reinsurers (SCOR, AXIS, and Hannover Rueck). It contains standard reinsurance clauses such as Business Covered, Retention and Limit, Premium, Reinstatement, Arbitration, and Insolvency, which are typical of reinsurance agreements. It indemnifies the ceding company for losses exceeding its retention, up to specified limits, which is a hallmark of non-proportional reinsurance.

The agreement covers multiple lines of business, specifically Property and Casualty, and includes detailed provisions on Ultimate Net Loss, Loss Occurrence, and reinsurance mechanics. It is effective for a one-year term and applies to policies classified as Property and Casualty Business, including Homeowners and Condominium Owners, with specific exclusions for various lines such as Accident and Health, Workers' Compensation, and Ocean Marine.

Given the structure, language, and intent, this is clearly a reinsurance agreement. It is a main contract because it establishes the full terms of the reinsurance relationship, including coverage, limits, premiums, and conditions. It is not an ancillary or modifying document.

The contract is non-proportional, as it is an excess of loss agreement where the reinsurer covers losses above a specified retention ($1M) up to a limit ($1.7M or $2.2M), which is characteristic of non-proportional (i.e., excess of loss) reinsurance.

The insurance type is Non-Life, as it covers Property and Casualty lines such as homeowners and liability insurance. The class of business is best classified as ""Multi-Line"" because it explicitly covers both Property and Casualty lines under combined sections and is not limited to a single class. The agreement applies to multiple casualty and property risks, which fits the definition of ""CreditMulti-Line"" in the context of non-life multi-line reinsurance.",True,True,True,non-proportional,Non-Life,CreditMulti-Line
2011-832480-0000832480-11-000007-exhibit1013.htm,"The document is titled ""ASSUMPTION REINSURANCE AGREEMENT"" and is entered into between two life insurance companies: Universal Guaranty Life Insurance Company (the ""Company"") and First International Life Insurance Company (the ""Reinsurer""). The agreement is explicitly tied to an underlying ""Coinsurance Agreement"" and provides for the assumption reinsurance of certain life insurance policies.

Key elements confirming this as a reinsurance agreement:
- It references the transfer of ""Reserves and Liabilities"" for ""Reinsured Policies"" (defined as paid-up life insurance policies).
- It involves the novation of policies, with the Reinsurer stepping into the shoes of the ceding company and being directly liable to policyholders.
- The Reinsurer assumes statutory reserves and policy liabilities, and the Company is released from liability upon assumption.
- It includes standard reinsurance clauses such as indemnification, arbitration, and regulatory cooperation.

This is a reinsurance agreement because it involves the transfer of insurance risk from one insurer to another through assumption reinsurance, which is a recognized form of reinsurance, particularly in life insurance contexts.

The document is an ancillary agreement to the main Coinsurance Agreement referenced in the WHEREAS clauses. It does not establish the initial reinsurance relationship but governs the process by which the reinsurance transitions from coinsurance to assumption reinsurance (novation). Therefore, it is not a main contract but a mechanism for modifying the form of an existing reinsurance arrangement.

Since the main risk transfer is established in the Coinsurance Agreement (not present here), and this document only governs the assumption/novation process, it is ancillary. However, because it governs a material aspect of the reinsurance relationship (novation and direct liability), and given that assumption reinsurance agreements are often treated as standalone main contracts when they effect a full transfer of liability, and considering that this document contains comprehensive terms for the assumption process (including notice, policyholder rights, indemnification, and regulatory compliance), it can be considered a main contract in its own right for the assumption phase.

The agreement is obligatory because it applies to all Reinsured Policies (defined as all paid-up policies in force on the Effective Date, with narrow exclusions). It is not facultative (i.e., not policy-by-policy at the Reinsurer’s discretion post-event), but rather part of a bulk transfer under a treaty-like structure initiated under the Coinsurance Agreement. The Reinsurer has the right to assume, but once it exercises that right, the transfer is mandatory for all eligible policies. This indicates an obligatory structure.

The reinsurance is proportional because it is described as being on a ""100% coinsurance basis"" in the WHEREAS clauses. Coinsurance is a form of proportional reinsurance where the reinsurer assumes a fixed percentage (here, 100%) of all policies in the defined block. There is no indication of excess layers or non-proportional terms.

The agreement pertains to life insurance, as both parties are life insurance companies and the ""Reinsured Policies"" are defined as paid-up life insurance policies, including whole life and policy loans.

The class of business is ""Mortality"" because the policies are paid-up life insurance policies, which are primarily designed to provide death benefits, a core mortality risk. Although policy loans are included, they are ancillary to the life insurance coverage. The policies are not focused on longevity (e.g., annuities) or health, so ""Mortality"" is the most appropriate classification.",True,True,True,proportional,Life,Mortality
2011-1279363-0001279363-11-000064-statesettlement-mo.htm,"The document is a settlement agreement between the State of Missouri and WellCare Health Plans, Inc. and several of its subsidiaries, resolving allegations of fraudulent conduct related to Medicaid claims. The agreement outlines financial payments, releases of liability, and cooperation obligations but does not establish any form of risk transfer between insurers and reinsurers. It references a reinsurance subsidiary (Comprehensive Reinsurance, Ltd.) in the context of alleged misconduct—specifically, manipulating medical loss ratios by using inflated reinsurance premiums—but the document itself is not a reinsurance contract or any type of agreement that transfers insurance risk.

The document is not a reinsurance agreement, retrocession, or any ancillary modification of such a contract. Instead, it is a legal settlement resolving civil and administrative claims arising from alleged healthcare fraud. It does not contain terms typical of reinsurance contracts such as ceding commissions, coverage limits, attachment points, or risk-sharing mechanisms. Therefore, it fails to meet any definition of a reinsurance agreement.

Since it is not a reinsurance agreement, the subsequent fields—`is_main_contract`, `is_obligatory`, `proportional_or_non_proportional`, `insurance_type`, and `class_of_business`—must be set to `None`.",False,,,,,
2011-1079577-0001193125-11-047538-dex1021.htm,"The document is a Long-Term Incentive Award Agreement between StanCorp Financial Group, Inc. and an employee. It outlines the terms for issuing performance-based shares of common stock tied to the company's Total Shareholder Return (TSR) and Premium Growth relative to peer companies. The agreement is related to executive compensation and stock incentives under the company's 2002 Stock Incentive Plan.

This document does not involve risk transfer between insurers and reinsurers, nor does it contain any provisions typical of reinsurance agreements such as ceding premiums, assuming losses, coverage limits, or policy terms. Instead, it is an internal corporate compensation instrument.

Therefore, it is not a reinsurance agreement. As a result, all subsequent classification fields that depend on the document being a reinsurance agreement must be set to 'None'.",False,,,,,
2011-357264-0001193125-11-078489-dex1021.htm,"The document is an amendment to a trust agreement established for the purpose of funding employee health and welfare benefits under plans sponsored by Pacific Capital Bancorp. It describes a Voluntary Employees' Beneficiary Association (VEBA) trust, which is designed to be tax-exempt under Section 501(c)(9) of the Internal Revenue Code and compliant with ERISA. The trust may use its assets to self-fund benefits or procure group insurance contracts, including reinsurance or stop loss coverage, but the document itself does not establish a reinsurance agreement. Instead, it is a trust governance document that enables the funding of employee benefits.

Although the document mentions that the trust may procure reinsurance or stop loss coverage, it does not itself constitute a reinsurance agreement. It does not define terms of risk transfer between insurers and reinsurers, nor does it allocate risk, premiums, or losses in a reinsurance context. Rather, it is an ancillary arrangement related to employee benefit funding.

Therefore, this document is not a reinsurance agreement. Since it is not a reinsurance agreement, the downstream classifications (main contract, obligatory, proportional, insurance type, class of business) are not applicable and should be set to None.",False,,,,,
2011-1127703-0000950123-11-072343-g25045exv10w1.htm,"The document is a Credit Agreement between ProAssurance Corporation, the Lenders, and U.S. Bank National Association acting as Administrative Agent. It outlines the terms for a credit facility, including commitments, borrowing options, interest rates, conditions precedent, covenants, and other provisions related to lending and borrowing funds. The document does not contain any language related to the transfer of insurance risk, indemnification for insurance claims, or reinsurance-specific terms such as ceding commissions, retrocession, or treaty structures. Instead, it deals exclusively with financial credit arrangements, loans, and related banking obligations.

Based on the provided definitions, reinsurance agreements include contracts that transfer insurance risk from one insurer to another, such as reinsurance treaties, retrocession agreements, loss portfolio transfers, or catastrophe bonds. This document is a standard credit agreement, which is explicitly listed as not being a reinsurance agreement. It is a financial instrument securing debt obligations and does not involve the transfer of underwriting risk from an insurance portfolio.

Therefore, the document is not a reinsurance agreement. Since it is not a reinsurance agreement, all subsequent fields related to reinsurance classification (main contract, obligatory, proportional, insurance type, class of business) must be set to None.",False,,,,,
2011-909954-0001193125-11-023163-dex101.htm,"The document is a Credit Agreement dated December 17, 2010, involving Green Mountain Coffee Roasters, Inc. as the Borrower, and various financial institutions as Lenders. It outlines the terms for providing a term A loan facility, a term B loan facility, and revolving credit facilities. The agreement includes detailed provisions about the commitments of the lenders, borrowing terms, interest rates, fees, and conditions for credit extensions.

This document is clearly a financial agreement focused on providing loans and credit facilities to the Borrower. It does not involve the transfer of insurance risk from an insurer to a reinsurer, nor does it pertain to any form of insurance or reinsurance activities. The document is structured around loan disbursements, repayments, interest calculations, and covenants related to the financial health of the Borrower.

Based on the content and structure of the document, it is evident that this is a standard credit agreement between a borrower and lenders, not a reinsurance agreement. The document does not contain any elements typical of reinsurance contracts, such as ceding commissions, risk transfer mechanisms, or claims settlement procedures between insurers and reinsurers.

Therefore, this document is not a reinsurance agreement, and all subsequent classifications related to reinsurance are not applicable.",False,,,,,
2011-939930-0000939930-11-000026-ex10_04.htm,"The provided document is a ""Third Amendment to Credit Agreement"" between Alliance One International, Inc., Intabex Netherlands B.V., Alliance One International AG, the lenders, and Deutsche Bank Trust Company Americas as the administrative agent. The document amends an existing credit agreement by modifying terms such as revolving commitments, maturity dates, fees, and other financial covenants. It includes signature pages from various lenders and corporate entities, confirming the amendment of financial obligations and commitments.

This document is clearly a financial agreement related to corporate lending and borrowing, involving amendments to loan terms, interest rates, collateral, and lender commitments. It does not contain any language or structure indicative of an insurance or reinsurance agreement. There is no mention of risk transfer, ceding of insurance liabilities, retrocession, or any other element typical of reinsurance contracts.

Therefore, based on the definition provided, this document is not a reinsurance agreement. It is a corporate credit amendment, which falls under the category of financial instruments explicitly excluded from being considered reinsurance (e.g., loans, credit instruments).

Since it is not a reinsurance agreement, the remaining fields—`is_main_contract`, `is_obligatory`, `proportional_or_non_proportional`, `insurance_type`, and `class_of_business`—must be set to `None`.",False,,,,,
2011-1364250-0001364250-11-000018-ex10_2.htm,"The document is a Loan Agreement between Douglas Emmett 1997, LLC, Westwood Place Investors, LLC, and Wells Fargo Bank, N.A. The agreement outlines the terms for a $510,000,000 loan to be used for the Projects, which are office buildings in California. The document includes detailed provisions on the loan, interest rates, repayment terms, covenants, and conditions precedent. It also includes various exhibits and schedules related to the loan and the Projects.

The document is not a reinsurance agreement. According to the provided definitions, reinsurance agreements include reinsurance agreements, retrocession agreements, Reinstatement Premium Protection contracts, Capital Maintenance agreements, and other similar documents. The document in question is a loan agreement, which is explicitly listed as not being a reinsurance agreement under the ""The following documents are NOT considered reinsurance agreements"" section. Specifically, it mentions that ""Bonds, loans and credit instruments except for Catastrophe Bonds and other Insurance Linked Securities as described above"" are not considered reinsurance agreements. Since this document is a loan agreement and not a catastrophe bond or insurance-linked security, it does not qualify as a reinsurance agreement.

Since the document is not a reinsurance agreement, the fields `is_main_contract`, `is_obligatory`, `proportional_or_non_proportional`, `insurance_type`, and `class_of_business` are all set to `None`.",False,,,,,
2011-800457-0000950123-11-025153-w81976exv10wpp.htm,"The document is titled ""QUOTA SHARE REINSURANCE AGREEMENT"" and explicitly establishes a reinsurance relationship between Michigan Insurance Company (MICO) and Donegal Mutual Insurance Company. It outlines the cession of 25% of MICO's liabilities under insurance policies issued after December 1, 2010, which Donegal Mutual agrees to reinsure. This meets the definition of a reinsurance agreement as it involves risk transfer from an insurer to a reinsurer under defined terms.

The agreement contains all principal terms, including definitions of covered policies, premium cessions, loss payments, ceding commissions, exclusions, and termination provisions. It is executed by both parties and constitutes the entire contract, indicating it is a main reinsurance contract rather than an ancillary agreement.

The reinsurance is structured as a quota share, where a fixed percentage (25%) of premiums and losses is automatically ceded and assumed. This proportional structure applies to all policies issued after the effective date, indicating an obligatory treaty—i.e., MICO must cede and Donegal Mutual must accept the specified share of all qualifying policies without individual underwriting.

The agreement does not specify life insurance products such as annuities, pensions, or mortality coverage. Instead, references to ""Covered Policies"" issued on an ongoing basis, combined with provisions for liability, property damage, loss adjustment expenses, and extra contractual obligations, are typical of non-life (property and casualty) insurance. The class of business is not explicitly limited to one line but appears to cover a broad range of policies issued by MICO after the effective date. Given the lack of specificity and the inclusion of multiple potential lines (e.g., liability, property, casualty), the most appropriate classification is ""Multi-Line"" under Non-Life.

Thus, the document is a main, obligatory, proportional reinsurance agreement for non-life, multi-line insurance.",True,True,True,proportional,Non-Life,CreditMulti-Line
2011-832480-0000832480-11-000002-parkaveagrmt.htm,"The document is titled ""ASSUMPTION REINSURANCE AGREEMENT"" and is entered into between two life insurance companies: Universal Guaranty Life Insurance Company (the ""Company"") and First International Life Insurance Company (the ""Reinsurer""). The agreement provides for the assumption reinsurance of certain life insurance policies, specifically ""Reinsured Policies,"" which are defined as paid-up insurance policies issued by the Company that are in force on the Effective Date. The agreement operates in connection with a prior Coinsurance Agreement, under which the Reinsurer already reinsured these policies on a 100% coinsurance basis. This Assumption Agreement allows for the novation of those policies, meaning the Reinsurer will assume direct liability for the policies, and the Company will be released from future obligations (except for Extra Contractual Liabilities).

This document qualifies as a reinsurance agreement because it is an assumption reinsurance agreement, which is a recognized form of reinsurance where the assuming company takes over direct liability for policies previously issued by the ceding company. The document explicitly references reinsurance, novation, and the transfer of reserves and liabilities, all hallmarks of a reinsurance arrangement.

It is a main contract because it establishes the terms under which assumption reinsurance will occur, including the process for policyholder notification, novation, and indemnification. Although it operates in tandem with the Coinsurance Agreement, it is not merely an amendment or ancillary document but a standalone agreement governing the assumption process. The document contains principal terms such as definitions, business assumed, assumption certificates, indemnification, and cooperation, and it is executed by both parties.

The agreement is obligatory because it provides for the assumption of all Reinsured Policies on a bulk basis (100% coinsurance) without individual underwriting or facultative approval. The Reinsurer agrees to accept and reinsure any Reinsured Policy upon request, and the process is systematic and automatic once regulatory and policyholder conditions are met. This is not a facultative agreement limited to specific risks or named insureds.

The reinsurance is proportional because it is based on a 100% coinsurance arrangement, where the Reinsurer assumes all reserves and liabilities of the Reinsured Policies. Coinsurance is a form of proportional reinsurance where the reinsurer shares premiums and losses in a fixed proportion. There is no indication of excess of loss or other non-proportional structures.

The insurance type is Life, as the document explicitly refers to life insurance policies, including paid-up life insurance and policy loans, and both parties are life insurance companies. The policies involved are life insurance products, such as Single Premium Interest Sensitive Whole Life Policies.

The class of business is Mortality, as the policies are life insurance policies providing death benefits. The document refers to ""paid-up insurance policies"" and ""Whole Life"" policies, which are classic mortality products. While there may be investment or savings components, the primary risk being transferred is mortality risk. The agreement does not suggest a focus on health, longevity, or accident and health coverage, so Mortality is the most appropriate classification.",True,True,True,proportional,Life,Mortality
2011-1279363-0001279363-11-000064-statesettlement-ga.htm,"The document is a settlement agreement between the State of Georgia and WellCare Health Plans, Inc. and its affiliates, resolving allegations related to fraudulent billing practices, manipulation of medical loss ratios, improper provider payments, and other misconduct in connection with Medicaid programs. The agreement outlines financial payments, releases of liability, cooperation requirements, and other terms to resolve civil and administrative claims. While the document mentions a ""reinsurance subsidiary"" (Comprehensive Reinsurance, Ltd.), the agreement itself is not a reinsurance contract. Instead, it is a legal settlement addressing corporate misconduct in healthcare billing and compliance. It does not establish, modify, or renew a reinsurance contract, nor does it contain terms typical of reinsurance such as risk transfer, ceding commissions, or coverage layers. Therefore, it is not a reinsurance agreement. Since it is not a reinsurance agreement, all subsequent reinsurance-specific classification fields must be set to None.",False,,,,,
2011-1494904-0000950123-11-026044-w82021exv10w27.htm,"The document is a guaranty agreement executed by several parties, including United America Indemnity, Ltd., Wind River Reinsurance Company, Ltd., and Global Indemnity Group, Inc., in favor of Fox Paine & Company, LLC. The purpose of the guaranty is to ensure the performance of obligations under two underlying contracts: a Management Agreement and an Indemnification Letter, collectively referred to as the ""Contracts."" The guaranty secures payment obligations of Global Indemnity (Cayman) Limited (""Obligor"") arising from these Contracts.

Although one of the guarantors is named ""Wind River Reinsurance Company, Ltd.,"" the document itself is not a reinsurance agreement. It does not establish any risk transfer between insurers and reinsurers, nor does it contain terms typical of reinsurance such as ceding commissions, loss sharing, attachment points, or reinsurance coverage for insurance portfolios. Instead, it is a financial guarantee securing performance under management and indemnification agreements.

According to the classification rules, financial guarantees and other agreements that secure payment obligations arising from insurance or reinsurance contracts are explicitly **not** considered reinsurance agreements. Therefore, this document does not qualify as a reinsurance agreement.

Since it is not a reinsurance agreement, the subsequent fields (is_main_contract, is_obligatory, etc.) must be set to None.",False,,,,,
2011-315293-0001104659-11-026364-a11-8884_1ex10d4.htm,"The document is the ""Leadership Performance Program"" for Aon Corporation, covering the period 2011–2013. It outlines a performance-based equity compensation plan for senior executives, including the grant of Performance Share Units (PSUs) tied to the company's cumulative adjusted earnings per share (EPS). The document details eligibility, vesting conditions, payout mechanics, tax treatment, restrictive covenants, and administrative procedures. It is an employee incentive plan, not a risk transfer agreement between insurers or reinsurers.

The document mentions that Aon Corporation is in the business of providing ""insurance brokerage, reinsurance brokerage, benefits consulting, ... claims management and handling, ... actuarial services,"" but this is a description of the company’s operations, not the nature of the document itself. The agreement does not involve the transfer of insurance risk from an insurer to a reinsurer. Instead, it is an internal corporate compensation plan.

Therefore, the document is not a reinsurance agreement. It does not fall under any of the categories listed as reinsurance agreements (e.g., retrocession, catastrophe bonds, portfolio transfers, etc.). It is also not an ancillary document to a reinsurance agreement. It is a stock-based incentive program governed by corporate governance and tax rules (e.g., Code Section 409A).

Since it is not a reinsurance agreement, all subsequent classification fields (is_main_contract, is_obligatory, etc.) must be set to None.",False,,,,,
2011-899051-0001104659-11-022958-a11-8146_1ex10d3.htm,"The provided document is an ""Option Award Agreement"" under The Allstate Corporation 2009 Equity Incentive Plan. It outlines the terms of a nonqualified stock option grant to an employee (the Participant), including the number of shares, exercise price, vesting schedule, and conditions related to termination of employment, transferability, and change of control. This is a standard equity compensation agreement commonly used in corporate settings to incentivize employees.

The document does not involve any insurance or reinsurance risk transfer. It does not reference any underlying insurance policies, ceding of risk, retrocession, or any mechanism by which an insurer transfers risk to a reinsurer. Instead, it pertains solely to employee compensation through stock options.

Therefore, this document is not a reinsurance agreement or any type of insurance-related contract. It is a corporate equity incentive instrument.",False,,,,,
2011-1411059-0001193125-11-064157-dex1023.htm,"The document is an Amended and Restated and Consolidated Loan Agreement. It details a loan transaction between several borrowers (KBSII entities) and Wells Fargo Bank, acting as the administrative agent for a group of lenders. The agreement outlines the terms of a $360,000,000 loan secured by mortgages on multiple commercial real estate properties. Key provisions include the loan amount, interest rates (both variable and fixed), repayment terms, security interests, covenants, and conditions for default.

The document is clearly a loan agreement, which is a type of credit instrument. According to the provided definitions, credit instruments such as loans are explicitly excluded from the category of reinsurance agreements. The document contains no language related to insurance, risk transfer, or indemnification between insurers or reinsurers. Instead, it is structured around the lending of capital, the payment of interest, and the securing of debt with real property collateral.

Therefore, this is not a reinsurance agreement, but a standard commercial loan agreement.",False,,,,,
2011-867773-0000867773-11-000008-ex10_46.htm,"The document is a ""EUR 75,000,000 Revolving Credit Agreement"" between SunPower Corporation, SunPower Corporation Malta Holdings Limited, and Société Générale, Milan Branch. It outlines the terms for a revolving credit facility, including conditions for borrowing, interest rates, repayment terms, covenants, and events of default. This is a standard credit agreement for corporate financing and does not involve the transfer of insurance risk.

According to the provided definitions, reinsurance agreements include contracts like retrocession agreements, loss portfolio transfers, catastrophe bonds, and other risk-transfer instruments within the insurance industry. The document in question is a corporate loan agreement used to fund photovoltaic projects and does not pertain to any form of insurance or reinsurance.

Therefore, it is not a reinsurance agreement, nor does it relate to any insurance risk transfer. Consequently, all subsequent fields that depend on the document being a reinsurance contract must be set to 'None' or 'False' as appropriate.",False,,,,,
2011-1342126-0000950123-11-096956-c21858exv10w3.htm,"The provided document is a Loan and Security Agreement dated August 12, 2011, between Henry Hudson Holdings LLC, 58th Street Bar Company LLC, Hudson Leaseco LLC (collectively, ""Borrower""), Deutsche Bank Trust Company Americas (as Administrative Agent for the Lenders), and Deutsche Bank Securities Inc. (as Lead Arranger and Bookrunner). The document outlines the terms for a loan of $135,000,000, with $115,000,000 funded on the Closing Date and up to $20,000,000 available as delayed draw term loans. The loan is secured by a mortgage on a hotel property located at 356 W 58th Street, New York, NY, and other collateral. The agreement includes provisions for interest rates, payments, covenants, representations and warranties, events of default, and remedies. It also includes detailed terms for cash management, insurance, environmental matters, and various other financial and operational aspects of the loan.

The document explicitly states that it is a ""Loan and Security Agreement"" and not a reinsurance agreement. The nature of the document is financial, involving a loan from lenders to a borrower, secured by real property and other assets. The document does not contain any language or provisions related to the transfer of insurance risk from an insurer to a reinsurer, which is the defining characteristic of a reinsurance agreement. Instead, it deals with the terms of a loan, including interest rates, repayment schedules, collateral, and default provisions.

Given that the document is a loan agreement and not a reinsurance agreement, it does not meet the criteria for being classified as a reinsurance contract. Therefore, the document is not a reinsurance agreement.",False,True,,,,
2011-1044566-0000950123-11-015792-c62181exv10w52.htm,"The document is titled ""Surety Canada Quota Share Treaty"" and is explicitly referred to as a ""Reinsurance Agreement"" between Continental Casualty Company (Canadian Branch) and Western Surety Company. It outlines terms for the ceding of surety business written in Canada, including the transfer of risk, premium payments, loss settlements, and other standard reinsurance provisions. The structure and content (e.g., Articles on Business Covered, Premium, Loss Settlements, and Reinsurer liability) are characteristic of a reinsurance treaty.

The agreement covers the Company's ""Net Liability on Surety Business"" and requires the cession of 100% of Net Premiums Written, less a ceding commission. The term ""Quota Share"" in the title and the proportional sharing of premiums and losses confirm that this is a proportional reinsurance arrangement.

The contract applies to ""Surety Business,"" which is defined as including various types of surety bonds related to statutory requirements, fiduciary duties, public officials, and contractual obligations. This falls under the Casualty class of business, as it involves liability-type coverages such as professional liability, directors and officers, and other third-party obligations.

Since the document establishes the full terms of a reinsurance treaty (including scope, duration, premiums, claims handling, reporting, and dispute resolution), it qualifies as a main contract. It is not merely an amendment or ancillary document.

The agreement is obligatory because it covers all surety business written or renewed by the Company in Canada during the term, with automatic cession unless mutually agreed otherwise. This indicates a treaty-style, portfolio-wide risk transfer.

The insurance type is Non-Life, as surety bonds are part of general insurance (Casualty), not life or health-related long-term insurance products.

There is no indication of hybrid terms—only proportional risk sharing via quota share. Therefore, the classification is purely proportional.",True,True,True,proportional,Non-Life,Casualty
2011-1453820-0000950123-11-029722-w82113exv10w10.htm,"The document is titled ""UMBRELLA QUOTA SHARE AND EXCESS CESSIONS REINSURANCE CONTRACT"" and is explicitly issued from a reinsurer to two insurance companies (Penn Millers Insurance Company and American Millers Insurance Company). This establishes it as a reinsurance agreement, falling under the definition provided, as it involves the transfer of insurance risk from an insurer to a reinsurer.

The contract contains comprehensive terms typical of a main reinsurance contract, including business covered, retention and limits, premium, ceding commission, reporting, definitions, and other standard clauses. It is not an ancillary document such as an endorsement or amendment, but rather a full reinsurance contract establishing the terms of the arrangement. Therefore, it is a main contract.

The reinsurance structure combines both proportional and non-proportional elements:
- The ""Quota Share"" component (75% of losses up to $750,000) is clearly proportional.
- The ""First Excess of Loss"" and ""Second Excess of Loss"" layers are non-proportional, covering losses above specified retentions.

Since the document contains both proportional and non-proportional sections within the same contract, it is classified as ""hybrid"".

The business covered is defined as ""Umbrella Liability"" policies, which are liability insurance policies providing excess coverage over primary general liability policies. This falls under Non-Life insurance and specifically under the ""Casualty"" class of business, which includes commercial liability lines such as general liability, product liability, and professional liability. ""Umbrella Liability"" is a standard Casualty line.

The contract is obligatory because it applies to all eligible Umbrella Liability policies written or renewed during the term, not just specific named risks. This is characteristic of treaty reinsurance, which is obligatory for all business within the defined scope.",True,True,True,hybrid,Non-Life,Casualty
2011-1412100-0001144204-11-014466-v214182_ex10-22.htm,"The document is titled ""Interests and Liabilities Contract"" and refers to a ""Personal and Automobile Quota Share Agreement."" It establishes a reinsurance arrangement where Maiden Insurance Company Ltd (the Subscribing Reinsurer) assumes a 50% share of the interests and liabilities of the Reinsurer under the attached Quota Share Agreement. The main agreement is a reinsurance contract between Integon National Insurance Company and multiple reinsurers.

The core of the agreement is a 50% quota share reinsurance of personal and commercial automobile insurance business, which is a proportional reinsurance structure. This is explicitly stated in Article I, which outlines that the Reinsurer accepts a ""50% quota share participation of Losses Incurred by the Company Pool."" The agreement covers business classified as Private Passenger and Commercial Automobile, which falls under Non-Life insurance and specifically within the Casualty class of business, as it includes liability coverages such as bodily injury, property damage, and uninsured motorist.

The contract is a main contract because it contains all the principal terms of the reinsurance agreement, including coverage, exclusions, premium, ceding commission, loss handling, and termination clauses. It is not merely an ancillary document like an endorsement or amendment.

It is an obligatory reinsurance agreement because it applies to all new and renewal policies within the defined class of business (automobile) written by the Company Pool, rather than being limited to specific named risks or facultative placements.

The reinsurance is clearly proportional (quota share), as the reinsurer takes a fixed 50% share of premiums and losses. There are no indications of non-proportional layers or excess-of-loss structures, and the presence of a ceding commission and loss ratio-based adjustments is typical of proportional treaties.

The underlying insurance is Non-Life, specifically in the Casualty class of business, due to the focus on third-party liability arising from automobile policies.",True,True,True,proportional,Non-Life,Casualty
2011-1279363-0001279363-11-000064-statesettlement-hi.htm,"The document is a settlement agreement between the State of Hawaii and WellCare Health Plans, Inc., and its affiliated entities, resolving allegations of fraudulent conduct related to Medicaid claims. The agreement addresses claims submission, misrepresentation of medical loss ratios, improper payments, and other compliance issues in the context of health care services provided under Medicaid. It involves financial settlements, releases of liability, cooperation obligations, and compliance measures, but it does not establish or modify any insurance or reinsurance contract. The mention of ""Comprehensive Reinsurance, Ltd."" as one of the defendants does not make the agreement itself a reinsurance contract; it is merely one of the named parties.

The document is not a reinsurance agreement, as it does not transfer risk from an insurer to a reinsurer, nor does it renew, amend, or modify any reinsurance contract. It is a legal settlement resolving civil and administrative claims arising from alleged fraud in a government health program. Therefore, it falls outside all categories of documents considered reinsurance agreements per the provided definitions.

Since it is not a reinsurance agreement, the subsequent fields—`is_main_contract`, `is_obligatory`, `proportional_or_non_proportional`, `insurance_type`, and `class_of_business`—must be set to `None`.",False,,,,,
2011-86312-0001047469-11-001001-a2201945zex-10_29.htm,"The document is a ""Performance Share Award Notification and Agreement"" issued by The Travelers Companies, Inc. to an employee, Jay S. Fishman. It outlines the terms of a stock-based incentive award under The Travelers Companies, Inc. Amended and Restated 2004 Stock Incentive Plan. The document pertains to equity compensation, performance conditions tied to Return on Equity (ROE), vesting schedules, dividend equivalents, and non-solicitation obligations. It is not a contract related to risk transfer between insurers and reinsurers.

The document does not contain any provisions typical of reinsurance agreements, such as ceding of insurance risk, premium payments for risk transfer, reinsurance coverage terms, treaty or facultative reinsurance structures, or claims handling responsibilities. Instead, it is an internal employment-related incentive compensation agreement.

Therefore, it does not meet the definition of a reinsurance agreement or any of its recognized forms (e.g., retrocession, ILS, portfolio transfer with risk transfer, etc.). It is also not an ancillary document to a reinsurance agreement. It is purely a corporate equity award agreement.

Since it is not a reinsurance agreement, all downstream classifications (main contract, obligatory, proportional, insurance type, class of business) are not applicable and must be set to None.",False,,,,,
2011-1385613-0001385613-11-000053-agreement.htm,"The document is an employment agreement between Greenlight Capital Re, Ltd., Greenlight Reinsurance, Ltd., and Barton Hedges. It outlines the terms of employment for an executive, including compensation, duties, termination conditions, restrictive covenants, and other employment-related provisions. There is no mention of risk transfer, insurance coverage, reinsurance terms, or any contractual obligations related to underwriting, claims, or ceded premiums. Instead, the document governs the relationship between an employer and an employee.

This is not a reinsurance agreement as defined by the provided criteria. It does not involve the transfer of insurance risk from one insurer to another, nor does it resemble any of the specified types of reinsurance contracts (e.g., treaties, facultative agreements, retrocessions, catastrophe bonds, etc.). It is also not an ancillary document modifying a reinsurance agreement.

Therefore, the document is not a reinsurance agreement, and all downstream classifications (main contract, obligatory, proportional/non-proportional, insurance type, class of business) are not applicable.",False,,,,,
2011-899051-0001047469-11-001286-a2202090zex-10_6.htm,"The provided document is an Option Award Agreement under The Allstate Corporation 2009 Equity Incentive Plan. It outlines the terms of a nonqualified stock option grant to an employee (the Participant), including the number of shares, exercise price, vesting schedule, and conditions related to termination of employment and change of control. The document is related to equity compensation and employee incentives, not to any form of insurance or risk transfer between insurers and reinsurers.

There is no mention of reinsurance, retrocession, risk transfer, ceding of liabilities, or any other characteristic typical of reinsurance agreements. Instead, the document pertains to corporate stock options and executive compensation. Therefore, it does not qualify as a reinsurance agreement under any of the defined categories.

Since it is not a reinsurance agreement, all subsequent reinsurance-specific classification fields must be set to 'None'.",False,,,,,
2011-911421-0001193125-11-295054-d249459dex101.htm,"The document provided is an employment agreement between PartnerRe Holdings Europe Limited, Zurich Branch, and Emmanuel Clarke, outlining the terms of his employment as Chief Executive Officer. It covers aspects such as job responsibilities, compensation, benefits, termination conditions, confidentiality, non-competition, and other employment-related provisions. 

This document does not establish any form of reinsurance or retrocession contract. It is not related to risk transfer between insurance entities, nor does it involve ceding or assuming insurance liabilities. Instead, it governs the employment relationship between an executive and a company operating in the reinsurance industry.

Because this is an employment contract and not a reinsurance agreement, it falls outside the scope of all categories listed as reinsurance agreements, including treaties, facultative contracts, portfolio transfers, or related ancillary documents. Therefore, it cannot be classified as a main or ancillary reinsurance contract, nor can it be assessed for proportionality, obligatoriness, insurance type, or class of business.",False,,,,,
2011-899629-0000930413-11-001472-c64396_ex10-36.htm,"The document provided is an ""Amended and Restated Loan Agreement"" between ACADIA CORTLANDT LLC (the Borrower) and Bank of America, N.A. (the Administrative Agent and a Lender), along with other financial institutions. The core purpose of this document, as clearly stated in Section 1.2, is for the Lenders to provide a loan to the Borrower to refinance a portion of the acquisition cost of a property and to fund other related costs and closing fees. The document details the terms of the loan, including interest rates, payment schedules, conditions for advances, covenants, representations, and remedies in case of default.

It establishes a financial lending relationship secured by a mortgage on a specific real property. The document contains standard provisions for such a loan agreement, including definitions, financial covenants (like Loan to Value Ratio and Debt Service Coverage Ratio), default and remedies, and administrative agent provisions.

The document is explicitly not a reinsurance agreement. It does not involve the transfer of insurance risk from one insurer (the ceding company) to another (the reinsurer). Instead, it is a secured loan agreement, which is explicitly listed in the ""NOT"" category as a document that is NOT considered a reinsurance agreement. The document is a main contract as it establishes the primary lending relationship, but since it is not a reinsurance agreement at all, the subsequent fields (is_main_contract, is_obligatory, etc.) are not applicable and should be set to 'None'.",False,,,,,
2011-101063-0001193125-11-167724-dex108.htm,"The document provided is a Credit Agreement dated as of March 31, 2008, between Chiquita Brands L.L.C., Chiquita Brands International, Inc., the lenders named therein, and Coöperatieve Centrale Raiffeisen--Boerenleenbank B.A., ""Rabobank Nederland"", New York Branch, as Administrative Agent, an L/C Issuer, and Swing Line Lender. This agreement outlines the terms and conditions for a loan facility provided by the lenders to the borrower, including the commitments, interest rates, repayment terms, and other financial arrangements.

The document is clearly a financial agreement related to lending and borrowing of funds, involving a commitment by lenders to provide credit to the borrower. It includes detailed provisions on loans, interest, repayment schedules, covenants, and security interests. There is no mention of insurance, risk transfer, or any mechanism resembling reinsurance throughout the document.

Given the definitions provided, reinsurance agreements involve the transfer of risk from one insurer to another. The document in question does not involve any such risk transfer. Instead, it is a standard credit agreement, which falls under the category of financial guarantees and other agreements that secure the payment of obligations, which are explicitly excluded from being considered reinsurance agreements.

Therefore, based on the content and purpose of the document, it is not a reinsurance agreement.",False,,,,,
2011-1400810-0001193125-11-221350-dex1016.htm,"The document is titled ""AGGREGATE EXCESS CATASTROPHE REINSURANCE CONTRACT"" and is explicitly structured as a reinsurance agreement between Homeowners Choice Property & Casualty Insurance Company and subscribing reinsurers. It contains standard reinsurance clauses such as retention and limits, inuring reinsurance, definitions of ""ultimate net loss,"" loss occurrence, and arbitration, all of which are characteristic of a reinsurance contract. The coverage is for property perils related to homeowners and dwelling insurance, with specific layers of excess catastrophe protection, confirming it as a reinsurance arrangement.

It establishes the full terms of a reinsurance contract, including scope of coverage, financial terms, conditions, and governance, and is not merely an amendment or ancillary document. Therefore, it qualifies as a main contract.

The contract covers an aggregate excess of loss structure, which is a form of non-proportional reinsurance, where the reinsurer covers losses above a certain aggregate retention up to a specified limit. This is distinct from proportional reinsurance, where risk is shared on a fixed percentage basis.

The underlying insurance is clearly Property & Casualty, specifically homeowners and dwelling policies, which are Non-Life insurance products. The class of business is Property, as it pertains to physical damage from perils like hurricanes, windstorms, and fires, primarily located in Florida. The exclusions also confirm this by referencing property-specific perils and excluding lines like Accident & Health, Workers’ Compensation, and Credit.

Therefore, the document is a non-proportional, obligatory reinsurance agreement for a Non-Life, Property class of business.",True,True,True,non-proportional,Non-Life,Property
2011-1039828-0001039828-11-000007-exhibit1035123110.htm,"The document is titled ""Amendment V to the Reinsurance Agreement"" and explicitly refers to modifying an existing reinsurance agreement between American Equity Investment Life Insurance Company and Hannover Life Reinsurance Company of America. It references the ""Automatic YRT Reinsurance Agreement"" originally effective October 1, 2005, and amends Exhibit B-1, which details the plans covered under the agreement. Since the document modifies the terms of an existing reinsurance agreement, it qualifies as a reinsurance agreement under the definition provided, which includes amendments to existing reinsurance contracts.

However, this document is not a main contract because it is an amendment—specifically, a modification to an existing agreement—and does not establish a new reinsurance contract. It is ancillary in nature. Therefore, while it relates to a reinsurance agreement, it is not itself a main contract.

Because the document is an amendment, and not a full reinsurance contract, the classification of whether it is obligatory, proportional or non-proportional, the insurance type, and class of business cannot be determined solely from this amendment without reference to the underlying agreement. However, based on the content, the reinsurance covers Single Premium Deferred Annuities (SPDAs) and Flexible Premium Deferred Annuities (FPDAs), which are life insurance products, specifically annuities. This suggests the underlying contract pertains to Life insurance and falls under the ""Longevity"" class of business, as annuities are longevity-risk products.

The term ""Automatic YRT"" (Yearly Renewable Term) typically refers to an automatic reinsurance arrangement where the ceding company automatically reinsures certain policies without case-by-case underwriting by the reinsurer. This indicates an obligatory reinsurance setup, as the ceding is automatic for eligible policies. Since this amendment modifies such a contract and refers to a broad set of plan codes (not individual policies), it supports the classification of the underlying agreement as obligatory.

Despite being an ancillary document, the amendment modifies an obligatory, proportional (YRT is typically proportional), life reinsurance agreement covering a specific class of business. However, since the amendment itself is not the full contract, some fields must be set to 'None' per instructions.",True,False,True,proportional,Life,Longevity
2011-1403385-0000950123-11-025854-v58499exv10w6.htm,"The document is titled ""Amendment 3 TO THE GROUP SHORT TERM DISABILITY REINSURANCE AGREEMENT"", which clearly indicates it is an amendment to an existing reinsurance agreement. It references the original reinsurance agreement between Symetra Life Insurance Company and the American Disability Reinsurance Underwriters Syndicate (ADRUS), managed by Reliance Standard Life Insurance Company. The document modifies key terms of the original agreement, including the termination of a profit-sharing arrangement and setting a final termination date for the reinsurance agreement. Since amendments to reinsurance agreements are explicitly listed as reinsurance agreements under the definition provided, this document qualifies as a reinsurance agreement.

However, this is not a main contract because it is an amendment—specifically, a modifying document that changes terms of an existing agreement. It does not establish a new reinsurance contract but instead alters an existing one. Therefore, it is an ancillary agreement.

Because it is an amendment and not a full contract, we cannot determine from this document alone whether the underlying reinsurance agreement is obligatory (e.g., treaty or facultative-obligatory) or non-obligatory. Similarly, the proportional or non-proportional nature, insurance type, and class of business must be inferred from the content. The agreement covers Group Short Term Disability (STD), which is a form of disability insurance related to income protection due to illness or injury. This falls under Non-Life insurance and specifically under the ""Accident and Health"" class of business. The mention of group coverage and underwriting for multiple cases supports this classification.

While the amendment references ongoing reinsurance acceptance for cases underwritten before March 1, 2011, and exclusive quoting rights, it does not provide enough detail to confirm if the original contract was obligatory (i.e., automatic acceptance of all eligible risks). However, the fact that the Managing Agent had exclusive rights to provide quotes and underwrite STD policies for the insurer during early 2011 suggests a structured, possibly obligatory arrangement. But since this is an amendment and not the full contract, and the nature of risk transfer (automatic vs. facultative) isn't explicitly confirmed, we cannot definitively classify it as obligatory.

Therefore:
- is_reinsurance = True (it's an amendment to a reinsurance agreement)
- is_main_contract = False (it's an ancillary agreement)
- is_obligatory = None (insufficient information from amendment alone)
- proportional_or_non_proportional = None (not a full contract)
- insurance_type = Non-Life (STD is a non-life product)
- class_of_business = Accident and Health (covers short-term disability, medical expenses, and income protection due to sickness or accident)",True,False,,,Non-Life,Accident and Health
2011-1171500-0001171500-11-000006-exhibit10_12.htm,"The document is the ""Platinum Underwriters Reinsurance, Inc. Executive Retirement Savings Plan,"" which is a non-qualified deferred compensation plan for select management or highly compensated employees. It outlines rules for retirement savings, employer credits, vesting, and distributions. The document is governed by ERISA and Code Section 409A, and its purpose is to provide deferred compensation, not to transfer insurance risk.

This is not a reinsurance agreement, as it does not involve the transfer of insurance risk from one insurer to another. Instead, it is an employee benefits plan related to executive compensation. Therefore, it falls outside the scope of reinsurance agreements and all related classifications.",False,,,,,
2011-859139-0000950123-11-020814-w80663exv10w45.htm,"The document is a Stock Option Award Agreement between Delphi Financial Group, Inc. and Mark A. Wilhelm, granting options to purchase shares of Delphi's Class A Common Stock. The agreement outlines performance-based vesting conditions tied to the financial performance of SIG Holdings, Inc., a subsidiary. It includes provisions related to termination, change of control, and arbitration, but is fundamentally an employee compensation agreement involving stock options.

The document does not involve the transfer of insurance risk from one insurer to another, nor does it contain terms typical of reinsurance such as ceding, retention, treaty terms, or claims handling. Instead, it is a corporate incentive plan document governed by an employee long-term incentive plan.

Therefore, this is not a reinsurance agreement. It is unrelated to risk transfer between insurers and reinsurers, and none of the listed types of reinsurance agreements apply. As such, all downstream classifications (main contract, obligatory, proportional, insurance type, class of business) are not applicable.",False,,,,,
2011-1166291-0001166291-11-000076-exhibit10-88.htm,"The provided document is an Aircraft Lease Agreement between Wells Fargo Bank Northwest, National Association (as Lessor) and Colgan Air, Inc. (as Lessee) for a Bombardier DHC-8-402 aircraft. The agreement outlines terms for leasing the aircraft, including rent, maintenance, insurance, and return conditions. It contains clauses related to delivery, operation, subleasing, termination events, and indemnities.

This document is not a reinsurance agreement. The definitions provided specify that reinsurance agreements include contracts where risk is transferred from an insurer to a reinsurer. The listed types include retrocession, reinstatement premium protection, loss portfolio transfers, catastrophe bonds, and other risk-transfer instruments. This Aircraft Lease Agreement does not involve the transfer of insurance risk; instead, it governs the lease of physical assets (an aircraft) and associated rights and obligations between a lessor and a lessee.

The agreement includes insurance provisions (Clause 18), requiring the lessee to maintain hull and liability insurance, and naming the lessor and related parties as additional insureds or loss payees. However, these are standard protective measures in aircraft leasing and do not constitute reinsurance. The clause on reinsurance (18.13) merely allows for reinsurance of the required insurance coverage and does not make the lease itself a reinsurance contract.

Since the document is not a reinsurance agreement, the remaining classification fields (is_main_contract, is_obligatory, etc.) must be set to None.",False,,,,,
2011-1332896-0000950123-11-074123-c19442exv10w1.htm,"The provided document is a Credit Agreement between Cogdell Spencer LP, as Borrower, Cogdell Spencer Inc., as a Guarantor, Bank of America, N.A., as Administrative Agent, and other lenders. It outlines the terms for a term loan facility, including loan amounts, interest rates, repayment terms, covenants, and conditions precedent to credit extensions. The document explicitly states that the Borrower has requested a term loan facility, which the Lenders are willing to provide under the terms set forth.

This document is a standard credit/loan agreement and does not pertain to the transfer of insurance risk from one entity (the cedant) to another (the reinsurer). The listed categories of documents that are considered reinsurance agreements, such as reinsurance agreements, retrocession agreements, loss portfolio transfers, catastrophe bonds, etc., are not applicable to this document. Instead, it is a financial instrument for direct lending.

Therefore, the document is not a reinsurance agreement, and subsequent questions about its nature as a main contract, obligation type, proportionality, insurance type, or class of business are not applicable.",False,,,,,
2011-789570-0001193125-11-214750-dex103.htm,"The document is a Credit Facility Agreement dated 27 July 2010, establishing a HK$7,410,000,000 credit facility for MGM Grand Paradise, S.A. The agreement outlines the terms for term loans and revolving credit loans provided by a syndicate of banks. The document contains standard clauses for such agreements, including definitions, facilities, purpose, conditions precedent, utilisation, repayment, prepayment, interest, representations, covenants, events of default, and other standard credit agreement provisions.

The document contains several references to insurance and reinsurances (e.g., ""Assignment of Insurances"" and ""Assignment of Reinsurances"" defined in Clause 1.1, and Subclause 19.22 on Insurances). However, these references are in the context of security arrangements for the loan, not as the primary subject of the agreement. The ""Assignment of Reinsurances"" is mentioned as one of the security documents that will be delivered, indicating it's a separate document used to secure the loan.

The document is clearly a credit agreement, which is specifically listed in the ""NOT considered reinsurance agreements"" section as ""Bonds, loans and credit instruments except for Catastrophe Bonds and other Insurance Linked Securities."" This document is a standard credit facility agreement, not a catastrophe bond or insurance-linked security.

Therefore, this is not a reinsurance agreement but rather a loan agreement with insurance and reinsurance policies being used as collateral.",False,,,,,
2011-101063-0001193125-11-056094-dex108.htm,"The document is a Credit Agreement dated as of March 31, 2008, which establishes a credit facility between CHIQUITA BRANDS L.L.C., CHIQUITA BRANDS INTERNATIONAL, INC., various lenders, and COÖPERATIEVE CENTRALE RAIFFEISEN--BOERENLEENBANK B.A., ""RABOBANK NEDERLAND"", NEW YORK BRANCH, as Administrative Agent, an L/C Issuer and Swing Line Lender. The agreement outlines the terms for providing loans, letters of credit, and other financial accommodations to the borrower. This document is a credit agreement, which is a financial instrument for lending money, not an insurance or reinsurance contract. According to the provided definitions, reinsurance agreements are contracts that transfer risk from one insurer to another, and this document does not involve the transfer of insurance risk. Instead, it is a standard credit agreement that governs the borrowing and lending of funds, including terms for interest rates, repayment, and collateral. Therefore, this document is not a reinsurance agreement.",False,,,,,
2011-8497-0001193125-11-081483-dex1023.htm,"The document is titled ""PRIVATE PASSENGER AUTOMOBILE QUOTA SHARE REINSURANCE CONTRACT,"" which clearly indicates it is a reinsurance agreement. It is issued from AssuranceAmerica Insurance Company (the ""Company"") to subscribing reinsurers (the ""Reinsurer""), outlining the terms under which the reinsurer will share in the liabilities of the company's private passenger automobile insurance policies. This fits the definition of a reinsurance agreement as it transfers risk from an insurer to a reinsurer.

The contract establishes the full terms of the reinsurance arrangement, including business covered, retention and limits, premium, commission, loss handling, and termination. It is not an ancillary document like an endorsement or amendment but rather the principal contract itself. Therefore, it qualifies as a main contract.

The reinsurance is obligatory because it covers all private passenger automobile policies written or renewed during the term of the contract, as classified by the company. This is not limited to specific named risks or facultative placements, but applies broadly to an entire portfolio of policies, making it an obligatory treaty.

The contract is explicitly a ""Quota Share"" agreement. Article 2 details that the reinsurer accepts a 75.0% quota share for bodily injury liability and an 82.50% quota share for other business. Quota share is a form of proportional reinsurance where the reinsurer shares proportionally in premiums and losses. Although there are non-proportional elements like the Loss Corridor and Loss Ratio Cap, the core structure is proportional, and minor non-proportional terms do not override the overall proportional nature.

The underlying insurance is private passenger automobile insurance, which includes liability and physical damage coverage. This falls under Non-Life insurance, as it does not involve life, annuity, or long-term health products.

The class of business is primarily casualty (for liability coverages like bodily injury and property damage liability) and property (for physical damage). However, since the contract covers both liability and physical damage under private passenger automobile policies, and these are major components of the contract, the appropriate classification is ""Multi-Line"" as it explicitly covers multiple major lines of non-life insurance.",True,True,True,proportional,Non-Life,CreditMulti-Line
2011-230557-0001144204-11-042584-v229723_ex10-1.htm,"The document provided is a Credit Agreement between Selective Insurance Group, Inc. (the ""Borrower""), the lenders named therein, and Wells Fargo Bank, National Association, as the Administrative Agent. The agreement establishes a $30,000,000 Revolving Credit Facility for the Borrower. The document outlines the terms for borrowing, interest rates, fees, covenants, conditions for borrowing, representations and warranties, and events of default. It is a financial instrument related to corporate financing and does not involve the transfer of insurance risk from one insurer to another.

The document is clearly identified as a ""CREDIT AGREEMENT"" and is structured as a loan facility, not a reinsurance contract. The content focuses on financial covenants, loan disbursements, repayment terms, and administrative provisions typical of a credit facility. There is no mention of ceding or assuming insurance risk, reinsurance premiums, loss ratios, or any other elements characteristic of reinsurance agreements.

Therefore, this document does not meet the definition of a reinsurance agreement as specified in the instructions. It is a standard credit agreement and falls under the category of ""Bonds, loans and credit instruments"" which are explicitly excluded from being considered reinsurance agreements.",False,,,,,
2011-1093430-0001038838-11-000010-ex1048k093010.htm,"The document is an ""Agreement on Pledge of Monies at the Bank Accounts"" among Caspian Real Estate Limited (the Pledgor), Joint Stock Company ""Bank CenterCredit"" (the Accounts Bank), and the European Bank for Reconstruction and Development (the Pledgeholder). The agreement establishes a pledge over funds in specified bank accounts as security for the repayment of a loan provided to a borrower under a Loan Agreement. The pledged assets include funds in the CREL Restricted Account and any replacement accounts.

This document is fundamentally a security agreement designed to secure repayment obligations under a loan. It involves the creation of a first-ranking pledge over bank account funds, with rights of enforcement upon default. The agreement includes provisions typical of secured lending arrangements, such as representations and warranties, covenants, events of default, remedies, and indemnities.

The document does not involve the transfer of insurance risk from one insurer to another. It does not reference any underlying insurance or reinsurance contracts. Instead, it secures a loan made for a corporate project, as indicated by references to a ""Project"" and various financing agreements including equity investments, shareholder agreements, and guarantees.

According to the classification rules provided, reinsurance agreements include retrocession, risk transfer instruments like catastrophe bonds, portfolio transfers with reinsurance-like provisions, and documents that modify existing reinsurance contracts. In contrast, financial guarantees, letters of credit, bonds, loans, and credit instruments (except catastrophe bonds) are explicitly excluded from the definition of reinsurance agreements.

Since this document is a pledge agreement securing a loan — essentially a credit instrument — and not a contract for the transfer of insurance risk, it does not qualify as a reinsurance agreement. As such, all subsequent fields related to reinsurance characteristics (main contract, obligatory nature, proportional/non-proportional, insurance type, class of business) must be set to None.",False,,,,,
2011-1363829-0000950123-11-046666-w82533exv10w1.htm,"The provided document is a ""US$106,500,000 Term Facility Agreement"" between Clarendon Holdings, Inc., National Australia Bank Limited, and other parties. It establishes a term loan facility, outlining the terms for borrowing, repayment, interest, covenants, and security. This is a standard loan and security agreement, not a reinsurance agreement. The document's purpose, as stated in Clause 3.1, is to finance the acquisition of the Target Shares (Clarendon National Insurance Company) and pay arrangement fees. The definitions, clauses, and schedules all pertain to financial lending, security interests, and corporate covenants, with no mention of risk transfer between insurers and reinsurers, ceding commissions, or any other core reinsurance concepts. Therefore, it does not meet any of the criteria for being a reinsurance agreement.",False,,,,,
2011-886982-0000950123-11-020067-y88213exv10w47.htm,"The document is a ""Signature Card For Year-End Awards (China)"" related to equity compensation under The Goldman Sachs Amended and Restated Stock Incentive Plan (SIP). It is a form used by employees in China to acknowledge and accept equity-based awards (such as stock options or restricted stock units) granted by The Goldman Sachs Group, Inc. The content includes agreements related to tax compliance, data privacy, custody of shares, non-competition and non-solicitation clauses, and electronic delivery of documents. The document is part of an employee compensation and benefits program and is not related to insurance or risk transfer between insurers and reinsurers.

None of the elements in the document suggest it is a reinsurance agreement or any type of insurance contract. It does not involve risk transfer, indemnification for insurance liabilities, or any ceding or assuming of insurance risks. Instead, it governs employee equity awards, employment terms, and related compliance matters.

Therefore, the document is not a reinsurance agreement, nor is it any type of insurance-related contract. As such, all downstream classifications (main contract, obligatory, proportional, insurance type, class of business) are not applicable.",False,,,,,
2011-1163348-0000950123-11-075104-y92275exv10w3.htm,"The document is an RSU (Restricted Stock Unit) Award Agreement under a stock incentive plan issued by Allied World Assurance Company Holdings, AG. It outlines the terms and conditions for the grant, vesting, and delivery of stock units to a recipient, likely a board member. The agreement pertains to employee or director compensation and equity incentives, not to risk transfer between insurers and reinsurers.

It does not involve any insurance or reinsurance risk transfer, nor does it reference any reinsurance contracts, retrocessions, or related mechanisms. Instead, it is a corporate compensation instrument tied to company shares.

Therefore, this document is not a reinsurance agreement. As a result, all subsequent reinsurance-specific classification fields must be set to 'None'.",False,,,,,
2011-1473078-0001193125-11-219506-dex102.htm,"The provided document is a ""Hotel Purchase and Sale Agreement"" between IND East Village SD Holdings, LLC (Seller) and CHSP San Diego LLC (Buyer) for the sale of the Hotel Indigo San Diego property located in San Diego, California. The document outlines the terms and conditions for the purchase and sale of the real estate, personal property, contracts, and other interests related to the hotel. It includes details on the purchase price, due diligence rights, closing mechanics, prorations, representations and warranties, and other standard provisions typical of a real estate transaction.

This document is clearly a real estate purchase agreement and not a reinsurance agreement. It does not involve the transfer of insurance risk from one insurer to another, which is the defining characteristic of reinsurance. Instead, it pertains to the sale of a physical asset (a hotel) and associated operational contracts. The document contains no language related to insurance, underwriting, claims, premiums, or risk transfer between insurers. The presence of a ""Management Agreement"" (Exhibit P) relates to the ongoing operation of the hotel by a management company, not to any insurance or reinsurance activities.

Therefore, since the document is not a reinsurance agreement, all subsequent classifications related to reinsurance (main contract, obligatory, proportional, insurance type, class of business) are not applicable and should be marked as None.",False,,,,,
2011-1296445-0001193125-11-296005-d234290dex101.htm,"The document is a ""Note Purchase Agreement"" for $350,000,000 Senior Secured Notes. It is a financing agreement between issuers (OFC 2 LLC, ORNI 15 LLC, ORNI 39 LLC, ORNI 42 LLC, HSS II, LLC) and a purchaser (OFC 2 Noteholder Trust), with the U.S. Department of Energy (DOE) acting as a guarantor of the notes. The document outlines the terms for the issuance, sale, and payment of the notes, including interest rates, security for the notes (which includes deeds of trust and a DOE guarantee), and various covenants and conditions. This is a standard debt financing instrument for a project, not a reinsurance agreement. The financing is for the construction and operation of geothermal power facilities. The listed exclusions for reinsurance agreements include ""Bonds, loans and credit instruments except for Catastrophe Bonds and other Insurance Linked Securities"" and ""Letters of credit,"" which directly applies to this document, which is a senior secured note (a type of bond/loan instrument). Therefore, it is not a reinsurance agreement.",False,,,,,
2011-1166691-0001193125-11-047243-dex1050.htm,"The provided document is an ""Amended and Restated Limited Liability Company Agreement of Navy, LLC."" This is a corporate governance and ownership agreement that outlines the structure, management, rights, and obligations of the members (Comcast and GE) in a jointly owned limited liability company. The document details capital contributions, board composition, voting rights, financial reporting, transfer restrictions, and various buy-sell mechanisms between the members.

The agreement is fundamentally about the ownership and control of a media and entertainment business, as defined by the ""Business"" section (Section 1.01). It contains no language related to insurance, risk transfer, indemnification for insurance losses, or any of the standard clauses found in reinsurance contracts (e.g., ceding commission, reinsurance premium, loss adjustment expenses, reinsurance recoverables). The terms discussed, such as ""Units,"" ""Capital Accounts,"" ""Distributions,"" and ""Board of Directors,"" are standard corporate finance and governance terms, not insurance terms.

While the document does mention the term ""Insurance"" in Section 1.01, it does so only to define it for the purposes of the agreement and to state that the company may engage in insurance-related activities, which is a common clause in broad corporate charters. This incidental mention does not transform the entire LLC agreement into a reinsurance contract.

Therefore, this document is a corporate ownership and governance agreement, not a reinsurance agreement or any type of insurance-related contract.",False,,,,,
2011-1400810-0001193125-11-221350-dex1013.htm,"The document is titled ""EXCESS CATASTROPHE REINSURANCE CONTRACT,"" which clearly indicates it is a reinsurance agreement. It is structured as a formal contract between Homeowners Choice Property & Casualty Insurance Company (the ""Company"") and subscribing reinsurers, providing indemnification for excess liability arising from losses due to catastrophes. This fits the definition of a non-proportional reinsurance contract, specifically an Excess of Loss treaty, as it covers losses above specified retentions (e.g., $19.3M, $45.3M, $71.3M) up to defined limits per occurrence and in aggregate.

The contract covers property insurance business classified as ""Homeowners and Dwelling"" policies, which falls under Non-Life insurance and specifically the ""Property"" class of business. It excludes various lines such as Accident and Health, Workers’ Compensation, and Credit, further confirming its focus on property perils, particularly catastrophe risks like hurricanes and windstorms in Florida.

The contract is a main agreement (not ancillary), as it contains all principal terms including coverage, retentions, limits, premium, exclusions, and conditions. It is an obligatory treaty because it automatically covers all qualifying policies in force or issued during the term, without requiring individual underwriting per risk. It is not facultative, and the language (""all policies... in force... or issued or renewed"") confirms automatic reinsurance of the entire eligible portfolio.

There is no indication of proportional features such as quota share or surplus; instead, the structure is layered excess of loss, which is non-proportional. The document does not contain separate proportional sections, so it is not hybrid.

Therefore, all classification criteria are met based on the document’s title, structure, and substantive provisions.",True,True,True,non-proportional,Non-Life,Property
2011-911421-0001193125-11-049296-dex10101.htm,"The document is an ""Executive Restricted Share Unit Award Agreement"" between PartnerRe Ltd. and an employee. It outlines the grant of Restricted Share Units (RSUs), which are equity-based awards entitling the recipient to receive company shares upon vesting. The agreement includes terms related to vesting, termination, transferability, and other employment-related conditions. 

This document is clearly not a reinsurance agreement. It does not involve risk transfer between insurers and reinsurers, nor does it contain any terms typical of reinsurance such as ceding commissions, loss settlements, treaty structures, or coverage layers. Instead, it pertains to executive compensation through equity incentives.

Since it is not a reinsurance agreement, all downstream reinsurance-specific classification fields must be set to 'None' where appropriate.",False,,,,,
2011-1279363-0001279363-11-000064-settlement.htm,"The document is a settlement agreement between WellCare Health Plans, Inc., the United States, and relators related to allegations of false claims submitted to Medicare and Medicaid programs. The allegations involve fraudulent reporting of medical loss ratios, manipulation of reinsurance arrangements, improper billing, and other healthcare compliance issues. While the document mentions a ""wholly-owned reinsurance subsidiary,"" this is in the context of alleged financial manipulation to inflate costs and maintain higher premiums, not as the subject of the agreement itself.

The agreement resolves civil claims under the False Claims Act and related statutes, and it includes financial payments, releases of liability, and compliance obligations. It does not establish or modify a reinsurance contract. Instead, it is a legal resolution of litigation concerning healthcare billing practices.

Therefore, the document is not a reinsurance agreement. It is a legal settlement in a qui tam action involving healthcare fraud allegations. Since it is not a reinsurance agreement, all subsequent fields related to reinsurance contract classification must be None.",False,,,,,
2011-1347815-0001347815-11-000008-ex1045.htm,"The document is a letter agreement among Limestone Business Limited, Haverford (Bermuda) Limited, Mark J. Byrne, and Flagstone Reinsurance Holdings, S.A. It primarily addresses a standstill provision, resignation of a director, indemnification, and governing law in connection with a Share and Warrant Purchase Agreement. The content focuses on corporate governance, restrictions on acquiring securities, and director-related matters. There is no mention of risk transfer, reinsurance terms, ceding of insurance liabilities, or any provisions typical of a reinsurance agreement such as ceded premiums, coverage limits, or treaty terms. The document is ancillary to a share purchase transaction and does not establish a reinsurance or retrocession contract. Therefore, it does not qualify as a reinsurance agreement under any of the defined categories.",False,,,,,
2011-886982-0000950123-11-020067-y88213exv10w46.htm,"The document is a ""Signature Card For Year-End Awards (Asia)"" related to equity-based compensation under The Goldman Sachs Amended and Restated Stock Incentive Plan (SIP). It is a form used by employees to acknowledge and accept the terms of equity awards (such as stock options or restricted stock), agree to employment-related policies (e.g., notice periods, non-compete and non-solicitation clauses), and consent to electronic delivery and data processing. The content revolves around employee compensation, tax compliance, custody of shares, and post-employment restrictions.

There is no mention of insurance, reinsurance, risk transfer between insurers and reinsurers, or any structure resembling a reinsurance agreement. The document does not involve the transfer of insurance risk, ceding of policies, or any proportional or non-proportional risk-sharing mechanisms typical of reinsurance. Instead, it is an internal corporate document related to equity incentives and employment terms.

Therefore, this document is not a reinsurance agreement, nor is it any form of insurance contract. It falls entirely outside the scope of reinsurance or insurance agreements.",False,,,,,
2011-1163348-0000950123-11-075104-y92275exv10w4.htm,"The document is a Performance-Based Restricted Stock Unit (RSU) Award Agreement between Allied World Assurance Company Holdings, AG and an employee. It outlines the terms of a stock incentive award under the company's 2004 Stock Incentive Plan, including vesting conditions based on performance criteria, settlement in cash or shares, and conditions for termination or forfeiture. The agreement is related to employee compensation and equity incentives, not to risk transfer between insurers and reinsurers.

The document does not contain any language related to insurance or reinsurance contracts, ceding or assuming risk, premiums, coverage limits, or any other typical provisions of reinsurance agreements. Instead, it governs the delivery of cash or shares based on corporate performance metrics and employment status.

Therefore, this is not a reinsurance agreement or any type of insurance-related contract. It is a corporate compensation instrument.",False,,,,,
2011-77449-0001047469-11-003479-a2203127zex-10_16.htm,"The document is an Amended and Restated Credit Agreement between The Pep Boys - Manny, Moe & Jack (the Borrower), its subsidiaries (Guarantors), and Wachovia Bank, National Association (the Administrative Agent and a Lender). The agreement outlines a term loan of $320,000,000, including terms for repayment, interest, fees, and various covenants. The document is a standard credit agreement for a corporate loan, involving the borrowing of funds and the creation of a debt obligation. It does not involve the transfer of insurance risk from one insurer to another or from an insurer to a reinsurer. The document is not related to reinsurance in any form, as it is purely a financial lending arrangement. Therefore, it does not meet any of the criteria for being classified as a reinsurance agreement.",False,,,,,
2011-1089063-0001104659-11-048479-a11-20914_1ex10d7.htm,"The provided document is a ""Second Amended and Restated Credit Agreement"" between Dick's Sporting Goods, Inc. (the Borrower), various lenders, and General Electric Capital Corporation (the Agent). This document is a standard credit agreement that outlines the terms for a revolving credit facility, including the amount of credit available, interest rates, fees, repayment terms, covenants, and conditions precedent to funding. It also includes various schedules, exhibits, and annexes that detail the financial and operational requirements for the borrower.

The document does not contain any language or provisions that are characteristic of a reinsurance agreement. Reinsurance agreements typically involve the transfer of risk from one insurance company (the ceding company) to another (the reinsurer) and include terms related to the types of risks being transferred, the premiums paid, and the claims handling process. The document in question is a credit agreement, which is a financial instrument used to provide a line of credit to a borrower. It does not involve the transfer of insurance risk or any of the specific terms and conditions associated with reinsurance.

Therefore, the document is not a reinsurance agreement, and all related fields that depend on it being a reinsurance agreement are set to `None`.",False,,,,,
2011-1018979-0001193125-11-057764-dex1030.htm,"The document is titled ""CASUALTY CATASTROPHE EXCESS OF LOSS REINSURANCE CONTRACT"" and explicitly states it is a reinsurance agreement between the Company (American Interstate Insurance Company and others) and the Subscribing Reinsurer(s). It outlines the terms under which the reinsurer agrees to cover excess liability for losses incurred by the ceding company, which is a standard reinsurance arrangement. Therefore, it is a reinsurance agreement.

The document contains the full terms of the reinsurance contract, including coverage limits, exclusions, definitions, and conditions. It is not merely an ancillary document like an endorsement or commutation. The ""Interests and Liabilities Agreements"" attached are participations in this main contract. Thus, it establishes the reinsurance contract itself and qualifies as a main contract.

The contract covers losses arising from Workers’ Compensation, Employers Liability, and General Liability policies—lines of business that apply to entire portfolios of policies rather than individual named insureds. The reinsurance automatically attaches to all qualifying policies issued or renewed during the contract period. This indicates risk is transferred on an obligatory basis from all insureds in the specified portfolio, making it an obligatory reinsurance agreement.

The contract provides coverage on an excess of loss basis, where the reinsurer covers losses in excess of a specified retention ($10 million) up to a specified limit ($40 million per occurrence). This is a classic non-proportional (excess of loss) reinsurance structure. There is no indication of proportional sharing of premiums or losses. Therefore, the contract is non-proportional.

The underlying insurance policies covered are Workers’ Compensation, Employers Liability, and General Liability. These are all forms of casualty insurance related to liability and injury arising from business operations. These fall under Non-Life insurance, not Life insurance.

The class of business is clearly defined in Article I as Workers’ Compensation, Employers Liability, and General Liability. These lines are all categorized under ""Casualty"" in the classification system provided. Workers’ Compensation and Employers Liability are specifically listed under Casualty, and General Liability is a core casualty line. Therefore, the appropriate classification is ""Casualty"".",True,True,True,non-proportional,Non-Life,Casualty
2011-356130-0001140361-11-015608-ex10_11.htm,"The document is titled ""REINSURANCE POOLING AGREEMENT"" and is executed between Employers Mutual Casualty Company (EMC) and its affiliated companies. The agreement explicitly establishes a risk-sharing arrangement where EMC and the affiliated companies reinsure each other's insurance liabilities. Key clauses such as Article II and Article V describe the cession and reinsurance of all liabilities under insurance contracts, including reserves, losses, and expenses. Article I states the intent to ""pool all of their insurance business"" and ""share in the fortunes of their pooled insurance business,"" which is characteristic of a reinsurance pooling arrangement.

The document contains the full terms of the reinsurance agreement, including cession, reinsurance, financial settlements, and governance mechanisms (e.g., arbitration in Article XIII), and is not merely an amendment or ancillary document. Multiple addenda and amendments are attached, but the core agreement is comprehensive and constitutes the main contract.

The pooling is obligatory because it covers all insurance business written by the participating companies, not limited to specific or facultative risks. The structure involves proportional sharing of liabilities based on fixed percentages (e.g., 2.5%, 5%, etc., as detailed in the exhibits), indicating a proportional reinsurance arrangement.

The companies involved, such as Employers Mutual Casualty Company and affiliated entities, are clearly property and casualty insurers (names include ""Casualty,"" ""Fire,"" ""Insurance Company""), indicating Non-Life insurance. The class of business is primarily Casualty, as the pooling covers general liability, workers' compensation, and other liability lines typically underwritten by such companies.

Thus, the document is a main, obligatory, proportional reinsurance pooling agreement for Non-Life insurance, with a focus on Casualty lines.",True,True,True,proportional,Non-Life,Casualty
2011-1403385-0000950123-11-025854-v58499exv10w8.htm,"The document is titled ""Amendment 6 TO THE GROUP LONG TERM DISABILITY REINSURANCE AGREEMENT"", which clearly indicates it is an amendment to an existing reinsurance agreement. The content confirms it modifies the terms of a pre-existing reinsurance contract between Symetra Life Insurance Company and the American Disability Reinsurance Underwriters Syndicate (ADRUS), managed by Reliance Standard Life Insurance Company. Since amendments that modify the terms of an existing reinsurance agreement are explicitly listed as reinsurance agreements under the definition, this document qualifies as a reinsurance agreement.

However, this document is not a main contract because it is an amendment—specifically labeled as ""Amendment 6""—that modifies an existing agreement rather than establishing a new or full reinsurance contract. It references and alters terms of the original agreement but does not contain all principal terms of a standalone reinsurance contract.

Because it is an amendment to a reinsurance agreement, it inherits the characteristics of the underlying contract. The underlying agreement covers Group Long Term Disability insurance, which is a non-proportional, obligatory treaty-type arrangement covering a portfolio of policies rather than individual facultative risks. Long Term Disability is classified as a Life insurance product, specifically under the ""Health"" class within Life insurance, as per the classification guidance.

The amendment terminates the profit-sharing arrangement and sets a termination date for the reinsurance agreement, while allowing reinsurance to continue for cases underwritten before March 1, 2011. These are operational modifications to an existing obligatory treaty, confirming the underlying contract is obligatory.

The reinsurance is non-proportional because long-term disability group reinsurance treaties are typically excess-of-loss or stop-loss in nature, not proportional quota share arrangements. There is no indication of proportional risk sharing (e.g., premium and losses shared by percentage), and the presence of a profit-sharing clause (now terminated) is common in non-proportional treaties.

The class of business is ""Health"" under Life insurance, as Group Long Term Disability falls under disability/health-related life insurance products.",True,False,True,non-proportional,Life,Health
2011-1412100-0001144204-11-014466-v214182_ex10-16.htm,"The document is a Third Amendment to an Asset Management Agreement between AII Insurance Management Limited (AIM) and several entities within the Maiden Holdings group, including Maiden Insurance Company Ltd., Maiden Holdings, Ltd., Maiden Holdings North America, Ltd., Maiden Reinsurance Company, and Maiden Specialty Insurance Company. The purpose of the amendment is to add Maiden Specialty Insurance Company as a party to the agreement and to update Appendix A. The agreement pertains to investment management services, not risk transfer through insurance or reinsurance. 

This is not a reinsurance agreement because it does not involve the transfer of insurance risk from one insurer to another. Instead, it is an agreement related to asset or investment management, which falls outside the scope of reinsurance. As such, it does not meet any of the criteria for being classified as a reinsurance agreement, including retrocession, risk transfer, or portfolio transfer with reinsurance-like provisions. Therefore, all downstream classifications (main contract, obligatory, proportional, insurance type, class of business) are not applicable.",False,,,,,
2011-1096752-0001096752-11-000063-exhibit1059.htm,"The document is an ""Executive Health Plan for Retired Employees"" established by Energizer Holdings, Inc. It provides medical, dental, and vision benefits to retired employees and their dependents. The plan outlines eligibility, benefits, contributions, coverage limits, exclusions, and administrative procedures. It is funded through insurance policies and governed by internal corporate governance (EPAC).

This document is an employee welfare benefit plan, specifically a retiree health care plan, which falls under direct insurance benefits provided by an employer to its retirees. It is not a contract between insurers or reinsurers transferring risk from one insurer to another. Although Section 11.2(d) and (c) mention ""securing, placing or terminating a contract for reinsurance of risk relating to health care claims (including stop-loss insurance and excess of loss insurance)"", this refers to the Plan’s potential use of reinsurance for its own risk management, but the document itself is not a reinsurance agreement.

Therefore, the document is not a reinsurance agreement. It is a direct employee benefit plan, which is explicitly excluded from the definition of reinsurance agreements. As such, all subsequent fields related to reinsurance classification (main contract, obligatory, proportional, insurance type, class of business) are not applicable.",False,,,,,
2011-1296435-0001104659-11-045340-a11-14096_1ex10d2.htm,"The document is an ""Amended and Restated Credit Agreement"" between Neenah Paper, Inc., its subsidiaries, and financial institutions. It establishes a credit facility involving loans, letters of credit, and other financial arrangements. This is a standard credit agreement in the corporate finance context, not a reinsurance agreement. The document does not contain any language or provisions related to insurance, risk transfer from insurers to reinsurers, or any of the characteristics of reinsurance contracts. Instead, it deals with lending, borrowing, interest rates, collateral, and repayment terms. Therefore, it is a credit agreement, not a reinsurance agreement.",False,,,,,
2011-96763-0001140361-11-040957-ex10_53.htm,"The provided document is a ""Second Amendment Agreement"" related to a credit agreement between Pulse Electronics Corporation, its subsidiaries, lenders, and JPMorgan Chase Bank, N.A., as the administrative agent. The document outlines amendments to an existing credit agreement, including the restatement of the agreement, adjustments to credit commitments, and other financial arrangements. It is a financial instrument related to corporate lending and borrowing, not insurance or reinsurance.

The document does not contain any language or structure indicative of a reinsurance agreement. It does not involve the transfer of insurance risk from one insurer to another. Instead, it pertains to loan commitments, revolving credit, and security interests in corporate assets. The listed categories of non-reinsurance documents explicitly include ""Bonds, loans and credit instruments,"" which directly applies to this document.

Therefore, this document is not a reinsurance agreement. Since it is not a reinsurance agreement, the subsequent classification fields (is_main_contract, is_obligatory, etc.) are not applicable and should be set to None.",False,,,,,
2011-26780-0001144204-11-010809-v209951_ex10-33.htm,"The document is an ""Amended and Restated Revolving Credit and Guaranty Agreement"" between Dana Holding Corporation, its guarantors, lenders, and agents. It establishes a $500 million revolving credit facility, outlining the terms for borrowing, interest, fees, covenants, events of default, and security interests in collateral. This is a standard syndicated loan agreement in the corporate finance sector.

The document is not a reinsurance agreement. The list of documents that are considered reinsurance agreements includes items like reinsurance agreements, retrocession agreements, and catastrophe bonds, none of which are present here. Instead, this document is explicitly a credit and guaranty agreement, which is listed as an example of a document that is NOT a reinsurance agreement.

Since it is not a reinsurance agreement, all subsequent fields related to the classification of reinsurance contracts (such as whether it is a main contract, obligatory, proportional, etc.) are not applicable and must be set to None.",False,,,,,
2011-832480-0000832480-11-000002-lifereagreement.htm,"The document is titled ""REINSURANCE AGREEMENT"" and is between Universal Guaranty Life Insurance Company (the ""Company"") and Life Reassurance Corporation of America (""Life Re""). It establishes a reinsurance arrangement where the Company cedes and Life Re accepts reinsurance on life insurance policies and waiver of disability benefits. The agreement includes detailed provisions on automatic and facultative reinsurance, liability, premiums, claims, and other standard reinsurance terms.

This is clearly a reinsurance agreement as it involves one insurer transferring risk to another. It is not an insurance policy, letter of credit, bond, or agency agreement. Therefore, it qualifies as a reinsurance agreement under the provided definition.

The document appears to be a full reinsurance contract, not merely an amendment or ancillary document. It contains principal terms such as coverage, retention limits, premiums, claims procedures, and duration. It includes both automatic (obligatory for qualifying risks) and facultative (non-obligatory) components. However, the presence of automatic reinsurance — which applies to all qualifying policies meeting the criteria without individual underwriting — makes the overall agreement obligatory in nature, as it binds the reinsurer to accept cessions that meet the defined parameters.

The reinsurance is structured on a Yearly Renewable Term (YRT) basis, which is a non-proportional form of reinsurance. YRT reinsurance transfers mortality risk on a per-life basis and is not based on sharing a fixed proportion of premiums and losses, which characterizes proportional reinsurance. Therefore, this is non-proportional.

The subject matter is life insurance, including whole life, term life, and universal life policies, as listed in Schedule A. Thus, the insurance type is Life.

The class of business pertains to life insurance coverages such as term life, whole life, and universal life, which fall under mortality risk. Therefore, the appropriate classification is ""Mortality"".",True,True,True,non-proportional,Life,Mortality
2011-1045829-0000950123-11-094972-c23961exv10w06.htm,"The provided document is an amendment (Amendment Number: 16) to an existing contract (Contract No.: YH09-0001-07) between the Arizona Health Care Cost Containment System (AHCCCS) and a health plan contractor. The primary purpose of this amendment is to renew the contract for the term October 1, 2011, through September 30, 2012, and to make several revisions to sections of the main contract.

The document is clearly a modification of an existing agreement, specifically a renewal. This is evident from Section D, Paragraph 1, which states, ""The initial term of this contract shall be 10/1/08 through 9/30/11, with two additional one-year options to renew."" The current amendment is exercising one of those renewal options.

Regarding the ""reinsurance"" clause in Section C, the document defines ""Reinsurance"" as ""A risk-sharing program provided by AHCCCS to Contractors for the reimbursement of certain contract service costs incurred for a member beyond a predetermined monetary threshold."" This is a standard stop-loss program for the primary insurer (the Contractor), not a reinsurance agreement as defined in the classification guidelines. The Contractor is the primary insurer of the health care services, and AHCCCS provides a form of reinsurance to the Contractor to limit its financial exposure on catastrophic cases. Therefore, the main contract being amended is a primary health insurance contract, not a reinsurance agreement.

Because the document is an amendment to renew an existing primary insurance contract, it is an ancillary agreement to the main contract and not the main contract itself. It does not establish a new reinsurance or retrocession contract; it modifies the terms of an existing primary health insurance contract.",False,False,True,,Non-Life,Accident and Health
2011-832988-0001193125-11-151042-dex101.htm,"The provided document is a Credit Agreement dated May 24, 2011, among Signet Group Limited, Signet Group Treasury Services Inc., Signet Jewelers Limited, and various lenders. The document outlines the terms of a credit facility, including commitments, loans, interest rates, fees, and other financial obligations. It does not contain any provisions related to risk transfer from insurance policies, ceding of insurance liabilities, or any other elements characteristic of a reinsurance agreement. Instead, it is a standard credit agreement for borrowing funds, which falls under the category of financial guarantees and credit instruments. Therefore, it is not a reinsurance agreement.",False,,,,,
2011-1093430-0001038838-11-000010-ex1040k093010.htm,"The document is an ""Agreement on Mortgage of Immovable Property"" between Balykshy L.L.P., Caspian Real Estate Limited, Caspian Services Inc., and the European Bank for Reconstruction and Development. It establishes a mortgage over certain immovable property as security for a loan and other financing obligations. The document explicitly outlines the creation of a mortgage, the mortgaged property, and the secured obligations, which are tied to a loan agreement and related financing documents.

The document does not involve any risk transfer from an insurer to a reinsurer. Instead, it serves as a security instrument to secure repayment of a loan, which falls under the category of a financial guarantee or credit instrument. According to the provided definitions, such instruments (e.g., mortgages, loans, credit instruments, and financial guarantees) are explicitly excluded from being classified as reinsurance agreements.

Since the document is a mortgage agreement and not a reinsurance or retrocession contract, it fails the first classification criterion. Therefore, all subsequent fields related to reinsurance characteristics (main contract, obligatory nature, proportional/non-proportional, insurance type, and class of business) must be set to None.",False,,,,,
2011-1057436-0001193125-11-209788-dex108.htm,"The document titled ""LOAN AGREEMENT"" is a legally binding contract between two entities, SHC CHOPIN PLAZA, LLC and DTRS INTERCONTINENTAL MIAMI, LLC (collectively, the ""Obligor""), and AAREAL CAPITAL CORPORATION, acting as both the Lender and Agent. This agreement outlines the terms and conditions for a loan of $85,000,000.00, including interest rates, payment schedules, covenants, and conditions of lending. It also details the security interests and collateral, such as the mortgage on the property, and the rights and remedies of the Lender in case of default. The document is structured as a typical loan agreement, with sections on definitions, the loan itself, representations and warranties, covenants, conditions of lending, accounts and reserves, events of default, and rights and remedies of the lender. It includes standard provisions for a loan agreement, such as the interest rate, payment terms, and default provisions. The document is not a reinsurance agreement, as it does not involve the transfer of insurance risk from one insurer to another. Instead, it is a financial instrument for borrowing money, which is secured by real property. The document is a main contract as it establishes the primary terms of the loan, and it is not an ancillary agreement. However, since it is not a reinsurance agreement, the other fields related to reinsurance are not applicable.",False,,,,,
2011-52827-0000052827-11-000067-rayonierex1023q2011.htm,"The document is a Purchase and Sale Agreement for the sale of timberlands and related assets from Joshua Timberlands LLC to Rayonier Inc. It outlines the terms and conditions for the sale of real property, timber, nursery, seed orchard, waynesboro office, mineral rights, surface rights, water rights, timber lease, personal property, personal property leases, licenses, assumed contracts, real property leases, assumed condemnations, property data and records, and intangible property. The agreement includes provisions for the purchase price, adjustments, closing, representations and warranties, covenants, conditions precedent, survival of representations and covenants, indemnification, termination, and dispute resolution. It also includes exhibits such as forms of general assignment and assumption, assignment and assumption of real property leases, assignment and assumption of timber lease, statutory warranty deed, limited warranty deed, special warranty deed, bill of sale, estoppel certificates, escrow instructions, and seller affiliate guaranty. The document does not contain any provisions related to reinsurance agreements, retrocession agreements, reinstatement premium protection contracts, capital maintenance agreements, loss portfolio transfer, adverse development cover, reinsurance to close, portfolio transfers in connection to mergers, acquisitions, sales and other corporate restructurings, catastrophe bonds, insurance pooling agreements, or government insurance schemes. Therefore, the document is not a reinsurance agreement.",False,,,,,
2011-899629-0001445305-11-003166-exhibit1083.htm,"The provided document is a Loan Agreement between 125 Main Street Associates LLC (the Borrower) and Bank of America, N.A. (as Administrative Agent and a Lender), along with other financial institutions. The agreement details the terms for a construction loan, including the purpose of the loan (refinancing acquisition and redevelopment costs), the commitment to lend, interest rates, payment schedules, covenants, representations and warranties, default provisions, and remedies. It also includes various exhibits related to the loan, such as legal descriptions of the land, definitions, conditions precedent to the advance, amortization schedules, and other financial and legal details.

The document is clearly a loan agreement and not a reinsurance agreement. Reinsurance agreements involve the transfer of risk from one insurance company (the ceding company) to another (the reinsurer). The document in question does not involve any such risk transfer between insurance companies. Instead, it is a financial loan agreement for the purpose of financing a real estate development project. The document includes standard loan agreement clauses such as interest rates, repayment terms, default provisions, and security interests, which are typical in loan agreements but not in reinsurance agreements.

Therefore, the document is not a reinsurance agreement, and the subsequent fields related to reinsurance (is_main_contract, is_obligatory, proportional_or_non_proportional, insurance_type, class_of_business) are not applicable and should be set to None.",False,,,,,
2011-1001604-0001001604-11-000095-ex106306.htm,"The provided document is a ""Second Amended and Restated Credit Agreement"" between BREA Emeritus LLC and its subsidiaries (the Borrowers) and General Electric Capital Corporation (the Administrative Agent and Lender). This agreement details a $220,000,000 loan, the terms for its disbursement, repayment, interest, covenants, and security. The document is explicitly a credit agreement for a loan secured by real property and other assets of the Borrowers.

None of the characteristics of a reinsurance agreement are present. The document does not involve the transfer of insurance risk from one insurer (the ceding company) to another (the reinsurer). Instead, it is a standard financial instrument where a lender provides capital to a borrower in exchange for the promise of repayment with interest, secured by collateral.

Since this is not a reinsurance agreement, the subsequent questions regarding whether it is a main contract, obligatory, proportional, etc., are not applicable and must be answered as 'None'.",False,,,,,
2011-1141719-0001193125-11-216393-dex101.htm,"The document is an Underwriting Services Agreement between New Point Re IV Limited (the ""Company""), Alterra Agency Limited (the ""Underwriting Manager""), and Alterra Bermuda Limited (ABL). The agreement outlines the appointment of the Underwriting Manager to provide underwriting, actuarial, administrative, and retrocession services for the Company.

The Company is described as being licensed to carry on insurance and reinsurance business, and it desires to issue collateralized property catastrophe excess of loss retrocessional cover and industry loss warranties. The Underwriting Manager is appointed to underwrite ""Covered Contracts,"" defined as (i) contracts providing collateralized property catastrophe excess of loss retrocessional cover and (ii) collateralized industry loss warranties. The Underwriting Manager is authorized to prepare and negotiate retrocession agreements, determine premium rates, execute contracts, collect premiums, and manage claims.

Although the document governs the issuance of reinsurance contracts (specifically retrocessional cover), it is not itself a reinsurance agreement. Instead, it is a service agreement under which one party (the Underwriting Manager) agrees to perform underwriting and administrative functions on behalf of another (the Company). The document does not establish the terms of any reinsurance contract between ceding companies and the reinsurer. Rather, it sets out the operational and managerial relationship between the reinsurer and its agent.

According to the classification guidelines, referral agreements, underwriting agency agreements, and similar arrangements between reinsurance companies and agents are explicitly excluded from being considered reinsurance agreements. This document falls squarely into the category of an ""Underwriting Agency Agreement"" and is therefore not a reinsurance agreement.

Because it is not a reinsurance agreement, the subsequent fields (is_main_contract, is_obligatory, etc.) are not applicable and should be set to None.",False,,,,,
2011-1093430-0001038838-11-000010-ex1047k093010.htm,"The document is an ""Agreement on Pledge of Monies at the Bank Accounts"" among Balykshy L.L.P., Joint Stock Company ""Bank CenterCredit"", and the European Bank for Reconstruction and Development (EBRD). It establishes a pledge over funds in specific bank accounts as security for a loan provided by EBRD to Balykshy L.L.P. under a Loan Agreement. The pledge serves as collateral to secure the repayment of the loan and related obligations.

This document does not involve the transfer of insurance risk from one insurer to another, nor does it involve any form of reinsurance, retrocession, or risk-sharing between insurers or reinsurers. Instead, it is a financial security agreement where bank account funds are pledged to secure a loan. According to the definitions provided, such instruments—specifically pledges, letters of credit, bonds, loans, and credit instruments—are explicitly excluded from being classified as reinsurance agreements, except for specific instruments like Catastrophe Bonds, which this is not.

Therefore, the document is not a reinsurance agreement. As a result, all subsequent classification fields related to reinsurance (main contract, obligatory nature, proportional/non-proportional, insurance type, class of business) are not applicable and should be set to None.",False,,,,,
2011-714311-0000950123-11-048124-v59474exv10w3.htm,"The provided document is an ""Aircraft Mortgage and Security Agreement"" dated March 30, 2011, involving several aircraft-owning entities and Citibank, N.A., as the Collateral Agent. The primary purpose of this document is to establish a security interest in various aircraft, related leases, equity interests, and other collateral to secure loan obligations under a Credit Agreement.

The document explicitly outlines the granting of a security interest in Pool Aircraft (including airframes, engines, parts, and associated documents), leases, pledged equity interests, pledged debt, and other financial assets. It details the rights and obligations of the Grantors and the Collateral Agent, including remedies upon an Event of Default, such as the right to sell the collateral. The agreement also references related documents like the Credit Agreement, FAA Aircraft Mortgages, and the Cape Town Convention, all of which are standard in secured lending transactions involving aircraft.

There is no mention of any transfer of insurance risk from an insurer to another party, which is the fundamental characteristic of a reinsurance agreement. The document does not contain terms typical of reinsurance contracts, such as ceding commissions, reinsurance premiums, loss reserves, or treaty types (e.g., quota share, excess of loss). Instead, it is structured entirely as a loan security instrument, using physical assets (aircraft) and financial instruments as collateral.

Therefore, this document is a secured lending agreement and not a reinsurance agreement. Since it is not a reinsurance agreement, the subsequent questions regarding its nature as a main contract, obligatoriness, proportionality, insurance type, and class of business are not applicable.",False,,,,,
2011-882289-0001193125-11-217765-dex101.htm,"The document is an Amended & Restated Credit Agreement. It outlines the terms of a credit facility provided by a group of lenders to the borrowers, Sky Acquisition LLC and Apria Healthcare Group Inc. The agreement includes details about the loans, interest rates, covenants, representations and warranties, events of default, and other standard provisions of a credit agreement.

Based on the definitions provided:
- The document is not a reinsurance agreement. The list of documents that are NOT considered reinsurance agreements explicitly includes ""Bonds, loans and credit instruments except for Catastrophe Bonds and other Insurance Linked Securities as described above."" This credit agreement is a loan and credit instrument, and it is not a Catastrophe Bond or other Insurance Linked Security.
- Since it is not a reinsurance agreement, the subsequent fields `is_main_contract`, `is_obligatory`, `proportional_or_non_proportional`, `insurance_type`, and `class_of_business` are not applicable and should be set to `None`.",False,,,,,
