filename,reasoning,is_reinsurance,is_main_contract,is_obligatory,proportional_or_non_proportional,insurance_type,class_of_business
2023-351817-0000351817-23-000032-a202210-kxexhibit1047.htm,"The document is a Director and Officer Indemnification Agreement between SilverBow Resources, Inc. and an individual director or officer (Indemnitee). It outlines the company's obligation to indemnify and advance expenses to the Indemnitee for claims arising from their service as a director or officer. The agreement includes provisions for legal defense, advancement of expenses, and recovery under directors' and officers' liability insurance.

This document is not a reinsurance agreement. It does not involve the transfer of insurance risk between insurers or reinsurers. Instead, it is a corporate governance contract designed to protect corporate officers and directors from personal liability. It is closely related to directors' and officers' (D&O) liability insurance but is itself a separate indemnification agreement between the company and an individual.

Because it is not a reinsurance agreement, all subsequent classification fields (main contract, obligatory, proportional status, insurance type, and class of business) are not applicable and must be set to None.",False,,,,,
2023-1035443-0001035443-23-000244-a2q23-ex101.htm,"The document is a ""Second Amended and Restated Credit Agreement"" between Alexandria Real Estate Equities, Inc. (the Borrower), its guarantor, Citibank, N.A. (as Administrative Agent), and other lenders. It details a senior unsecured revolving credit facility of $5.0 billion. The agreement outlines the terms for loans, letters of credit, interest rates, fees, covenants, and conditions for credit extensions.

This document is clearly a credit agreement for a loan facility, not a reinsurance agreement. The provided list of documents considered reinsurance agreements includes items like reinsurance agreements, retrocession agreements, and catastrophe bonds, none of which are present here. Instead, this document is a standard credit agreement, which is explicitly listed as NOT being a reinsurance agreement. It involves the lending of money from multiple lenders to a borrower, with terms for repayment, interest, and security, which is fundamentally different from the transfer of insurance risk that characterizes reinsurance.

Therefore, it fails the first and most fundamental criterion: being a reinsurance agreement. Since it is not a reinsurance agreement, all subsequent classifications (main contract, obligatory, proportional, insurance type, class of business) are not applicable and should be set to None.",False,,,,,
2023-1759546-0001558370-23-019031-ride-20230930xex10d2.htm,"The document provided is a Modified First Amended Joint Chapter 11 Plan of Lordstown Motors Corp. and its affiliated debtors, filed in the United States Bankruptcy Court for the District of Delaware. It outlines the restructuring plan for the company's debts and assets under Chapter 11 of the Bankruptcy Code. The document details the classification and treatment of claims and interests, administrative and priority claims, and other provisions related to the bankruptcy proceedings. It does not contain any information related to reinsurance agreements, which are contracts where one insurer (the reinsurer) agrees to cover some or all of the insurance risks underwritten by another insurer (the ceding company). Therefore, this document is not a reinsurance agreement.",False,,,,,
2023-1823529-0001823529-23-000211-a101masteragreementehi-gfi.htm,"The provided document is the Third Amended and Restated Master Agreement between Genworth Financial, Inc. and Enact Holdings, Inc., dated August 29, 2023. This agreement outlines the terms and conditions governing the relationship between the two companies following the initial public offering (IPO) of Enact Holdings, Inc. The document covers a wide range of topics, including financial and other information, release and indemnification, other agreements, corporate governance matters, dispute resolution, and miscellaneous provisions.

The document does not contain any clauses or sections that pertain to reinsurance agreements, retrocession agreements, or any other type of reinsurance contract. Instead, it focuses on the corporate governance, financial reporting, and operational aspects of the relationship between Genworth and Enact Holdings, Inc. after the IPO. It includes provisions for the exchange of financial information, indemnification, non-compete and non-solicit clauses, and corporate governance rights.

Given that the document does not establish or modify any reinsurance contract, it cannot be classified as a reinsurance agreement. The document is an ancillary agreement that supports the ongoing relationship between the two companies but does not involve the transfer of insurance risk.",False,,,,,
2023-1782170-0001782170-23-000145-remitly-jpmrevolvingcredit.htm,"The provided document is an ""Amendment No. 1"" to a ""Revolving Credit and Guaranty Agreement"" between Remitly Global, Inc., Remitly, Inc. (the ""Borrowers""), and JPMorgan Chase Bank, N.A. (the ""Administrative Agent""). This agreement amends the existing credit agreement by changing the interest rate benchmark from LIBOR to a new benchmark, specifically the ""Term SOFR Rate.""

The document is fundamentally a loan agreement, which is a contract for a financial loan. The document details the terms of the credit facility, including the amount of the loan, the interest rate, the parties involved, and the conditions for the loan.

The key characteristics of the document that confirm it is a loan agreement and not a reinsurance agreement are:
*   The parties involved are a borrower and a lender (JPMorgan Chase Bank, N.A.).
*   The document refers to ""Loans,"" ""Commitments,"" and ""Revolving Exposure,"" which are standard terms in loan agreements.
*   The purpose of the document is to amend the interest rate on an existing loan.
*   The document includes standard loan agreement clauses such as ""Representations and Warranties,"" ""Covenants,"" and ""Events of Default.""

Based on the provided list of what constitutes a reinsurance agreement, this document does not fall into any of the categories. It is not a reinsurance agreement, retrocession agreement, or any other type of risk transfer contract between insurance companies. It is a straightforward financial loan agreement.

Therefore, it is not a reinsurance agreement, and the subsequent questions about its nature as a main contract, its obligatory status, its proportionality, insurance type, and class of business are not applicable.",False,,,,,
2023-1809519-0001628280-23-028506-a4thamendmenttofirstliencr.htm,"The provided document is a ""Fourth Amendment to First Lien Credit Agreement."" This is a legal document that modifies an existing credit agreement between GoodRx, Inc. (the Borrower) and Barclays Bank PLC (the Administrative Agent). The document outlines changes to the terms of the credit agreement, including amendments to the interest rates and the form of borrowing requests. It involves financial lending and borrowing between corporate entities and a financial institution.

This document is not a reinsurance agreement. Reinsurance agreements are contracts where an insurance company transfers portions of its risk portfolios to other parties (reinsurers) to reduce the likelihood of paying a large obligation due to an insurance claim. The document in question is a credit agreement amendment, which is fundamentally different in nature and purpose.

Since the document is not a reinsurance agreement, the subsequent questions about whether it is a main contract, obligatory, proportional or non-proportional, the type of insurance, and the class of business are not applicable. These classifications are specific to reinsurance contracts and do not apply to credit agreements or their amendments.",False,,,,,
2023-1273813-0001273813-23-000031-ago-03312023x10qex102.htm,"The document is a Restricted Stock Unit Agreement between Assured Guaranty Ltd. and an executive officer, outlining the terms of a stock-based incentive award under the company's Long-Term Incentive Plan. It details vesting conditions, delivery of shares, tax withholding, transferability restrictions, and other provisions related to equity compensation. The document does not involve any insurance or reinsurance arrangements, risk transfer between insurers and reinsurers, or any of the characteristics of reinsurance agreements as defined. Instead, it is a standard form of executive compensation agreement. Therefore, it is not a reinsurance agreement, nor is it related to any insurance risk transfer. As such, all downstream classification fields that depend on the document being a reinsurance contract must be set to 'None'.",False,,,,,
2023-1840502-0001140361-23-038686-brhc20056716_ex10-2.htm,"The provided document is Amendment No. 2 to a Credit Agreement between Taboola.com Ltd., Taboola, Inc., other Guarantors, and JPMorgan Chase Bank, N.A., as the Administrative Agent. The amendment modifies the existing Credit Agreement, which originally established a credit facility for the borrower, including a Tranche B Term Facility and a Revolving Facility. The amendment specifically addresses the replacement of the London Interbank Offered Rate (LIBOR) with an alternative interest rate benchmark, such as the Secured Overnight Financing Rate (SOFR), and includes necessary conforming changes to the agreement.

The document is clearly a financial agreement related to corporate lending and borrowing, involving the restructuring of loan terms, interest rate benchmarks, and administrative provisions. It does not contain any language, structure, or provisions typical of a reinsurance agreement. Reinsurance agreements involve the transfer of insurance risk from one insurer (the ceding company) to another (the reinsurer), and the document in question does not mention insurance policies, ceded premiums, loss reserves, or any other elements of risk transfer between insurers.

Therefore, this document is a modification (ancillary agreement) to an existing credit agreement, which itself is a loan and security agreement, not a reinsurance contract.",False,,,,,
2023-1596961-0001596961-23-000018-rmblexhibit108good.htm,"The document is an ""Amendment No. 5 to Term Loan Credit Agreement."" It modifies an existing credit agreement between RumbleOn, Inc. (the Borrower), its guarantors, the administrative and collateral agent (Oaktree), and the Lenders. The amendment details changes to certain provisions of the existing credit agreement, such as amendments to Sections 7.10(a) and 7.10(b), the addition of a new Schedule 1.01F, and the amendment and restatement of Schedule 10.02. It also outlines the conditions for effectiveness, representations and warranties by the Borrower, and the reference to and effect on the existing credit agreement and other loan documents.

This document is clearly a loan agreement amendment, which is a type of credit or loan instrument. The provided list of what constitutes a reinsurance agreement explicitly states that ""Bonds, loans and credit instruments except for Catastrophe Bonds and other Insurance Linked Securities as described above"" are NOT considered reinsurance agreements.

Since the document is a loan agreement amendment and not a reinsurance agreement, all subsequent classification fields related to reinsurance (main contract, obligatory, proportional/non-proportional, insurance type, class of business) are not applicable and must be set to None.",False,,,,,
2023-1823587-0001437749-23-027985-ex_576986.htm,"The provided document is a ""Consent, Waiver and Second Amendment to Loan Documents"" executed between Vista Bank (the Lender) and Overflow Ltd., Rapidbuilt Inc., and Sky Harbour (the Borrowers). This document amends an existing loan agreement, modifies payment terms, adjusts reserve requirements, and includes a waiver of an existing event of default. The document explicitly refers to a loan, promissory note, security instruments, and guaranty agreements—all of which are standard components of a commercial loan arrangement.

There is no mention of insurance, reinsurance, risk transfer between insurers, retrocession, or any other elements characteristic of reinsurance agreements. Instead, the document focuses entirely on debt financing, collateral, repayment schedules, and lender protections—hallmarks of a loan and credit facility, not a reinsurance contract.

Therefore, the document is clearly a financial loan agreement amendment and not a reinsurance agreement.",False,,,,,
2023-1809519-0001628280-23-028506-a3rdamendmenttofirstliencr.htm,"The document is a ""Third Amendment to First Lien Credit Agreement"" between GoodRx, Inc., the Revolving Lenders, and Barclays Bank PLC, as Administrative Agent. It amends an existing credit agreement related to a loan facility, which is a financial instrument for borrowing funds. The document outlines terms related to loans, interest rates, repayment schedules, and other credit-related provisions. It does not involve the transfer of insurance risk from one insurer (the ceding company) to another (the reinsurer), which is the essence of reinsurance. Instead, it pertains to corporate debt financing. Therefore, this document is not a reinsurance agreement.",False,,,,,
2023-354190-0000950170-23-002456-ajg-ex10_42b.htm,"The document is a stock option award agreement between Arthur J. Gallagher & Co. and a participant under the company's Long-Term Incentive Plan. It outlines the terms of a nonqualified stock option grant, including vesting schedule, exercise price, expiration date, and conditions for termination. The document is related to employee compensation and equity incentives, not insurance or reinsurance. It does not involve risk transfer between insurers and reinsurers, nor does it contain any provisions typical of reinsurance agreements such as ceding commissions, treaty terms, or claims handling between ceding and reinsuring companies. Therefore, it is not a reinsurance agreement.",False,,,,,
2023-1823587-0001437749-23-023730-ex_559474.htm,"The provided document is a ""Consent, Waiver and Second Amendment to Loan Documents"" between Vista Bank (Lender) and Overflow Ltd., Rapidbuilt Inc. (Borrowers), with Sky Harbour, LLC also involved. The document amends an existing loan agreement, modifies financial terms, and adds consents for specific transactions related to partnership interests. It explicitly references a loan, promissory note, and security instruments, and its core purpose is to modify the terms of an existing credit facility. The document contains no language, structure, or intent related to risk transfer between insurers and reinsurers. It does not mention insurance, reinsurance, retrocession, underwriting, claims, policies, or any other terms indicative of a reinsurance agreement. Instead, it is a standard financial instrument for corporate lending, specifically a loan amendment. Therefore, it falls squarely within the category of ""bonds, loans and credit instruments,"" which are explicitly excluded from the definition of reinsurance agreements.",False,,,,,
2023-1698991-0001698991-23-000039-exhibit109_c.htm,"The document is an ""Amendment No. 3 and Early Opt-In Election"" to a Credit Agreement. It pertains to changes in interest rate benchmarks (from USD LIBOR to Term SOFR) and related administrative changes within an existing credit facility between Accel Entertainment LLC (the Borrower), its affiliates, and Capital One, National Association (as Administrative Agent). The document is fundamentally a financial agreement concerning corporate debt and credit facilities.

This document is not a reinsurance agreement. Reinsurance agreements involve one insurer (the reinsurer) assuming part of the risk from another insurer (the ceding company). The document in question is a credit agreement amendment, which is a type of loan document. It involves a borrower (Accel Entertainment LLC) and lenders, not insurers transferring risk. It details terms related to loans, interest rates (specifically the benchmark rate), and administrative agent roles, none of which are features of a reinsurance contract.

Since it is not a reinsurance agreement, the subsequent questions about whether it is a main contract, obligatory, proportional, and its insurance type and class of business are not applicable and must be answered as 'None'.",False,,,,,
2023-1674356-0001674356-23-000019-terra_ep-amendmentno2wordv.htm,"The document is a ""Waiver and Amendment No. 2 to Credit Agreement."" It modifies the terms of an existing credit agreement between a borrower (Terra Income Fund 6, LLC) and its lenders. The document explicitly states it is not a novation of the existing credit agreement, meaning it does not create a new primary contract but rather amends an existing one.

The document's core function is to:
1.  Waive specific existing events of default related to the failure to deliver control agreements for certain bank accounts.
2.  Amend the existing credit agreement, including requiring a $10 million repayment of principal, payment of interest, and a consent fee.

According to the classification guidelines, the following documents are **NOT** considered reinsurance agreements:
*   **Bonds, loans and credit instruments** except for Catastrophe Bonds and other Insurance Linked Securities.
*   **Financial guarantees and other agreements that secure the payment obligations arising from insurance or reinsurance contracts.**

This document is a credit agreement amendment, which falls squarely under ""bonds, loans and credit instruments."" The fact that some of the lenders listed have ""Reinsurance"" in their names (e.g., ""Wilton Reinsurance Company"") does not change the nature of the agreement itself, which is a loan between a borrower and multiple lenders.

Therefore, this document is not a reinsurance agreement. Consequently, all subsequent fields related to reinsurance contract characteristics (main contract, obligatory, proportional, etc.) must be `None`.",False,,,,,
2023-1691421-0001691421-23-000095-exhibit101-gcinvestmentagr.htm,"The document is a ""Customer Investment Agreement"" between Lemonade, Inc. (the ""Company"") and GC Customer Value Arranger, LLC (the ""Arranger"") on behalf of certain investors. The agreement facilitates funding by investors to the Company to support marketing and sales expenses (""Growth Spend"") for acquiring new customers (""Reference Cohorts""). In return, the investors receive a percentage of the gross premium income (""Reference Income"") collected from these cohorts, up to a capped amount (the ""Investor Cap Amount""). The arrangement is structured as a revenue-sharing or investment contract based on customer acquisition and future premium flows.

This document does not involve the transfer of insurance risk from an insurer to a reinsurer. Instead, it is a financing mechanism where investors fund customer acquisition costs in exchange for a share of future premium income. It does not contain typical reinsurance terms such as ceding commissions, reinsurance recoverables, treaty structures, or risk transfer from insurance underwriting. The investors are not assuming insurance risk; they are investing in a revenue stream derived from insurance policies, which is fundamentally different from reinsurance.

Therefore, this is not a reinsurance agreement, nor is it any of the ancillary documents related to reinsurance (e.g., commutations, novations, or amendments of reinsurance contracts). It is a commercial investment agreement tied to customer acquisition performance and premium income, falling outside the defined scope of reinsurance agreements.

Since it is not a reinsurance agreement, the remaining classification fields (is_main_contract, is_obligatory, etc.) are set to None as per instructions.",False,,,,,
2023-26324-0000026324-23-000005-exhibit1063_12312022xnotep.htm,"The provided document is a Note Purchase Agreement between Curtiss-Wright Corporation, its subsidiaries (collectively ""the Issuers""), and several purchasers (including various insurance companies and investment managers). The agreement details the issuance and sale of $300 million in senior guaranteed notes, specifically $200 million in Series L Notes and $100 million in Series M Notes. The core of the transaction is a debt financing, where the Issuers are borrowing money from the Purchasers, who are acting as lenders.

The document contains standard provisions for such an agreement, including:
*   **Authorization of the Notes:** The Issuers authorize the issuance of the debt securities.
*   **Sale and Purchase:** The terms for the sale of the notes to the purchasers.
*   **Conditions to Closing:** Requirements that must be met before the transaction is finalized.
*   **Representations and Warranties:** Statements made by the Issuers about their financial condition and legal standing.
*   **Affirmative and Negative Covenants:** Promises by the Issuers to do certain things (e.g., maintain insurance) and not do others (e.g., take on excessive debt).
*   **Events of Default:** Conditions that would allow the lenders to demand immediate repayment.
*   **Guarantee:** A Subsidiary Guarantee is included, where certain subsidiaries of the Issuers guarantee the repayment of the notes, which is a common feature in corporate lending to strengthen the lenders' position.

The presence of insurance companies as Purchasers is a key point, but it does not change the nature of the agreement. The insurance companies are acting as institutional investors using their general account funds to purchase corporate debt, a standard investment activity. The document is not a contract for the transfer of insurance risk from one insurer to another (reinsurance); it is a contract for a loan from a group of lenders (including some insurers) to a corporate borrower. The agreement is fundamentally a debt instrument, not a risk transfer instrument.

Therefore, this document is not a reinsurance agreement. It is a corporate debt financing agreement with a guarantee. Since it is not a reinsurance agreement, all subsequent fields related to the classification of a reinsurance contract are answered as 'None'.",False,,,,,
2023-354190-0000950170-23-002456-ajg-ex10_42d.htm,"The document is a Restricted Stock Unit Award Agreement between Arthur J. Gallagher & Co. and a participant. It outlines the terms of a grant of restricted stock units under the company's Long-Term Incentive Plan. The content pertains to employee compensation in the form of equity awards and includes provisions related to vesting, tax withholding, restrictive covenants, and compliance with securities laws. There is no mention of insurance, reinsurance, risk transfer, or any contractual arrangement related to the assumption of insurance risk. Instead, the document is focused on corporate governance, executive compensation, and employment-related conditions.

This type of document is a standard equity incentive award agreement and does not fall within any of the categories defined as reinsurance agreements. It is not related to the transfer of insurance risk from one insurer to another, nor does it modify or renew any reinsurance contract. Therefore, it is not a reinsurance agreement.

Since it is not a reinsurance agreement, the subsequent fields—`is_main_contract`, `is_obligatory`, `proportional_or_non_proportional`, `insurance_type`, and `class_of_business`—must all be set to `None`.",False,,,,,
2023-1498710-0001498710-23-000080-save-ex1060x20221231x10k.htm,"The provided document is a ""Second Amendment to Credit and Guaranty Agreement"" between Spirit Airlines, Inc. and Citibank, N.A., acting as the administrative agent for the lenders. This document is fundamentally a financial agreement that modifies an existing credit agreement. It deals with aspects such as interest rates, loan terms, and administrative details related to a credit facility extended to Spirit Airlines. 

None of the characteristics or provisions of this document align with the definition of a reinsurance agreement. Reinsurance agreements involve the transfer of risk from one insurer (the ceding company) to another (the reinsurer). The document in question does not involve any such risk transfer related to insurance policies. Instead, it is a standard credit amendment that adjusts financial terms between a borrower and its lenders.

Given that the document is not a reinsurance agreement, all subsequent classifications (main contract, obligatory, proportional, insurance type, and class of business) are not applicable and must be set to 'None'.",False,,,,,
2023-1859285-0001859285-23-000174-exhibit101-93023.htm,"The provided document is a ""Second Amendment to First Lien Credit Agreement."" This is a financial document related to a credit agreement between a borrower, lenders, and an administrative agent. It involves amendments to an existing credit agreement, including the provision of new term loans and the conversion of existing term loans. 

Reinsurance agreements are contracts between insurance companies where one insurer (the reinsurer) agrees to cover a portion of the risks and liabilities of another insurer (the ceding company). The document in question does not involve insurance or reinsurance. Instead, it is a credit agreement amendment, which is a type of loan or debt instrument.

According to the definitions provided, credit agreements and loan amendments are explicitly listed as documents that are **not** considered reinsurance agreements. Therefore, this document is not a reinsurance agreement.

Since it is not a reinsurance agreement, the subsequent fields (is_main_contract, is_obligatory, etc.) are not applicable and should be set to None.",False,,,,,
2023-1564902-0000950170-23-040134-seas-ex10_1.htm,"The provided document is an ""Amendment No. 1"" to an existing ""Amended and Restated Credit Agreement."" It is a legal document between JPMorgan Chase Bank, N.A., acting as an administrative agent, and SeaWorld Parks & Entertainment, Inc., the borrower. The amendment modifies the terms of an existing credit agreement, specifically addressing the replacement of the interest rate benchmark from LIBOR to an alternate rate (Adjusted Term SOFR Rate).

This document is clearly a financial agreement related to a loan or credit facility. It involves parties borrowing and lending money, with terms for interest, repayment, and covenants. It does not contain any language or structure related to insurance or risk transfer from an insurer to a reinsurer.

Based on the definitions provided, this document is a ""Credit Agreement,"" which is explicitly listed as a document that is **not** considered a reinsurance agreement. It is a standard corporate loan amendment and falls squarely outside the scope of reinsurance.",False,,,,,
2023-1535929-0001535929-23-000035-ex104fourtharcreditagreeme.htm,"The document is a Fourth Amended and Restated Revolving Credit Agreement between Voya Financial, Inc. and several lenders, with Bank of America serving as the Administrative Agent. The agreement outlines the terms for a revolving credit facility, including the issuance of loans and letters of credit. It includes provisions for interest rates, fees, conditions for credit extensions, and covenants.

This document is not a reinsurance agreement. According to the provided definitions, reinsurance agreements include contracts that transfer risk from one insurer to another, such as reinsurance treaties, facultative reinsurance, and retrocession agreements. The document in question is a credit agreement, which is explicitly listed as not being a reinsurance agreement. It involves the extension of credit from lenders to a borrower, not the transfer of insurance risk.

Since the document is not a reinsurance agreement, the subsequent fields related to reinsurance (is_main_contract, is_obligatory, proportional_or_non_proportional, insurance_type, class_of_business) are not applicable and should be set to None.",False,,,,,
2023-896159-0000896159-23-000010-cb-3312023xex102.htm,"The document is a Performance Based Restricted Stock Award Terms under the Chubb Limited 2016 Long-Term Incentive Plan. It outlines the terms of a stock award granted to an executive participant, including vesting conditions based on performance metrics such as cumulative performance, total shareholder return, and other employment-related conditions like retirement, death, or change in control. The document pertains to equity compensation and employee incentives, not to any form of insurance or risk transfer between insurers and reinsurers.

It does not contain any provisions related to reinsurance, retrocession, risk transfer, indemnity, ceding commissions, or any other typical elements of a reinsurance agreement. Instead, it is a corporate governance and executive compensation document. Therefore, it is not a reinsurance agreement or any type of insurance contract.

Since it is not a reinsurance agreement, all subsequent classification fields that depend on reinsurance characteristics must be set to 'None'.",False,,,,,
2023-1828723-0001828723-23-000105-altusfundiii-2023q2upsizex.htm,"The document is an amendment to a Credit Agreement involving a borrower, lenders, and various agents. It modifies terms of a loan facility, including interest rates, definitions, fees, and conditions for funding. The parties include several insurance and reinsurance companies (e.g., Employers Reassurance Corporation, Everest Reinsurance Company), but their role is as lenders/investors in a corporate financing transaction, not as parties to a reinsurance agreement.

The document does not involve risk transfer from an insurer to a reinsurer, nor does it contain terms typical of reinsurance such as ceded premiums, retention limits, or reinsurance recoverables. Instead, it pertains to loan commitments, collateral, and repayment terms. Therefore, it is not a reinsurance agreement.

Since it is not a reinsurance agreement, the subsequent classification fields (is_main_contract, is_obligatory, etc.) must be set to None.",False,,,,,
2023-911147-0000911147-23-000085-cnty-20230930xex10_1.htm,"The document is a lease agreement between a landlord and a tenant for various gaming and hospitality facilities. It outlines the terms for the lease of properties, including rent, maintenance responsibilities, insurance requirements, and other operational conditions. The document does not contain any elements of reinsurance, such as risk transfer from one insurer to another, proportional or non-proportional sharing of risk, or any clauses related to life or non-life insurance policies. Therefore, it is not a reinsurance agreement.",False,,,,,
2023-354190-0000950170-23-002456-ajg-ex10_43a.htm,"The document is a Performance Unit Program Award Notice and Agreement issued by Arthur J. Gallagher & Co. to an employee. It outlines the terms of a performance-based compensation award tied to the company's Adjusted EBITDAC growth. The document pertains to an executive compensation plan and involves no insurance or reinsurance risk transfer. It does not establish any form of reinsurance, retrocession, or risk-sharing arrangement between insurers or reinsurers. Instead, it is a corporate incentive plan related to employee remuneration.

Key indicators include:
- The document grants ""Performance Units"" whose value is tied to company stock performance and financial metrics.
- It contains provisions on vesting, termination, tax withholding, and restrictive covenants typical of equity or cash-based employee incentive plans.
- There is no mention of insurance policies, ceding companies, reinsurers, premiums, claims, or any reinsurance-specific terms.
- The reference to ""reinsurance"" in the document is only in a definitional context under ""Insurance Services,"" which broadly includes ""any renewal, discontinuance or replacement of any insurance or reinsurance,"" but this is part of a non-solicitation clause and not indicative of the document itself being a reinsurance agreement.

Therefore, this is not a reinsurance agreement, nor is it any type of insurance risk transfer instrument.",False,,,,,
2023-1273813-0001273813-23-000031-ago-03312023x10qex104.htm,"The document provided is a ""Performance Retention Award"" agreement between Assured Guaranty Ltd. and a non-executive employee. It outlines the terms of a cash-based incentive award tied to the company’s financial performance metrics (Core Adjusted Book Value and Core Operating Return on Equity) over three defined performance periods. The agreement includes vesting conditions, payment schedules, and provisions for termination scenarios such as death, disability, retirement, or involuntary termination.

This document is a compensation or employment incentive agreement, not a risk transfer instrument. It does not involve the transfer of insurance risk from an insurer to a reinsurer, nor does it contain typical reinsurance contract elements such as ceded premiums, assumed liabilities, coverage limits, or policy terms related to underlying insurance portfolios.

Therefore, it does not meet the definition of a reinsurance agreement or any of its recognized forms (e.g., retrocession, portfolio transfer, catastrophe bond, etc.). It is also not an ancillary agreement to a reinsurance contract. Instead, it is an internal employee compensation plan governed by a long-term incentive plan (LTIP), which is explicitly referenced.

Since it is not a reinsurance agreement, all downstream classifications (main contract, obligatory, proportional, insurance type, class of business) are not applicable and must be set to 'None'.",False,,,,,
2023-23197-0000023197-23-000070-exhibit101cmtl-2023thirdar.htm,"The provided document is a Third Amended and Restated Credit Agreement between Comtech Telecommunications Corp. and various lenders, with Citibank, N.A. as the Administrative Agent. This document outlines the terms of a credit facility, including commitments, loans, interest rates, covenants, and other financial and legal provisions. It is a standard credit agreement used in corporate financing and does not involve the transfer of insurance risk from an insurer to a reinsurer.

The document explicitly states that it is a ""CREDIT AGREEMENT"" and involves the extension of credit in the form of revolving commitments and term loans. It includes provisions for borrowing, repayment, interest calculations, and security interests, which are typical of loan agreements. There is no mention of reinsurance, retrocession, or any other reinsurance-related terms. The document is focused on the financial obligations and rights of the borrower and lenders, not on the transfer of insurance risk.

Given the nature of the document, it is clear that this is not a reinsurance agreement. It is a credit agreement, which is explicitly listed as not being a reinsurance agreement in the provided criteria. Therefore, all subsequent fields related to reinsurance characteristics are not applicable.",False,,,,,
2023-1363829-0001363829-23-000137-exhibit103-amendmentno1tod.htm,"The document is an amendment to an employment agreement between Enstar (US) Inc. and an executive. It modifies terms such as reporting line, base salary, equity incentives, termination provisions, and restrictive covenants. The document is clearly an employment contract amendment and does not involve any insurance or reinsurance risk transfer. It does not reference any reinsurance agreements, retrocessions, or related risk-sharing mechanisms. Instead, it pertains solely to the terms of employment for an individual executive.

Given the definitions provided, reinsurance agreements include contracts that transfer insurance risk between insurers and reinsurers, including treaties, facultative-obligatory contracts, portfolio transfers with risk transfer, and related instruments. This document does not meet any of those criteria. It is not a reinsurance agreement, nor is it an ancillary document to one. It is a corporate employment document.

Therefore, the document is not a reinsurance agreement, and all subsequent fields that depend on it being a reinsurance contract must be set to None.",False,,,,,
2023-1612720-0001437749-23-023665-ex_554146.htm,"The document is a ""Common Terms Agreement"" related to a financing arrangement for the development and construction of an LNG (Liquefied Natural Gas) facility by Rio Grande LNG, LLC. It involves senior secured debt, debt holder representatives, and a P1 Intercreditor Agent (MUFG Bank, Ltd.). The agreement outlines terms related to the incurrence of various types of debt (e.g., Working Capital Debt, Replacement Debt, Relevering Debt), covenants, representations, warranties, and events of default.

The document does not contain any language related to insurance risk transfer, reinsurance, retrocession, or any other elements characteristic of a reinsurance agreement. Instead, it is a financial and intercreditor agreement governing the terms of senior secured debt financing for a capital project. It falls under the category of financial guarantees and credit instruments, which are explicitly excluded from being considered reinsurance agreements.

Therefore, the document is not a reinsurance agreement, and all subsequent classification fields are not applicable.",False,,,,,
2023-911147-0000911147-23-000057-cnty-20230630xex10_2.htm,"The document is a ""Fourth Amendment to Lease"" that amends an existing lease agreement between a landlord and a tenant for real property used in gaming and hospitality operations (e.g., casinos, resorts). The substance of the document concerns the addition of a new property (Rocky Gap Casino Resort) to the existing lease, the joinder of new landlord and tenant entities, and the incorporation of the lease terms as amended.

The document does not involve the transfer of insurance risk from an insurer to a reinsurer. It is a real estate lease agreement, not a reinsurance agreement. The listed documents that are considered reinsurance agreements (e.g., reinsurance agreements, retrocession agreements, catastrophe bonds, etc.) do not include lease agreements.

Therefore, this document is not a reinsurance agreement, and all subsequent fields that depend on it being a reinsurance agreement must be None or False accordingly.",False,,,,,
2023-1840776-0001840776-23-000145-hgty-2023x06x15xex101.htm,"The document is an Eighth Amendment to an Amended and Restated Credit Agreement, which modifies an existing credit agreement among The Hagerty Group, LLC, its subsidiaries, and JPMorgan Chase Bank, N.A., acting as administrative agent. It includes amendments to definitions and covenants, and references a ""Reinsurance Loan Documents"" term, which pertains to a financing arrangement involving Hagerty Reinsurance Limited and State Farm. However, the document itself is not a reinsurance agreement but rather a credit agreement amendment, which is a financial instrument related to debt financing.

The referenced ""Reinsurance Loan Documents"" and the attached Schedule 1.02 (a Term Sheet for a credit facility to Hagerty Reinsurance Limited) describe a loan from State Farm to a reinsurance subsidiary. While this involves a reinsurance company, the nature of the transaction is a loan or credit facility, not a risk transfer agreement between insurers and reinsurers. The Term Sheet explicitly states it is not a legally binding obligation and is subject to definitive documentation. Even if executed, it would constitute a loan agreement, not a reinsurance contract.

Therefore, the document is not a reinsurance agreement. It is a financing amendment involving a reinsurance entity but does not itself constitute reinsurance. As such, all downstream classifications (main contract, obligatory, proportional, insurance type, class of business) are not applicable.",False,,,,,
2023-1273813-0001273813-23-000078-ago-09302023x10qex101.htm,"The document is a letter agreement concerning the separation of David A. Buzen from Assured Guaranty Ltd. and its affiliates. It outlines the terms of his resignation, transition period, severance payments, vesting of equity awards, restrictive covenants (non-compete, non-solicitation, non-disparagement), and releases of claims. The agreement includes provisions related to compensation, benefits, confidentiality, and cooperation after separation. It references Exhibits A, B, and C, which detail release forms and treatment of outstanding stock awards.

This document is not a reinsurance agreement. It does not involve risk transfer between insurers and reinsurers, nor does it contain terms typical of reinsurance such as ceding commissions, treaty terms, layers of coverage, or claims handling between insurance entities. Instead, it is an employment-related separation agreement with an executive. Therefore, it falls outside the scope of all categories that qualify as reinsurance agreements, including retrocession, portfolio transfers, or insurance-linked securities.

Because it is not a reinsurance agreement, all downstream fields related to reinsurance classification (main contract, obligatory nature, proportional/non-proportional, insurance type, class of business) must be set to None.",False,,,,,
2023-70502-0000070502-23-000006-nrufy2023q2form10-qxex101.htm,"The provided document is an ""Amended and Restated Revolving Credit Agreement."" This is a financial contract between a borrower (National Rural Utilities Cooperative Finance Corporation) and a group of banks that establishes the terms for a revolving line of credit. It outlines the amounts the banks will lend, interest rates, fees, conditions for borrowing, and covenants the borrower must adhere to.

This document does not contain any of the characteristics of a reinsurance agreement. It is not transferring insurance risk from one insurer (the ceding company) to another (the reinsurer). Instead, it is a standard loan agreement. The document explicitly falls under the category of ""Bonds, loans and credit instruments,"" which are specifically listed as NOT being reinsurance agreements.

Since it is not a reinsurance agreement, all subsequent questions about its type (main contract, obligatory, proportional, etc.) are not applicable.",False,,,,,
2023-1612720-0001437749-23-023665-ex_554145.htm,"The provided document is a ""Collateral and Intercreditor Agreement"" dated July 12, 2023, among Rio Grande LNG, LLC (the Borrower), MUFG Bank, Ltd. (the P1 Intercreditor Agent), Mizuho Bank (USA) (the P1 Collateral Agent), and various Senior Secured Creditor Representatives. This agreement establishes the rights, duties, and procedures for the senior secured creditors in relation to the collateral securing a large project financing for a liquefied natural gas (LNG) facility.

The document's primary purpose is to define the intercreditor relationships among different classes of lenders (senior secured debt holders) and hedge counterparties, and to appoint agents (P1 Collateral Agent and P1 Intercreditor Agent) to administer the collateral. It details the creation, perfection, and priority of liens on the collateral, voting procedures for major decisions, the application of proceeds from the collateral in case of default, and the process for taking enforcement actions.

The agreement explicitly references and governs other underlying financing documents, such as a Common Terms Agreement, Credit Agreements, and an Indenture. It is a standard form of agreement used in complex, multi-lender project finance transactions to ensure that all secured parties act in a coordinated manner and that their claims against the collateral are treated equitably.

None of the content suggests any form of risk transfer from an insurer to a reinsurer. The terms ""reinsurance,"" ""retrocession,"" ""ceded,"" ""treaty,"" ""facultative,"" ""quota share,"" or ""excess of loss"" are absent. The parties involved are financial institutions, not insurance or reinsurance companies. The collateral being secured consists of physical assets of an LNG project and financial proceeds, not insurance policies or insurance risk portfolios.

Therefore, this document is a financial and intercreditor agreement related to a project financing, not a reinsurance agreement.",False,,,,,
2023-1699150-0001628280-23-016124-ir2023q1ex102-amendmentno9.htm,"The document is a ""Joinder Agreement and Amendment No. 9 to Credit Agreement."" This document amends an existing credit agreement and involves parties such as borrowers, lenders, and agents. The document deals with financial arrangements, including revolving credit commitments, loans, and interest rates. 

According to the provided definitions, reinsurance agreements include contracts like reinsurance agreements, retrocession agreements, and related documents. The document in question is not a reinsurance agreement but a credit agreement amendment, which is categorized as a ""Bonds, loans and credit instruments"" under the list of documents that are NOT considered reinsurance agreements.

Since the document is not a reinsurance agreement, the fields `is_main_contract`, `is_obligatory`, `proportional_or_non_proportional`, `insurance_type`, and `class_of_business` are not applicable and should be set to `None`.",False,,,,,
2023-70502-0000070502-23-000006-nrufy2023q2form10-qxex102.htm,"The document provided is an ""Amended and Restated Revolving Credit Agreement."" This type of agreement is a standard financial contract between a borrower (in this case, National Rural Utilities Cooperative Finance Corporation) and a group of banks, where the banks agree to lend money to the borrower under specified terms.

The agreement outlines details such as the commitment amounts from each bank, interest rates, fees, conditions for borrowing, covenants, events of default, and other standard provisions found in syndicated loan agreements. It also includes provisions for issuing letters of credit, which are financial instruments used for payment guarantees, but these are ancillary to the main credit facility.

None of the content in the document refers to risk transfer between insurance entities, which is the defining characteristic of a reinsurance agreement. Instead, it deals with corporate financing, lending, and credit facilities. The document is fundamentally a loan agreement, not an insurance or reinsurance contract.

Therefore, based on the provided definitions and the content of the document, this is not a reinsurance agreement.",False,,,,,
2023-1638833-0001638833-23-000082-surgerypartners-tenthame.htm,"The provided document is a Credit Agreement dated August 31, 2017, among SP HOLDCO I, INC., SURGERY CENTER HOLDINGS, INC. (the Borrower), other Guarantors, the Lenders, and JEFFERIES FINANCE LLC, acting as Administrative Agent and Collateral Agent. This document outlines the terms for a loan facility, including commitments, interest rates, covenants, and other conditions related to the borrowing and repayment of funds. The document explicitly states that it is a credit agreement, which is a financial instrument used for lending and borrowing money. It does not contain any elements related to reinsurance, such as the transfer of insurance risk from one insurer to another, or any terms related to insurance policies, claims, or risk management. The document is clearly a financial loan agreement, not a reinsurance agreement.",False,,,,,
2023-1794783-0001794783-23-000099-exhibit10156slqt-sixthamen.htm,"The document is a ""Sixth Amendment to Credit Agreement"" that modifies an existing credit agreement among SelectQuote, Inc., as the borrower, the lenders, and the administrative agent. It outlines amendments to financial covenants, reporting requirements, and other loan conditions. The document is clearly a financial credit agreement and relates to corporate lending, not insurance or reinsurance.

Although some of the consenting lenders include insurance and reinsurance companies (e.g., Swiss Reinsurance America Corporation, Great American Insurance Company), their participation as lenders does not transform the nature of the document. The agreement itself is a loan amendment and falls under the category of credit instruments.

According to the classification rules, bonds, loans, and credit instruments are explicitly excluded from being considered reinsurance agreements, even if signed by reinsurance entities.

Therefore, this document is not a reinsurance agreement, nor is it any type of insurance-related contract. As a result, all downstream fields related to reinsurance characteristics must be set to 'None' or 'False' as appropriate.",False,,,,,
2023-1556179-0001558370-23-013912-rmri-20230630xex10d10.htm,"The document is a ""Second Amendment to Loan Agreement and Other Loan Documents"" between a borrower (Rail Land Company, LLC), a guarantor (Rocky Mountain Industrials, Inc.), and a lender (Pacific Western Bank). It amends an existing loan agreement related to a construction loan and a revolving line of credit, including modifications to loan amounts, maturity dates, security interests, and collateral. The document involves real estate financing, security interests in property, and loan covenants, but it does not involve any insurance or risk transfer between insurers and reinsurers.

According to the provided classification criteria, reinsurance agreements include retrocession, risk transfer instruments like catastrophe bonds, and agreements that modify existing reinsurance contracts. However, this document is explicitly a loan agreement and amendment—classified under financial instruments such as loans and credit facilities. These are explicitly listed as **not** reinsurance agreements, even though they may secure obligations that arise in insurance contexts. There is no mention of insurance, ceding companies, reinsurers, risk portfolios, or any reinsurance-specific terms.

Therefore, this document is not a reinsurance agreement. Since it is not a reinsurance agreement, all downstream fields (main contract, obligatory, proportional status, insurance type, class of business) must be set to None.",False,,,,,
2023-1612720-0001437749-23-023665-ex_554148.htm,"The provided document is a Credit Agreement dated July 12, 2023, among Rio Grande LNG, LLC, TotalEnergies Holdings SAS, MUFG Bank, Ltd., Mizuho Bank (USA), and the Senior Lenders party to the agreement. The document outlines the terms and conditions of a credit facility for the design, engineering, development, procurement, construction, installation, and insurance of the P1 Train Facilities and related Common Facilities at the Rio Grande Facility. The agreement includes provisions for loan commitments, borrowing, repayments, prepayments, interest, fees, and various covenants and conditions precedent.

The document is explicitly identified as a ""CREDIT AGREEMENT"" and involves the provision of financial credit, which is a loan, not a risk transfer mechanism. The primary purpose of the agreement is to finance the construction and operation of the Rio Grande LNG project, which is a liquefied natural gas (LNG) facility. The document does not contain any terms or provisions related to reinsurance, such as risk transfer from an insurer to a reinsurer, reinsurance treaties, or any other reinsurance-specific language.

The document is clearly a financial loan agreement, which is one of the types of documents explicitly stated as NOT being considered reinsurance agreements in the provided list. Therefore, it does not meet the criteria for being a reinsurance agreement.",False,,,,,
2023-1819796-0001819796-23-000037-exhibit105-amendmentno7t.htm,"The provided document is an ""Amendment No. 7"" to a ""CREDIT AGREEMENT"" dated January 2, 2014. This agreement is between Grosvenor Capital Management Holdings, LLLP (the ""Borrower"") and a group of lenders led by Morgan Stanley Senior Funding, Inc. (the ""Administrative Agent"").

The core purpose of this document is to amend the existing credit agreement to implement a ""fallback from the LIBOR Rate to a Benchmark Replacement"" due to the impending discontinuation of LIBOR. It details financial arrangements, interest rates, repayment schedules, covenants, and other provisions typical of a corporate loan.

This document does not contain any of the characteristics of a reinsurance agreement. It does not involve the transfer of insurance risk from one insurer (the ceding company) to another (the reinsurer). Instead, it is a standard credit agreement, which is explicitly listed as a document that is **not** considered a reinsurance agreement under the provided definitions.

Therefore, the document is a financial instrument related to debt financing, not an insurance or reinsurance contract.",False,,,,,
2023-1691421-0001691421-23-000095-exhibit102-propertyperrisk.htm,"The document is titled ""PROPERTY PER RISK EXCESS OF LOSS REINSURANCE CONTRACT"" and is issued to Lemonade Insurance Company and Lemonade Insurance N.V., reinsured by subscribing reinsurers. This clearly indicates it is a reinsurance agreement, specifically an excess of loss contract covering property risks. It includes standard reinsurance clauses such as retention and limits, definitions of ultimate net loss, and terms regarding premium, termination, arbitration, and governing law.

The document establishes a full reinsurance contract with defined terms, limits, and obligations, including a detailed Table of Contents and execution clauses. It is not an ancillary document like an endorsement or amendment, but a complete contract, making it a main contract.

It is an obligatory reinsurance agreement because it covers all property business written or renewed by the company during the term, without requiring case-by-case acceptance. It is non-proportional because it is an excess of loss contract, where the reinsurer covers losses above a specified retention ($750,000 each risk) up to a defined limit.

The underlying insurance is property insurance, which falls under Non-Life. The class of business is Property, as it covers property damage from perils like fire, windstorm, hail, etc., as stated in Article 1 and exclusions.",True,True,True,non-proportional,Non-Life,Property
2023-850141-0001628280-23-017088-a33123ex103f.htm,"The provided document is a ""Performance-based Restricted Stock Units Agreement"" between Horace Mann Educators Corporation and an employee. It outlines the terms of a stock-based compensation award under the company's 2010 Comprehensive Executive Compensation Plan. The agreement details the grant of performance-based restricted stock units (PBRSUs), vesting conditions based on performance goals (such as Total Shareholder Return and Operating ROE), settlement procedures, and covenants related to confidentiality, non-solicitation, and non-disparagement.

The document is clearly a corporate compensation agreement related to equity incentives for an employee. It does not involve insurance risk transfer, reinsurance, retrocession, or any form of risk pooling or coverage arrangement between insurers and reinsurers. It is unrelated to any insurance or reinsurance contract, main or ancillary.

Therefore, it does not meet any of the criteria for being classified as a reinsurance agreement. Since it is not a reinsurance agreement, all subsequent reinsurance-specific classification fields must be set to 'None'.",False,,,,,
2023-1418100-0001418100-23-000041-avaya-ex10122022930x10k.htm,"The provided document is an amendment to a Term Loan Credit Agreement, specifically Amendment No. 4, which modifies the existing credit agreement by introducing additional term loans (Tranche B-3 Term Loans) and adjusting certain covenants and financial terms. It outlines the terms for the incremental funding, use of proceeds, and other financial conditions. This document is clearly a financial agreement related to corporate debt financing and does not pertain to reinsurance. It involves the issuance of term loans, not the transfer of insurance risk. Therefore, it is not a reinsurance agreement, and all subsequent classifications related to reinsurance are not applicable.",False,,,,,
2023-1722438-0001437749-23-022525-ex_552635.htm,"The provided document is an Asset Purchase Agreement (APA) between Doma Title of California, Inc., Doma Corporate LLC, and Williston Financial Group LLC. The agreement outlines the sale of specific assets related to the business of selling, servicing, providing, placing, and marketing title insurance and real estate settlement services in California. The assets being sold include rights to revenue from pending title files, fixed assets, contracts, intellectual property, and other business-related items.

This document is fundamentally a corporate acquisition agreement, not a reinsurance agreement. It does not involve the transfer of insurance risk from one insurer to another, which is the defining characteristic of reinsurance. Instead, it involves the purchase of a business and its associated assets.

The APA includes standard provisions for such transactions, including representations and warranties, covenants, indemnification, closing conditions, and dispute resolution. It also includes financial arrangements such as the purchase price, working capital adjustments, and a potential deferred payment based on employee retention.

None of the clauses or sections within the document reference reinsurance, retrocession, or any other risk transfer mechanism between insurers. The business being acquired is focused on title insurance services for real estate transactions, which is a direct insurance activity, not a reinsurance activity.

Therefore, this document does not meet any of the criteria for being classified as a reinsurance agreement, main contract, or any of the other reinsurance-related classifications.",False,,,,,
2023-1091748-0001628280-23-016636-ex10203312023.htm,"The document is a Cash Award Agreement between Argo Group International Holdings, Ltd. and an individual participant, granting a cash-based incentive award under the company's 2019 Omnibus Incentive Plan. It outlines vesting conditions, payment terms, tax withholding, transfer restrictions, and provisions related to corporate transactions such as a merger. The agreement is governed by employment/incentive compensation principles and is not related to risk transfer between insurers and reinsurers.

Although the document references a Merger Agreement involving Brookfield Reinsurance Ltd., it does not itself constitute a reinsurance agreement. It is an internal corporate compensation arrangement, specifically an Other Cash-Based Award under an equity/incentive plan. Such agreements are explicitly excluded from the definition of reinsurance agreements, as they are neither risk transfer instruments nor related to insurance or reinsurance contracts.

Therefore, this document is not a reinsurance agreement, nor does it establish any reinsurance contract or ancillary reinsurance terms. All downstream classifications (main contract, obligatory, proportional, insurance type, class of business) are not applicable.",False,,,,,
2023-886982-0000886982-23-000003-a1039_formxofxyear-endxrsu.htm,"The document provided is an award agreement for Restricted Stock Units (RSUs) issued by The Goldman Sachs Group, Inc. under its Stock Incentive Plan. It outlines the terms and conditions related to the vesting, delivery, transfer restrictions, dividend equivalents, forfeiture, and repayment of RSUs granted to an employee. The agreement also includes provisions on arbitration, tax compliance, and other employment-related conditions.

This document is a compensation and equity incentive agreement between an employer and an employee. It does not involve the transfer of insurance risk from one insurer to another or among reinsurers. It does not contain any provisions typical of reinsurance agreements such as ceding of premiums, assumption of liabilities, or risk-sharing mechanisms between insurance entities.

According to the classification criteria provided, reinsurance agreements include retrocession, loss portfolio transfers, catastrophe bonds, and other risk-transfer instruments in the insurance context. In contrast, the document at hand pertains to employee stock compensation and is therefore categorically outside the scope of reinsurance.

Since the document is not a reinsurance agreement, all subsequent fields that depend on reinsurance classification (such as is_main_contract, is_obligatory, etc.) must be set to None, as instructed.",False,,,,,
2023-1804745-0001804745-23-000016-a101driven-secondamendme.htm,"The provided document is a ""Second Amendment to Credit Agreement"" between JPMorgan Chase Bank, N.A., Driven Holdings, LLC, Driven Holdings Parent LLC, and other parties. It amends an existing credit agreement by modifying interest rate benchmarks and updating certain exhibits and schedules. The document is explicitly a financial credit agreement focused on loan terms, interest rates, and lender obligations. It does not contain any language related to risk transfer from an insurer to a reinsurer, insurance policies, claims settlement, or any other characteristics of a reinsurance agreement. Therefore, it is not a reinsurance agreement.",False,,,,,
2023-1568651-0001568651-23-000045-q223ex101.htm,"The provided document is a ""Second Amendment to Credit Agreement,"" which is a financial instrument related to a credit facility. It outlines amendments to the existing credit agreement, including changes to interest rate benchmarks, administrative provisions, and related details. The document involves a borrower (Oscar Health, Inc.), lenders, and an administrative agent (Wells Fargo Bank), and it governs the terms of loans and credit extensions.

This document is not a reinsurance agreement. Reinsurance agreements involve the transfer of risk from one insurer to another (the reinsurer), typically to mitigate large losses or catastrophic events. The document does not mention reinsurance, retrocession, or any related terms. Instead, it focuses on credit obligations, interest rates, loan commitments, and related financial covenants, which are characteristic of a credit agreement rather than a reinsurance contract.

Since the document is not a reinsurance agreement, all subsequent fields related to reinsurance classification (such as is_main_contract, is_obligatory, etc.) are not applicable and should be set to None.",False,,,,,
2023-1214816-0001214816-23-000013-axs-20221231xexx1018.htm,"The document is an employment agreement between Conrad D. Brooks and AXIS Specialty U.S. Services, Inc., a subsidiary of AXIS Capital Holdings Limited. It outlines the terms and conditions of his employment, including position, compensation, benefits, termination provisions, severance payments, confidentiality, non-competition, and other employment-related covenants. The document does not involve any insurance or reinsurance risk transfer, nor does it reference any reinsurance contracts, retrocession, or related risk-sharing arrangements. It is solely a contract for executive employment and contains no provisions indicative of a reinsurance agreement. Therefore, it does not meet any of the criteria for being classified as a reinsurance agreement.",False,,,,,
2023-850141-0001628280-23-017088-a33123ex103g.htm,"The document is a Performance-based Restricted Stock Units Agreement between Horace Mann Educators Corporation and an employee. It outlines the terms of a grant of performance-based restricted stock units (PBRSUs) under the company's executive compensation plan. The agreement includes provisions related to vesting based on performance goals, settlement in company stock, dividend equivalents, and conditions for forfeiture. It also contains covenants such as confidentiality, non-solicitation, and non-disparagement.

This document is not a reinsurance agreement. It is an employment-related equity compensation agreement, which falls outside the scope of reinsurance or any type of insurance risk transfer. It does not involve the transfer of insurance risk from one insurer to another, nor does it resemble any of the listed types of reinsurance agreements such as retrocession, catastrophe bonds, or portfolio transfers. Instead, it pertains to executive compensation in the form of stock units.

Because it is not a reinsurance agreement, all subsequent classification fields related to reinsurance (main contract, obligatory, proportional status, insurance type, class of business) are not applicable and must be set to 'None'.",False,,,,,
2023-1519061-0001558370-23-013353-tse-20230630xex10d2.htm,"The document is the ""2023 SOFR Amendment"" to an existing Credit Agreement. It is a financial agreement related to the amendment of loan terms, specifically changing the benchmark interest rate from LIBOR to SOFR for certain loans. The document details the terms of the amendment, conditions for its effectiveness, and related representations and warranties. It does not contain any elements characteristic of a reinsurance agreement, such as the transfer of insurance risk from one insurer to another, proportional or non-proportional sharing of premiums and losses, or any mention of insurance policies, underwriting, claims, or specific insurance classes of business. The document is fundamentally a credit facility amendment, which falls under the category of financial guarantees and credit instruments, explicitly listed as NOT being reinsurance agreements in the provided definitions.",False,,,,,
2023-1362468-0001362468-23-000060-a1004lesseeconsent.htm,"The document is a ""Lessee Consent"" related to aircraft lease agreements between Sunrise Asset Management, LLC (the Lessor) and Allegiant Air, LLC (the Lessee), with Bank of Utah acting as Security Trustee. It outlines the consent of the Lessee to the Lessor’s assignment of its rights under the lease agreements to the Security Trustee as collateral under a Mortgage and Credit Agreement. The document governs matters such as payment instructions, insurance provisions, default cross-defaults, and notice requirements in the context of secured financing for leased aircraft.

The document does not involve any transfer of insurance risk from an insurer to a reinsurer. Instead, it is a financing and security arrangement involving aircraft leases, mortgages, and secured lending. It references insurance in the context of hull and liability coverage for aircraft, but only to ensure that the Security Trustee is named as a loss payee or additional insured for protection of its security interest—not as a risk assumption mechanism typical of reinsurance.

Therefore, this document is not a reinsurance agreement. It is related to asset-backed financing and lease security, falling outside the scope of reinsurance, retrocession, risk transfer between insurers and reinsurers, or any of the recognized forms of reinsurance contracts. As such, all downstream classifications (main contract, obligatory, proportional, insurance type, class of business) are not applicable.",False,,,,,
2023-1760965-0001760965-23-000007-kontoor2022ex1041amendme.htm,"The provided document is an ""Amendment No. 1 to Amended and Restated Credit Agreement."" This type of document is a standard financial instrument used in corporate lending. It outlines the terms for a loan between a borrower (Kontoor Brands, Inc.) and a group of lenders, facilitated by an administrative agent (JPMorgan Chase Bank, N.A.). The agreement details the loan amounts, interest rates, repayment schedules, covenants, and conditions precedent.

The document explicitly states it is a ""Credit Agreement"" and an ""amendment"" to a prior credit agreement. It governs the borrowing of funds, the creation of a debt obligation (Indebtedness), and the establishment of security interests (Liens) in the borrower's assets.

None of the defining characteristics of a reinsurance agreement are present. There is no transfer of insurance risk from a ceding insurer to a reinsurer. There are no references to insurance policies, premiums, claims, or any other insurance-specific terminology beyond a general requirement for the borrower to maintain business insurance. The obligations are those of a debtor to a creditor, not an insurer to a reinsurer.

Therefore, this document is a credit agreement and loan amendment, which is specifically listed as a document that is NOT considered a reinsurance agreement.",False,,,,,
2023-1722482-0001722482-23-000100-finalavantor-amendmentno.htm,"The document is an ""Amendment No. 10 to Credit Agreement"" which modifies an existing credit agreement between Avantor Funding, Inc. (the ""Borrower""), Goldman Sachs Bank USA (the ""Administrative Agent""), and the Revolving Credit Lenders. The amendment primarily deals with replacing the interest rate benchmark from LIBOR to Term SOFR for dollar-denominated borrowings and adjusting rates for approved foreign currencies.

This document is a financial agreement related to a credit facility, specifically an amendment to an existing credit agreement. It involves the modification of terms related to interest rates and benchmarks for loans. The document does not contain any language related to insurance, risk transfer from insurance portfolios, or reinsurance mechanisms.

The document is clearly a credit agreement amendment, which falls under the category of ""Bonds, loans and credit instruments"" as specified in the list of documents that are NOT considered reinsurance agreements. The agreement is between a borrower and lenders, with provisions for interest rates, benchmark replacements, and other credit terms - all characteristics of a loan agreement rather than a reinsurance contract.

Since this is not a reinsurance agreement, the subsequent fields related to reinsurance characteristics (main contract, obligatory nature, proportionality, insurance type, and class of business) are not applicable and should be set to None.",False,,,,,
2023-1297184-0001297184-23-000066-amph-20230630xex10d4.htm,"The document provided is a Credit Agreement between Amphastar Pharmaceuticals, Inc., its subsidiaries, various financial institutions, and Wells Fargo Bank as the Administrative Agent. The agreement outlines the terms for credit extensions, including revolving credit loans, term loans, letters of credit, and swing line loans. It also includes provisions related to interest rates, fees, covenants, events of default, and remedies.

The document does not contain any elements of a reinsurance agreement. Reinsurance agreements involve one insurer (the reinsurer) assuming part of the risk portfolio of another insurer (the ceding company) to reduce the probability of having to pay large obligations. The provided document is a credit agreement, which is a financial contract for the extension of credit, not a transfer of insurance risk.

Furthermore, the document is explicitly structured as a credit agreement, detailing financial obligations, repayment schedules, and security interests, which are characteristic of loan agreements, not reinsurance contracts.

Therefore, the document is not a reinsurance agreement.",False,,,,,
2023-1703056-0001703056-23-000157-adt-amendmentno12sofrtra.htm,"The provided document is an ""Amendment Agreement No. 12"" related to a credit agreement between Prime Security Services Borrower, LLC, and Barclays Bank PLC, as Administrative Agent. It involves the amendment of an existing credit agreement, specifically the transition from LIBOR to Adjusted Term SOFR as the benchmark interest rate. The document outlines the terms of the amendment, including the conditions for its effectiveness, representations and warranties, and other related provisions.

This document is clearly a financial agreement related to corporate credit facilities, involving the modification of loan terms and interest rate benchmarks. It does not contain any language, structure, or terms indicative of a reinsurance agreement. Reinsurance agreements typically involve the transfer of insurance risk between insurance companies, and they include specific terms related to risk transfer, cession, retrocession, and other insurance-specific mechanisms. The document in question is a standard credit amendment agreement, focusing on loan terms, interest rates, and financial covenants, which are not features of reinsurance contracts.

Therefore, the document is not a reinsurance agreement. Since it is not a reinsurance agreement, the subsequent fields related to the nature of the reinsurance contract (main contract, obligatory, proportional, insurance type, class of business) are not applicable and should be set to 'None'.",False,,,,,
2023-1318742-0001558370-23-013828-nclc-20230630xex10d12.htm,"The provided document is an ""Amendment and Restatement Agreement"" related to a facility agreement for the part financing of a cruise ship. It involves a borrower (O CLASS PLUS ONE, LLC), a guarantor (NCL CORPORATION LTD.), and multiple lenders, and it amends and restates the terms of an existing loan agreement. The document outlines the terms of a loan, including the amount, interest rates, repayment schedules, covenants, and security interests. It also includes provisions for the transition from LIBOR to SOFR as the interest rate benchmark.

The document is not a reinsurance agreement because it does not involve the transfer of risk from one insurer to another. Instead, it is a financial agreement that provides a loan to finance the construction of a cruise ship. The document is a main contract because it establishes the terms of the loan and amends the existing facility agreement. It is an obligatory agreement because it involves a loan that must be repaid according to the terms set forth. The agreement is non-proportional because it is a loan agreement with specific repayment terms, not a proportional sharing of risk. The insurance type is Non-Life because it pertains to the financing of a physical asset (a cruise ship). The class of business is Specialty, as it involves marine insurance for a cruise ship.",False,True,True,non-proportional,Non-Life,Specialty
2023-1544206-0001544206-23-000077-csli_3q2023x10-qxex101.htm,"The document is a Senior Secured Revolving Credit Agreement between Carlyle Secured Lending, Inc. (the Borrower) and JPMorgan Chase Bank, N.A. (as Administrative Agent), along with other Lenders. It outlines the terms of a revolving credit facility, including the commitments of the lenders, interest rates, covenants, and conditions for borrowing. The agreement is focused on providing credit to the Borrower for general corporate purposes, such as acquiring leveraged loans, mezzanine loans, high-yield securities, and other investments. 

This document is not a reinsurance agreement. The provided list of what constitutes a reinsurance agreement includes items like reinsurance treaties, retrocession agreements, and catastrophe bonds, none of which are present here. Instead, the document is a credit agreement involving a secured loan, which falls under the category of financial instruments rather than insurance or reinsurance. Therefore, it does not meet any of the criteria for being classified as a reinsurance agreement.

Since the document is not a reinsurance agreement, all subsequent fields related to reinsurance classification (is_main_contract, is_obligatory, proportional_or_non_proportional, insurance_type, class_of_business) are not applicable and should be set to None.",False,,,,,
2023-39368-0001437749-23-027018-ex_571016.htm,"The provided document is an ""Amendment No. 1 to Second Amended and Restated Credit Agreement."" It amends the terms of an existing credit agreement between H.B. Fuller Company (the borrower), various lenders, and JPMorgan Chase Bank, N.A. (the administrative agent). The amendment modifies interest rates, prepayment terms, and facilitates the assignment of certain term loans from some lenders (Non-Consenting Lenders) to a Replacement Lender.

The document is fundamentally a financial instrument related to corporate debt financing. It outlines the terms for borrowing, interest, repayment, and the transfer of loan obligations between financial institutions. It does not involve the transfer of insurance risk from an insurer (ceding company) to a reinsurer.

According to the provided definitions, reinsurance agreements include contracts like retrocession agreements, Loss Portfolio Transfers, and Catastrophe Bonds. The document in question is explicitly a ""Credit Agreement"" and an ""Amendment"" to that agreement. It is classified as a ""Loan Document."" The list of documents that are NOT considered reinsurance agreements explicitly includes ""Bonds, loans and credit instruments,"" which directly encompasses this document. Therefore, it is not a reinsurance agreement.

Because the document is not a reinsurance agreement, all subsequent questions about its nature as a main contract, its obligatoriness, its proportionality, insurance type, and class of business are not applicable.",False,,,,,
2023-1822993-0001822993-23-000009-exhibit108jacksonfinancial.htm,"The document is a Revolving Credit Agreement between Jackson Financial Inc., subsidiary account parties, banks, and Bank of America as the administrative agent. It establishes a $1,000,000,000 credit facility, including provisions for loans and letters of credit. The agreement outlines terms for borrowing, interest rates, fees, conditions for credit extension, representations and warranties, covenants, events of default, and other standard credit agreement provisions.

The document is not a reinsurance agreement. It is a financial credit agreement involving loans and letters of credit between a company and banks. The document explicitly states it is a ""Revolving Credit Agreement"" and contains no language related to insurance or reinsurance risk transfer, premium sharing, or claims settlement. While the company has insurance subsidiaries (as noted in the definition of ""Insurance Subsidiary""), this particular document is purely a credit facility and does not involve reinsurance of any kind.

Since the document is not a reinsurance agreement, all subsequent reinsurance-specific classification fields (is_main_contract, is_obligatory, proportional_or_non_proportional, insurance_type, and class_of_business) must be None.",False,,,,,
2023-77281-0000950170-23-038331-pret-ex10_2.htm,"The document is a ""Second Amendment to Second Lien Credit Agreement"" which modifies an existing credit agreement between a borrower (PREIT Associates, L.P. and others) and lenders. It involves the amendment of loan terms, interest rates, and repayment schedules. This is a standard credit facility agreement in the real estate investment sector and does not involve any transfer of insurance risk. The document is not a reinsurance agreement as it does not pertain to risk transfer between insurers or reinsurers. Therefore, all reinsurance-specific classifications are not applicable.",False,,,,,
2023-1692819-0001628280-23-028436-vistra-20230630xex101.htm,"The document provided is a ""Thirteenth Amendment to Credit Agreement,"" which modifies an existing credit agreement. The agreement involves a borrower, lenders, and an administrative agent and pertains to loan terms, interest rates, and other financial covenants. This is clearly a financial credit agreement and not a reinsurance agreement. Reinsurance agreements involve one insurer transferring portions of its risk portfolio to another insurer (the reinsurer). Since the document is solely a credit agreement amendment and does not involve risk transfer between insurers, it does not meet the criteria for being a reinsurance agreement.",False,,,,,
2023-842633-0000842633-23-000097-trs_06302023xexh101.htm,"The document provided is the ""Seventh Amendment"" to the ""CREDIT AGREEMENT"" between TriMas Corporation, TriMas Company LLC, several banks and financial institutions, and JPMorgan Chase Bank, N.A., as the administrative agent. The amendment specifically addresses the replacement of the London Interbank Offered Rate (LIBOR) with a new benchmark rate, adjustments to interest rates, and related administrative and legal provisions. The document is clearly a financial credit agreement and not related to insurance or reinsurance.

Key elements that confirm this is not a reinsurance agreement include:
- The document is titled ""Seventh Amendment"" and refers to a ""CREDIT AGREEMENT.""
- It involves a credit facility with commitments, loans, and interest rates.
- It is executed by financial institutions and a corporate entity, not insurance or reinsurance companies.
- The terms and conditions are typical of a credit agreement, such as interest rates, borrowing, and repayment terms.

Since the document is a credit agreement and not related to insurance or reinsurance, it cannot be classified as a reinsurance agreement. Therefore, all subsequent fields related to reinsurance characteristics are not applicable.",False,,,,,
2023-1612720-0001437749-23-031608-ex_586234.htm,"The document provided is a Credit Agreement between Rio Grande LNG, LLC (the Borrower), Wilmington Trust, National Association (the Administrative Agent), Mizuho Bank (USA) (the P1 Collateral Agent), and various Senior Lenders. The agreement outlines the terms and conditions for a loan commitment of $356,000,000 to fund the design, engineering, development, procurement, construction, installation, testing, completion, ownership, operation, and maintenance of the Rio Grande LNG project. It includes provisions for loan commitments, borrowing, repayments, prepayments, interest, fees, tax provisions, representations and warranties, covenants, reporting, events of default, remedies, and miscellaneous provisions.

The document does not contain any terms or conditions related to reinsurance. Instead, it is a financial agreement focused on the provision of a loan for a specific project. The parties involved are financial institutions and the borrower, and the subject matter is the loan and its repayment terms, not the transfer of insurance risk.

Given the nature of the document and the absence of any reinsurance-related terms, it is clear that this document is not a reinsurance agreement.",False,,,,,
2023-1142417-0000950170-23-039930-nxst-ex10_2.htm,"The document provided is an ""Amendment No. 7 to Credit Agreement"" dated June 6, 2023, involving Mission Broadcasting, Inc., other Loan Parties, Mission Equity Holders, and Bank of America, N.A., as the Administrative Agent. This document is a legal agreement that amends an existing credit agreement among the parties, primarily dealing with financial arrangements such as loan terms, interest rates, and compliance with financial regulations.

The document outlines amendments to an existing credit agreement, including changes related to the replacement of LIBOR (London Interbank Offered Rate) with a LIBOR Successor Rate, adjustments to interest rates, and related conforming changes. It also references other credit agreements and financial arrangements, such as the Nexstar Credit Agreement, but does not pertain to insurance or reinsurance activities.

According to the provided guidelines, reinsurance agreements include documents like reinsurance and retrocession agreements, Reinstatement Premium Protection contracts, Capital Maintenance agreements, and other similar risk transfer agreements. The document in question is clearly a credit agreement amendment, which falls under financial guarantees and credit instruments. Specifically, the guidelines state that ""Bonds, loans and credit instruments except for Catastrophe Bonds and other Insurance Linked Securities as described above"" are not considered reinsurance agreements.

Therefore, since this document is an amendment to a credit agreement and not a reinsurance agreement, it does not meet the criteria for being classified as a reinsurance contract.",False,,,,,
2023-1346830-0001558370-23-013598-cara-20230630xex10d1.htm,"The provided document is a commercial lease agreement between a landlord and a tenant for office space located at 400 Atlantic Street, Stamford, Connecticut. It outlines the terms of the lease, including rent, duration, maintenance responsibilities, insurance, and other standard lease provisions. The document does not contain any language related to risk transfer between insurers, ceding of insurance liabilities, or any other elements characteristic of reinsurance agreements. Instead, it is a standard real estate lease, which is explicitly excluded from the definition of a reinsurance agreement. Therefore, it is not a reinsurance agreement, nor is it an ancillary or modifying document to such an agreement.",False,,,,,
2023-1828937-0001828937-23-000049-projectisles-spaexecutionv.htm,"The document is a Securities Purchase Agreement for the sale of equity interests in companies that conduct a business in title insurance, closing, and settlement services. It outlines the terms for the purchase and sale of these interests, representations and warranties of the parties, covenants, conditions to closing, indemnification, and other related matters. It does not establish a reinsurance or retrocession contract, nor does it involve risk transfer between insurers or reinsurers. The document is a corporate acquisition agreement and is not related to reinsurance in any form.",False,,,,,
2023-1273813-0001273813-23-000031-ago-03312023x10qex101.htm,"The document is a Performance-Based Restricted Stock Unit Agreement under the Assured Guaranty Ltd. 2004 Long-Term Incentive Plan. It outlines the terms of a stock-based incentive award granted to an executive officer of the company. The agreement details vesting conditions tied to the growth in the company’s per-share Core Adjusted Book Value, delivery of shares, treatment upon termination, and other provisions related to equity compensation.

This is not a reinsurance agreement. It does not involve risk transfer between insurers and reinsurers, nor does it contain terms typical of reinsurance contracts such as ceding of insurance liabilities, premium payments for risk assumption, or coverage limits. Instead, it is an internal corporate compensation arrangement involving restricted stock units.

As such, it falls outside all categories listed as reinsurance agreements, including retrocessions, portfolio transfers, catastrophe bonds, or ancillary reinsurance documents. It is also not an insurance policy or any form of risk transfer instrument.

Since it is not a reinsurance agreement, all subsequent classification fields (is_main_contract, is_obligatory, etc.) must be set to None.",False,,,,,
2023-1145986-0000950170-23-058227-aspn-ex10_2.htm,"The document is a First Amendment to a Loan Agreement between Aspen Aerogels, Inc., its subsidiaries, and General Motors Holdings LLC. It amends specific provisions of an existing loan agreement, including updating schedules and adding a compliance certificate. The document is clearly a financial instrument related to a loan, with provisions concerning interest rates, repayment terms, collateral, and covenants. It does not contain any language or structure indicative of a reinsurance agreement. Instead, it is a standard loan modification document in the corporate finance context. Based on the definitions provided, this document falls under the category of bonds, loans, and credit instruments, which are explicitly excluded from being reinsurance agreements. Therefore, it is not a reinsurance agreement, and all subsequent fields related to reinsurance characteristics are not applicable.",False,,,,,
2023-1740332-0001740332-23-000021-rezi-20230701x10qxexx102.htm,"The document provided is the ""Second Amendment to Amended and Restated Credit Agreement"" among Resideo Funding Inc., Resideo Technologies, Inc., and other parties, including JPMorgan Chase Bank, N.A., as Administrative Agent. This document amends an existing credit agreement and pertains to loans, interest rates, and other financial terms between the borrower and lenders. It does not involve the transfer of insurance risk from an insurer to a reinsurer.

The document is a credit agreement amendment, which is a financial instrument related to corporate borrowing and not related to insurance or reinsurance activities. Credit agreements, as defined in the instructions, are not considered reinsurance agreements. Therefore, this document is not a reinsurance agreement.

Since it is not a reinsurance agreement, the subsequent fields regarding whether it is a main contract, obligatory, proportional or non-proportional, insurance type, and class of business are not applicable and must be set to None.",False,,,,,
2023-320335-0000320335-23-000008-bofa-globelife2022revolv.htm,"The document is titled ""FIRST AMENDMENT TO AMENDED AND RESTATED CREDIT AGREEMENT."" This clearly indicates that the document is related to a credit agreement between parties, specifically involving a borrower, lenders, and an administrative agent. The content of the document includes definitions, amendments to the credit agreement, conditions for effectiveness, representations and warranties, acknowledgments, and various other clauses typical of a credit or loan agreement.

The document does not contain any language or clauses indicative of a reinsurance agreement. Reinsurance agreements typically involve the transfer of risk from one insurer (the ceding company) to another (the reinsurer), and include terms related to premiums, claims, coverage limits, and other insurance-specific terms. This document, however, is centered around financial lending, revolving credit, loan commitments, interest rates, and other credit-related terms. Key terms mentioned include ""Borrower,"" ""Lenders,"" ""Administrative Agent,"" ""Revolving Loans,"" ""Commitments,"" ""Interest,"" ""Fees,"" and ""Credit Extension,"" none of which are characteristic of a reinsurance contract.

Furthermore, the parties involved—Globe Life Inc., TMK Re, Ltd., and Bank of America, N.A.—are identified in roles consistent with a credit agreement: the borrower, a lender/reinsurer (in this context acting as a lender), and the administrative agent for the lenders. TMK Re, Ltd. is described as a ""Bermuda reinsurance corporation,"" which might suggest a connection to insurance, but its role in this document is strictly as a lender in a credit agreement, not as a party transferring insurance risk.

The document explicitly states that it amends an existing credit agreement, not a reinsurance agreement. The recitals mention the ""Credit Agreement"" and the need to amend it based on the Loan Parties' request. The amendments detail changes to the credit terms, not insurance or reinsurance terms.

Therefore, based on the title, content, terminology, and the nature of the parties' roles, this document is a credit agreement amendment and not a reinsurance agreement.",False,,,,,
2023-913144-0000913144-23-000114-exhibit101b-consultancyagr.htm,"The document is a Consultancy Agreement between RENAISSANCERE SERVICES (UK) LIMITED and TETERA CONSULTING, dated 1 September 2023. It outlines the terms under which the Consultant Company will provide strategic advice, guidance on enterprise risk management, data insights, and assistance with AI tools. The agreement specifies fees, confidentiality, intellectual property, and termination conditions. The document does not involve the transfer of insurance risk from an insurer to a reinsurer. Instead, it is a service contract for consultancy services. According to the provided classification criteria, referral agreements, underwriting agency agreements, and consultancy agreements are explicitly excluded from being considered reinsurance agreements. Therefore, this document is not a reinsurance agreement. As a result, all subsequent fields related to reinsurance characteristics are not applicable.",False,,,,,
2023-1563190-0001563190-23-000110-comp-20230331x10qex101.htm,"The document is a Revolving Credit and Guaranty Agreement, which is a standard financing agreement between a borrower (Compass, Inc.) and a group of lenders. It outlines the terms for a revolving credit facility, including loan amounts, interest rates, covenants, and guarantees. This is not a reinsurance agreement, as it does not involve the transfer of insurance risk from one insurer (the cedant) to another (the reinsurer). Instead, it is a credit agreement for corporate financing. Therefore, it does not meet any of the criteria for being classified as a reinsurance agreement, such as reinsurance contracts, retrocession agreements, or other risk transfer instruments in the insurance sector. Since it is not a reinsurance agreement, all subsequent fields related to reinsurance classification (main contract, obligatory, proportional, insurance type, class of business) are not applicable and should be set to None.",False,,,,,
2023-1318742-0001558370-23-013828-nclc-20230630xex10d8.htm,"The document is an ""Amendment and Restatement Agreement"" related to a facility agreement for the financing of a passenger cruise ship, the m.v. ""SEVEN SEAS EXPLORER"". It involves parties such as a borrower (Explorer New Build, LLC), a guarantor (NCL Corporation Ltd.), a charterer, lenders, and financial institutions. The primary purpose of the document is to amend and restate the terms of an existing loan agreement, including the transition from LIBOR to SOFR for interest rate calculations.

The document is a financial loan agreement, not a reinsurance agreement. Reinsurance agreements involve one insurer (the reinsurer) assuming part of the risk from another insurer (the ceding company). This document, however, is about a loan to finance the construction of a cruise ship, with provisions for interest rates, repayment schedules, and security interests like mortgages. It does not involve the transfer of insurance risk.

Since it is not a reinsurance agreement, the subsequent fields (`is_main_contract`, `is_obligatory`, etc.) are not applicable and should be set to `None`.",False,,,,,
2023-59558-0000059558-23-000009-lnc-20221231xex10_56.htm,"The provided document is a ""Second Amendment to Amended and Restated Credit Agreement."" This is a financial contract that amends the terms of an existing credit agreement between Lincoln National Corporation, its subsidiary account parties, the banks involved, and the administrative agent (Bank of America, N.A.). The document outlines changes to the credit facility, including adjustments to interest rates, fees, and other credit terms.

This document is not a reinsurance agreement. Reinsurance agreements involve the transfer of risk from one insurance company (the ceding company) to another (the reinsurer). The document in question is a credit agreement, which is a loan arrangement where banks provide credit to a borrower. It does not involve the transfer of insurance risk, which is the core function of reinsurance.

Because it is not a reinsurance agreement, the subsequent fields regarding its nature as a main contract, its obligatory status, proportionality, insurance type, and class of business are not applicable and should be set to None.",False,,,,,
2023-896159-0000896159-23-000010-cb-3312023xex101.htm,"The document is a Performance Based Restricted Stock Award Terms under the Chubb Limited 2016 Long-Term Incentive Plan. It outlines the terms and conditions for the grant of restricted stock to an executive participant, including vesting conditions based on performance metrics, treatment upon termination, and other employment-related provisions. The document is an equity compensation agreement and does not involve any transfer of insurance risk between insurers and reinsurers. It does not contain any clauses related to reinsurance, retrocession, risk transfer, or any insurance-specific coverage terms. Instead, it pertains to employee compensation and corporate governance.

Therefore, this document is not a reinsurance agreement or any type of insurance contract. It falls outside the scope of reinsurance and is purely a corporate incentive plan document.",False,,,,,
2023-1283699-0001283699-23-000016-tmus12312022ex1021.htm,"The provided document is an Amended and Restated Credit Agreement between T-Mobile USA, Inc. and various financial institutions, including JPMorgan Chase Bank, N.A., as the administrative agent. The document outlines the terms of a credit facility, including loans, letters of credit, and swingline loans, and details the commitments, interest rates, covenants, and other financial obligations. The document is clearly a credit agreement and not a reinsurance agreement. Reinsurance agreements involve the transfer of risk from one insurance company to another, which is not the case here. The document is a main contract as it establishes the primary terms of the credit facility, but it is not a reinsurance agreement, so the subsequent questions about reinsurance-specific characteristics are not applicable.",False,True,,,,
2023-1692819-0001628280-23-037205-vistra-20230930x103.htm,"The document titled ""Seventh Amendment to Credit Agreement"" is a financial amendment related to an existing credit agreement between Vistra Operations Company LLC (the ""Borrower""), Vistra Intermediate Company LLC (""Holdings""), other credit parties, financial institutions, and Citibank, N.A., acting as Administrative Agent and Collateral Agent. The purpose of this amendment is to extend the Revolving Credit Maturity Date, terminate certain existing revolving credit commitments, and establish additional revolving credit commitments. It includes provisions for amendments to the original credit agreement, conditions precedent for the amendment to become effective, and other related financial and administrative terms.

The document does not contain any language or provisions indicative of a reinsurance agreement. It does not involve risk transfer between insurance or reinsurance companies, nor does it reference insurance policies, ceded premiums, loss portfolios, retrocession, or any other typical reinsurance mechanisms. Instead, it is clearly a credit facility amendment, involving lenders, borrowers, and administrative agents in a corporate financing context.

Based on the definitions provided, reinsurance agreements include contracts such as reinsurance treaties, retrocession agreements, loss portfolio transfers, and other similar risk transfer instruments between insurers or reinsurers. This document is a credit agreement amendment, which is explicitly excluded from being a reinsurance agreement under the ""NOT considered"" list, such as ""Bonds, loans and credit instruments"".

Therefore, this document is not a reinsurance agreement.",False,,,,,
2023-1643953-0001213900-23-065011-f10q0623ex10-10_purplein.htm,"The provided document is a Credit Agreement dated August 7, 2023, among Purple Innovation, LLC, Purple Innovation, Inc., Intellibed, LLC, the ABL Agent, the Swing Line Lender, the Letter of Credit Issuer, and the ABL Lenders. This agreement establishes a credit facility for the borrowers, outlining the terms of loans, letters of credit, and other financial arrangements. The document details the obligations of the borrowers, the rights of the lenders, and the security interests involved.

Based on the definitions provided, reinsurance agreements are contracts where an insurance company transfers risk to another insurer. The document in question is a credit agreement, which is a financial arrangement where lenders provide funds to borrowers. This type of agreement is explicitly listed as not being a reinsurance agreement, specifically under the category of ""Bonds, loans and credit instruments except for Catastrophe Bonds and other Insurance Linked Securities as described above.""

Since the document is a credit agreement and not a reinsurance agreement, it does not meet the criteria for being classified as a reinsurance agreement. Therefore, the subsequent questions about whether it is a main contract, obligatory, proportional or non-proportional, insurance type, and class of business are not applicable, and the answers to these questions should be 'None'.",False,,,,,
2023-1400810-0000950170-23-040540-hci-ex10_33.htm,"The document is titled ""Property Catastrophe Excess of Loss Reinsurance Contract,"" which clearly indicates it is a reinsurance agreement. It is issued by reinsurers to Homeowners Choice Property & Casualty Insurance Company, Inc. and contains standard reinsurance contract clauses such as retention and limit, business covered, definitions (e.g., Ultimate Net Loss, Loss Occurrence), premium, and arbitration. These are hallmarks of a reinsurance contract.

The contract indemnifies the Company for its net excess liability arising from losses under insurance policies covering property perils such as Homeowners, Condominium Owners, and Dwelling—clearly non-life insurance lines. The structure—excess of loss, with a retention and limit per loss occurrence—confirms it is non-proportional reinsurance. It is not proportional (e.g., quota share or surplus), as the reinsurer only covers losses above a specified retention.

The contract covers a specific class of business: property damage from perils like hurricanes, windstorms, and hail, specifically in Florida. This falls under the ""Property"" class of business. The inclusion of Florida Hurricane Catastrophe Fund (FHCF) references further confirms the property catastrophe nature.

The document is a main contract because it is a full reinsurance contract with comprehensive terms, including scope, limits, exclusions, and governance. It is not an ancillary agreement like an endorsement or commutation.

It is an obligatory reinsurance contract because it automatically covers all eligible losses from the specified property portfolios without case-by-case underwriting (facultative), as indicated by the ""Business Covered"" article applying to all policies in force or issued during the term.

Therefore, all classification fields can be confidently determined based on the document's title, structure, and content.",True,True,True,non-proportional,Non-Life,Property
2023-1498710-0001498710-23-000080-save-ex1061x20221231x10k.htm,"The provided document is an ""Aircraft Sale and Purchase Agreement"" between Spirit Airlines, Inc. (Seller) and Gryphon Trading Company, LLC (Buyer). It outlines the terms for the sale and purchase of twenty-nine used Airbus A319 aircraft, including airframes and engines. The document details the purchase price, delivery conditions, inspections, warranties, representations, and other transactional terms typical of an asset sale agreement in the aviation industry.

The document does not contain any language or provisions related to insurance or reinsurance. It does not involve the transfer of insurance risk, ceding of liabilities, premium sharing, or any other mechanism characteristic of reinsurance agreements. Instead, it is a straightforward commercial sale of physical assets (aircraft and engines), which falls entirely outside the scope of reinsurance as defined in the instructions.

Because the document is a sale and purchase agreement for aircraft and not an agreement involving risk transfer from an insurer to a reinsurer, it does not meet any of the criteria for being classified as a reinsurance agreement. Therefore, all subsequent fields related to reinsurance characteristics (main contract, obligatory, proportional, insurance type, class of business) are not applicable.",False,,,,,
2023-1513761-0001558370-23-013825-nclh-20230630xex10d8.htm,"The document is an ""Amendment and Restatement Agreement"" related to a facility agreement for financing the construction of a passenger cruise ship, the m.v. ""SEVEN SEAS EXPLORER"". It involves a borrower (Explorer New Build, LLC), a guarantor (NCL Corporation Ltd.), a charterer, a holding company, lenders, and financial institutions. The agreement amends and restates a previous facility agreement to document the transition from LIBOR to SOFR.

This document is not a reinsurance agreement. It is a financial loan agreement for shipbuilding, which falls under the category of direct insurance contracts or other financial guarantees, both of which are explicitly excluded from the definition of reinsurance agreements. The document establishes a loan facility, not a risk transfer arrangement between insurance or reinsurance companies.

Since it is not a reinsurance agreement, the subsequent fields (is_main_contract, is_obligatory, etc.) are not applicable and should be set to None.",False,,,,,
2023-62709-0000062709-23-000036-mmc0331202310qex_102.htm,"The document is a Non-Competition and Non-Solicitation Agreement between Marsh & McLennan Companies, Inc. and Martin South, an executive employee. It outlines restrictions on the executive’s ability to compete with the company, solicit clients or employees, and use confidential information following the termination of employment. The agreement pertains to employment terms and protection of trade secrets, not to any risk transfer mechanism between insurers and reinsurers.

The document does not establish or modify a reinsurance contract. It does not involve the transfer of insurance risk, contain reinsurance terms (such as ceding commissions, layers of coverage, or treaty terms), or reference any underlying insurance or reinsurance portfolio. Instead, it is focused on post-employment conduct, confidentiality, and intellectual property assignment.

Therefore, this document is not a reinsurance agreement. It is an employment-related restrictive covenant agreement, which falls outside all categories of reinsurance agreements as defined. As such, all downstream reinsurance-specific classification fields (main contract, obligatory, proportional, insurance type, class of business) are not applicable.",False,,,,,
2023-1513761-0001558370-23-013825-nclh-20230630xex10d14.htm,"The document provided is an ""Amendment and Restatement Agreement"" related to a facility agreement for the part financing of the passenger cruise ship m.v. ""SEVEN SEAS SPLENDOR."" This agreement involves financial institutions providing a loan to Explorer II New Build, LLC, with NCL Corporation Ltd. as the guarantor. The document outlines the terms for the loan, including interest rates, repayment schedules, and conditions precedent for disbursement. It also includes provisions for the security of the loan, such as the mortgage on the ship and the guarantee by the guarantor.

The document does not contain any elements that would classify it as a reinsurance agreement. Reinsurance agreements typically involve one insurance company (the reinsurer) assuming part of the risk of loss from another insurance company (the ceding company). The document in question is a financial loan agreement with security and guarantee provisions, which is fundamentally different from a reinsurance agreement. It is a standard loan agreement with specific terms for the financing of a cruise ship, including the conditions for the loan, the parties involved, and the security measures in place.

The document is not a reinsurance agreement because it does not involve the transfer of insurance risk from one insurer to another. Instead, it is a financial agreement for the provision of a loan to finance the construction and delivery of a cruise ship. The document is a main contract in the sense that it establishes the terms of the loan and the security for the loan, but it is not a reinsurance contract. Therefore, the document is not a reinsurance agreement, and the subsequent fields for reinsurance-specific classifications are not applicable.",False,,,,,
2023-354190-0000950170-23-002456-ajg-ex10_42a.htm,"The provided document is a Restricted Stock Unit Award Agreement between Arthur J. Gallagher & Co. and a participant. It outlines the terms of a grant of restricted stock units under the company's Long-Term Incentive Plan. The document pertains to employee compensation and equity incentives and contains no provisions related to insurance or reinsurance. It does not involve risk transfer between insurers and reinsurers, nor does it reference any insurance portfolios, ceding companies, or reinsurance terms such as treaty, facultative, proportional, or excess of loss. Instead, it focuses on stock-based compensation, vesting conditions, tax withholding, restrictive covenants, and corporate governance.

Because the document is an equity incentive agreement and not a contract involving the transfer of insurance risk, it does not meet any of the criteria for being classified as a reinsurance agreement.",False,,,,,
2023-1318742-0001558370-23-013828-nclc-20230630xex10d14.htm,"The document provided is an ""Amendment and Restatement Agreement"" relating to a facility agreement originally dated 30 March 2016. This agreement amends and restates the original facility agreement, which provides a loan for the part-financing of a passenger cruise ship. The document outlines the terms and conditions of the loan, including the parties involved, the amount of the facility, interest rates, repayment terms, conditions precedent, and various other covenants and undertakings.

The document is clearly a financial agreement, specifically a loan agreement, involving multiple banks and financial institutions (the Lenders) providing a loan to Explorer II New Build, LLC (the Borrower), with NCL Corporation Ltd. acting as the Guarantor. The loan is secured by various forms of collateral and is subject to the oversight of an Agent and a Security Trustee.

The key elements of the document include:
- The parties involved: Borrower, Guarantor, Lenders, Joint Mandated Lead Arrangers, Agent, and Security Trustee.
- The purpose of the loan: to finance the part-financing of the passenger cruise ship m.v. ""SEVEN SEAS SPLENDOR"".
- The terms of the loan: amount, interest rates, repayment schedule, and conditions precedent.
- Security and collateral: the loan is secured by a mortgage on the ship and other security interests.
- Covenants and undertakings: the Borrower and Guarantor are required to comply with various financial and operational covenants.

The document does not contain any provisions that would classify it as a reinsurance agreement. Reinsurance agreements typically involve the transfer of risk from one insurance company to another, and they include specific terms related to the ceding of insurance risks, reinsurance premiums, and claims handling. The document provided does not mention any of these elements. Instead, it is focused on the terms of a loan and the financial obligations of the Borrower and Guarantor.

Therefore, based on the content and structure of the document, it is clear that this is a loan agreement and not a reinsurance agreement. The document does not establish a reinsurance or retrocession contract, nor does it involve the transfer of insurance risks. It is an ancillary agreement that modifies the terms of an existing loan agreement.",False,,,,,
2023-86312-0000086312-23-000011-a1034trv2023mcmperfsharesa.htm,"The provided document is a ""Performance Shares Award Notification and Agreement"" issued by The Travelers Companies, Inc. to an employee under its 2014 Stock Incentive Plan. It outlines the terms of a stock-based incentive award tied to company performance metrics (specifically, Return on Equity over a three-year period). The document includes provisions on vesting, settlement in shares, dividend equivalents, non-solicitation, confidentiality, and other employment-related covenants.

This document is fundamentally a stock compensation agreement and not a contract related to the transfer of insurance risk. It does not involve any ceding of insurance liabilities, reinsurance terms, retrocession, risk pooling, or any mechanism by which one insurer transfers risk to another. Instead, it governs the grant of performance-based equity awards to an employee.

Given the definitions and criteria provided:
- It is not a reinsurance agreement, as it lacks any risk transfer mechanism between insurers.
- It is not a main reinsurance contract or ancillary reinsurance document.
- Therefore, all subsequent fields related to reinsurance characteristics (obligatory nature, proportionality, insurance type, class of business) are not applicable.

Thus, the document falls entirely outside the scope of reinsurance agreements.",False,,,,,
2023-1462418-0001462418-23-000024-altisource-amendmentandr.htm,"The document provided is an ""Amendment and Restatement Agreement"" related to a credit facility between Altisource Portfolio Solutions S.A., Altisource S.a r.l., the Lenders, and Morgan Stanley Senior Funding, Inc., acting as the Administrative Agent and Collateral Agent. The document outlines amendments to an existing credit agreement, including the extension of the maturity date for Term B Loans and the modification of certain terms and conditions. It also references the issuance of a consent fee to certain lenders.

This document is clearly a financial agreement related to a corporate loan or credit facility. It does not involve any form of risk transfer from an insurer to a reinsurer, nor does it reference any insurance policies, reinsurance contracts, retrocession agreements, or any of the other types of documents that are considered reinsurance agreements as defined in the instructions. The document is focused on loan terms, covenants, interest rates, and repayment schedules, which are characteristic of standard credit agreements, not reinsurance.

Therefore, based on the content and nature of the document, it is not a reinsurance agreement.",False,,,,,
2023-21175-0000021175-23-000056-q22023cnaex101.htm,"The document is a First Amendment to an Amended and Restated Revolving Credit Agreement between CNA Financial Corporation (the Borrower), various Lenders, and Wells Fargo Bank as the Administrative Agent. It amends the existing credit agreement to implement Adjusted Term SOFR as a Benchmark Replacement for LIBOR and makes other related changes. The document is fundamentally a credit agreement, which is a financial instrument for borrowing funds. It does not involve the transfer of insurance risk from one insurer (ceding company) to another (reinsurer), which is the defining characteristic of a reinsurance agreement. The document pertains to corporate financing and banking terms, not to the cession of insurance policies or portfolios. Therefore, it does not meet any of the criteria for being classified as a reinsurance agreement, such as being a reinsurance treaty, retrocession agreement, or any other document that modifies such an agreement. It is also not a financial guarantee or a letter of credit, which are explicitly excluded, but rather a primary loan agreement. Consequently, since it is not a reinsurance agreement, all subsequent classifications (main contract, obligatory, proportional, insurance type, class of business) are not applicable and must be set to None.",False,,,,,
2023-1382821-0001382821-23-000194-a1redfin-creditagreement.htm,"The provided document is a Term Loan and Security Agreement between Redfin Corporation (the Borrower), its guarantors, lenders, and Apollo Administrative Agency LLC (the Administrative Agent). The agreement outlines the terms for a loan, including interest rates, repayment schedules, covenants, and security interests in the Borrower's assets. It does not involve the transfer of insurance risk from an insurer to a reinsurer, nor does it pertain to any insurance or reinsurance activities. Instead, it is a financial instrument designed to provide funding to the Borrower for corporate purposes. Therefore, this document is not a reinsurance agreement.",False,False,,,,
2023-1371285-0001371285-23-000047-ex109q42022.htm,"The document is an addendum to a Quota Share Reinsurance Agreement, which is explicitly a type of reinsurance agreement. It amends the ceding commission terms of an existing reinsurance contract between Omega General Insurance Company (the Reinsured) and Wyndham Insurance Company (the Reinsurer). Since it modifies the terms of an existing reinsurance agreement, it qualifies as a reinsurance agreement under the provided definition, which includes documents that amend, renew, or otherwise modify reinsurance contracts.

However, this document is not a main contract because it is an addendum—specifically Addendum #10—which only updates a portion of the original agreement (Article 8 on Ceding Commission). It does not establish the full reinsurance contract but instead serves as an ancillary agreement modifying an existing one.

Because the underlying agreement is a Quota Share Reinsurance Agreement, it is by nature a proportional reinsurance contract, where the reinsurer assumes a fixed percentage of all risks and premiums in a given portfolio. The presence of a fronting fee and commission structure further supports this being a proportional arrangement.

The agreement is likely obligatory, as quota share treaties are typically obligatory for all business within the defined portfolio, and the document references ""the subject Business"" broadly, indicating risk transfer across a portfolio rather than on a case-by-case facultative basis.

The class of business and insurance type cannot be determined from the document. Although the metadata shows the filing company is Trupanion, Inc., which is a pet insurance provider (typically accident and health for animals), the document itself contains no explicit reference to the type of insurance or underlying risks. Since classification must be based on the document content rather than external knowledge, and no indication of Life or Non-Life is present in the text, both insurance_type and class_of_business must be marked as None.",True,False,True,proportional,,
2023-1282648-0001558370-23-005138-batl-20221231xex10d8.htm,"The document is a Purchase Agreement between Battalion Oil Corporation (BATL) and several Purchasers for the sale and purchase of Series A Preferred Stock. The agreement outlines the terms for the issuance of these securities, representations and warranties of both parties, covenants, indemnification provisions, and other standard clauses related to the transaction. It does not contain any provisions related to insurance or reinsurance, risk transfer from an insurer to a reinsurer, or any other elements characteristic of a reinsurance agreement. Instead, it is a securities purchase agreement focused on corporate financing through the issuance of preferred stock. Therefore, this document is not a reinsurance agreement.",False,,,,,
2023-912766-0001628280-23-036192-exhibit101thirdamendmentwi.htm,"The document provided is a ""Third Amendment to Third Amended and Restated Credit Agreement"" related to a corporate credit facility. This is clearly a financial agreement focused on corporate lending, revolving credit commitments, interest rates, and loan repayments. It does not contain any language, terms, or clauses related to insurance or reinsurance. The entities involved, such as Citibank, N.A. and Goldman Sachs Bank USA, are acting as financial institutions (Administrative Agent, Collateral Agent, Lenders, or Letter of Credit Issuers), not as insurers or reinsurers. The obligations outlined pertain to the borrowing and repayment of funds, not to the transfer of insurance risk. Therefore, this document does not meet any of the criteria for being a reinsurance agreement as defined in the instructions.",False,,,,,
2023-1778129-0000950170-23-008501-trssf-ex10_10.htm,"The provided document is a Loan Agreement between Pelorus Fund REIT, LLC (Lender) and TerrAscend NJ LLC, HMS Processing LLC, HMS Hagerstown, LLC, and HMS Health, LLC (collectively, Borrower), along with TerrAscend Corp., TerrAscend USA, Inc., Well and Good, Inc., and WDB Holding MD, Inc. (collectively, Guarantor). The agreement outlines the terms for a $45,478,000 loan secured by real property and other collateral. Key elements include the loan amount, interest rates, maturity date, use of funds, repayment terms, and various covenants and representations.

The document is explicitly a loan agreement, which is a financial instrument for providing a loan to a borrower. It does not involve the transfer of insurance risk from one party to another, which is the core characteristic of reinsurance. The document does not mention any insurance policies, risk transfer, or reinsurance-specific terms such as retrocession, reinsurance treaties, or risk-sharing arrangements. Instead, it focuses on the financial and legal aspects of a loan, including security interests, repayment schedules, and default provisions.

Given that the document is a loan agreement and does not involve the transfer of insurance risk, it does not meet the criteria for being a reinsurance agreement. Therefore, the document is not a reinsurance agreement.",False,,,,,
2023-1718512-0001718512-23-000033-gates-amendmentno1to2nda.htm,"The document is an ""Amendment No. 1 to Credit Agreement"" related to a credit facility among several corporate entities, including Gates Global LLC and Gates Industrial Canada Ltd., and financial institutions like Citibank, N.A. The agreement details amendments to the interest rate structure, specifically replacing the LIBO Screen Rate with a Successor Benchmark Rate due to the discontinuation of LIBOR. It includes provisions related to loan terms, interest calculations, covenants, and other financial arrangements.

The document is clearly a financial credit agreement and amendment, not a reinsurance agreement. Reinsurance agreements involve the transfer of insurance risk from one insurer to another. This document does not contain any language related to insurance policies, risk transfer between insurers, or any of the specific types of reinsurance contracts (e.g., quota share, excess of loss, retrocession) listed in the definition.

The document is an amendment to an existing credit agreement, which modifies the terms of the original loan. While it is a significant legal document, it is ancillary to the main credit agreement, as it only amends specific terms (the interest rate benchmark) rather than establishing the entire credit facility.

Since it is not a reinsurance agreement, the subsequent fields regarding its nature as a main contract, obligatoriness, proportionality, insurance type, and class of business are not applicable and should be set to None.",False,,,,,
2023-886982-0000886982-23-000003-a1052_formxofxsignaturexca.htm,"The provided document is a ""Signature Card for _______________ Awards and Consent to Receive Electronic Delivery"" related to The Goldman Sachs Group, Inc.'s Stock Incentive Plan (SIP). It outlines the terms and conditions for equity-based awards granted to employees, including acceptance of the SIP, tax obligations, data processing, and non-compete clauses. The document is focused on employee compensation, stock incentives, and related legal and regulatory disclosures. It does not contain any language or provisions related to insurance or reinsurance, risk transfer between insurers and reinsurers, or any of the types of agreements listed as reinsurance contracts (e.g., treaties, retrocessions, catastrophe bonds, etc.). Instead, it is an internal corporate document governing employee equity awards.

Therefore, this document is not a reinsurance agreement, nor is it any form of insurance contract. It is a corporate compensation and employment-related document. As such, all subsequent classification fields related to reinsurance are not applicable.",False,,,,,
2023-1273813-0001273813-23-000031-ago-03312023x10qex103.htm,"The document is a Non-Equity Incentive Compensation Award Agreement between Assured Guaranty Ltd. and an executive officer. It outlines the terms of a cash incentive award based on performance goals and does not involve any insurance or reinsurance risk transfer. The agreement pertains to employee compensation and includes conditions related to employment, performance metrics, and recoupment in case of detrimental activities. There is no mention of reinsurance, retrocession, risk transfer, or any contractual arrangement for sharing or transferring insurance liabilities. Therefore, this document is not a reinsurance agreement or any type of insurance contract.",False,,,,,
2023-1670592-0001670592-23-000012-yeti-2023q1ex101.htm,"The document provided is a ""Third Amendment to Credit Agreement"" related to YETI Holdings, Inc. This document amends an existing credit agreement between the borrower (YETI Holdings, Inc.), lenders, and the administrative agent (Bank of America, N.A.). It outlines modifications to the terms of the credit facilities, including adjustments to loan terms, interest rates, and covenants.

This document is clearly a financial agreement related to credit facilities and does not pertain to reinsurance. The document does not mention any insurance or reinsurance terms, risk transfer between insurers and reinsurers, or any other elements characteristic of reinsurance agreements.

Based on the content and purpose of the document, it is a credit agreement amendment, which falls under the category of financial instruments and credit facilities, not reinsurance.",False,,,,,
2023-1743907-0001743907-23-000013-sncy-20230331x10xqexx102.htm,"The document provided is a Term Loan Agreement between Sun Country, Inc. (the ""Company""), Sun Country Airlines Holdings, Inc. (the ""Guarantor""), and several lenders, including UMB Bank, National Association, acting in various agent capacities. The agreement outlines the terms for a $119,200,000 loan to be used for the acquisition of aircraft and other general corporate purposes. It includes detailed provisions regarding the commitments of the lenders, the repayment of principal and interest, payment terms, yield protection, conditions precedent, representations and warranties, covenants, events of default, and other standard loan agreement clauses.

The document is not a reinsurance agreement. According to the provided criteria, reinsurance agreements include contracts like reinsurance, retrocession, Reinstatement Premium Protection, Capital Maintenance agreements, and others that transfer risk from insurers to reinsurers. The document in question is a term loan agreement, which is a financial instrument for borrowing money, not for transferring insurance risk. It is specifically categorized as a loan and not as any form of insurance or reinsurance contract. The document also does not involve any of the ancillary agreements related to reinsurance, such as endorsements or commutations.

Therefore, the document is a loan agreement, not a reinsurance agreement, and none of the subsequent fields related to reinsurance classification apply.",False,,,,,
2023-1214816-0001214816-23-000013-axs-20221231xexx1019.htm,"The document is an employment agreement between Vincent Tizzio and AXIS Specialty U.S. Services, Inc., a subsidiary of AXIS Capital Holdings Limited. It outlines the terms and conditions of his employment, including position, compensation, benefits, termination provisions, confidentiality, non-competition, and other employment-related covenants. The document does not contain any provisions related to the transfer of insurance risk, reinsurance, retrocession, or any other risk transfer mechanism between insurers and reinsurers. Instead, it is a standard executive employment contract.

Based on the definitions provided, reinsurance agreements involve risk transfer between insurance entities, such as treaties, facultative agreements, retrocessions, catastrophe bonds, or portfolio transfers with reinsurance-like provisions. This document does not meet any of those criteria. It is not a reinsurance agreement, nor does it modify or relate to one. It is also not ancillary to a reinsurance contract.

Therefore, the document is not a reinsurance agreement, and all subsequent fields that depend on that classification (such as is_main_contract, is_obligatory, etc.) must be set to None.",False,,,,,
2023-1881487-0000950170-23-021796-acdc-ex10_10.htm,"The document is the Fifth Amendment to a Term Loan Credit Agreement. This is a financing agreement between a borrower (Profrac Holdings II, LLC) and lenders, involving the amendment of existing loan terms. It is not a reinsurance agreement. Reinsurance agreements involve one insurer (the reinsurer) assuming part of the risk from another insurer (the ceding company). This document is a loan amendment, which is a type of credit agreement. Credit agreements, including loan amendments, are explicitly listed as NOT being reinsurance agreements. Therefore, it is not a reinsurance agreement, and the subsequent fields related to reinsurance characteristics are not applicable.",False,,,,,
2023-354190-0000950170-23-002456-ajg-ex10_43b.htm,"The document is a Performance Share Unit Grant Agreement between Arthur J. Gallagher & Co. and a participant, which outlines the terms of an equity-based incentive award under the company's Long-Term Incentive Plan. It details performance measures, vesting conditions, payment of shares, tax withholding, and restrictive covenants related to employment, but does not involve any insurance or reinsurance arrangements. The agreement pertains to employee compensation and stock incentives, not risk transfer between insurers and reinsurers. Therefore, it does not meet the definition of a reinsurance agreement or any of its subtypes. Since it is not a reinsurance agreement, all subsequent classification fields must be set to None.",False,,,,,
2023-1400891-0001400891-23-000038-iheart-amendmentno4totlcre.htm,"The provided document is an ""Amendment No. 4, dated as of June 15, 2023"" to a Credit Agreement. It explicitly amends the terms of an existing credit agreement between IHeartCommunications, Inc. (the ""Borrower""), various lenders, and Bank of America, N.A. as the Administrative Agent. The document discusses loans, interest rates, LIBOR successor rates, and other standard financial covenants and conditions typical of a credit agreement. It does not contain any language related to the transfer of insurance risk, indemnification for losses, or any other elements characteristic of a reinsurance agreement. Instead, it is fundamentally a financial instrument for debt financing. Therefore, it is not a reinsurance agreement.",False,,,,,
2023-1823529-0001823529-23-000035-a101masteragreementehi-gfi.htm,"The document provided is the ""First Amended and Restated Master Agreement"" between Genworth Financial, Inc. and Enact Holdings, Inc., dated February 23, 2023. It governs the ongoing relationship between the two companies following the initial public offering (IPO) of Enact Holdings, Inc. The agreement outlines various arrangements such as information sharing, financial reporting, indemnification, confidentiality, non-compete and non-solicit clauses, corporate governance, and dispute resolution. It also includes provisions related to tax matters, employee liabilities, and insurance arrangements.

The agreement is not a reinsurance contract. It does not establish a contract where one insurer (the reinsurer) agrees to compensate another insurer (the ceding company) for part of the losses or liabilities it incurs from insurance policies it has issued. Instead, it is a corporate agreement that addresses the post-IPO relationship between a parent company (Genworth) and its former subsidiary (Enact Holdings). The document includes provisions for the exchange of information, financial reporting requirements, and governance rights, which are typical in agreements between a parent company and a partially owned subsidiary after an IPO.

The document mentions insurance matters in Article VII, Section 7.5, but these provisions relate to the continuation of insurance coverage for directors and officers and the handling of insurance claims for events that occurred before the Trigger Date (when Genworth ceases to beneficially own more than 50% of the outstanding Company Common Stock). These are administrative and transitional provisions, not the establishment of a reinsurance contract.

Therefore, based on the content and purpose of the document, it is not a reinsurance agreement, and none of the subsequent classifications (main contract, obligatory, etc.) are applicable.",False,,,,,
2023-354190-0000950170-23-002456-ajg-ex10_42e.htm,"The document is a stock option award agreement between Arthur J. Gallagher & Co. and a participant under the company's Long-Term Incentive Plan. It outlines the terms of a nonqualified stock option grant, including vesting schedule, exercise price, expiration date, and conditions for termination and exercise. The agreement also includes provisions related to tax withholding, restrictive covenants, confidentiality, and governing law.

This document is not a reinsurance agreement. It does not involve the transfer of insurance risk from one insurer to another, nor does it contain any terms typical of reinsurance contracts such as ceding commissions, treaty terms, loss sharing, or claims handling between insurers. Instead, it is a compensation-related securities instrument granting an employee the right to purchase company stock.

Because it is not a reinsurance agreement, all subsequent classification fields related to reinsurance (main contract, obligatory nature, proportional/non-proportional, insurance type, class of business) are not applicable and must be set to None.",False,,,,,
2023-886982-0000886982-23-000003-a1049_formxofxperformance-.htm,"The document is an award agreement for performance-based restricted stock units (PSUs) issued to an employee of The Goldman Sachs Group, Inc. under its Stock Incentive Plan. It outlines the terms and conditions for vesting, performance goals, settlement, forfeiture, and repayment of the PSUs, which are equity-based compensation instruments. The document pertains to employee compensation and stock incentives and does not involve any form of insurance or reinsurance. It contains no provisions related to risk transfer between insurers and reinsurers, ceding of insurance liabilities, or any other characteristics typical of reinsurance agreements. Therefore, it does not meet the definition of a reinsurance agreement or any of its subtypes.",False,,,,,
2023-1577134-0001577134-23-000017-terra_ep-amendmentno2wordv.htm,"The document is a ""Waiver and Amendment No. 2 to Credit Agreement"" between Terra Income Fund 6, LLC (the Borrower), the Lenders, and Eagle Point Credit Management LLC (the Agent). It amends an existing credit agreement, waives certain events of default, and modifies the terms of the loan. The document explicitly refers to itself as a ""Credit Agreement"" and outlines the terms of a loan, including interest rates, repayment schedules, and covenants. The lenders listed include ""Wilton Reinsurance Company,"" which is a party to the agreement, but the agreement itself is not a reinsurance contract. Instead, it is a financial instrument related to a loan. The document does not establish a reinsurance or retrocession contract, nor does it have provisions typical of reinsurance agreements such as risk transfer, ceding commissions, or reinsurance recoverables. Therefore, it is not a reinsurance agreement. Since it is not a reinsurance agreement, the subsequent fields related to reinsurance (is_main_contract, is_obligatory, proportional_or_non_proportional, insurance_type, class_of_business) are not applicable and should be set to None.",False,,,,,
2023-886982-0000886982-23-000003-a1038_formofone-timeslashy.htm,"The document provided is an award agreement for Restricted Stock Units (RSUs) issued by The Goldman Sachs Group, Inc. under its Stock Incentive Plan. It outlines the terms and conditions related to the vesting, delivery, transfer restrictions, forfeiture, and repayment of RSUs granted to an employee. The document pertains to equity compensation and employee incentives, not to any form of insurance or reinsurance.

There is no mention of insurance portfolios, risk transfer between insurers and reinsurers, ceding of liabilities, or any other elements typical of reinsurance agreements. Instead, the content is focused on employment-related stock incentives, compliance with internal policies, and corporate governance matters.

Given that the document is a stock award agreement and not related to insurance or reinsurance in any way, it does not meet any of the criteria for being classified as a reinsurance agreement.",False,,,,,
2023-1502292-0000950170-23-062287-cnfr-ex10_30.htm,"The document is a ""Second Amended and Restated Note Purchase Agreement"" for $10,000,000 in 12.5% Senior Secured Notes due in 2028, issued by Conifer Holdings, Inc. to a purchaser. It outlines the terms of a debt financing, including authorization, sale, closing conditions, representations and warranties, covenants, events of default, and collateral. The document includes a security interest in the company's assets and details about financial covenants and payment obligations.

This is a debt instrument and financing agreement. It is not related to the transfer of insurance risk between insurers and reinsurers. The document does not contain any terms typical of reinsurance contracts such as ceding commissions, loss ratios, treaty terms, or claims handling provisions. Instead, it contains standard loan agreement clauses like interest payments, prepayment penalties, financial covenants, and collateral pledges.

The presence of insurance subsidiaries (like Conifer Insurance Company) in the corporate structure does not make this document a reinsurance agreement. The agreement is between a holding company and debt investors, not between insurance entities transferring risk.

Therefore, this document is a senior secured note purchase agreement, which falls under the category of ""bonds, loans and credit instruments"" - specifically excluded from reinsurance agreements per the instructions.",False,,,,,
2023-1840776-0001840776-23-000115-hgty-20230131xex101.htm,"The document is a Sixth Amendment to an Amended and Restated Credit Agreement between The Hagerty Group, LLC and JPMorgan Chase Bank, N.A., acting as administrative agent for the lenders. It amends certain definitions in the existing credit agreement, specifically the definition of ""Consolidated EBITDA,"" and includes standard representations, conditions precedent, and miscellaneous provisions typical of loan amendments. The document refers to a ""Permitted Reinsurance Subsidiary Dividend"" in the amended definition, which indicates that the borrower may have a reinsurance subsidiary, but the document itself does not establish or modify any reinsurance agreement. Instead, it is a financial amendment related to a credit facility. Therefore, the document is a credit agreement amendment, which falls under the category of credit instruments. According to the classification rules, bonds, loans, and credit instruments (except Catastrophe Bonds and other Insurance Linked Securities) are not considered reinsurance agreements. Thus, this document is not a reinsurance agreement.",False,,,,,
2023-1670541-0001670541-23-000104-a03312023exhibit104.htm,"The document is an ""Amendment No. 2"" to a ""Term Loan Credit Agreement."" This is a modification to an existing credit agreement, which is a financial loan agreement, not a reinsurance agreement. The document does not contain any language related to the transfer of insurance risk from an insurer to a reinsurer, which is the defining characteristic of a reinsurance agreement. Instead, it details changes to interest rate calculation methods, representations and warranties, conditions to effectiveness, and expenses related to the loan. Therefore, it is not a reinsurance agreement.",False,,,,,
2023-874501-0000874501-23-000040-a01-011ex105x4q22x10k.htm,"The document is an ""Amended and Restated Expense Sharing and Cost Allocation Agreement"" among Ambac Assurance Corporation, Ambac Financial Group, Inc., and their subsidiaries and affiliates. It outlines how costs and expenses related to shared services (e.g., legal, finance, tax, risk management) and overhead departments are to be allocated among the affiliated entities. The agreement includes provisions for reimbursement, allocation methodologies, regulatory compliance, and governance, but it does not involve the transfer of insurance risk from one insurer to another.

The key indicators that this is not a reinsurance agreement include:
- There is no mention of ceding risk, premiums, claims, or coverage related to insurance policies.
- The subject matter is internal cost allocation for corporate functions, not risk transfer between insurers and reinsurers.
- The document replaces prior cost-sharing agreements and governs intercompany expense reimbursements.

Since the document does not involve risk transfer from an insurer to a reinsurer and is purely an internal administrative and financial arrangement among affiliated companies, it does not meet any of the criteria for being classified as a reinsurance agreement.

Therefore, all downstream fields that depend on the document being a reinsurance agreement (such as is_main_contract, is_obligatory, etc.) must be set to None.",False,,,,,
2023-1408057-0001477932-23-001672-icct_ex1040.htm,"The document is a Convertible Secured Promissory Note and a Loan and Security Agreement between iCoreConnect, Inc. (the Borrower) and a group of lenders, with FG Financial Group, Inc. acting as the Administrative Agent. The note details a loan of $2,500,000, secured by a security interest in the Borrower's assets, and includes provisions for interest, repayment, default, and conversion of the loan amount into shares of the Borrower's common stock. The agreement also outlines affirmative and negative covenants, events of default, and remedies.

This document is fundamentally a debt financing agreement. It does not involve the transfer of insurance risk from an insurer to a reinsurer. Instead, it is a loan agreement where one company borrows money from a group of investors, secured by the company's assets. The presence of ""Fundamental Global Resinsurance Ltd."" as a lender is a detail of the transaction but does not change the nature of the document itself. The core agreement is about lending money, accruing interest, and the potential conversion of that debt into equity, which are all standard features of corporate finance, not reinsurance.

Therefore, this document does not meet any of the criteria for being a reinsurance agreement as defined in the instructions. It is a financial instrument related to debt and equity, not an agreement for the transfer of insurance risk.",False,,,,,
2023-1794783-0001794783-23-000049-exhibit101slqt-fifthamendm.htm,"The document is a ""Fifth Amendment to Credit Agreement"" involving SelectQuote, Inc. as the borrower, various lenders (including some insurance and reinsurance companies like Swiss Reinsurance America Corporation), and Wilmington Trust as the administrative agent. The document amends certain financial covenants and conditions in an existing credit agreement, primarily adjusting leverage ratio requirements and confirming conditions for effectiveness. It includes standard legal clauses such as representations and warranties, governing law (New York), waiver of jury trial, and reaffirmation of obligations under the loan documents.

Although some signatories are insurance or reinsurance entities (e.g., Swiss Reinsurance America Corporation, Great American Insurance Company), they are participating as lenders in a credit agreement, not as parties to a reinsurance contract. The document itself is a corporate financing instrument that modifies loan terms and does not involve the transfer of insurance risk from one insurer to another.

According to the classification criteria, credit agreements and loan instruments are explicitly excluded from the definition of reinsurance agreements, even if signed by reinsurance companies. Therefore, this document is not a reinsurance agreement.

Since it is not a reinsurance agreement, the downstream fields (is_main_contract, is_obligatory, etc.) must be set to None.",False,,,,,
2023-1163302-0001163302-23-000101-ex10p1d230930.htm,"The document is an ""Amended and Restated Credit Agreement"" between Exploratory Ventures, LLC (the Borrower), United States Steel Corporation (the Parent Guarantor), KFW IPEX-BANK GMBH (acting as Mandated Lead Arranger, Facility Agent, and ECA Agent), and various Lenders. Its primary purpose is to establish the terms for a syndicated loan facility, including the provision of Covered Loans and Commercial Loans to finance a project upgrade at a steel mill.

The document outlines the mechanics of the loan, such as utilization requests, interest rates, repayment schedules, covenants, representations and warranties, and events of default. It also references an ""OeKB Guarantee,"" which is a governmental export credit guarantee provided by Oesterreichische Kontrollbank AG to the Lenders to mitigate the credit risk of the loan. While this guarantee has a risk transfer element, the core agreement itself is a credit agreement, not a reinsurance agreement.

The document is explicitly defined as a ""Credit Agreement"" and is structured entirely around the lending of money and the obligations of the borrower to repay it. It does not contain any of the typical features of a reinsurance agreement, such as ceding and assuming insurance risk, calculating premiums based on insurance loss experience, or indemnifying one insurer for losses paid to policyholders. The financial instruments involved are loans and a government-backed loan guarantee, not reinsurance treaties or retrocessions.

Therefore, this document is a standard financial credit agreement and does not fall under any of the categories of reinsurance agreements listed in the definition.",False,,,,,
2023-1418100-0001418100-23-000041-avaya-ex1072022930x10k.htm,"The document is a ""Superpriority Secured Debtor-In-Possession ABL Credit Agreement"" between Avaya Holdings Corp., Avaya Inc., Citibank, N.A., and other lenders. It details a credit facility, including the terms for borrowing, repayment, interest, and security interests. The agreement is specifically for a debtor-in-possession (DIP) loan, which is a type of financing provided to companies undergoing bankruptcy proceedings. The document does not mention any reinsurance-related terms such as ceding, retrocession, or risk transfer from an insurer to a reinsurer. Instead, it focuses on the terms of a loan, including the obligations of the borrower, the rights of the lenders, and the security interests in the collateral. The document is not a reinsurance agreement but a credit agreement. Therefore, it is not a reinsurance agreement, and none of the subsequent fields are applicable.",False,,,,,
2023-1509991-0001509991-23-000021-rbleffective19april2023577.htm,"The document is an ""Amended and Restated Facility Agreement"" for a secured loan and letter of credit facility provided to Kosmos Energy Finance International and its related companies. It details the terms of a financial loan, including interest rates, repayment schedules, and security interests in company assets. This is a standard corporate financing agreement.

The document does not contain any of the elements of a reinsurance agreement. It does not involve the transfer of insurance risk from one insurer to another. Instead, it is a debt financing instrument where financial institutions lend money to a corporate borrower. The document's focus is on loan covenants, financial ratios, and security over corporate assets, which are typical of credit agreements, not reinsurance.

The document is clearly identified in the metadata as an ""EX-10.37"" filing, which is a standard SEC form for material contracts, and it is associated with Kosmos Energy Ltd., an oil and gas exploration company. The content of the agreement revolves around the borrowing and lending of funds, not the sharing or transfer of insurance risk.

Therefore, this document is a financing agreement and not a reinsurance agreement.",False,True,,,,
2023-1840856-0001840856-23-000031-a101seniorsecuredtermloanc.htm,"The document is a Senior Secured Term Loan Credit Agreement, which is a financial contract for a loan between a borrower (SoundHound AI, Inc.) and lenders. The document outlines the terms of the loan, including the amount, interest rates, repayment terms, covenants, and conditions for default. It does not involve the transfer of insurance risk from an insurer to a reinsurer, which is the defining characteristic of a reinsurance agreement. Instead, it is a direct lending agreement, which falls under the category of credit instruments. The document is also not related to insurance policies, bonds, or financial guarantees, which are explicitly listed as not being reinsurance agreements. Therefore, the document is not a reinsurance agreement.",False,,,,,
2023-1408057-0001477932-23-004637-icct_ex1040.htm,"The document is a ""Convertible Secured Promissory Note"" and a related ""Loan and Security Agreement."" It details a loan of $2,500,000 from a group of lenders, represented by an administrative agent, to a company called iCoreConnect, Inc. The note is secured by the borrower's assets and includes terms for interest, repayment, and an option for lenders to convert the debt into the borrower's common stock. The document also contains various subordination agreements, amendments to warrants and options, and other related financing documents.

This is a financial instrument, specifically a secured loan agreement with a conversion feature. It does not contain any provisions related to the transfer of insurance risk from one insurer to another. The document's core function is to establish a debt obligation and the terms for its repayment, secured by the borrower's assets. The presence of a lender named ""Fundamental Global Resinsurance Ltd."" does not change the nature of the document; it is merely one of many lenders participating in a commercial loan. The document does not meet any of the criteria for being a reinsurance agreement, such as being a treaty, facultative contract, retrocession, or any other instrument designed to transfer underwriting risk.

Therefore, it is a standard financial and credit instrument, falling squarely under the category of documents that are ""NOT considered reinsurance agreements,"" specifically a ""Bond, loan and credit instrument.""",False,,,,,
2023-837465-0000837465-23-000018-a10modg-exx103creditagreem.htm,"The document provided is a Credit Agreement dated March 16, 2023, between Topgolf Callaway Brands Corp. (the Borrower), various financial institutions (the Lenders), and Bank of America, N.A. (the Administrative Agent). It outlines the terms and conditions for a loan facility, including the initial term loans and potential incremental loans, interest rates, covenants, representations, warranties, events of default, and other standard provisions associated with a corporate credit agreement.

This document is clearly a credit agreement and not a reinsurance agreement. Reinsurance agreements are contracts between insurance companies where one insurer (the reinsurer) agrees to cover a portion of the risks and liabilities of another insurer (the ceding company). The listed document does not involve the transfer of insurance risk from one insurer to another. Instead, it involves a loan from financial institutions to a corporate borrower for general corporate purposes, including financing the transactions, working capital, acquisitions, and other general corporate needs.

The document is a main contract as it establishes the primary terms of the credit facility between the Borrower and the Lenders. It is an obligatory agreement in the sense that the Borrower is obligated to repay the loans according to the terms set forth, but this is not a reinsurance contract, so the concept of ""obligatory"" in the context of reinsurance does not apply.

Since this is not a reinsurance agreement, the remaining fields related to reinsurance characteristics (proportional or non-proportional, insurance type, and class of business) are not applicable and should be set to None.",False,True,,,,
2023-1095073-0001095073-23-000024-re-20230331xexx101.htm,"The document is an employment agreement between Everest Global Services, Inc. and Joseph V. Taranto, outlining the terms of his part-time employment as Chairman of the Board. It details duties, compensation, termination conditions, restrictive covenants, and other employment-related provisions. There is no indication that this document involves any form of risk transfer between insurers and reinsurers. Instead, it governs an individual's employment relationship with a company operating in the insurance and reinsurance sector.

The agreement references the property and casualty insurance or reinsurance business in the non-competition clause, but this is for the purpose of restricting post-employment activities, not establishing a reinsurance contract. The document does not create, amend, renew, or terminate a reinsurance agreement. It is not a treaty, slip, proposal, or any other type of reinsurance instrument.

Therefore, the document is not a reinsurance agreement. As a result, all subsequent classification fields related to reinsurance (main contract, obligatory, proportional/non-proportional, insurance type, class of business) must be set to 'None' as they are not applicable.",False,,,,,
2023-1567892-0001567892-23-000041-mnkq310qexhibit1015.htm,"The document is a ""Final Amendment to Opioid Deferred Cash Payments Agreement"" between Mallinckrodt plc and related entities (the ""Primary Obligors"") and the Opioid Master Disbursement Trust II (the ""Opioid Trust""). It amends a prior agreement regarding the payment of deferred cash obligations related to opioid litigation claims as part of a bankruptcy restructuring process.

The agreement concerns the settlement of opioid-related liabilities, including a lump sum payment of $250 million and the release of claims. It includes provisions for releases, expense reimbursements, conditions for effectiveness, and mechanisms like a ""snap-back"" provision in case payments are voided. The context is legal and financial restructuring in connection with Chapter 11 bankruptcy proceedings.

There is no indication that this document involves risk transfer from an insurer to a reinsurer. The parties are not insurance or reinsurance companies transacting risk; rather, the Primary Obligors are pharmaceutical companies settling litigation liabilities, and the Opioid Trust is a bankruptcy-structured entity designed to manage and disburse settlement funds to claimants.

The document does not reference insurance policies, reinsurance treaties, retrocessions, or any mechanism by which insurance risk is transferred or shared. Instead, it deals with the satisfaction of deferred payment obligations arising from a global settlement of opioid-related claims under a bankruptcy plan.

Therefore, this is not a reinsurance agreement. It is a financial and legal instrument related to corporate restructuring and debt settlement, not insurance or reinsurance.",False,,,,,
2023-1764046-0001764046-23-000089-exhibit101-q22023.htm,"The document is an amendment to a credit agreement between Camelot U.S. Acquisition LLC and Bank of America, N.A. It is a financial instrument that modifies an existing credit agreement, specifically dealing with the terms and conditions of a loan, including interest rates, repayment schedules, and other covenants. The document does not pertain to any form of insurance or reinsurance. The content is focused on the financial and legal aspects of a credit facility, such as the calculation of interest, the obligations of the borrower, and the rights of the lender. There is no mention of insurance policies, reinsurance agreements, or any other insurance-related activities. Therefore, the document is not a reinsurance agreement.",False,,,,,
2023-1513761-0001558370-23-013825-nclh-20230630xex10d10.htm,"The document is an ""Amendment and Restatement Agreement"" related to a facility agreement for a term loan to finance the construction of a cruise ship. It involves parties such as a borrower, lenders, a guarantor, and a security trustee. The agreement outlines the terms for the loan, including the amount, interest rates, repayment schedules, and conditions precedent for disbursement. It also includes provisions for guarantees, security interests, and covenants.

The document is not a reinsurance agreement because it does not involve the transfer of risk from one insurer to another. Instead, it is a financing agreement for the construction of a cruise ship, which falls under the category of a loan agreement or credit facility. The document does not contain any provisions related to insurance or reinsurance, such as the transfer of insurance risk, cession of policies, or retrocession agreements.

Therefore, the document is not a reinsurance agreement, and all subsequent fields related to reinsurance characteristics are not applicable.",False,,,,,
2023-1091748-0001628280-23-006451-ex104012312022.htm,"The document is a letter agreement granting a transaction bonus to Thomas A. Bradley contingent upon the closing of a merger between Argo Group International Holdings, Ltd. and BNRE Bermuda Merger Sub Ltd. It does not establish any form of reinsurance or risk transfer arrangement. Instead, it outlines a cash bonus tied to the completion of a corporate merger and continued employment through the closing. The document is unrelated to any reinsurance contract, retrocession, or risk transfer mechanism. It is a compensation arrangement and therefore does not meet any criteria for being classified as a reinsurance agreement.",False,,,,,
2023-1273813-0001273813-23-000005-ago-12312022x10kex1078.htm,"The document is a Performance-Based Restricted Stock Unit Agreement under the Assured Guaranty Ltd. 2004 Long-Term Incentive Plan. It outlines the terms of a stock-based incentive award granted to an executive officer of the company. The agreement details performance conditions tied to the company’s relative total shareholder return, vesting schedules, and delivery of shares based on performance metrics. It includes provisions related to termination of employment, change in control, tax withholding, and recoupment.

This document is clearly a compensation agreement related to equity incentives for an employee and does not involve the transfer of insurance risk between insurers and reinsurers. It does not contain any clauses typical of reinsurance agreements such as ceding commissions, loss settlements, treaty terms, or risk transfer mechanisms. Instead, it pertains to corporate governance and executive compensation.

Therefore, it is not a reinsurance agreement, nor is it any form of insurance or risk transfer contract. As such, all downstream classifications related to reinsurance (main contract, obligatory, proportional, insurance type, class of business) are not applicable.",False,,,,,
2023-3499-0000003499-23-000005-exhibit-1046xthirdamendm.htm,"The document is an ""Amendment No. 3 to Loan Agreement and Omnibus Amendment to Loan Documents."" It modifies an existing loan agreement between 731 RETAIL ONE LLC, 731 COMMERCIAL LLC, and JPMORGAN CHASE BANK, N.A. The primary purpose of the amendment is to replace the London Interbank Offered Rate (LIBOR) with Term SOFR for interest calculations on the loans. The document outlines the terms for this change, including the conversion of existing LIBOR loans to Term SOFR, payment of expenses, representations and warranties, and reaffirmation of the original loan documents. It also includes an exhibit that details the specific changes to the loan agreement.

The document does not contain any language related to reinsurance, risk transfer from an insurer to a reinsurer, or any of the specific types of reinsurance agreements listed in the definition (e.g., retrocession, risk transfer, portfolio transfers, catastrophe bonds). Instead, it is a financial instrument focused on corporate debt and interest rate benchmarks.

Therefore, this document is not a reinsurance agreement. Since it is not a reinsurance agreement, the subsequent fields regarding its nature as a main contract, obligatoriness, proportionality, insurance type, and class of business are all not applicable and should be set to None.",False,,,,,
2023-1513761-0001558370-23-013825-nclh-20230630xex10d12.htm,"The document is an ""Amendment and Restatement Agreement"" related to a facility agreement originally dated 19 December 2018, which provided a loan for the financing of a cruise ship. The agreement involves multiple banks and financial institutions as lenders, a borrower, a guarantor, and various agents. Its primary purpose is to amend and restate the terms of the original loan agreement, particularly to transition from LIBOR to SOFR as the interest rate benchmark.

The document does not establish a reinsurance agreement. Instead, it is a financial loan agreement secured by a ship. Reinsurance agreements involve one insurer (the reinsurer) assuming part of the risk of another insurer (the cedant). This document does not involve the transfer of insurance risk between insurers. It is a direct financing agreement between a borrower and lenders, with the loan secured by a cruise ship.

The document is an ancillary agreement, as it amends and restates an existing facility agreement rather than establishing a new main contract. It modifies the terms of an existing loan agreement but does not create a new independent reinsurance contract.

Since it is not a reinsurance agreement at all, the subsequent fields regarding its nature as obligatory, proportional or non-proportional, insurance type, and class of business are not applicable and should be marked as 'None'.",False,,,,,
2023-1023024-0001023024-23-000043-anip-20230930x10qxexx101.htm,"The document is an ""Amendment No. 1 to Credit Agreement"" between ANI Pharmaceuticals, Inc. and Truist Bank. It amends an existing credit agreement to replace the LIBOR Rate with Term SOFR as the Benchmark Replacement and implement related changes. The document is a financial agreement related to a credit facility and does not involve the transfer of insurance risk from an insurer to a reinsurer. It is not a reinsurance agreement as defined in the guidelines, which include reinsurance agreements, retrocession agreements, and other similar risk transfer instruments in the insurance sector. Instead, this is a standard credit agreement amendment in the corporate finance context.",False,,,,,
2023-1632790-0001632790-23-000032-ex102-amendmentno3tocredit.htm,"The provided document is an ""Amendment No. 3 to Credit Agreement,"" which is a legal agreement related to modifying the terms of an existing credit agreement between Energizer Holdings, Inc. and its lenders. The document outlines changes to loan terms, covenants, and other financial conditions. It is not related to insurance or reinsurance activities. 

Based on the classification criteria:
- The document is a credit agreement amendment, which falls under ""Bonds, loans and credit instruments."" According to the provided rules, such documents are explicitly **not** considered reinsurance agreements.
- Since it is not a reinsurance agreement, all subsequent fields (e.g., is_main_contract, is_obligatory, etc.) must be set to `None` as per the instructions.

Therefore, the document is not a reinsurance agreement.",False,,,,,
2023-1172222-0001172222-23-000013-ex1044_projectavion-atsawi.htm,"The provided document is an Air Transportation Services Agreement between Hawaiian Airlines, Inc. and Amazon.com Services LLC. The agreement outlines the terms and conditions for air cargo transportation and related services provided by Hawaiian to Amazon. It includes details on services, payment terms, term and termination, insurance, and other operational aspects.

The document is not a reinsurance agreement. Reinsurance agreements involve the transfer of risk from one insurer (the ceding company) to another (the reinsurer). The document in question is a service agreement for air cargo transportation, which is a direct operational contract between a service provider and a client. It does not involve the transfer of insurance risk, nor does it contain any clauses related to insurance or reinsurance.

The document is a main contract as it establishes the primary terms for the provision of services, including the scope of services, payment terms, and conditions for termination. However, since it is not a reinsurance agreement, the fields related to reinsurance-specific classifications (is_obligatory, proportional_or_non_proportional, insurance_type, class_of_business) are not applicable and should be set to None.",False,True,,,,
2023-740260-0000740260-23-000159-vtr-ex101_063023.htm,"The provided document is a ""Second Amendment"" to a ""Third Amended and Restated Credit and Guaranty Agreement."" This is a financial contract that modifies an existing credit agreement between a group of borrowers (Ventas Realty, Limited Partnership and affiliated entities) and a syndicate of lenders, led by Bank of America, N.A. as the Administrative Agent. The core purpose of this agreement is to amend the terms of a revolving credit facility, which is a standard form of corporate debt financing.

The document outlines terms for loans, interest rates, repayment schedules, covenants, and other provisions typical of a credit agreement. It does not contain any language related to the transfer of insurance risk, indemnification for insurance claims, or any other elements that define a reinsurance contract.

According to the provided classification rules, reinsurance agreements are distinct from ""Bonds, loans and credit instruments."" This document is explicitly a loan and credit instrument. Therefore, it is not a reinsurance agreement.

Since it is not a reinsurance agreement, the subsequent questions about whether it is a main contract, obligatory, proportional, and its insurance type and class of business are not applicable.",False,,,,,
2023-1509991-0001509991-23-000081-a01rbleffective19october20.htm,"The provided document is an ""Amended and Restated Facility Agreement"" for a secured loan and letter of credit facility provided to Kosmos Energy Finance International and its related guarantors. The agreement details the terms under which a syndicate of lenders will provide financial accommodation to the borrower, including the conditions for drawing down funds, repayment schedules, interest rates, covenants, and security interests over the borrower's assets.

The document explicitly outlines a lending relationship, with provisions for loans, letters of credit, interest calculations, and financial covenants. It establishes security over various assets, including shares and bank accounts, to secure the repayment of the loan.

The document does not contain any of the characteristics of a reinsurance agreement. It does not involve the transfer of insurance risk from one insurer (the cedant) to another (the reinsurer). There are no terms related to premiums, claims, or the sharing of losses based on an underlying insurance portfolio. The listed exclusions, such as ""Loans, bonds and credit instruments,"" directly apply to this document, which is fundamentally a loan agreement.

Therefore, the document is a standard financing agreement and does not fall under any of the categories that would classify it as a reinsurance agreement.",False,,,,,
2023-1318742-0001558370-23-013828-nclc-20230630xex10d9.htm,"The provided document is an ""Amendment and Restatement Agreement"" related to a loan facility for the financing of a cruise ship, the m.v. ""Norwegian Prima"". It involves parties such as a borrower (Leonardo One, Ltd.), a guarantor (NCL Corporation Ltd.), lenders, and financial institutions. The document outlines the terms for the loan, including interest rates, repayment schedules, covenants, and conditions precedent for disbursement. It also references a guarantee and a security trust deed, which are ancillary to the main loan agreement.

The document is clearly a financial loan agreement and not a reinsurance agreement. Reinsurance agreements involve the transfer of risk from one insurer (the ceding company) to another (the reinsurer). The document in question does not involve any such risk transfer between insurers. Instead, it is a facility agreement for a term loan, which is a type of credit agreement. The document does not mention any insurance policies being reinsured, nor does it involve any ceding or assuming of insurance risk. The presence of terms like ""SACE Insurance Policy"" refers to a credit insurance policy that supports the loan, not a reinsurance contract.

Therefore, based on the content and structure of the document, it is evident that this is not a reinsurance agreement but rather a loan agreement with associated financial and security documents.",False,,,,,
2023-1084961-0001084961-23-000107-ecpg-20230930ex102amendmen.htm,"The document is Amendment No. 4 to the Fourth Amended and Restated Senior Secured Note Purchase Agreement, which modifies the terms of a senior secured note purchase agreement between Encore Capital Group, Inc. and certain Noteholders. It involves amendments to financial covenants, guarantor requirements, and other provisions related to debt financing. The parties include insurance and annuity companies, some of which have ""Reinsurance"" in their names (e.g., Prudential Arizona Reinsurance Term Company), but the document itself pertains to a debt financing arrangement, not a risk transfer agreement between insurers and reinsurers.

The document does not establish or modify a reinsurance contract. Instead, it is a financial instrument amendment related to corporate debt. Therefore, it falls under the category of credit instruments (specifically, notes and related agreements), which are explicitly excluded from the definition of reinsurance agreements. Since it is not a reinsurance agreement, all downstream classifications (main contract, obligatory, proportional, insurance type, class of business) are inapplicable.",False,,,,,
2023-1318742-0001558370-23-013828-nclc-20230630xex10d11.htm,"The document is an ""Amendment and Restatement Agreement"" related to a facility agreement for financing the construction of a passenger cruise ship, the m.v. ""Marina"". It involves a borrower, lenders, guarantors, and an agent, and pertains to the restructuring of loan terms, including the transition from LIBOR to SOFR. The document details financial arrangements, covenants, and security interests but does not involve any form of risk transfer from an insurer to a reinsurer. The listed categories of non-reinsurance agreements, such as loan agreements and credit instruments, directly apply to this document. There is no mention of reinsurance, retrocession, or any related concepts. Therefore, the document is not a reinsurance agreement.",False,,,,,
2023-1513761-0001558370-23-013825-nclh-20230630xex10d9.htm,"The document is an ""Amendment and Restatement Agreement"" relating to a facility agreement originally dated 12 April 2017, which is a loan agreement for the financing of the construction of a cruise ship. The parties involved are the borrower (Leonardo One, Ltd.), the guarantor (NCL Corporation Ltd.), the shareholder, the holding, the lenders (financial institutions), the joint mandated lead arrangers, the agent, the SACE agent, and the security trustee. The agreement outlines the terms for a term loan facility provided by the lenders to the borrower, with the purpose of financing the construction of the cruise ship ""Norwegian Prima."" The document includes clauses on definitions, conditions precedent, representations, the amendment and restatement of the facility agreement and other finance documents, further assurance, costs, expenses, and fees, notices, counterparts, signing electronically, governing law, and enforcement. The document is clearly a loan agreement and not a reinsurance agreement, as it involves the provision of a loan for the construction of a ship, with security interests and guarantees in place, but does not involve the transfer of insurance risk from one insurer to another, which is the hallmark of a reinsurance agreement.",False,,,,,
2023-1823529-0001823529-23-000088-a102masteragreementehi-gfi.htm,"The document is the ""Second Amended and Restated Master Agreement"" between Genworth Financial, Inc. and Enact Holdings, Inc. It governs the continuing relationship between the two companies following Enact Holdings' Initial Public Offering (IPO). The agreement covers corporate governance, information sharing, indemnification, non-compete clauses, and other operational and financial arrangements.

There is no mention of any risk transfer between the parties related to insurance policies. The document does not contain terms typical of a reinsurance contract, such as ceding of premiums, assumption of liabilities for insurance claims, treaty terms, or coverage limits for specific perils. Instead, it focuses on governance rights, financial reporting obligations, employee liabilities, and confidentiality.

The agreement references other transaction documents like the Shared Services Agreement and the Tax Allocation Agreement but does not itself constitute a reinsurance arrangement. The only insurance-related section (Section 7.5) discusses directors' and officers' liability insurance and workers' compensation claims handling, but these are administrative and not reinsurance provisions.

Therefore, this document is a corporate governance and operational agreement related to a corporate spin-off and IPO, not a reinsurance agreement.",False,,,,,
2023-1318742-0001558370-23-013828-nclc-20230630xex10d10.htm,"The document is an ""Amendment and Restatement Agreement"" related to a facility agreement for financing a cruise ship. It involves a borrower (Leonardo Two, Ltd.), a guarantor (NCL Corporation Ltd.), lenders, and financial institutions. The agreement outlines terms for loan disbursement, interest rates, repayment schedules, and security interests. It does not involve risk transfer from an insurer to a reinsurer or any similar arrangement that would classify it as a reinsurance agreement. Instead, it is a financial loan agreement with specific covenants and conditions, including provisions for interest rate adjustments and loan repayment. Therefore, it is not a reinsurance agreement.",False,,,,,
2023-1754170-0001558370-23-014056-asle-20230630xex10d23.htm,"The document is an Amendment No. 3 to an Amended and Restated Credit Agreement. A credit agreement is a financial contract where a lender provides funds to a borrower under specific terms. This document amends an existing credit agreement, which is a type of loan agreement. Loan agreements are explicitly listed in the ""NOT"" section as not being reinsurance agreements. Therefore, this document is not a reinsurance agreement.",False,,,,,
2023-1323468-0001558370-23-008273-glp-20230331xex10d1.htm,"The provided document is a Third Amended and Restated Credit Agreement, which is a loan agreement between a group of borrowers and a syndicate of lenders led by Bank of America. This agreement outlines the terms for various types of loans (WC Loans, Revolver Loans, Swing Line Loans), letters of credit, interest rates, covenants, and other financial arrangements. It is fundamentally a debt financing instrument, not a reinsurance agreement.

Reinsurance agreements involve the transfer of insurance risk from one insurer (the cedant) to another (the reinsurer). The document in question does not contain any language related to the transfer of insurance risk, premiums based on insurance policies, claims settlement, or any other core components of a reinsurance contract. Instead, it deals with corporate borrowing, credit extensions, and financial covenants.

Therefore, this document is not a reinsurance agreement, and all subsequent fields that depend on it being a reinsurance agreement are not applicable (None).",False,,,,,
2023-1822993-0001822993-23-000047-exhibit102_2023mid-cyclepe.htm,"The document is a Notice of Award of Performance Units and a Performance Unit Award Agreement between Jackson Financial Inc. and an employee, Christopher Raub. It outlines the terms of a performance-based equity award under the company's 2021 Omnibus Incentive Plan. The award is tied to company performance metrics such as Adjusted Operating Return on Equity and Generation of Net Cash Flow, and includes vesting conditions based on employment duration and performance targets. This is a standard employee compensation agreement involving equity incentives.

This document is not related to insurance or reinsurance in any way. It does not involve risk transfer between insurers and reinsurers, nor does it reference any insurance policies, portfolios, or risk-sharing mechanisms. Instead, it is an internal corporate compensation instrument. Therefore, it does not meet any of the criteria for being classified as a reinsurance agreement.

Since it is not a reinsurance agreement, all subsequent classification fields (is_main_contract, is_obligatory, etc.) must be set to None.",False,,,,,
2023-1096343-0001096343-23-000171-mkl06302023ex102.htm,"The document is an ""Amended and Restated Executive Employment Agreement"" between Markel Group Inc. and an executive. It outlines terms of employment, including duties, compensation, termination conditions, confidentiality, non-compete obligations, and other standard employment-related provisions. The document does not involve any transfer of insurance risk, reinsurance, retrocession, or any related financial risk-sharing mechanism between insurers and reinsurers. Instead, it is a standard executive employment contract focused on human resources and corporate governance matters.

The document contains references to insurance and reinsurance in the definition of ""Business"" (Section 8(g)(ii)), which includes ""the placement, brokerage or sale of insurance or reinsurance coverages or surety bonds."" However, this is merely descriptive of the company’s operations and does not make the employment agreement itself a reinsurance contract.

Therefore, the document is not a reinsurance agreement or any form of insurance risk transfer instrument.",False,,,,,
2023-1588972-0000950170-23-042534-sctl-ex10_2.htm,"The document provided is a ""Second Amendment and Waiver to Credit Agreement,"" which is a financial agreement related to a loan. It involves Societal CDMO, Inc. (the ""Borrower""), guarantors, lenders, and Royal Bank of Canada (the ""Administrative Agent""). The primary purpose of this document is to amend the existing credit agreement and waive a specific default related to the subordination agreement. It includes amendments to the credit agreement, a limited waiver of a default, reaffirmation of obligations, conditions for effectiveness, and other related clauses.

Key elements of the document include:
- Amendments to the existing credit agreement.
- A waiver of an existing default related to the subordination agreement.
- Reaffirmation of obligations by the borrower and guarantors.
- Conditions precedent for the effectiveness of the amendment.
- Representations and warranties by the loan parties.
- Effects on loan documents and acknowledgments by the parties.

The document does not contain any provisions related to reinsurance, such as risk transfer from an insurer to a reinsurer, proportional or non-proportional reinsurance, or any other reinsurance-specific terms. Instead, it is focused on loan agreements, credit facilities, and related financial obligations.

Based on the provided criteria:
- The document is not a reinsurance agreement because it does not involve the transfer of risk from an insurer to a reinsurer.
- Since it is not a reinsurance agreement, the subsequent fields (is_main_contract, is_obligatory, proportional_or_non_proportional, insurance_type, class_of_business) are not applicable and should be set to None.

Therefore, the document is not a reinsurance agreement.",False,,,,,
2023-1669811-0000950170-23-037146-dfin-ex10_1.htm,"The provided document is an Amended and Restated Credit Agreement. It details a credit arrangement between Donnelley Financial Solutions, Inc. (the Borrower), the Lenders, and JPMorgan Chase Bank, N.A. (the Administrative Agent). The document outlines the terms for loans, interest rates, repayment schedules, covenants, and other financial obligations. It is a standard credit agreement in the financial industry.

This document does not meet any of the criteria for being a reinsurance agreement. The list of documents considered reinsurance agreements includes items such as reinsurance agreements, retrocession agreements, Reinstatement Premium Protection contracts, Capital Maintenance agreements, and others related to risk transfer in the insurance sector. The provided document is a credit agreement, which is explicitly listed as not being a reinsurance agreement. It is a financial instrument for borrowing money, not for transferring insurance risk.

Since the document is not a reinsurance agreement, the subsequent fields regarding whether it is a main contract, obligatory, proportional or non-proportional, insurance type, and class of business are not applicable and should be set to None.",False,,,,,
2023-1342423-0001342423-23-000019-lmnr43023exhibit106.htm,"The document is a Confidential Settlement Agreement and Release between Limoneira Company (the Settling Plaintiff) and Southern California Edison Company (SCE), resolving claims arising from the Thomas Fire, Koenigstein Fire, and Montecito Debris Flow. The claims are related to property damage allegedly caused by SCE's electrical facilities. The agreement involves a payment from SCE to the plaintiff in exchange for a full release of claims, including subrogation rights, and includes confidentiality and indemnification provisions.

This document is not a reinsurance agreement. It is a settlement agreement between a corporate plaintiff and a utility defendant to resolve tort-based claims for property damage. It does not involve the transfer of insurance risk from an insurer to a reinsurer, nor does it resemble any of the listed types of reinsurance agreements such as retrocession, portfolio transfers, or catastrophe bonds. It is also not an ancillary document to a reinsurance contract. Instead, it is a direct settlement of liability claims, which falls outside the definition of reinsurance.

Therefore, the document is not a reinsurance agreement, and all subsequent reinsurance-specific classification fields must be set to None.",False,,,,,
2023-1403528-0001403528-23-000004-exh104-fourthamendedandres.htm,"The document provided is a ""Fourth Amended and Restated Exchange Agreement"" between various entities, primarily related to Oaktree Capital Group and Brookfield. The agreement governs the exchange of partnership units (OCGH Units) for various forms of consideration, including cash, Class A Shares, Atlas Notes, or ExchangeCo Units. It outlines procedures for exchanges, valuation mechanisms, representations and warranties, protective provisions, and other related terms.

The document does not contain any language or structure typical of a reinsurance agreement. It does not involve the transfer of insurance risk from one insurer to another, nor does it reference insurance policies, claims, premiums, or any other core elements of reinsurance. Instead, it is focused on corporate and financial arrangements related to the exchange of equity interests within an investment management firm.

Therefore, this document is not a reinsurance agreement, nor is it an ancillary agreement to one. It is a corporate exchange agreement related to partnership units and does not fall within any of the categories defined as reinsurance agreements.",False,,,,,
2023-912766-0001628280-23-004686-exhibit1020-secondamendmen.htm,"The document is a ""Second Amendment to Third Amended and Restated Credit Agreement"" between Laureate Education, Inc. and financial institutions. It outlines changes to interest rate benchmarks, defines financial terms, and sets conditions for loans and credit facilities. The document is a financial credit agreement, not a reinsurance agreement. Reinsurance agreements involve risk transfer between insurers, whereas this document deals with loan agreements, credit facilities, and financial covenants. Therefore, it does not meet the criteria for being a reinsurance agreement.",False,,,,,
2023-1318742-0001558370-23-013828-nclc-20230630xex10d13.htm,"The provided document is an ""Amendment and Restatement Agreement"" for a facility agreement originally dated 18 July 2008. This agreement is related to a loan facility provided to Riviera New Build, LLC for the financing of the construction of the passenger cruise ship m.v. ""Riviera"". The document outlines the terms of the loan, including the amounts, interest rates, repayment schedules, and the roles of the various parties involved, such as the borrower, guarantor, lenders, and the agent.

The document is not a reinsurance agreement. Instead, it is a financial agreement involving a loan for the construction of a cruise ship. The document does not involve the transfer of risk from one insurer to another, which is a key characteristic of reinsurance agreements. The document is also not related to insurance policies, letters of credit, bonds, loans, credit instruments, financial guarantees, referral agreements, or underwriting agency agreements, which are all explicitly excluded from being considered reinsurance agreements.

Given that the document is a financial loan agreement and not a reinsurance agreement, it does not meet any of the criteria for being classified as a reinsurance agreement. Therefore, the subsequent fields related to the nature of the reinsurance agreement (such as whether it is a main contract, obligatory, proportional or non-proportional, and the type of insurance and class of business) are not applicable and should be set to None.",False,,,,,
2023-1781755-0001781755-23-000027-exhibit-102fy2023q2.htm,"The document is a ""Libor Hardwire Transition Amendment"" to a Credit Agreement. It is an amendment to an existing credit agreement between JPMorgan Chase Bank, N.A., as administrative agent, Baldwin Risk Partners, LLC, the guarantors, and the lenders. This document amends the existing credit agreement to transition from LIBOR to an alternate rate of interest. The document explicitly states it is an amendment to a credit agreement and details changes to interest rates, definitions, and other loan terms. Credit agreements are explicitly listed in the ""NOT"" section of the reinsurance agreement definition. Therefore, this document is not a reinsurance agreement. As it is not a reinsurance agreement, the subsequent fields (is_main_contract, is_obligatory, proportional_or_non_proportional, insurance_type, class_of_business) are not applicable and should be set to None.",False,,,,,
2023-898174-0000898174-23-000088-ex1042023q110-q.htm,"The document is a Restricted Stock Unit Agreement between Reinsurance Group of America, Incorporated and an employee. It outlines the terms of an award of restricted stock units (RSUs) in the company's common stock under the company's Flexible Stock Plan. The agreement covers vesting conditions, payment terms, treatment upon termination of employment, change of control provisions, and other administrative and legal clauses related to equity compensation.

This document is not a reinsurance agreement. It does not involve the transfer of insurance risk from one insurer to another, nor does it contain any terms typical of reinsurance contracts such as ceding commissions, treaty terms, risk sharing mechanisms, or claims settlement procedures. Instead, it is an internal equity compensation arrangement between a corporation and its employee.

Since it is not a reinsurance agreement, all subsequent classification fields that depend on the existence of a reinsurance contract must be set to 'None'.",False,,,,,
2023-78128-0001562762-23-000401-wtrg-20230930xex10_1.htm,"The document is a ""Bond Purchase Agreement"" between Aqua Pennsylvania, Inc. and several purchasers for the sale of $225,000,000 in First Mortgage Bonds. The agreement outlines the terms for the issuance, sale, and purchase of these bonds, including conditions to closing, representations and warranties, covenants, and other standard provisions for such a debt financing transaction. The bonds are secured by an Indenture of Mortgage on the company's assets. This is a standard private placement bond purchase agreement for a utility company. The document is clearly a debt instrument and not an insurance or reinsurance contract. It is fundamentally a credit agreement where investors purchase corporate bonds, not a risk transfer agreement between insurers or reinsurers. The presence of insurance companies as purchasers (e.g., ""THE MANUFACTURERS LIFE INSURANCE COMPANY"", ""NEW YORK LIFE INSURANCE COMPANY"") does not make the agreement itself a reinsurance contract; they are simply acting as investors in a corporate bond offering. The agreement contains no terms related to the underwriting of insurance risk, ceding of policies, payment of claims, or any other core elements of a reinsurance transaction. Therefore, this document is definitively not a reinsurance agreement.",False,,,,,
2023-914208-0000914208-23-000338-ivz1q2023ex106.htm,"The provided document is a ""Sixth Amended and Restated Credit Agreement."" It is a legal contract between Invesco Finance PLC (the Borrower), Invesco Ltd. (the Parent), and a group of banks and financial institutions (the Lenders), with Bank of America acting as the Administrative Agent.

The document details the terms for a revolving credit facility, including the amounts, interest rates (based on SOFR), fees, covenants, representations and warranties, events of default, and other conditions for the borrowing and lending of money. It involves the issuance of Letters of Credit and Swing Line Loans, which are standard instruments in corporate credit agreements.

None of the content relates to the transfer of insurance risk from one insurer to another, which is the core function of a reinsurance agreement. The document is fundamentally a loan agreement, which is explicitly listed as a document that is NOT considered a reinsurance agreement.",False,,,,,
2023-884887-0000884887-23-000056-a2023q3exhibit102.htm,"The provided document is an Amendment No. 7 to an existing Credit Agreement. The core agreement is a loan facility for financing the construction of a cruise vessel, specifically ""ICON 1"" Hull 1400. This is evidenced by the ""WHEREAS"" clauses which state the Lenders agreed to make a ""US dollar loan facility"" to the Borrower, Royal Caribbean Cruises Ltd.

The document is not a reinsurance agreement. The key indicators of non-reinsurance include:
1.  **Core Subject Matter:** The document is about a ""Credit Agreement"" and a ""loan facility,"" which is a standard form of debt financing, not risk transfer between insurers.
2.  **Parties Involved:** The primary parties are the Borrower (a cruise line) and Lenders (banks and financial institutions). While entities like ""Finnvera"" and ""Hermes"" are mentioned, they are acting as government export credit agencies providing guarantees on the loan, not as reinsurers. This is a form of financial guarantee, which is explicitly listed as **not** a reinsurance agreement in the provided definition.
3.  **Purpose of the Guarantee:** The ""Finnvera Guarantee"" and ""Hermes Insurance Policy"" are designed to secure the repayment of the loan to the Lenders. The document states, ""the Finnvera Guarantee shall have been duly executed and delivered to the Facility Agent and shall be in full force and effect subject only to payment of the Finnvera Premium to Finnvera out of the proceeds of the FEC Loan."" This is a financial guarantee for a loan, not a transfer of insurance risk.
4.  **Exclusion from Definition:** The document explicitly falls under the ""NOT considered reinsurance agreements"" category: ""Financial guarantees and other agreements that secure the payment obligations arising from insurance or reinsurance contracts.""

Since the document is not a reinsurance agreement, the subsequent fields (`is_main_contract`, `is_obligatory`, etc.) are not applicable and should be set to `None`.",False,,,,,
2023-886982-0000886982-23-000003-a1041_formxofxyear-endxrsu.htm,"The document is an award agreement for Restricted Stock Units (RSUs) issued under The Goldman Sachs Amended and Restated Stock Incentive Plan. It outlines the terms of a stock-based compensation award to an employee, including vesting conditions, delivery of shares, transfer restrictions, forfeiture events, and other related provisions. The document is clearly a corporate compensation agreement and pertains to equity incentives in a financial services firm.

This document does not involve any form of risk transfer between insurers and reinsurers. It does not mention insurance policies, reinsurance treaties, retrocession agreements, or any other instrument related to the transfer of insurance risk. Although the Definitions Appendix briefly references ""insurance or reinsurance underwriting or brokerage"" as part of a broader definition of ""Covered Enterprise,"" this is solely in the context of competitive business activities and not indicative of the document being a reinsurance agreement.

Therefore, the document is not a reinsurance agreement, nor is it any type of insurance-related contract. It is a standard employee stock award agreement used in a financial institution.",False,,,,,
2023-5513-0000005513-23-000034-unm123122ex1047.htm,"The document is a Cash Incentive Unit Agreement under the Unum Group 2022 Stock Incentive Plan. It outlines the terms for granting cash-based performance units to an employee, which are tied to corporate performance metrics such as Adjusted Book Value, Cumulative Dividend Yield, and Total Shareholder Return (TSR). The agreement includes provisions on vesting, forfeiture, settlement, confidentiality, non-compete, and other employment-related covenants.

This document is not a reinsurance agreement. It does not involve the transfer of insurance risk from one insurer to another, nor does it contain any terms typical of reinsurance contracts such as ceding, retention, limits, premiums, or claims settlement between insurers. Instead, it is a compensation arrangement between an employer and an employee, specifically a form of long-term incentive award. As such, it falls squarely outside the defined scope of reinsurance agreements and ancillary documents.

Because it is not a reinsurance agreement, all subsequent classification fields—such as whether it is a main contract, obligatory, proportional, etc.—are not applicable and must be set to None.",False,,,,,
2023-1612720-0001437749-23-023665-ex_554144.htm,"The document is a Credit Agreement dated July 12, 2023, among Rio Grande LNG, LLC (the ""Borrower""), MUFG Bank, Ltd., Mizuho Bank (USA), MUFG Bank, Ltd. (as the Revolving LC Issuing Bank), and various Senior Lenders. This agreement outlines the terms of a credit facility for financing the design, engineering, development, procurement, construction, installation, testing, completion, ownership, operation, and maintenance of an LNG project.

The document explicitly states that it is a credit agreement and details loan commitments, borrowing procedures, letters of credit, repayments, prepayments, interest rates, fees, and other financial arrangements. It does not contain any provisions related to risk transfer from an insurer to a reinsurer, nor does it mention any insurance or reinsurance activities.

According to the classification criteria provided, reinsurance agreements include reinsurance agreements, retrocession agreements, Reinstatement Premium Protection contracts, Capital Maintenance agreements, and other documents that fulfill a risk transfer objective similar to standard reinsurance. The document in question is clearly a credit agreement and not a reinsurance agreement.

Furthermore, the document is not related to any of the items listed in the ""NOT considered reinsurance agreements"" section, such as insurance policies, letters of credit, bonds, loans, credit instruments, financial guarantees, or referral agreements. Instead, it is a comprehensive credit agreement that establishes a loan facility for a specific project.

Therefore, based on the content and purpose of the document, it is not a reinsurance agreement.",False,,,,,
2023-890926-0000890926-23-000007-rdn-ex1014_20221231.htm,"The document is a series of amendments (Amendments No. 1 to No. 7) to the ""Radian Group Inc. Global Expense Allocation and Services Agreement."" This agreement governs the allocation of internal costs and services among Radian Group Inc. and its insurance subsidiaries. The amendments modify administrative terms such as cost allocation methodologies, interest on late payments, indemnification clauses, addresses, and the list of parties involved.

The document does not establish or modify a reinsurance contract. Instead, it pertains to internal corporate cost-sharing and service arrangements. Although some of the named parties (e.g., Radian Reinsurance Inc., Radian Guaranty Reinsurance Inc.) are reinsurance entities, the substance of the agreement is not risk transfer via reinsurance but rather operational expense allocation.

According to the classification criteria, reinsurance agreements involve risk transfer from an insurer to a reinsurer. This document lacks any provisions related to insurance or reinsurance risk transfer, ceding commissions, loss sharing, coverage terms, or other hallmarks of a reinsurance contract. It is not a treaty, facultative agreement, retrocession, or any other form of risk transfer instrument.

Therefore, this is not a reinsurance agreement. As a result, all downstream reinsurance-specific fields (main contract, obligatory, proportional, insurance type, class of business) must be set to None.",False,,,,,
2023-84246-0001558370-23-002011-rli-20221231xex10d9.htm,"The document titled ""RLI Underwriting Profit Program Guideline"" outlines an incentive compensation plan for employees of RLI Corp. based on the underwriting performance of insurance products they oversee. It defines how bonuses (UPP Payouts) are calculated based on underwriting income, loss development, investment income, and other financial metrics over a payout period. The program is tied to the performance of insurance (and surety) products but does not itself constitute a reinsurance agreement.

The document does not establish any risk transfer between insurers and reinsurers. Instead, it is an internal employee compensation program that links bonus payments to the profitability of certain insurance lines. It references ""Covered Products"" and ""Net Premiums Earned"" net of reinsurance, indicating that reinsurance may exist in the background, but this document is not a reinsurance contract.

Given that the document is an employee incentive plan and not any form of insurance or reinsurance contract, it does not meet the definition of a reinsurance agreement as per the provided criteria. It is not a treaty, facultative agreement, retrocession, or any ancillary document modifying such agreements. It also does not involve risk transfer between insurers and reinsurers.

Therefore, it is not a reinsurance agreement, and all downstream classifications (main contract, obligatory, proportional, etc.) are inapplicable.",False,,,,,
2023-1692819-0001628280-23-037205-vistra-20230930x102.htm,"The document is a ""Sixth Amendment to Credit Agreement,"" which is a financial agreement related to credit facilities, borrowing terms, and lending obligations between a borrower (Vistra Operations Company LLC) and a group of lenders. It outlines amendments to an existing credit agreement, including changes to financial covenants, release of certain guarantors, and conditions precedent. The document does not involve risk transfer from an insurer to a reinsurer, nor does it reference reinsurance, retrocession, or any insurance-related risk-sharing mechanisms. It is a corporate finance instrument, not an insurance or reinsurance contract.

Based on the provided list of documents considered reinsurance agreements, this document does not fall into any of those categories. It is a credit amendment, which is explicitly excluded from being a reinsurance agreement. Therefore, it is not a reinsurance agreement at all.

Since it is not a reinsurance agreement, the subsequent fields regarding main contract, obligation type, proportionality, insurance type, and class of business are not applicable and must be set to None.",False,,,,,
2023-886982-0000886982-23-000003-a1050_formxofxperformance-.htm,"The provided document is an exhibit (EX-10.50) from a 10-K filing for The Goldman Sachs Group, Inc. It details a performance-based restricted stock unit (RSU) award under The Goldman Sachs Amended and Restated Stock Incentive Plan (2021). The document outlines the terms and conditions of the equity compensation granted to an employee, including vesting schedules, performance goals, settlement conditions, forfeiture provisions, and tax implications. It is fundamentally an employment-related stock incentive agreement and not related to insurance or reinsurance in any capacity.

Reinsurance agreements involve risk transfer between insurers and reinsurers, typically involving policies, treaties, or retrocessions for insurance liabilities. This document does not mention insurance portfolios, risk ceding, claims, premiums, or any reinsurance-specific clauses. Instead, it is centered on employee compensation through equity instruments.

Therefore, it is clear that this document is not a reinsurance agreement or any ancillary agreement related to reinsurance.",False,,,,,
2023-890926-0000890926-23-000007-rdn-ex1016_20221231.htm,"The document is titled ""Amendment No. 1 to the Radian Group Inc. Amended and Restated Allocation of Consolidated Tax Liability"" and subsequent amendments. It outlines changes to a tax allocation agreement among subsidiaries of Radian Group Inc. regarding their participation in the consolidated federal income tax return. The document discusses the addition or removal of entities from the tax group, payment obligations related to separate tax liabilities, and administrative provisions such as notice addresses and audit rights.

The subject matter is entirely related to tax allocation within a corporate group and does not involve the transfer of insurance risk from one insurer to another. There is no mention of ceding premiums, assuming losses, reinsurance treaties, retrocessions, or any risk-sharing mechanisms typical of reinsurance agreements. Instead, the document pertains to internal tax liability sharing among affiliated companies.

Therefore, this document is not a reinsurance agreement or any form of risk transfer instrument. It is a corporate tax allocation agreement, which falls outside the scope of reinsurance as defined.",False,,,,,
2023-898174-0000898174-23-000088-ex1022023q110-q.htm,"The document is a ""Performance Contingent Share Agreement"" under the Reinsurance Group of America, Incorporated Flexible Stock Plan. It outlines an equity-based compensation award granted to an employee, tied to performance metrics such as Average ROE, BVPS Growth, and relative Total Shareholder Return (rTSR). The agreement governs the vesting and payout of shares of common stock based on performance over a three-year period and includes conditions related to termination, change of control, and tax withholding.

This document is not a reinsurance agreement. It does not involve risk transfer between insurers and reinsurers, nor does it contain terms typical of reinsurance such as ceding of premiums, assumption of liabilities, or coverage for insurance portfolios. Instead, it is an internal employee compensation agreement involving stock awards.

Therefore, it falls outside the defined categories of reinsurance agreements, including treaties, retrocessions, portfolio transfers, or related risk-transfer instruments. It is also not an ancillary document to a reinsurance agreement, but rather a corporate governance and executive compensation instrument.

As such, it is not a reinsurance agreement, and all subsequent classification fields that depend on reinsurance characteristics must be set to 'None'.",False,,,,,
2023-886982-0000886982-23-000003-a1040_formxofxyear-endxrsu.htm,"The document provided is an award agreement for Restricted Stock Units (RSUs) issued by The Goldman Sachs Group, Inc. under its Stock Incentive Plan. It outlines the terms and conditions related to the vesting, delivery, transfer restrictions, dividends, forfeiture, and repayment of RSUs granted to an employee. The document is centered on equity compensation and employee incentives, with detailed provisions regarding employment conditions, conduct, and corporate governance.

This document does not involve any form of risk transfer between insurance entities. It does not mention reinsurance, retrocession, or any insurance-related coverage, portfolios, or liabilities. Instead, it deals exclusively with stock-based compensation, regulatory compliance (e.g., Sarbanes-Oxley), tax treatment (e.g., Section 409A), and employment-related covenants.

Given the definitions provided, reinsurance agreements involve the transfer of insurance risk from one insurer to another. This document contains no such mechanism. It is not a reinsurance treaty, retrocession agreement, or any ancillary document modifying such a contract. It also does not resemble any of the listed instruments that would qualify as reinsurance, such as catastrophe bonds, loss portfolio transfers, or pooling agreements.

Therefore, the document is not a reinsurance agreement.",False,,,,,
2023-899051-0000899051-23-000020-exhibit103allcorp123123.htm,"The provided document is an ""Amendment No. 2"" to a Credit Agreement dated as of November 16, 2020, involving The Allstate Corporation, Allstate Insurance Company, and various lenders, with JPMorgan Chase Bank, N.A. acting as the administrative agent. The document outlines amendments to the existing credit agreement, including changes to the terms and conditions, and includes representations and warranties from the borrowers. The core of the document pertains to financial arrangements and credit facilities, not to the transfer of insurance risk.

Based on the definitions provided, reinsurance agreements involve the transfer of risk from one insurer to another. The document in question is a credit agreement amendment, which is a financial instrument related to lending and borrowing, not to the transfer of insurance risk. Therefore, it does not meet the criteria for being classified as a reinsurance agreement.

Since the document is not a reinsurance agreement, the subsequent fields related to the nature of the reinsurance contract (main contract, obligatory, proportional or non-proportional, insurance type, and class of business) are not applicable and should be marked as None.",False,,,,,
2023-884887-0000884887-23-000056-a2023q3exhibit101.htm,"The document is Amendment No. 5 to a Credit Agreement related to the financing of a cruise vessel (""ICON 3"" - Hull 1402). It involves Royal Caribbean Cruises Ltd. as the borrower and several banks and financial institutions as lenders and agents. The amendment primarily deals with changing the basis for calculating the floating interest rate from LIBOR to a new reference rate (SOFR-based), reflecting the phase-out of LIBOR. It also outlines conditions for effectiveness, representations, fees, and governing law.

This document is clearly a financial credit agreement amendment, not a reinsurance agreement. It does not involve risk transfer between insurers and reinsurers, nor does it mention insurance, reinsurance, retrocession, or any related terms. Instead, it concerns loan terms, interest rates, covenants, and repayment schedules for vessel financing.

Therefore, it falls under the category of credit instruments and is explicitly excluded from being a reinsurance agreement per the provided definitions.",False,,,,,
2023-1376339-0001376339-23-000063-ex102-amendmentno2tocredit.htm,"The document provided is an ""Amendment No. 2 to Loan Agreement."" This document is an amendment to an existing loan agreement, which modifies certain terms of the original agreement. The document is not a reinsurance agreement. It involves financial accommodations, specifically loans, provided by lenders to a borrower, and it includes provisions for interest rates, repayment terms, covenants, and other loan-related conditions. The nature of this document is clearly that of a financial loan agreement and its amendment, not a reinsurance contract, which involves the transfer of risk from one insurer to another. Therefore, it does not fall under any of the categories of documents considered to be reinsurance agreements as specified in the guidelines.",False,,,,,
2023-1475922-0000950170-23-019863-pri-ex10_2.htm,"The document is a ""First Amendment to Amended and Restated Credit Agreement"" between Primerica, Inc. (the Borrower), various Lenders, and Wells Fargo Bank as the Administrative Agent. It amends an existing credit agreement to implement Adjusted Term SOFR as a Benchmark Replacement for USD LIBOR and includes updates to certain exhibits. The document is a financial credit agreement, which is explicitly listed in the ""NOT"" category of reinsurance agreements. It does not involve the transfer of insurance risk from one insurer to another, which is the core function of a reinsurance agreement. Therefore, it is not a reinsurance agreement.",False,,,,,
2023-1823945-0001823945-23-000041-ex102ira.htm,"The provided document is an ""Amended and Restated Investor Rights Agreement"" between Blue Owl Capital Inc. (PubCo), the ORC Sellers, and the Dyal Sellers. This agreement outlines corporate governance rights, registration rights for securities, board composition, information rights, and other related matters pertaining to the ownership and control of PubCo's equity securities. It governs the relationship between the company and its significant shareholders, including rights related to board representation, approval of certain corporate actions, and the ability to participate in future securities offerings.

The document does not contain any provisions related to the transfer of insurance risk from an insurer to a reinsurer. It does not mention insurance policies, claims, premiums, ceding companies, or any other typical elements of a reinsurance contract. Instead, it is focused entirely on corporate governance, shareholder rights, and securities registration—topics that are fundamentally unrelated to the business of reinsurance.

Therefore, this document is not a reinsurance agreement or any type of insurance contract. It is a standard investor rights agreement common in corporate transactions, particularly following a business combination or merger.",False,,,,,
2023-947484-0000947484-23-000102-ex101creditagreement11923.htm,"The document provided is a ""Fourth Amended and Restated Credit Agreement"" between Arch Capital Group Ltd., its subsidiaries, Bank of America (as Administrative Agent, Fronting Bank, and L/C Administrator), other lenders, and the lead arranger. This is a credit agreement that outlines the terms for a revolving credit facility, including the issuance of letters of credit, borrowing, repayment, interest rates, and other covenants.

The document explicitly defines several terms related to insurance and reinsurance (e.g., ""Insurance Contract,"" ""Reinsurance Agreement,"" ""Retrocession Agreement""), but the agreement itself is not a reinsurance contract. Instead, it is a financial instrument for borrowing funds and managing credit extensions.

The document outlines commitments from lenders to provide loans and issue letters of credit, and it includes provisions for interest, fees, collateral, and default remedies. These are characteristics of a credit agreement, not a reinsurance agreement.

The document is not related to the transfer of insurance risk from one insurer to another, which is the defining feature of reinsurance. Instead, it is a mechanism for the company to secure financing.

Therefore, the document is a credit agreement, not a reinsurance agreement.",False,,,,,
2023-1527469-0001527469-23-000014-q42022exhibit1032.htm,"The provided document is a Restricted Share Unit Award Agreement and a related Restrictive Covenants Agreement between Apollo Global Management, Inc. and a participant. It outlines the terms of an equity incentive award, vesting conditions, delivery of shares, tax withholding, and restrictive covenants such as non-competition, non-solicitation, and confidentiality. The document is governed by corporate and securities law and pertains to employee compensation, not risk transfer between insurers and reinsurers.

There is no mention of insurance, reinsurance, retrocession, risk transfer, or any related terms. Instead, the document focuses on equity grants, employment conditions, and post-employment restrictions. The reference to ""annuity reinsurance"" in the definition of ""Competing Business"" is incidental and used solely to define the scope of a non-compete clause, not to establish a reinsurance contract.

Therefore, this document is not a reinsurance agreement or any type of insurance-related contract. It is a corporate equity compensation agreement.",False,,,,,
2023-315293-0001628280-23-026117-exhibit1072023.htm,"The document is an employment agreement between Aon Corporation and Eric Andersen, outlining the terms and conditions of his continued employment as President. It covers aspects such as employment term, duties, compensation, termination, noncompetition, confidentiality, and other standard employment-related clauses. There is no mention of any reinsurance or insurance risk transfer arrangement, nor does it involve the transfer of insurance liabilities or premiums between insurers and reinsurers. Instead, it is a contract for executive employment.

According to the classification criteria, reinsurance agreements include treaties, retrocessions, portfolio transfers with risk transfer, catastrophe bonds, and related instruments. Employment agreements, regardless of the industry (including insurance or reinsurance firms), are not considered reinsurance agreements. This document does not establish a reinsurance contract, nor does it modify one. It is not a main contract or ancillary agreement in the context of reinsurance.

Therefore, the document is not a reinsurance agreement, and all downstream classifications (main contract, obligatory, proportional, insurance type, class of business) are not applicable.",False,,,,,
2023-1437578-0001437578-23-000005-ex1013202210k.htm,"The provided document is the ""First Amendment to Second Amended and Restated Credit Agreement"" between Bright Horizons Family Solutions LLC, Bright Horizons Capital Corp., JPMorgan Chase Bank, N.A., and other parties. This document amends an existing credit agreement to modify certain terms, such as the interest rate benchmark and the Letter of Credit Sublimit. 

The document is fundamentally a financial agreement related to a loan and credit facilities. It does not involve the transfer of insurance risk from one insurer to another, which is the defining characteristic of a reinsurance agreement. Instead, it deals with corporate financing, loan terms, and credit extensions.

Given the nature of the document as a credit agreement amendment, it is not a reinsurance agreement. Since it is not a reinsurance agreement, the subsequent fields related to reinsurance (is_main_contract, is_obligatory, etc.) are not applicable and should be set to None.",False,,,,,
2023-1018979-0000950170-23-003450-amsf-ex10_29.htm,"The document is titled ""CASUALTY CATASTROPHE EXCESS Of loss REINSURANCE CONTRACT"" and is explicitly structured as a reinsurance agreement between American Interstate Insurance Company (and affiliated entities) as the ceding company (""the Company"") and subscribing reinsurers (""the Reinsurer""). The contract outlines terms for the reinsurance of excess liability for certain casualty risks, particularly Workers' Compensation and Employers' Liability. This clearly falls within the definition of a reinsurance agreement as it involves the transfer of insurance risk from an insurer to a reinsurer.

The contract establishes a full reinsurance arrangement with defined coverage, limits, premiums, and obligations. It is not merely an ancillary document like an endorsement or commutation, but rather the primary agreement governing the reinsurance relationship. Therefore, it qualifies as a main contract.

The contract covers a defined portfolio of casualty insurance policies (Workers' Compensation and Employers' Liability) that the Company writes, and the reinsurer agrees to cover losses from any such policy that meets the criteria. This is not a facultative agreement covering specific named risks, but rather an obligatory treaty that automatically covers all qualifying policies issued by the Company. Thus, it is an obligatory reinsurance agreement.

The structure of the contract is excess-of-loss, where the reinsurer covers losses in excess of a specified retention ($80 million) up to a specified limit ($20 million per occurrence). This is a classic non-proportional reinsurance structure, as the reinsurer's participation is not a fixed percentage of each loss but rather kicks in only after a large loss threshold is met.

The underlying insurance coverage is Workers' Compensation and Employers' Liability, which are casualty lines of business. These fall under Non-Life insurance, specifically within the Accident and Health and Casualty classes. The primary exposure is Workers' Compensation, which is classified as Accident and Health for Non-Life insurance, but given the inclusion of Employers' Liability (a core casualty line) and the broad nature of the coverage, the most appropriate classification is ""Casualty"" as it captures the primary nature of the reinsurance.",True,True,True,non-proportional,Non-Life,Casualty
2023-1863105-0000950170-23-037577-esmt-ex10_1.htm,"The document is an ""Amendment No. 1"" to a ""Revolving Credit Agreement."" It modifies an existing credit agreement between EngageSmart, Inc. (the Borrower) and JPMorgan Chase Bank, N.A. (the Administrative Agent). The primary subject of the document is the replacement of the LIBO Rate with the sum of Term SOFR and a related Benchmark Replacement Adjustment for interest rate calculations on loans. The document outlines the terms of the amendment, representations and warranties from the Borrower, the effect of the amendment, reaffirmation of obligations, and other standard clauses related to a credit agreement.

Based on the definitions provided, this document is a loan or credit agreement. It is not a reinsurance agreement. The list of documents that are NOT considered reinsurance agreements explicitly includes ""Bonds, loans and credit instruments."" Therefore, this document, being an amendment to a revolving credit agreement, is definitively not a reinsurance agreement.

Since the document is not a reinsurance agreement, the subsequent fields (`is_main_contract`, `is_obligatory`, `proportional_or_non_proportional`, `insurance_type`, and `class_of_business`) are not applicable and should be set to `None`.",False,,,,,
2023-1095073-0001095073-23-000007-exhibit1041.htm,"The document is a Standby Letter of Credit Agreement between Everest Reinsurance (Bermuda), Ltd. and Nordea Bank. It outlines the terms under which the bank will issue standby letters of credit for the account of the reinsurance company. A standby letter of credit is a financial instrument used to guarantee payment or performance, typically functioning as a form of credit support or collateral. According to the classification guidelines, letters of credit are explicitly listed as not being reinsurance agreements. Although the account party is a reinsurance company, the nature of this agreement is financial and security-related, not risk transfer between insurers and reinsurers. Therefore, this document does not constitute a reinsurance agreement.",False,,,,,
2023-1576018-0001576018-23-000100-projectcascade-splloydslpt.htm,"The document is titled ""LOSS PORTFOLIO TRANSFER REINSURANCE AND RETROCESSION AGREEMENT"" and is explicitly described as such in the preamble and throughout the text. It involves Sirius International Managing Agency Limited (as managing agent for a Lloyd's syndicate) ceding 100% of the risks and liabilities of certain insurance policies (the ""Lloyd's Policies"") to Pallas Reinsurance Company Ltd. This clearly falls under the definition of a ""Loss Portfolio Transfer,"" which is explicitly listed as a type of reinsurance agreement in the provided classification guidelines. Therefore, the document is a reinsurance agreement.

The agreement establishes the core terms of the risk transfer, including the cession of 100% of Covered Losses, the calculation of reinsurance consideration (including a Funds Withheld Account and Periodic Premium), administration, and termination. It is not merely an ancillary document like an endorsement or commutation; it is the primary contract governing the entire loss portfolio transfer. Therefore, it is a main contract.

The agreement transfers 100% of the risks from an entire portfolio of policies (the ""Subject Business"") written in underwriting years 2021 and prior. This is not a facultative agreement for a single risk but an obligatory treaty that automatically covers all risks within the defined portfolio. Therefore, it is an obligatory reinsurance agreement.

The agreement does not specify a proportional sharing of premiums and losses (like a Quota Share). Instead, it involves the retrocessionaire assuming 100% of the Covered Losses (which include Ultimate Net Loss, Reinsured Extra Contractual Obligations, and Reinsured Losses in Excess of Policy Limits) in exchange for a reinsurance premium and periodic payments. This structure, where the reinsurer takes on a defined block of liabilities for a premium, is characteristic of a non-proportional arrangement, specifically a Loss Portfolio Transfer. The presence of an Aggregate Limit further supports this classification.

The document does not specify the type of underlying insurance. The ""Lloyd's Policies"" could pertain to various lines of business. Without explicit information, the insurance type cannot be determined.

Similarly, without specific information on the nature of the ""Lloyd's Policies"" or the ""Subject Business"" beyond it being a portfolio from underwriting years 2021 and prior, the exact class of business (e.g., Property, Casualty, etc.) cannot be determined from the provided text.",True,True,True,non-proportional,,
2023-1224608-0001224608-23-000046-ex101creditagreement2023.htm,"The provided document is a ""Fourth Amendment and Restatement Agreement"" related to a Credit Agreement between CNO Financial Group, Inc. (the Borrower), the Lenders, and KeyBank National Association (the Administrative Agent). This agreement amends and restates the existing Credit Agreement, primarily to replace the Eurodollar Rate with a SOFR-based rate for certain loans.

The document is fundamentally a financial credit agreement, which is a loan agreement between a borrower and lenders. It outlines the terms of a revolving credit facility, including the commitment amounts, interest rates, repayment terms, covenants, and events of default.

Based on the definitions provided:
*   The document is **not** a reinsurance agreement. It is explicitly a credit agreement for a loan, which falls under the category of ""bonds, loans and credit instruments"" in the list of documents that are NOT considered reinsurance agreements.
*   Since it is not a reinsurance agreement, the subsequent questions about whether it is a main contract, obligatory, proportional, and its insurance type and class of business are not applicable.",False,,,,,
2023-1142417-0000950170-23-039930-nxst-ex10_1.htm,"The document is an ""Amendment No. 6 to Credit Agreement"" between Nexstar Media Inc., Nexstar Media Group, Inc., other Loan Parties, and Bank of America, N.A., as administrative agent. It details amendments to an existing credit agreement, primarily concerning the replacement of LIBOR with a LIBOR Successor Rate and related conforming changes. The document outlines financial terms, conditions for amendments, representations and warranties, effects on loan documents, and reaffirmations of loan parties. It involves credit extensions, interest rates, and obligations related to a loan, not insurance or reinsurance. The parties involved are a media company and a financial institution, indicating a lending relationship. There is no mention of risk transfer from an insurer to a reinsurer, ceding of insurance policies, or any reinsurance-specific terms. Therefore, this document is a credit agreement amendment, not a reinsurance agreement.",False,,,,,
2023-1576018-0001576018-23-000100-projectcascade-sintlptexec.htm,"The document is titled ""LOSS PORTFOLIO TRANSFER REINSURANCE AND RETROCESSION AGREEMENT,"" which explicitly identifies it as a reinsurance agreement. According to the classification rules, Loss Portfolio Transfer agreements are considered reinsurance agreements. Therefore, the document qualifies as a reinsurance agreement.

The agreement establishes a full reinsurance contract between SiriusPoint International Forsakringsaktiebolag (publ) and Pallas Reinsurance Company Ltd., transferring 100% of the risks and liabilities arising under the SINT Contracts. It contains all principal terms of the reinsurance arrangement, including definitions, reinsurance coverage, consideration, administration, duration, termination, and other key provisions. As such, it is a main contract, not merely an ancillary agreement.

The agreement transfers all risks from a defined portfolio (the ""Subject Business"") written during underwriting years 2021 and prior. This constitutes an obligatory transfer of an entire portfolio, not selective facultative reinsurance on individual risks. Therefore, it is an obligatory reinsurance agreement.

The agreement cedes 100% of the Covered Losses, including Ultimate Net Loss, Reinsured Extra Contractual Obligations, and Reinsured Losses in Excess of Policy Limits. This full transfer of liability on a portfolio basis is characteristic of a proportional reinsurance arrangement, specifically a 100% quota share structure.

The document references ""SINT Contracts"" which are described as insurance and reinsurance contracts written by the Retrocedent. The specific class of business is not explicitly stated in the provided text. However, the structure and terminology (e.g., ""Subject Business,"" ""SINT Contracts,"" ""Ultimate Net Loss"") are typical of non-life (property and casualty) reinsurance. The absence of any reference to life insurance products (e.g., annuities, mortality, longevity) further supports this. Therefore, the insurance type is Non-Life.

Given that the document is a portfolio transfer without specifying a single line of business and considering the general nature of the terms, the most appropriate class of business is ""Multi-Line,"" as it likely encompasses multiple non-life lines of business from the transferred portfolio.",True,True,True,proportional,Non-Life,CreditMulti-Line
2023-1400810-0000950170-23-040540-hci-ex10_37.htm,"The document is a Reimbursement Contract between Typtap Insurance Company and the State Board of Administration of Florida, which administers the Florida Hurricane Catastrophe Fund (FHCF). The FHCF is explicitly listed in the definition of reinsurance agreements as an insurance pooling agreement or government insurance scheme that fulfills a risk transfer objective similar to standard reinsurance. The contract provides for the reimbursement of losses from hurricane events in excess of the insurer’s retention, based on reported exposures and premiums paid, which constitutes a transfer of insurance risk from the insurer to the FHCF.

The contract establishes the full terms of the reinsurance-like arrangement, including scope, definitions, reporting obligations, and payment mechanisms. It is not an ancillary document such as an endorsement or amendment but rather the principal agreement itself. Therefore, it qualifies as a main contract.

The agreement is obligatory because it applies to all covered policies written by the insurer in Florida, based on statutory requirements. It automatically covers all qualifying policies without facultative underwriting or individual risk selection. This fits the definition of an obligatory reinsurance treaty.

The contract does not involve proportional sharing of premiums or losses (such as quota share). Instead, it reimburses losses in excess of a retention up to a limit, which is characteristic of non-proportional reinsurance, specifically excess of loss coverage.

The underlying insurance policies cover residential property in Florida, including structure and contents, which fall under property damage from natural catastrophes. This is clearly non-life insurance.

The class of business is Property, as it pertains to property damage from hurricanes and related perils, specifically covering residential structures and their contents.",True,True,True,non-proportional,Non-Life,Property
2023-1304280-0001304280-23-000052-refinancingamendmenttranch.htm,"The provided document is a ""REFINANCING AMENDMENT (TRANCHE A-2 TERM LOANS) TO CREDIT AGREEMENT."" It is an amendment to an existing credit agreement that modifies the terms of a loan, specifically by providing for new Tranche A-2 Term Loans to be extended to a borrower. The document details the conditions for the amendment, the parties involved (borrower, lenders, administrative agent), the financial terms, and the legal framework of the loan agreement.

The document does not contain any language, clauses, or terms that are characteristic of a reinsurance agreement. It does not mention risk transfer between insurers, ceding commissions, retrocession, or any other standard reinsurance concepts. Instead, it is focused entirely on the terms of a corporate loan, including interest rates, repayment schedules, security interests, and covenants related to financial performance.

Therefore, this document is a financial loan agreement, not a reinsurance agreement.",False,,,,,
2023-835357-0000835357-23-000015-efloa-06302023exhibit101.htm,"The document is titled ""Indemnity Reinsurance Agreement"" and is explicitly structured as a reinsurance contract between two insurance entities, Equitable Financial Life Insurance Company (the Ceding Company) and Equitable Financial Life Insurance Company of America (the Reinsurer). The agreement outlines the cession and assumption of life insurance and annuity contracts, including variable annuity contracts and life insurance policies, on an indemnity reinsurance basis. This confirms it as a reinsurance agreement under the definition provided.

The agreement establishes the full terms of the reinsurance relationship, including coverage, liability, payments, administration, and termination rights. It includes initial premiums, ongoing settlements, reserve adjustments, and detailed operational provisions. The presence of schedules and exhibits (even if omitted) and the comprehensive nature of the terms indicate this is a main contract, not an ancillary agreement.

The reinsurance is obligatory because it covers a portfolio of contracts (variable annuities and life insurance policies) rather than individual or facultative risks. The agreement applies to all specified contracts issued by the ceding company, indicating a broad, automatic transfer of risk.

The reinsurance is structured on both a coinsurance funds withheld and modified coinsurance basis, both of which are forms of proportional reinsurance. Coinsurance involves a proportional sharing of premiums, losses, and reserves. Modified coinsurance is a variation of coinsurance where reserves are held by the ceding company, but the economic effect remains proportional. There is no indication of non-proportional layers such as excess of loss, and the structure is not hybrid.

The underlying insurance contracts are life insurance and annuity contracts, which fall under Life insurance. Annuities and life insurance are core life products, and the document references GMDB (Guaranteed Minimum Death Benefit) and GMIB (Guaranteed Minimum Income Benefit), which are typical of life and annuity products.

The class of business is ""Longevity"" because the reinsurance covers annuity contracts, which are designed to manage longevity risk—the risk that individuals live longer than expected. The agreement specifically mentions variable annuity contracts with income benefits, which are directly tied to longevity risk. While mortality is also present (via death benefits), the primary risk in annuities is longevity, especially given the focus on income benefits and payout status.",True,True,True,proportional,Life,Longevity
2023-776867-0000776867-23-000017-wtmq32023ex101.htm,"The provided document is an ""Agreement and Plan of Merger"" between PM Holdings LLC, WM Pierce Merger Sub LLC, White Mountains Insurance Group, Ltd., and Bamboo IDE8 Insurance Services LLC. This document outlines the terms and conditions for the acquisition of Bamboo IDE8 Insurance Services LLC by PM Holdings LLC. The document details the merger process, including the conversion of units, closing date payments, and various representations and warranties. It also includes provisions for indemnification, tax matters, and other closing conditions.

The document is not a reinsurance agreement. Instead, it is a merger agreement that outlines the terms of a corporate acquisition. Reinsurance agreements are contracts between insurance companies where one company (the reinsurer) agrees to cover part of the risks and liabilities of another insurance company (the ceding company). The document in question does not contain any provisions related to the transfer of insurance risks or the sharing of insurance liabilities, which are key elements of reinsurance agreements.

Since the document is not a reinsurance agreement, it cannot be a main contract, an obligatory reinsurance agreement, or a proportional or non-proportional reinsurance agreement. Similarly, it does not pertain to Life or Non-Life insurance, nor does it specify a class of business for the underlying insurance portfolio.

Therefore, the document is not a reinsurance agreement, and all subsequent fields related to reinsurance are not applicable.",False,,,,,
2023-1095073-0001095073-23-000024-re-20230331xexx102.htm,"The document is a Separation, Transition Services, and General Release Agreement between Everest Global Services, Inc. (a subsidiary of Everest Re Group, Ltd.) and an employee, Sanjoy Mukherjee. It outlines the terms of the employee's separation from the company, including severance payments, benefits continuation, confidentiality obligations, and a general release of claims. The agreement includes provisions related to advisory services during a transition period, a second release to be signed after the separation date, and compliance with employment laws.

This document is not a reinsurance agreement. It does not involve the transfer of insurance risk from one insurer to another, nor does it contain any terms typical of reinsurance contracts such as ceding commissions, loss sharing, treaty terms, or facultative placements. Instead, it is an employment-related separation agreement involving compensation, releases, and confidentiality between an employer and a departing executive.

Because the document is not a reinsurance agreement, all subsequent fields that pertain to reinsurance characteristics (main contract, obligatory nature, proportionality, insurance type, class of business) must be set to None.",False,,,,,
2023-1708176-0001213900-23-086921-f10q0923ex10-9_halloffame.htm,"The document is a Construction Loan Agreement between HOF Village Hotel II, LLC (Borrower) and ERIEBANK (Lender). It details the terms for a $15,300,000 loan to finance the renovation of a hotel property known as the McKinley Grand Hotel in Canton, Ohio. The agreement outlines conditions for disbursement of funds, borrower covenants, loan security (including a mortgage on the property), and remedies in case of default.

This document is fundamentally a loan agreement for real estate development financing. It contains no elements of risk transfer between insurance entities. The document does not mention any insurance, reinsurance, retrocession, or risk transfer mechanisms. Instead, it focuses on real estate, construction, loan covenants, collateral, and repayment terms.

According to the provided definitions, reinsurance agreements include contracts that transfer risk from insurers to reinsurers. This document is a standard commercial loan agreement secured by real property, which falls under the category of ""bonds, loans and credit instruments"" that are explicitly excluded from being considered reinsurance agreements.

Therefore, this document is not a reinsurance agreement.",False,,,,,
2023-1527469-0001527469-23-000014-q42022exhibit1052.htm,"The document is an amendment to a fee agreement between Athene Holding Ltd. (AHL) and Apollo Insurance Solutions Group LP (AISG). It outlines the terms for fees related to investment management, sub-advisory services, and shared services. The agreement references investment accounts, reinsurance counterparties, and reinsurance trusts, indicating a connection to reinsurance activities. However, the document itself does not establish a reinsurance contract; instead, it governs the payment of fees for investment management and advisory services related to assets that may support reinsurance agreements. 

The document explicitly mentions ""reinsurance trusts supporting reinsurance agreements"" and ""reinsurance counterparties,"" but the core purpose of the agreement is to define fee structures and indemnification terms for investment advisory and management services. It does not transfer insurance risk, define coverage terms, or establish a reinsurance relationship. Therefore, it is not a reinsurance agreement under the provided definitions.

Because it is not a reinsurance agreement, the subsequent fields—`is_main_contract`, `is_obligatory`, `proportional_or_non_proportional`, `insurance_type`, and `class_of_business`—must be `None`.",False,,,,,
2023-1180262-0000950170-23-037182-hlf-ex10_46.htm,"The provided document is the ""Seventh Amendment to Credit Agreement"" for Herbalife Ltd. and related entities. It amends an existing credit agreement involving loans and financial commitments between the borrowers (Herbalife entities), lenders (Jefferies Finance LLC and Rabobank), and agents. The document outlines amendments to benchmark interest rates, conditions for effectiveness, representations and warranties, and reaffirmations of obligations under the original credit agreement.

This document does not meet any of the definitions of a reinsurance agreement as listed in the provided classification rules. It is not a reinsurance or retrocession agreement, does not refer to an underlying reinsurance contract, and is not related to risk transfer mechanisms typical in reinsurance. Instead, it is clearly a financial instrument related to corporate lending and borrowing, involving amendments to loan terms, interest rates, and lender obligations.

Since the document is not a reinsurance agreement, the subsequent fields (is_main_contract, is_obligatory, etc.) are not applicable and must be set to None as per the instructions.",False,,,,,
2023-896159-0000896159-23-000007-cb-12312022xex1056.htm,"The document is a ""Second Amended and Restated Credit Agreement"" between Chubb Limited, several of its subsidiaries, and a group of banks. It details a $3 billion senior unsecured letter of credit and revolving credit facility. The core of the agreement is a financial arrangement for loans and the issuance of standby letters of credit. The document explicitly states that it amends and restates a previous credit agreement and outlines the terms for borrowing, interest, fees, and repayment.

The document mentions that the letters of credit will be used ""primarily (i) to support obligations under reinsurance liabilities (including intercompany liabilities) of such Borrower or for other general corporate purposes"" (Section 3.08). This indicates that the credit facility is a tool to support reinsurance activities, but the agreement itself is not the reinsurance contract.

The document falls under the category of financial instruments that are explicitly listed as NOT being reinsurance agreements. According to the provided list, ""Letters of credit"" and ""Bonds, loans and credit instruments"" are not considered reinsurance agreements. This document is a loan agreement, which is a type of credit instrument.

Therefore, the document is a financial credit agreement and not a reinsurance agreement. Since it is not a reinsurance agreement, the subsequent classification questions (is_main_contract, is_obligatory, etc.) are not applicable and should be answered as 'None'.",False,,,,,
2023-1400810-0000950170-23-040540-hci-ex10_38.htm,"The document is a ""RAP Reimbursement Contract"" between Homeowners Choice Property and Casualty Insurance Company (a private insurer) and the State Board of Administration of Florida (SBA), acting on behalf of the Reinsurance to Assist Policyholders (RAP) program. The contract provides for reimbursement to the insurer for ultimate net losses on covered policies resulting from hurricanes (defined as ""Covered Events"") in excess of the insurer's retention, subject to aggregate limits. This is a government-sponsored risk transfer mechanism designed to help insurers manage catastrophic hurricane losses, thereby protecting policyholders.

The RAP program, as established under Florida Statutes Section 215.5551, functions similarly to a reinsurance agreement by transferring risk from an insurer (the ceding company) to a centralized public entity (the SBA). The contract involves payment for losses, loss adjustment expense allowance, commutation provisions, and detailed claims reporting—all hallmarks of a reinsurance arrangement. It is explicitly linked to the Florida Hurricane Catastrophe Fund (FHCF), which is listed in the criteria as an example of a government insurance scheme fulfilling a risk transfer objective similar to standard reinsurance (e.g., FHCF, NFIP). Therefore, this qualifies as a reinsurance agreement under the provided definition.

The document establishes the full terms of the reinsurance relationship, including scope, definitions, liability, claims management, reporting, and commutation. It is not an endorsement or ancillary agreement but the principal contract itself, making it a main contract. It is obligatory because it applies to all losses from qualifying hurricanes across the insurer’s entire portfolio of covered residential property policies in Florida, not limited to specific named risks or facultative placements.

The structure is non-proportional: it provides reimbursement for losses in excess of a retention (i.e., excess of loss), with a payout calculated as 90% of losses above retention plus a 10% loss adjustment expense allowance—characteristic of a non-proportional (excess of loss) structure. There is no indication of proportional sharing of premiums or losses.

The underlying insurance covers residential property damage from hurricanes, which falls under Non-Life insurance. The class of business is Property, specifically covering residential structures and contents in Florida exposed to hurricane risk.",True,True,True,non-proportional,Non-Life,Property
2023-1180262-0000950170-23-016715-hlf-ex10_38.htm,"The document is a ""Fifth Amendment to Credit Agreement"" related to an existing credit agreement between HLF Financing SaRL, LLC, Herbalife Nutrition Ltd., and other parties, with Cooperatieve Rabobank U.A., New York Branch as the administrative agent. The document amends the terms of a credit agreement, specifically addressing the transition from USD LIBOR to an alternate interest rate benchmark (Term SOFR) for certain loans. It involves provisions related to loan facilities, interest calculations, and administrative procedures for the credit agreement. This is clearly a financial agreement related to corporate lending and does not involve any insurance or reinsurance activities. The document is fundamentally a loan agreement amendment, which falls under the category of credit facilities and financial instruments, not reinsurance.",False,,,,,
2023-776867-0000776867-23-000013-wtmq22023ex102.htm,"The document is the ""Third Amended and RestATED Supplemental Trust Agreement,"" which establishes a trust account (the ""Supplemental Trust Account"") to secure payment obligations of HG Re Ltd. (the Grantor) to Build America Mutual Assurance Company (the Beneficiary) under certain reinsurance agreements. The document explicitly references two reinsurance agreements: the ""First Loss Reinsurance Treaty Agreement"" and the ""Individual Credit Excess of Loss Facultative Reinsurance Treaty Agreement."" However, the document itself is not a reinsurance agreement but a trust agreement designed to support the financial security of those reinsurance obligations.

Trust agreements that secure payment obligations arising from reinsurance contracts are explicitly excluded from the definition of reinsurance agreements under the provided criteria. Specifically, ""Financial guarantees and other agreements that secure the payment obligations arising from insurance or reinsurance contracts"" are not considered reinsurance agreements.

Therefore, while the document is closely related to reinsurance, it is ancillary and supportive in nature, serving as a financial assurance mechanism rather than establishing the terms of risk transfer between insurers and reinsurers.

Because it is not a reinsurance agreement, all subsequent fields related to the nature of the reinsurance contract (main contract, obligatory, proportional, insurance type, class of business) must be set to None.",False,,,,,
2023-1400810-0000950170-23-040540-hci-ex10_39.htm,"The document is a ""RAP Reimbursement Contract"" between Typtap Insurance Company and the State Board of Administration of Florida (SBA), acting on behalf of the Reinsurance to Assist Policyholders (RAP) program. The contract establishes a mechanism for the SBA to reimburse the insurer for certain hurricane-related losses in excess of a retention level, up to a statutory aggregate limit. The program is created under Florida Statutes Section 215.5551.

This arrangement constitutes a government insurance scheme designed to transfer risk from private insurers to a state-backed entity in the event of major hurricane losses. As defined in the instructions, such programs (e.g., FHCF, NFIP, CEA) that fulfill a risk transfer objective similar to standard reinsurance are considered reinsurance agreements. The RAP program functions as a form of retroactive reinsurance or adverse development cover for qualifying insurers, triggered by large hurricane losses.

The document establishes the full terms of the reinsurance arrangement, including scope, definitions, liability, reporting, and commutation. It is not an ancillary document but the principal contract itself, signed by both parties. Therefore, it is a main contract.

The agreement is obligatory because it is mandated by statute (Section 215.5551(4)) for all eligible insurers writing covered policies in Florida. The RAP Insurer must enter into the contract as a condition of doing business in the state. The contract applies to losses from all covered hurricane events across the insurer's portfolio, not to individual risks, confirming its obligatory nature.

The structure is non-proportional: the SBA reimburses losses in excess of the insurer’s retention (a form of excess-of-loss cover), with a 90% recovery of losses above retention plus a 10% loss adjustment expense allowance. There is no proportional sharing of premiums or losses; recovery is triggered only after a retention is met, which is characteristic of non-proportional reinsurance.

The underlying insurance covers residential property in Florida, including structures and contents, with exclusions for liability, business interruption, and non-residential risks. This is clearly Non-Life insurance.

The class of business is Property, as it involves coverage for physical damage to residential buildings and contents from hurricanes, which falls under ""Property damage from Fire and Allied Perils and Natural Catastrophes.""",True,True,True,non-proportional,Non-Life,Property
2023-1140536-0000950170-23-015309-wtw-ex10_1.htm,"The provided document is a ""Time-Based Restricted Share Unit Award Agreement"" between Willis Towers Watson Public Limited Company and an executive officer. It details the terms of an equity incentive award, specifically the grant of restricted share units (RSUs) that will vest over time contingent upon continued service. The document includes definitions related to employment terms (e.g., Cause, Good Reason, Service), vesting conditions, tax withholding procedures, and restrictive covenants.

This is not a reinsurance agreement. It does not involve risk transfer between insurance or reinsurance companies, nor does it cover insurance policies, retrocessions, or any type of risk-sharing arrangement. Instead, it is a corporate compensation instrument related to employee stock awards.

Because it is not a reinsurance agreement, all subsequent classification fields (is_main_contract, is_obligatory, etc.) must be set to None.",False,,,,,
2023-703351-0000703351-23-000016-brinker-secondamendmenttoc.htm,"The document is a ""Second Amendment"" to a ""Credit Agreement"" between Brinker International, Inc. (the ""Borrower""), various guarantors, banks, and JPMorgan Chase Bank, N.A. (as Administrative Agent). It amends the existing credit agreement to increase the aggregate amount of the Commitments by $100,000,000 and to replace LIBOR with Term SOFR.

This document is a credit agreement and amendment, which is a financial contract for a loan. According to the provided definitions, credit agreements and amendments to them are not reinsurance agreements. The list of documents that are NOT considered reinsurance agreements explicitly includes ""Bonds, loans and credit instruments except for Catastrophe Bonds and other Insurance Linked Securities as described above."" This document is a standard credit instrument and does not resemble a catastrophe bond or any form of risk transfer instrument.

Since the document is not a reinsurance agreement, all subsequent questions about its nature as a main contract, its obligation type, proportionality, insurance type, and class of business are irrelevant and must be answered as 'None'.",False,,,,,
2023-727920-0000727920-23-000015-efl-06302023exhibit101.htm,"The document is titled ""Indemnity Reinsurance Agreement"" and is explicitly between a Ceding Company and a Reinsurer, which clearly indicates it is a reinsurance agreement. It involves the ceding of life insurance and annuity contracts, which are life insurance products. The agreement includes provisions for coinsurance and modified coinsurance, which are forms of proportional reinsurance. The contract establishes the full terms of the reinsurance arrangement, including coverage, payments, administration, and termination, making it a main contract. The reinsurance is obligatory as it covers a broad portfolio of contracts on a quota share basis, not limited to specific named insureds. The underlying business is life insurance, specifically annuities and life policies, which fall under the ""Longevity"" and ""Mortality"" class of business. Since the agreement covers a portfolio of life and annuity contracts, the primary class is ""Longevity"" due to the annuity focus. The reinsurance is proportional because it operates on a 100% quota share basis for the general account liabilities and modified coinsurance for separate accounts, both of which are proportional methods.",True,True,True,proportional,Life,Longevity
2023-1620459-0001620459-23-000026-a4q22jrvrex1021.htm,"The document is a Performance Restricted Share Unit Agreement between James River Group Holdings, Ltd. and an employee (the Grantee). It outlines the terms of an equity-based incentive award under the company’s 2014 Long-Term Incentive Plan. The agreement details the conditions under which restricted share units may become earned and vested based on performance criteria and continued service, and how they will be settled in company shares.

This document is not a reinsurance agreement. It does not involve risk transfer between insurers and reinsurers, nor does it relate to the ceding or assuming of insurance liabilities. Instead, it is a compensation arrangement involving equity incentives for an employee. The mention of ""retroactive reinsurance agreements"" in the definition of adjusted net operating income is incidental and refers to how certain financial metrics are calculated for performance evaluation—it does not make the document itself a reinsurance agreement.

Therefore, the document falls outside all categories of reinsurance agreements listed in the criteria. It is a corporate compensation instrument, specifically an equity award agreement.",False,,,,,
2023-1739936-0000950170-23-017912-mntv-ex10_1.htm,"The provided document is an ""Amendment Agreement"" related to a ""Second Amended and Restated Credit Agreement."" It details modifications to the existing credit agreement between Momentive Inc., Momentive Global Inc., lenders, and the administrative agent (JPMorgan Chase Bank, N.A.). The agreement focuses on establishing an alternate interest rate (SOFR) to replace LIBOR, amending the existing credit agreement, and reaffirming guarantees and security interests.

The document is fundamentally a financial and credit agreement. It does not pertain to the transfer of insurance risk from an insurer to a reinsurer. Instead, it involves a corporate borrower, lenders, and a loan. The listed transactions and definitions (e.g., ""Indebtedness,"" ""Loans,"" ""Revolving Commitments"") are all standard terms for a loan or credit facility.

Based on the ""NOT"" list of documents that are NOT considered reinsurance agreements, this document falls squarely under ""Bonds, loans and credit instruments."" Therefore, it is not a reinsurance agreement.

Since it is not a reinsurance agreement, the subsequent fields (is_main_contract, is_obligatory, etc.) are irrelevant and must be set to 'None'.",False,,,,,
2023-1576018-0001576018-23-000100-sp-amendmentno1tocreditagr.htm,"The document is an ""Amendment No. 1 to Credit Agreement"" between SiriusPoint Ltd. (a reinsurance company), lenders, and JPMorgan Chase Bank, N.A. as the administrative agent. It amends the existing credit agreement to replace the London Interbank Offered Rate (LIBOR) with a new benchmark rate (Term SOFR) for determining interest rates on loans. The document outlines changes to loan terms, payment schedules, and other administrative details related to the credit facility.

The document does not establish a reinsurance agreement. Instead, it is a financial instrument related to a credit facility, specifically an amendment to a credit agreement. The document is not related to risk transfer between insurers and reinsurers, nor does it involve the ceding of insurance liabilities. The primary purpose of the document is to modify the terms of an existing credit agreement, focusing on interest rate benchmarks and associated administrative changes.

Based on the provided definitions, the document is not a reinsurance agreement because it does not involve the transfer of insurance risk from one party to another. It is a credit agreement amendment, which is explicitly listed as not being a reinsurance agreement. Since the document is not a reinsurance agreement, the subsequent fields related to reinsurance characteristics (main contract, obligatory, proportional/non-proportional, insurance type, and class of business) are not applicable and should be set to None.",False,,,,,
2023-1832332-0000950170-23-040918-avah-ex10_1.htm,"The document is an ""Amendment No. 1 to Second Lien Credit Agreement"" related to Aveanna Healthcare LLC. It modifies an existing credit agreement involving loans and financial terms between the borrower and the administrative agent (Barclays Bank PLC). The document deals with financial instruments such as loans, interest rates, benchmark replacements, and repayment terms. It does not involve any transfer of insurance risk, nor does it pertain to reinsurance or retrocession agreements, which are contracts where one insurer transfers part of its risk portfolio to another insurer. Instead, this is a standard credit agreement amendment in the corporate finance domain.

Since the document is a financial credit agreement amendment and not a reinsurance agreement, it does not meet any of the criteria for being classified as a reinsurance agreement. Therefore, all subsequent fields related to reinsurance characteristics (such as main contract, obligatory nature, proportional or non-proportional, insurance type, and class of business) are not applicable and should be set to None.",False,,,,,
2023-59558-0000059558-23-000047-lnc-20230630xex10_3.htm,"The document is a ""Third Amendment to Amended and Restated Credit Agreement"" entered into by Lincoln National Corporation, its subsidiaries, banks, and Bank of America as Administrative Agent. It amends certain definitions and terms in an existing credit agreement, including the addition of definitions related to a ""Retrocession Agreement"" and ""Fortitude Re Funds Withheld Adjustment Amount."" While the document references a retrocession agreement in passing—specifically naming it and defining related accounting terms—it is not itself a reinsurance or retrocession agreement. Instead, it is a financial amendment to a credit facility, which falls under the category of a credit instrument.

According to the classification rules, credit instruments such as loans, bonds, and credit agreements are explicitly excluded from being considered reinsurance agreements, even if they reference reinsurance transactions. The presence of a mention of a retrocession agreement does not transform this document into a reinsurance agreement. Therefore, this document is not a reinsurance agreement.

Since it is not a reinsurance agreement, all subsequent fields that depend on reinsurance classification (main contract, obligatory, proportional status, insurance type, class of business) must be set to 'None'.",False,,,,,
2023-314808-0000314808-23-000046-val-03312023xexhibit103.htm,"The provided document is a Senior Secured Revolving Credit Agreement, which is a legal contract between a company (Valaris Limited) and a group of lenders for a revolving credit facility. This type of agreement is fundamentally a financial loan agreement, not a reinsurance agreement. The document details the terms of the loan, including the commitment amounts, interest rates, repayment terms, covenants, and conditions for default. It involves the borrowing of funds and the granting of security interests in collateral, which are characteristics of a credit agreement. The document does not contain any language or provisions related to the transfer of insurance risk from one insurer (the ceding company) to another (the reinsurer), which is the defining feature of a reinsurance agreement. Therefore, this document is not a reinsurance agreement.",False,,,,,
2023-1576018-0001576018-23-000063-projectcascade-masteragree.htm,"The document is a Master Agreement that governs a complex transaction involving multiple ancillary agreements. The key indicator that this is a reinsurance agreement is found in the ""WHEREAS"" clauses, which state that the parties intend to enter into ""Loss Portfolio Transfer Reinsurance and Retrocession Agreements"" (the ""LPT Agreements"") for two distinct portfolios of insurance and reinsurance contracts. Loss Portfolio Transfers (LPTs) are explicitly listed in the instructions as a type of reinsurance agreement. Therefore, the Master Agreement, which establishes, facilitates, and governs the execution of these LPTs, is itself considered a reinsurance agreement as it is a document that modifies and is integral to the creation of the underlying reinsurance contracts.

However, the Master Agreement itself is not the main contract. It is an overarching framework that coordinates the closing, representations, covenants, and conditions for the LPTs. The main reinsurance contracts are the ""LPT Agreements"" referenced in the document (Exhibit A-1 and Exhibit A-2), which are separate documents to be executed at closing. The Master Agreement is an ancillary agreement that facilitates the execution of these main contracts.

Regarding the nature of the reinsurance, the document does not contain the specific terms of the LPT Agreements (which are in the exhibits). Without access to Exhibit A-1 and A-2, it is impossible to determine whether the underlying reinsurance is proportional (e.g., a Quota Share) or non-proportional (e.g., an Excess of Loss). The Master Agreement only describes the structure of the transaction, not the risk-sharing mechanics.

Similarly, the document does not specify the type of insurance (Life vs. Non-Life) or the class of business (e.g., Property, Casualty) of the underlying ""Subject Business"" in sufficient detail to make a classification. While the ""SINT Subject Business"" and ""SP Lloyd's Subject Business"" are defined, the schedules that would contain the specific details of these portfolios are not provided. Therefore, the insurance type and class of business cannot be determined from the available text.",True,False,,,,
2023-1839412-0001628280-23-014694-qualtek-conformedablcredit.htm,"The provided document is a ""Conformed Credit Agreement"" (specifically, an ABL Credit and Guaranty Agreement) for a senior secured asset-based credit facility. It is a standard corporate loan agreement between a borrower (Qualtek Buyer, LLC), lenders, and an administrative agent (PNC Bank) for a $130 million revolving credit facility.

This document is clearly a **credit agreement** for a loan, not an insurance contract. It establishes the terms for borrowing money, including interest rates, repayment schedules, covenants, and collateral. The document contains no language, clauses, or structures that are characteristic of a reinsurance agreement, such as the transfer of insurance risk, ceding commissions, loss ratios, or retrocession.

Since it is not a reinsurance agreement, all other classifications (main contract, obligatory, proportional, insurance type, class of business) are irrelevant and must be set to `None`.",False,,,,,
2023-1400810-0000950170-23-040540-hci-ex10_30.htm,"The document is titled ""Property Catastrophe Excess of Loss Reinsurance Contract"" and is issued to two insurance companies, explicitly indicating that it is a reinsurance agreement. It outlines terms for indemnifying the ceding companies for losses exceeding a certain retention, which is a hallmark of non-proportional reinsurance, specifically excess of loss. The coverage applies to property perils such as homeowners, condominium, renters, and dwelling policies, which are Non-Life insurance lines. The class of business is Property, as it covers physical damage from perils like windstorm, hail, hurricane, and fire, particularly focused on catastrophe events. The contract is a main, obligatory treaty reinsurance agreement, as it covers all eligible policies automatically (obligatory) and establishes the full terms of the reinsurance relationship. It is not ancillary, as it is not modifying an existing contract but rather serving as the primary agreement. There is no indication of proportional sharing (e.g., quota share), and the structure based on layers with retention and limits confirms it is non-proportional. The document includes exclusions typical of property reinsurance (e.g., flood, earthquake, terrorism) and references to FHCF, which is a state-run catastrophe fund, further confirming the property and catastrophe nature of the reinsurance. Therefore, all classification elements align with a main, obligatory, non-proportional, Non-Life property reinsurance treaty.",True,True,True,non-proportional,Non-Life,Property
2023-1527469-0001527469-23-000053-q22023exhibit103.htm,"The document is a Credit Agreement dated June 30, 2023, among several Athene entities and a group of lenders, with Citibank, N.A. serving as the Administrative Agent. The agreement outlines the terms for a revolving credit facility, including loan amounts, interest rates, fees, covenants, and conditions for borrowing. It includes standard provisions for such financial instruments, such as representations and warranties, affirmative and negative covenants, events of default, and remedies.

The document is clearly a loan agreement and not a reinsurance agreement. It does not involve the transfer of insurance risk from one insurer to another, which is the defining characteristic of reinsurance. Instead, it establishes a credit relationship where lenders provide funds to borrowers in exchange for interest and repayment of principal.

The document is also not ancillary to a reinsurance agreement, nor does it renew, cancel, novate, terminate, settle, commute, amend, or otherwise modify the terms of an existing reinsurance agreement. It is a standalone financial instrument that creates a debt obligation.

Given that the document is a credit agreement between borrowers and lenders, it falls under the category of ""Bonds, loans and credit instruments"" which are explicitly listed as NOT being reinsurance agreements. Therefore, it cannot be classified as a reinsurance agreement under any of the defined categories.",False,,,,,
2023-1839412-0001628280-23-014694-qualtek-tenthamendment.htm,"The provided document is the ""Tenth Amendment to ABL Credit and Guaranty Agreement."" It is an amendment to an existing credit agreement between a borrower (Qualtek LLC), its parent and subsidiary guarantors, lenders, and a bank serving as the administrative and collateral agent. The document details changes to the original credit agreement, including modifications to financial covenants and the waiver of certain fees. The document is clearly a financial credit agreement, which is explicitly listed in the ""NOT"" section of the reinsurance criteria as not being a reinsurance agreement. Therefore, it is not a reinsurance agreement, and none of the subsequent classification questions apply.",False,,,,,
2023-1400810-0000950170-23-040540-hci-ex10_26.htm,"The document is titled ""Property Catastrophe Excess of Loss Reinsurance Contract,"" which clearly indicates it is a reinsurance agreement. It is issued to Homeowners Choice Property & Casualty Insurance Company, Inc., and provides indemnification for losses arising from property perils such as homeowners, condominium owners, and dwelling policies. This fits the definition of a reinsurance agreement as it transfers risk from the insurer (ceding company) to the reinsurer.

The contract outlines key reinsurance terms including retention, limit, premium, reinstatement, and coverage for Ultimate Net Loss, all of which are standard in reinsurance contracts. It also includes clauses typical of reinsurance, such as arbitration, insolvency, and access to records. The structure and language confirm it is a full reinsurance contract, not an ancillary or modifying document.

The contract is an excess of loss treaty, which is a non-proportional form of reinsurance. It does not share premiums or losses on a proportional basis but instead covers losses above a specified retention up to a defined limit. There is no indication of proportional elements such as quota share or surplus, and the reinstatement premium clause further confirms the non-proportional nature.

The underlying insurance is clearly property and casualty-related, covering perils like windstorm, hail, fire, and hurricane, all of which fall under Non-Life insurance. The class of business is Property, specifically catastrophe-exposed residential property in Florida, with explicit exclusions for flood, earthquake (in certain cases), and cyber, among others. The business covered is not health, casualty liability, or specialty lines, but rather direct property damage from natural catastrophes.

The contract covers all policies in force or issued during the term that meet the defined criteria, and the ceding company has no facultative selection on a risk-by-risk basis (except for special acceptance). This indicates it is an obligatory treaty reinsurance contract, where all qualifying business is automatically ceded.

Thus, the document is a main, obligatory, non-proportional reinsurance contract for Non-Life insurance, specifically in the Property class of business.",True,True,True,non-proportional,Non-Life,Property
2023-1691421-0001691421-23-000095-exhibit103-autofacpprcontr.htm,"The document is titled ""AUTOMATIC FACULTATIVE PROPERTY PER RISK EXCESS OF LOSS REINSURANCE CONTRACT"" and is issued to Lemonade Insurance Company by subscribing reinsurers. This clearly indicates it is a reinsurance agreement, specifically an excess of loss contract covering property risks. It meets the definition of a reinsurance agreement as it transfers risk from the insurer (Lemonade) to the reinsurer.

The document establishes the full terms of the reinsurance contract, including business covered, retention and limits, term, exclusions, premium, reporting, and other standard clauses. It contains all principal terms and is not merely an amendment or ancillary document. Therefore, it is a main contract.

The contract is facultative in nature but labeled ""automatic,"" meaning the reinsurer is obligated to accept risks that meet the specified criteria (e.g., accumulation of HO-4 and HO-6 policies). The Company is obligated to cede such qualifying risks, and the Reinsurer is obligated to accept them (Article 1.A). This makes it an obligatory reinsurance agreement.

The contract is structured as an excess of loss reinsurance, where the reinsurer covers losses above a retention of $3,000,000 up to a limit of $10,000,000 or $12,000,000 depending on construction type. This is a non-proportional form of reinsurance, as the reinsurer does not share a fixed percentage of premiums and losses but instead indemnifies for losses above a specified retention.

The underlying insurance policies are HO-4 (renters) and HO-6 (condo) policies, which are property insurance products. Therefore, the insurance type is Non-Life.

The class of business is Property, as the coverage is for property damage from perils such as fire, windstorm, hail, etc., and explicitly excludes flood, earthquake, and storm surge unless covered under original policies. The risks are residential property policies, which fall under the Property class.",True,True,True,non-proportional,Non-Life,Property
2023-1889539-0001889539-23-000019-exhibit102.htm,"The provided document is the ""Corebridge Executive Severance Plan,"" which outlines the terms for severance payments and benefits for eligible executives of Corebridge Financial, Inc. in the event of employment termination under certain conditions. It details eligibility criteria, severance calculations, benefit continuation, release requirements, and administrative procedures.

This document is an internal corporate compensation and benefits plan, specifically designed for executive severance. It does not involve the transfer of insurance risk between insurers and reinsurers. It is not a reinsurance agreement, retrocession agreement, or any related risk transfer instrument. Instead, it is a human resources policy document governing employee benefits upon termination.

Because it is not a reinsurance agreement or any instrument that modifies such an agreement, all subsequent classification fields related to reinsurance (main contract, obligatory, proportional/non-proportional, insurance type, class of business) are not applicable.",False,,,,,
2023-1668673-0001628280-23-005700-petq-20221231xex1017.htm,"The document titled ""ABL CREDIT AND GUARANTY AGREEMENT"" is a legal contract between PetIQ Holdings, LLC, PetIQ, LLC, certain subsidiaries, the lenders, and KeyBank National Association, which acts as the Administrative Agent and Collateral Agent. The agreement outlines the terms and conditions of a $125,000,000 Senior Secured ABL Credit Facility provided to the Borrower by the Lenders. The document details the revolving loans, protective advances, letters of credit, and other financial arrangements, along with the rights, obligations, and covenants of the parties involved.

The document is clearly a credit agreement that establishes a lending relationship, where the Lenders agree to extend credit to the Borrower, and the Borrower agrees to repay the loans with interest. The agreement includes provisions for interest rates, fees, repayment terms, collateral, and other standard elements of a loan agreement. It also includes representations, warranties, affirmative and negative covenants, events of default, and remedies.

Based on the content and structure of the document, it is evident that this is a credit agreement and not a reinsurance agreement. Reinsurance agreements involve the transfer of risk from one insurance company (the ceding company) to another (the reinsurer), and they typically include terms related to the ceding of insurance policies, reinsurance premiums, and the sharing of claims and losses. The document in question does not contain any of these elements. Instead, it is focused on the provision of credit and the repayment of loans, which is characteristic of a lending agreement.

Therefore, the document is not a reinsurance agreement, and the subsequent fields for classification are not applicable.",False,,,,,
2023-1400810-0000950170-23-040540-hci-ex10_35.htm,"The document is a ""Property Catastrophe Excess of Loss Reinsurance Contract"" issued to two insurance companies, explicitly establishing a reinsurance agreement. It contains standard reinsurance clauses such as retention and limit, business covered, exclusions, premium, definitions, and arbitration. This clearly fits within the definition of a reinsurance agreement as per the provided criteria.

The document is a full contract, not an amendment or ancillary agreement, and contains all principal terms (e.g., scope of coverage, limits, premium, conditions), making it a main contract. It is structured as a treaty that automatically covers qualifying losses without individual underwriting, indicating it is an obligatory reinsurance agreement.

The contract is an Excess of Loss agreement, which is a form of non-proportional reinsurance, as it covers losses above a specified retention up to a limit, rather than sharing premiums and losses proportionally.

The coverage applies to property insurance (homeowners, condominiums, renters, dwellings), which is non-life insurance. The class of business is Property, as it specifically covers property damage from perils like hurricanes, windstorms, fire, etc., particularly in the context of catastrophe excess of loss.",True,True,True,non-proportional,Non-Life,Property
2023-1822492-0001822492-23-000147-ex103-hillmanxartermloancr.htm,"The document provided is a ""Credit Agreement"" for a term loan facility. It details the terms of a loan between The Hillman Group, Inc. (the borrower), financial institutions (the lenders), and Jefferies Finance LLC (the administrative agent). The agreement outlines the loan amount, interest rates, repayment terms, covenants, and other conditions related to the loan.

This document is clearly a loan or credit agreement, which is explicitly listed as NOT being a reinsurance agreement. The document does not contain any language, clauses, or terminology related to the transfer of insurance risk from one insurer (the ceding company) to another (the reinsurer), which is the fundamental characteristic of a reinsurance agreement. Instead, it deals with the borrowing and lending of money, repayment schedules, and financial covenants typical of a corporate loan.

Since the document is not a reinsurance agreement, all subsequent fields (is_main_contract, is_obligatory, proportional_or_non_proportional, insurance_type, class_of_business) must be None.",False,,,,,
2023-5272-0000005272-23-000045-q32023exhibit101.htm,"The document is a Transition Agreement between American International Group, Inc. (AIG) and Lucy Fato, an executive employee. It outlines the terms of her transition from an executive role to a non-executive role, followed by the termination of her employment. The agreement includes provisions related to compensation, benefits, restrictive covenants (such as non-solicitation and non-competition), mutual releases of claims, confidentiality, and cooperation in future legal matters.

This document is an employment agreement or executive transition agreement, not a contract related to the transfer of insurance risk between insurers and reinsurers. It does not involve any reinsurance, retrocession, risk transfer, or insurance pooling. Instead, it governs the employment relationship and post-employment obligations between an individual and her employer.

Therefore, it does not meet any of the criteria for being classified as a reinsurance agreement. Since it is not a reinsurance agreement, all subsequent reinsurance-specific classification fields must be set to None.",False,,,,,
2023-1620459-0001620459-23-000026-a4q22jrvrex109.htm,"The document is a ""Third Amendment to Credit Agreement"" between James River Group Holdings, Ltd. and JRG Reinsurance Company Ltd. (the Borrowers) and BMO Harris Bank N.A. (the Lender). It amends an existing credit agreement by replacing LIBOR-based interest calculations with Term SOFR-based calculations and includes various related definitions and administrative provisions. The document pertains to a credit facility, including loans and letters of credit, and does not involve the transfer of insurance risk from one insurer to another.

Although one of the borrowers is a reinsurance company (JRG Reinsurance Company Ltd.), the document itself is a financial amendment to a credit agreement and not a reinsurance contract. It does not establish or modify terms of reinsurance coverage, nor does it transfer underwriting risk. Instead, it deals with benchmark interest rate replacements and loan administration.

According to the classification guidelines, credit instruments such as loans, bonds, and letters of credit are explicitly excluded from being considered reinsurance agreements, even if they involve a reinsurance company as a party.

Therefore, the document is not a reinsurance agreement, and all subsequent fields that depend on it being a reinsurance contract must be set to 'None'.",False,,,,,
2023-1304280-0001304280-23-000027-q4fy23termamendmentno7.htm,"The document is an ""Amendment No. 7 to Credit Agreement"" which amends an existing credit agreement between a borrower (Novelis Inc.), co-borrowers, lenders, and administrative and collateral agents. It involves terms related to loans, interest rates, covenants, and security interests. This is clearly a financial credit agreement, not an insurance or reinsurance contract. The document does not contain any language related to insurance policies, risk transfer from insurers to reinsurers, premiums, claims, or any other elements characteristic of reinsurance. It is instead focused on loan covenants, repayment terms, and collateral for debt financing. Therefore, it is not a reinsurance agreement, and all subsequent fields related to reinsurance characteristics are not applicable.",False,,,,,
2023-874501-0000874501-23-000092-a02-029xambcxex104x1q23x10q.htm,"The document is a Performance Stock Unit Agreement for long-term incentive compensation awarded to an employee of Ambac Financial Group, Inc. It outlines the terms for granting performance stock units, vesting conditions based on performance goals, settlement in shares or cash, and other related provisions. The agreement is part of an incentive compensation plan and pertains to equity-based employee compensation.

Although the document mentions ""ART Transactions"" (Alternative Risk Transfer transactions) in the definition section—specifically referencing proportional reinsurance (e.g., quota share) and excess of loss reinsurance—this is only in the context of defining how certain financial metrics (like WLACC Outstanding) are calculated for performance evaluation. The document itself is not a reinsurance agreement but rather a corporate compensation instrument.

It does not establish any risk transfer between insurers and reinsurers, nor does it contain terms typical of reinsurance contracts such as ceding commissions, premiums, coverage limits, or policy terms. Instead, it governs the delivery of stock units based on corporate performance metrics.

Therefore, this document is not a reinsurance agreement or any type of insurance contract. It is an employment-related equity compensation agreement.",False,,,,,
2023-891166-0000891166-23-000085-uve-2023630xex101creditagr.htm,"The provided document is a Credit Agreement dated June 30, 2023, between Universal Insurance Holdings, Inc., the lenders, and JPMorgan Chase Bank, N.A., as the administrative agent. This document establishes a revolving credit facility for the borrower and outlines the terms and conditions of the loans, including interest rates, repayment terms, covenants, and other financial arrangements. It is a standard commercial loan agreement and does not involve the transfer of insurance risk from one insurer to another, which is the defining characteristic of a reinsurance agreement. Therefore, this document is not a reinsurance agreement.",False,,,,,
2023-1334978-0001334978-23-000006-exhibit105-ccoh2022.htm,"The provided document is a ""Third Amendment to Credit Agreement"" dated February 20, 2023. It amends the existing Credit Agreement dated August 23, 2019, between Clear Channel Outdoor Holdings, Inc. (the ""Borrower"") and several lenders, with Deutsche Bank AG New York Branch serving as the Administrative Agent. The amendment primarily addresses the transition from the LIBOR benchmark to an alternate rate, specifically Adjusted Term SOFR. It outlines the terms for this transition, including the conditions for effectiveness, representations and warranties by the Borrower, and the ratification of the existing Credit Agreement as amended.

The document is a financial agreement focused on the terms of a loan, including interest rates, repayment schedules, and the rights and obligations of the lenders and the borrower. It does not involve the transfer of risk from an insurer to a reinsurer. The core subject matter is corporate debt financing, not insurance or risk transfer between insurers.

Therefore, this document is not a reinsurance agreement. It is a credit agreement amendment, which falls under the category of ""Bonds, loans and credit instruments"" as explicitly excluded from the definition of reinsurance agreements.",False,,,,,
2023-1095073-0001095073-23-000007-exhibit1042.htm,"The document is a Standby Letter of Credit Agreement between Everest Reinsurance (Bermuda), Ltd. and Bayerische Landesbank, New York Branch. It establishes a facility under which the bank agrees to issue standby letters of credit for the account of the Account Party (Everest Reinsurance). The document outlines the terms for issuing, amending, and drawing on these letters of credit, reimbursement obligations, fees, conditions precedent, representations and warranties, covenants, events of default, and remedies. The stated purpose of the letters of credit, as per Section 7(f)(i), is to ""support insurance obligations, obligations under reinsurance agreements and retrocession agreements and similar risk obligations."" However, the document itself is not a reinsurance agreement; it is a financial instrument used to secure or support reinsurance obligations. Letters of credit are explicitly listed in the instructions as NOT being considered reinsurance agreements. Therefore, while the document is related to reinsurance activities, it is fundamentally a credit facility and a form of financial guarantee, not a contract for the transfer of insurance risk.",False,,,,,
2023-1109116-0000950170-23-038557-evc-ex10_17.htm,"The document is an ""Amendment and Restatement Agreement"" related to a credit agreement for Entravision Communications Corporation. It outlines amendments to an existing credit agreement, including refinancing term loans and establishing new revolving commitments. The document involves financial institutions, loan terms, interest rates, and security interests. It does not involve any transfer of insurance risk from an insurer to a reinsurer. Instead, it pertains to corporate financing and debt restructuring. Therefore, the document is not a reinsurance agreement.",False,,,,,
2023-1396440-0001396440-23-000035-main-20221231xexx1014.htm,"The document is a ""First Supplement to Master Note Purchase Agreement"" related to the issuance of $50,000,000 in 7.53% Series B Senior Notes by Main Street Capital Corporation. It outlines the terms for the sale and purchase of debt securities by institutional investors. Although the signatories include Somerset Reinsurance Ltd. and other insurance-related entities, the document itself pertains to a private placement of senior notes, which is a debt financing instrument.

The document does not involve risk transfer from an insurer to a reinsurer, nor does it contain typical reinsurance terms such as ceding commissions, loss sharing, treaty or facultative arrangements, or claims handling. Instead, it is a financial instrument governed by securities law and corporate finance principles.

Therefore, this is not a reinsurance agreement. It is a note purchase agreement, which falls under the category of credit instruments (specifically bonds/loans), which are explicitly excluded from the definition of reinsurance agreements.

Since it is not a reinsurance agreement, all downstream fields (is_main_contract, is_obligatory, etc.) must be set to None.",False,,,,,
2023-1552033-0001552033-23-000040-exhibit101amendmentno20toc.htm,"The document provided is an ""Amendment No. 20 to Credit Agreement"" between Trans Union LLC and Deutsche Bank AG New York Branch. It is a legal document that modifies an existing credit agreement by changing the interest rate benchmark from LIBOR to Term SOFR. The document outlines the terms and conditions for this amendment, including the effective date, conditions for effectiveness, representations and warranties, and other related clauses.

The document is clearly a financial agreement related to a loan or credit facility. It involves a borrower (Trans Union LLC) and a lender (Deutsche Bank AG New York Branch) and deals with the terms of a loan, specifically the interest rate calculation. There is no mention of insurance, risk transfer, or any other elements characteristic of reinsurance agreements.

According to the provided criteria, reinsurance agreements include contracts like reinsurance agreements, retrocession agreements, Reinstatement Premium Protection contracts, Capital Maintenance agreements, Loss Portfolio Transfer, and others that fulfill a risk transfer objective similar to standard reinsurance. The document in question does not fall into any of these categories.

Furthermore, the document is explicitly identified as a ""Credit Agreement"" and deals with loan terms, not insurance or reinsurance. It is related to corporate financing and banking, not insurance risk management.

Based on the content and nature of the document, it is a standard financial credit agreement amendment and not a reinsurance agreement.",False,,,,,
2023-1400810-0000950170-23-040540-hci-ex10_29.htm,"The document is titled ""Property Catastrophe Excess of Loss Reinsurance Contract"" and is issued to two insurance companies. This clearly indicates it is a reinsurance agreement, specifically an excess of loss treaty covering property catastrophe risks. It includes standard reinsurance contract elements such as business covered, retention and limit, premium, reinstatement, definitions, and other clauses typical of reinsurance contracts. Therefore, it qualifies as a reinsurance agreement.

The document appears to be a full reinsurance contract, not an ancillary agreement such as an endorsement or amendment. It contains all the principal terms, including scope of coverage, limits, premiums, and conditions, and is structured as a standalone contract. Thus, it is a main contract.

The contract is an excess of loss reinsurance treaty, which is a non-proportional form of reinsurance. It provides coverage over a specified retention up to a certain limit per loss occurrence, which is characteristic of non-proportional reinsurance. There is no indication of proportional sharing of premiums or losses.

The underlying insurance is for property perils related to homeowners, condominium owners, renters, and dwelling policies. These are all non-life insurance products, specifically property insurance.

The class of business is Property, as the coverage is explicitly for property perils such as fire, windstorm, hail, and other physical damage to homes and dwellings. The exclusions and definitions further confirm this is a property catastrophe contract.",True,True,True,non-proportional,Non-Life,Property
2023-109177-0000109177-23-000039-spectrumbrands-fifthamen.htm,"The document is a Fifth Amendment to an Amended and Restated Credit Agreement, which is a financial agreement between Spectrum Brands, Inc. and Royal Bank of Canada, along with other lenders. The agreement outlines the terms for credit facilities, including revolving loans and letters of credit, and includes details about interest rates, fees, and conditions for borrowing. This type of document is a standard credit agreement and does not involve the transfer of insurance risk from an insurer to a reinsurer. Therefore, it does not meet the criteria for a reinsurance agreement as defined.",False,,,,,
2023-1840776-0001840776-23-000021-hgty-20230314xex1024.htm,"The document is an ""Amended and Restated Credit Agreement"" between The Hagerty Group, LLC, its Foreign Subsidiary Borrowers, the Lenders (including JPMorgan Chase Bank, N.A. as the Administrative Agent), and the Administrative Agent.

The agreement outlines the terms for credit facilities, including commitments to make Revolving Loans, Swingline Loans, and the issuance of Letters of Credit. It details the conditions for borrowing, interest rates, repayment schedules, covenants, events of default, and other standard provisions of a credit agreement.

The document explicitly defines itself as a credit agreement and is structured as such, with sections on definitions, the credits, representations and warranties, conditions, covenants, events of default, and miscellaneous provisions. It is not a reinsurance agreement.",False,,,,,
2023-1513761-0001558370-23-013825-nclh-20230630xex10d11.htm,"The document is an ""Amendment and Restatement Agreement"" related to a facility agreement for the financing of a passenger cruise ship. It involves parties such as a borrower (Marina New Build, LLC), a guarantor (NCL Corporation Ltd.), a charterer, a holding company, lenders (banks and financial institutions), and arrangers. The agreement details the amendment and restatement of an existing facility agreement, including provisions for conditions precedent, representations, covenants, and financial terms. This document is a financial loan agreement, not a reinsurance agreement. It does not involve the transfer of insurance risk from one insurer (ceding company) to another (reinsurer), which is the fundamental characteristic of reinsurance. Instead, it pertains to corporate financing and debt obligations. Therefore, it does not meet any of the criteria for being classified as a reinsurance agreement, a main reinsurance contract, or any of the subsequent classifications related to reinsurance.",False,,,,,
2023-1418100-0001418100-23-000041-avaya-ex1042022930x10k.htm,"The document is an ""Amended and Restated ABL Credit Agreement,"" which is a financial agreement for a revolving credit facility between Avaya Holdings Corp., Avaya Inc., and several lenders. It outlines terms for borrowing, interest rates, collateral, and other credit-related provisions. This type of document is a standard credit agreement in the corporate finance sector and is not related to insurance or reinsurance. The agreements listed as reinsurance in the definition (e.g., retrocession agreements, portfolio transfers with reinsurance provisions) are not present here. Therefore, this document is not a reinsurance agreement.",False,,,,,
2023-1620459-0001620459-23-000026-a4q22jrvrex103.htm,"The document is a ""Second Amendment to Second Amended and Restated Credit Agreement"" between James River Group Holdings, Ltd. and JRG Reinsurance Company Ltd. (the Borrowers), the Lenders, and KeyBank National Association (the Administrative Agent). It amends an existing credit agreement by replacing LIBOR-based interest calculations with Term SOFR (Secured Overnight Financing Rate), updating definitions, and adjusting pricing schedules.

The document pertains to a credit facility and loan obligations, not to any insurance or reinsurance risk transfer. It involves financial institutions providing credit to an insurance holding company and its reinsurance subsidiary, but the agreement itself is a lending instrument. The inclusion of ""JRG Reinsurance"" as a borrower does not make this a reinsurance agreement; it merely indicates that the reinsurance entity is a party to a financing arrangement.

According to the classification rules:
- Credit instruments such as loans and credit agreements are explicitly **not** considered reinsurance agreements.
- The document is an amendment to a credit agreement, which falls under financial instruments, not risk transfer agreements.

Therefore, the document is not a reinsurance agreement. As a result, all downstream classifications (main contract, obligatory, proportional, insurance type, class of business) must be set to `None`.",False,,,,,
2023-1687932-0000950170-23-026806-jill-ex10_3.htm,"The provided document is a credit agreement between J.Jill, Inc., its subsidiaries, lenders, and an administrative agent. It outlines the terms for a $40 million asset-based revolving credit facility, including loan commitments, interest rates, repayment terms, covenants, and collateral. The document explicitly states it is not a reinsurance agreement. Instead, it is a financial instrument for corporate financing, involving loans and letters of credit, which are excluded from the definition of reinsurance agreements. Therefore, it does not meet the criteria for being classified as a reinsurance agreement.",False,,,,,
2023-1379041-0001379041-23-000063-ex103_eigamendedcreditagre.htm,"The document is a ""Credit Agreement"" dated December 15, 2020, as amended, among Employers Holdings, Inc. (the ""Borrower""), certain guarantors, Bank of Montreal as Administrative Agent, and the lenders party hereto. The agreement establishes a revolving credit facility of $75,000,000 for the Borrower to use for working capital and general corporate purposes.

The agreement contains standard provisions for a credit facility, including definitions, the commitment of lenders to make revolving loans, interest rates, fees, conditions precedent, representations and warranties, affirmative and negative covenants, events of default, and miscellaneous provisions.

The document is clearly a financial credit agreement between a borrower and lenders. It is not a reinsurance agreement. The document does not contain any provisions related to the transfer of insurance risk from one insurer to another, which is the defining characteristic of a reinsurance agreement. Instead, it governs a loan arrangement with provisions for borrowing, repayment, interest, and other standard credit agreement terms.

The document is also not ancillary to a reinsurance agreement, as there is no indication of any reinsurance relationship. It is a standalone credit agreement for corporate financing purposes.

Therefore, this document is not a reinsurance agreement, and none of the subsequent classification questions are applicable.",False,,,,,
2023-1771706-0001558370-23-009838-gdnsf-20230331xex10d45.htm,"The provided document is a ""Fifth Amendment to Credit Agreement and First Amendment to Security Agreement."" This is a financial and legal document that modifies an existing credit agreement between a borrower (Goodness Growth Holdings, Inc.) and lenders, specifically altering the terms of a loan. The core subject matter involves the lending of money, the terms of repayment, interest rates, collateral, and the rights and obligations of the parties involved in a debt financing arrangement.

The document explicitly states it is an amendment to a ""Credit Agreement"" and a ""Security Agreement."" According to the provided classification rules, the following types of documents are **not** considered reinsurance agreements:
*   **Loans and credit instruments** (except for Catastrophe Bonds).
*   **Letters of credit.**
*   **Bonds, loans and credit instruments.**

This document clearly falls into the category of a loan and credit instrument. It does not contain any language related to the transfer of insurance risk from one insurer (the ceding company) to another (the reinsurer), which is the fundamental purpose of a reinsurance agreement. There is no mention of insurance policies, underwriting, claims, or the specific risk-sharing mechanisms that define proportional or non-proportional reinsurance.

Therefore, since this is definitively a credit agreement and not a reinsurance agreement, all subsequent classification questions (is_main_contract, is_obligatory, etc.) are irrelevant and must be answered with 'None'.",False,,,,,
2023-1632970-0001632970-23-000029-keybank_trilogy-thirdame.htm,"The document is a ""Third Amendment to First Amended and Restated Senior Secured Credit Agreement and Amendment to Unconditional Guaranty of Payment and Performance."" This is a financial agreement between borrowers and lenders, specifically a credit agreement involving the amendment of loan terms and the increase of credit commitments. The document outlines the terms for a credit facility, including revolving loans, swing loans, and letters of credit. It is not a reinsurance agreement, as it does not involve the transfer of risk from one insurer to another. Instead, it is a loan agreement where borrowers receive funds from lenders, which must be repaid with interest.",False,,,,,
2023-1609711-0001609711-23-000167-ex102-amendmentno9.htm,"The provided document is the Ninth Amendment Agreement to the Second Amended and Restated Credit Agreement. This document is an amendment to an existing credit agreement, which is a financial loan agreement between a borrower (GoDaddy) and lenders. It modifies the terms of the existing credit agreement, such as the interest rates and fees, but does not establish a new reinsurance contract. Reinsurance is a practice where insurers transfer portions of their risk portfolios to other parties by some form of agreement to reduce the likelihood of paying a large obligation resulting from an insurance claim. The document does not contain any elements of reinsurance, such as risk transfer from an insurer to a reinsurer. Therefore, it is not a reinsurance agreement.",False,,,,,
2023-1620459-0001620459-23-000026-a4q22jrvrex1023.htm,"The document provided is the ""James River Group Holdings, Ltd. Short-Term Incentive Plan,"" which outlines a performance-based compensation program for key employees. It details how awards are determined based on performance criteria such as financial metrics and strategic initiatives, and specifies the conditions under which payouts are made in cash. The document is an employee incentive plan and does not establish any form of risk transfer between insurers and reinsurers.

Although the document references ""retroactive reinsurance agreements"" in the definitions of certain financial terms (e.g., Adjusted EBIT and Adjusted Combined Ratios), these are merely explanatory references used to define how certain financial metrics are calculated for incentive purposes. They do not constitute the creation or modification of a reinsurance agreement.

Therefore, the document is not a reinsurance agreement, nor is it any form of ancillary reinsurance document. It is a corporate compensation plan.",False,,,,,
2023-1018979-0000950170-23-003450-amsf-ex10_28.htm,"The document is titled ""CASUALTY per occurrence EXCESS Of loss REINSURANCE CONTRACT"" and is explicitly structured as a reinsurance agreement between American Interstate Insurance Company (and affiliates) as the ceding company (""the Company"") and subscribing reinsurers. The contract outlines the reinsurer's liability for excess losses on specific insurance policies, including detailed terms on coverage, exclusions, accounting, premiums, claims handling, and dispute resolution.

It clearly establishes a reinsurance relationship where the reinsurer agrees to cover losses in excess of the ceding company's retention ($10 million per occurrence), up to a specified limit. This is characteristic of a non-proportional (excess of loss) reinsurance contract. The document contains all principal terms of the reinsurance agreement, including scope of coverage, financial terms, conditions, and governance, indicating it is a main contract rather than an ancillary agreement.

The business covered is classified as Workers' Compensation and Employers Liability, which falls under Non-Life insurance and specifically within the ""Accident and Health"" class of business (as it includes workers' compensation and related liability). The contract applies to all policies in force or issued during the term that meet the classification criteria, indicating it is an obligatory treaty—binding on the ceding company to cede and on the reinsurer to accept all risks that fall within the defined parameters.

Therefore, the document is a main, obligatory, non-proportional reinsurance contract for Non-Life insurance, specifically in the Accident and Health line of business.",True,True,True,non-proportional,Non-Life,Accident and Health
2023-1041061-0001041061-23-000041-yum-6302023xex101.htm,"The document provided is an ""Amendment No. 6"" to a ""Credit Agreement"" involving Pizza Hut Holdings, LLC, KFC Holding Co., and Taco Bell of America, LLC, along with JPMorgan Chase Bank, N.A., as the administrative agent. The document outlines amendments to the existing credit agreement, including changes to interest rate benchmarks, adjustments to financial terms, and procedural updates related to loan disbursements, repayments, and other financial obligations. The key terms of the document involve loans, interest rates, repayment schedules, and other financial covenants.

The document is clearly a financial agreement focused on credit facilities, loans, and related financial instruments. It does not contain any language or provisions related to insurance, risk transfer, claims settlement, or any other elements that are characteristic of reinsurance agreements. Instead, it is centered on the borrowing and lending of funds, which is a hallmark of credit agreements.

Given that the document is an amendment to a credit agreement and does not involve the transfer of insurance risk from one insurer to another, it does not meet the definition of a reinsurance agreement. Therefore, it is not a reinsurance agreement, and none of the subsequent classifications (main contract, obligatory, proportional/non-proportional, insurance type, class of business) are applicable.",False,,,,,
2023-1853513-0000950170-23-004337-mcw-ex10_20.htm,"The document is an ""Amended and Restated First Lien Credit Agreement"" which establishes a loan between Mister Car Wash Holdings, Inc. (the Borrower) and a group of lenders led by Jefferies Finance LLC (the Administrative Agent). This agreement details the terms of a credit facility, including the amount of the loans, interest rates, repayment schedules, and covenants. It is fundamentally a debt financing agreement between a company and its lenders.

This document does not contain any of the defining characteristics of a reinsurance agreement. It does not involve the transfer of insurance risk from one insurer (the ceding company) to another (the reinsurer). Instead, it involves the transfer of financial capital from lenders to a borrower. The document makes no mention of insurance policies, claims, premiums, or any other core concepts of the insurance industry. The parties involved are a car wash company and financial institutions, not insurance or reinsurance companies.

Because the document is not a reinsurance agreement, the subsequent questions about it being a main contract, obligatory, proportional, and its insurance type and class of business are not applicable. The document is a main contract for a credit agreement, but that classification is specific to loan agreements, not reinsurance.",False,,,,,
2023-1018979-0000950170-23-003450-amsf-ex10_30.htm,"The document is a ""CASUALTY CATASTROPHE EXCESS OF LOSS REINSURANCE CONTRACT"" between American Interstate Insurance Company and other affiliated insurers (the ""Company"") and subscribing reinsurers (the ""Reinsurer""). It explicitly defines the terms of a reinsurance agreement, including business covered, term, definitions, territory, exclusions, coverage, reinstatement, accounting, premiums, claims handling, and other standard reinsurance clauses.

It is clearly a reinsurance agreement as it involves the transfer of risk from an insurer (the ceding company) to a reinsurer for casualty catastrophe excess of loss coverage. The contract outlines the reinsurer's liability for ultimate net loss above a specified retention, with clear limits per loss occurrence and in aggregate, which is characteristic of non-proportional reinsurance.

The document establishes the full terms of the reinsurance contract, including premium, coverage, and claims procedures, and is not merely an amendment or ancillary document. Therefore, it qualifies as a main contract.

The contract covers losses arising from Workers' Compensation and Employers' Liability, which are standard casualty lines of business, indicating a non-life insurance context. The class of business is specifically ""Accident and Health"" due to the focus on workers' compensation and employers' liability, which are categorized under Accident and Health in the classification system provided.

The reinsurance is structured as an excess of loss contract (covering losses above $20 million up to $60 million per occurrence), which is a classic non-proportional form of reinsurance. There is no indication of proportional sharing of premiums or losses.

The contract applies to all policies classified as Workers' Compensation or Employers' Liability that are in force or issued during the term, without requiring individual underwriting approval for each risk, making it an obligatory reinsurance treaty.",True,True,True,non-proportional,Non-Life,Accident and Health
2023-1718512-0001718512-23-000033-gates-amendmentno7execut.htm,"The document provided is an ""Amendment No. 7 to Credit Agreement"" which is related to a financial loan arrangement between GATES GLOBAL LLC (the Borrower) and various lenders. The core of the document revolves around the modification of interest rate terms in an existing credit agreement, specifically replacing the LIBO Screen Rate with a Successor Benchmark Rate. The document contains no references to insurance, reinsurance, risk transfer mechanisms, or any other elements typically associated with reinsurance agreements. Instead, it focuses on financial covenants, loan terms, interest calculations, and other credit-related provisions. Since the document is clearly a financial loan agreement amendment and does not contain any characteristics of a reinsurance contract as defined in the provided criteria, it cannot be classified as a reinsurance agreement.",False,,,,,
2023-1527469-0001527469-23-000053-q22023exhibit102.htm,"The provided document is a ""Shareholders Agreement"" between entities involved in a reinsurance-related investment structure, specifically involving Athene Co-Invest Reinsurance Affiliate Holding 2 Ltd. (""ACRA 2 HoldCo"") and Athene Life Re Ltd. (""ALRe""), a Bermuda-based reinsurance company. However, the document itself does not establish a reinsurance or retrocession agreement. Instead, it governs the ownership, transfer, and governance of shares in investment entities (ACRA 2 Investment Entities) that may participate in reinsurance transactions via a separate ""Master Framework Agreement.""

Key observations:
- The document is a shareholders' agreement, which regulates corporate governance, share transfers, preemptive rights, board composition, and tax-related compliance (e.g., Treaty benefits).
- It references a ""Master Framework Agreement"" under which ACRA 2 HoldCo may participate in ""Qualifying Transactions,"" which may include reinsurance, but the current document does not itself contain terms of risk transfer, ceding, or reinsurance coverage.
- The entities involved (e.g., ALRe) are reinsurance companies, but this agreement pertains to equity ownership and investment structure, not the transfer of insurance risk.
- The document does not include typical reinsurance terms such as ceded premiums, retention limits, coverage triggers, loss sharing, or treaty terms (proportional or non-proportional).

Therefore, while the agreement is related to reinsurance entities, it is not itself a reinsurance agreement. It is a corporate governance document for investment holding companies.",False,,,,,
2023-1820721-0001820721-23-000099-i2amendmentno3tocreditag.htm,"The document provided is an ""Amendment No. 3 to Credit Agreement"" for Array Technologies, Inc. This document modifies an existing credit agreement by changing the benchmark interest rate from the Eurocurrency Rate to a new benchmark rate. The agreement involves financial institutions like Goldman Sachs Bank USA as Administrative Agent, Collateral Agent, and L/C Issuer, and lenders providing credit to the borrower. 

This document is clearly a financial agreement related to credit facilities and does not pertain to reinsurance. Reinsurance agreements involve one insurer (the reinsurer) assuming part of the risk portfolio of another insurer (the ceding company). The document in question deals with corporate lending, interest rates, and credit facilities - all elements of a standard credit agreement, not reinsurance.

The document is an amendment to an existing credit agreement, making it an ancillary agreement rather than a main contract. It modifies terms of an existing agreement rather than establishing a new reinsurance contract.

Since this is not a reinsurance agreement at all, the subsequent classification questions about whether it's obligatory, proportional or non-proportional, insurance type, and class of business are not applicable.",False,,,,,
2023-1400810-0000950170-23-040540-hci-ex10_27.htm,"The document is titled ""Reinstatement Premium Protection Reinsurance Contract"" and is explicitly issued to an insurance company to indemnify it for reinstatement premiums it may owe under an underlying reinsurance contract. This fits the definition provided in the instructions: Reinstatement Premium Protection contracts are considered reinsurance agreements if they refer to an underlying reinsurance contract. The document references the ""Original Contract,"" which is a Property Catastrophe Excess of Loss Reinsurance Contract, confirming the existence of an underlying reinsurance agreement. Therefore, this document qualifies as a reinsurance agreement.

The document establishes the full terms of the Reinstatement Premium Protection contract, including coverage, term, premium, definitions, and other legal provisions. It is not merely an amendment or ancillary document but a complete contract. It includes a preamble, detailed articles, and attachments, indicating it is a main contract.

The underlying Original Contract is an Excess of Loss reinsurance treaty covering property perils, which is a non-proportional form of reinsurance. Since the Reinstatement Premium Protection contract derives its risk from a non-proportional underlying, it is classified as non-proportional.

The underlying insurance coverage pertains to property insurance (e.g., Homeowners, Condominium Owners, Dwelling), which falls under Non-Life insurance. The class of business is Property, as it covers property damage from perils like fire and natural catastrophes, consistent with the definition provided.",True,True,True,non-proportional,Non-Life,Property
2023-1832332-0000950170-23-040918-avah-ex10_2.htm,"The document is titled ""NINTH AMENDMENT TO FIRST LIEN CREDIT AGREEMENT"" and is between Aveanna Healthcare LLC and Barclays Bank PLC, acting as the administrative agent. The document amends an existing credit agreement to replace USD LIBOR with Term SOFR as the benchmark rate for loan interest calculations. It involves financial terms related to a loan, such as interest rates, repayment terms, and administrative provisions, which are typical of a credit or loan agreement.

This document is not a reinsurance agreement. Reinsurance agreements involve one insurer (the reinsurer) assuming part of the risk from another insurer (the ceding company). The document here is a credit amendment between a healthcare company and a bank, relating to loan terms, not insurance risk transfer. The nature of the parties (a healthcare provider and a bank) and the subject matter (loan benchmark rates and administrative terms) clearly indicate this is a financial credit agreement, not an insurance or reinsurance contract.

Since it is not a reinsurance agreement, the subsequent fields (is_main_contract, is_obligatory, etc.) are not applicable and must be set to None as per the instructions.",False,,,,,
2023-105319-0000950170-23-038036-ww-ex10_1.htm,"The provided document is an amendment to a Credit Agreement between WW International, Inc. and Bank of America, N.A., as the Administrative Agent, and the Lenders. The document outlines changes to the interest rate mechanism, replacing LIBOR with Term SOFR, and includes standard clauses related to loan agreements such as representations, covenants, events of default, and administrative provisions. 

The document does not mention any insurance or reinsurance activities, risk transfer from an insurer to a reinsurer, or any other elements characteristic of a reinsurance agreement. Instead, it is focused on financial lending terms, interest rates, and loan covenants, which are typical of a credit facility between a borrower and lenders.

Based on the content and structure, the document is clearly a financial loan agreement amendment and does not meet any of the criteria for being classified as a reinsurance agreement.",False,,,,,
2023-1527469-0001527469-23-000053-q22023exhibit101.htm,"The document is a ""Master Framework Agreement"" between two reinsurance entities, Athene Co-Invest Reinsurance Affiliate Holding 2 Ltd. and Athene Life Re Ltd. It establishes a framework for future reinsurance transactions but does not itself transfer any insurance risk. Instead, it grants a ""Participation Right"" to ACRA 2 HoldCo to participate in future ""Qualifying Transactions,"" which may include reinsurance agreements, acquisitions, or pension risk transfers. The actual risk transfer would occur through future ""Transaction Agreements"" or ""ACRA 2 Reinsurance Agreements"" referenced in this document.

Because the document is a framework or master agreement that governs how future reinsurance contracts will be executed but does not itself establish a reinsurance contract, it is not a reinsurance agreement under the provided definitions. It is an ancillary or preparatory agreement that facilitates future reinsurance but does not transfer risk itself.

Therefore, it is not a reinsurance agreement, not a main contract (as no risk transfer occurs), and all downstream classifications (obligatory, proportional, insurance type, class of business) are inapplicable.",False,,,,,
2023-1549922-0001549922-23-000011-doublee-omnibusamendment.htm,"The document is an ""Omnibus Amendment"" to a Credit Agreement, Depositary Agreement, and other related agreements. It is an amendment to existing financing arrangements, specifically modifying the interest rate from ""Eurocurrency Rate"" to ""Daily Simple SOFR."" The document involves a borrower (Summit Permian Transmission, LLC), lenders, and various financial agents. It does not contain any language related to the transfer of insurance risk, indemnification for insurance losses, or any of the specific types of agreements listed as reinsurance, such as retrocession, portfolio transfers, or catastrophe bonds. Instead, it is a standard amendment to a corporate loan agreement, which falls squarely under the category of documents that are NOT considered reinsurance agreements, specifically ""Bonds, loans and credit instruments.""",False,,,,,
2023-1519401-0000950170-23-018312-rm-ex10_2.htm,"The provided document is a Seventh Amendment to a Seventh Amended and Restated Loan and Security Agreement. This is a financial agreement between a group of lenders, led by Wells Fargo Bank, and a group of borrowers, led by Regional Management Corp. The document outlines the terms for a revolving line of credit, including the total credit facility amount, interest rates, covenants, and conditions for default. It is a standard loan agreement in the corporate finance sector, specifically for asset-based lending, where the borrowers' contracts and receivables serve as collateral for the loan.

The document is explicitly not a reinsurance agreement. The list of entities in the signature pages includes financial institutions like Wells Fargo, BMO Harris, First Horizon Bank, and Texas Capital Bank. There is a single mention of ""RMC Reinsurance, Ltd."" in the definition section, but it is listed as a subsidiary and is not a party to the agreement. The agreement's subject matter is the borrowing and lending of funds secured by a portfolio of consumer loans and contracts, not the transfer of insurance risk between insurers.

The document is an amendment to an existing loan agreement, not a main contract. It modifies the terms of a pre-existing agreement and is ancillary to the primary loan contract.",False,,,,,
2023-1384905-0001384905-23-000017-rng-20221231xex1033.htm,"The document provided is a Credit Agreement dated February 14, 2023, among RingCentral, Inc., the lenders party thereto, and Bank of America, N.A., acting as Administrative Agent and Collateral Agent. This document outlines the terms and conditions for a loan provided to RingCentral, Inc., including details about the commitments, credit extensions, interest rates, fees, covenants, and other related financial arrangements. 

The document is clearly a credit agreement and not a reinsurance agreement. It does not involve the transfer of insurance risk from one insurer to another, which is a defining characteristic of reinsurance agreements. Instead, it is a financial instrument for borrowing funds, which falls outside the scope of reinsurance as defined in the provided criteria.

Since the document is not a reinsurance agreement, it cannot be classified as a main contract, obligatory, or proportional/non-proportional, nor can it be categorized by insurance type or class of business. Therefore, all subsequent fields related to reinsurance characteristics are marked as 'None'.",False,,,,,
2023-1140536-0000950170-23-004303-wtw-ex10_21.htm,"The document is a ""Contract of Employment"" between Adam Garrard and Willis Limited, outlining the terms and conditions of employment, including job title, salary, working hours, confidentiality, termination, and other employment-related obligations. It does not contain any provisions related to the transfer of insurance risk, reinsurance, retrocession, or any other risk transfer mechanism between insurers and reinsurers. Instead, it is a standard employment agreement for an executive within an insurance brokerage firm. The mention of ""reinsurance"" in the definition of ""Business"" is merely descriptive of the company's operations and does not indicate that the document itself is a reinsurance agreement. Therefore, this document is not a reinsurance agreement, nor is it a main contract or ancillary agreement related to reinsurance.",False,,,,,
2023-20212-0000020212-23-000084-ex1002.htm,"The document provided is the ""Fifth Amendment to Credit Agreement."" This is a financial agreement related to credit facilities, specifically amending an existing credit agreement between Churchill Downs Incorporated (the Borrower), the other Credit Parties, and JPMorgan Chase Bank, N.A., as the administrative agent. The document outlines changes to interest rates, amendments to the existing credit agreement, and representations and warranties by the parties involved. It does not contain any language or provisions related to insurance or reinsurance, such as risk transfer from an insurer to a reinsurer, ceding of premiums, or sharing of losses. Instead, it is focused on the terms of a loan agreement, including interest rates, repayment terms, and financial covenants. Therefore, it does not meet the definition of a reinsurance agreement as specified in the instructions. Since it is not a reinsurance agreement, the subsequent fields regarding its nature as a main contract, obligatoriness, proportionality, insurance type, and class of business are not applicable and should be set to 'None'.",False,,,,,
2023-1585689-0001585689-23-000036-exhibit1047-hiltonxcredita.htm,"The document is a Credit Agreement Amendment No. 8 between Hilton Domestic Operating Company Inc. and Deutsche Bank AG New York Branch, as Administrative Agent. It amends an existing Credit Agreement by modifying certain terms and conditions, such as deleting stricken text and adding double-underlined text. The document involves a loan agreement and does not pertain to insurance or reinsurance. The nature of the document is financial, related to credit and loan facilities, and not to insurance contracts or risk transfer mechanisms typical of reinsurance agreements.",False,,,,,
2023-1782754-0000950170-23-040209-azek-ex10_3.htm,"The document provided is a ""Fourth Amendment to Amended and Restated Revolving Credit Agreement."" It amends an existing credit agreement among CPG International LLC, The Azek Company Inc., the lenders party thereto, and Deutsche Bank AG New York Branch as the administrative agent. The amendment primarily deals with replacing the interest rate benchmark from USD LIBOR to a new benchmark, along with related conforming changes.

The document is clearly a financial agreement related to a revolving credit facility. It involves loans, interest rates, commitments from lenders, and administrative provisions for managing the credit facility. It does not contain any language, structure, or purpose that aligns with a reinsurance agreement.

According to the definitions provided:
- Reinsurance agreements involve the transfer of insurance risk from one insurer (the ceding company) to another (the reinsurer).
- This document, however, is a credit agreement between a borrower and lenders, which falls under the category of ""Loans and credit instruments"" — explicitly listed as **not** being reinsurance agreements.

Therefore, this document is not a reinsurance agreement. Consequently, the remaining classification fields (is_main_contract, is_obligatory, etc.) are not applicable and must be set to None.",False,,,,,
2023-1400810-0000950170-23-040540-hci-ex10_31.htm,"The document is titled ""Reinstatement Premium Protection Reinsurance Contract"" and is explicitly issued to two property and casualty insurance companies. It indemnifies the Company for reinstatement premiums it may become liable to pay under a Property Catastrophe Excess of Loss Reinsurance Contract (the ""Original Contract""). Reinstatement Premium Protection contracts are explicitly listed as reinsurance agreements in the provided definition, especially when they refer to an underlying reinsurance contract, which this one does.

The document establishes the full terms of a Reinstatement Premium Protection contract, including coverage, term, premium, definitions, and other contractual conditions. It references the Original Contract as attached and forming part of this contract, indicating that it is a standalone, self-contained agreement. Therefore, it qualifies as a main contract, not merely an ancillary document.

The underlying Original Contract is a Property Catastrophe Excess of Loss treaty, which is a non-proportional reinsurance contract. Reinstatement Premium Protection on a non-proportional underlying contract is itself classified as non-proportional reinsurance.

The Original Contract covers property perils related to Homeowners, Condominium Owners, Renters, and Dwelling policies, which are clearly Non-Life insurance lines. The class of business for such coverages is Property, as it involves property damage from perils like fire and natural catastrophes, including business interruption.

The contract appears to cover a treaty-level arrangement (protecting reinstatement premiums on an excess of loss treaty), which typically applies to a portfolio of risks rather than individual facultative risks. Therefore, it is considered obligatory.",True,True,True,non-proportional,Non-Life,Property
2023-1570827-0000950170-23-006124-vctr-ex10_38.htm,"The document provided is a Credit Agreement dated July 1, 2019, among Victory Capital Holdings, Inc. (the Borrower), various financial institutions as Lenders, and Barclays Bank PLC as Administrative Agent, Swingline Lender, and an Issuing Bank. This document outlines the terms and conditions under which the Lenders provide credit to the Borrower, including the commitment to make Initial Term Loans and Revolving Credit Commitments. The agreement details the obligations, rights, and responsibilities of the parties involved in the loan arrangement.

The document is clearly a credit agreement and not a reinsurance agreement. It does not contain any provisions related to the transfer of risk from an insurer to a reinsurer, which is the defining characteristic of a reinsurance agreement. Instead, it governs the borrowing and lending of money, the repayment terms, interest rates, covenants, and other typical elements of a loan agreement.

Therefore, the document is not a reinsurance agreement, and all subsequent classifications are not applicable.",False,,,,,
2023-1384905-0001384905-23-000053-rng-20230930x10qxex104.htm,"The document is a ""Second Amendment to Credit Agreement"" between RingCentral, Inc. (the Borrower), other Loan Parties, Bank of America, N.A. (the Administrative Agent), and MUFG Bank, Ltd. (the New Term Lender). It amends an existing Credit Agreement to provide for additional Incremental Term Loans.

This document is fundamentally a loan agreement. It details the terms for an increase in debt financing, including the commitment of a new lender, the conditions for the amendment's effectiveness, and the integration of these new loans into the existing credit structure. The document explicitly refers to itself as a ""Credit Agreement"" and discusses ""Term Loans,"" ""Lenders,"" ""Borrower,"" and ""Administrative Agent"" – all standard terminology in the context of corporate lending.

The provided list of documents that are considered reinsurance agreements does not include loan agreements, credit agreements, or any form of debt instrument. The list explicitly states that ""Bonds, loans and credit instruments except for Catastrophe Bonds and other Insurance Linked Securities as described above"" are NOT considered reinsurance agreements.

Since this document is a standard credit and loan agreement, it does not establish a risk transfer contract between an insurer and a reinsurer. Therefore, it fails the fundamental definition of a reinsurance agreement.",False,,,,,
2023-1400810-0000950170-23-040540-hci-ex10_28.htm,"The document is titled ""Reinstatement Premium Protection Reinsurance Contract"" and is explicitly issued to Homeowners Choice Property & Casualty Insurance Company. It indemnifies the Company for reinstatement premiums it may owe under an underlying Property Catastrophe Excess of Loss Reinsurance Contract. According to the classification criteria, Reinstatement Premium Protection contracts are considered reinsurance agreements if they refer to an underlying reinsurance contract, which this document clearly does. Therefore, it qualifies as a reinsurance agreement.

This document establishes the full terms of a Reinstatement Premium Protection contract, including coverage, premium, definitions, and legal terms. It is not merely an endorsement or ancillary document modifying another contract, but rather a complete, self-contained agreement. Therefore, it is a main contract.

The underlying Original Contract is a Property Catastrophe Excess of Loss reinsurance treaty, which is a non-proportional contract. Reinstatement Premium Protection on a non-proportional underlying contract is itself classified as non-proportional reinsurance. Therefore, this contract is non-proportional.

The underlying insurance portfolio is described as covering ""property perils of Business Owners, Homeowners, Condominium Owners, Renters and Dwelling,"" which are all Non-Life insurance lines. Therefore, the insurance type is Non-Life.

The class of business is clearly Property, as it involves property damage from perils such as fire and natural catastrophes, and includes business owners and homeowners policies, which are standard property lines.",True,True,True,non-proportional,Non-Life,Property
2023-1576018-0001576018-23-000016-exhibit1051siriuspointviev.htm,"The document is a Settlement Agreement and General Release between Sirius Global Services LLC and an employee, Vievette Henry, concerning the termination of her employment. It outlines separation payments, benefits, release of claims, confidentiality, non-disparagement, return of company property, and other post-employment obligations. The agreement also references equity awards and a Restrictive Covenant Agreement related to non-competition and non-solicitation.

Although the company involved (SiriusPoint Ltd) operates in the reinsurance industry, this specific document pertains to an individual employment separation and does not establish, modify, or relate to any reinsurance or retrocession contract. It is not a reinsurance agreement, nor is it an ancillary document to one. Instead, it is a standard employment separation and release agreement.

Therefore, it does not meet any of the criteria for being classified as a reinsurance agreement. All downstream classifications (main contract, obligatory, proportional, insurance type, class of business) are not applicable.",False,,,,,
2023-1782754-0000950170-23-018113-azek-ex10_3.htm,"The document provided is a ""Fourth Amendment to Amended and Restated Revolving Credit Agreement."" It is an amendment to an existing credit agreement between CPG International LLC (the Borrower), The Azek Company Inc. (Holdings), the Lenders, and Deutsche Bank AG New York Branch (the Administrative Agent). The primary purpose of this amendment is to replace the reference rate for interest calculations from USD LIBOR to a new ""Benchmark Replacement,"" specifically the Term SOFR (Secured Overnight Financing Rate) or Daily Simple SOFR, in accordance with Section 2.27 of the original Credit Agreement.

The document outlines the conditions for the amendment to become effective, representations and warranties made by the Borrower, the effect on the existing Loan Documents, and other standard legal provisions such as governing law and expenses. It is a standard financial instrument used to modify the terms of a corporate loan, specifically concerning the interest rate calculation methodology.

This document is clearly a financial agreement related to corporate lending. It does not involve the transfer of insurance risk from an insurer to another party, which is the defining characteristic of a reinsurance agreement. The document is fundamentally about a loan and its terms, not about insuring against insurance losses. Therefore, it does not meet any of the criteria for being classified as a reinsurance agreement.",False,,,,,
2023-1172052-0001172052-23-000036-saft-20230930xex10d1.htm,"The document provided is ""Amendment No. 5 to Amended and Restated Credit Agreement"" between Safety Insurance Group, Inc. (the Borrower), the Lenders, and Citizens Bank, N.A. (the Administrative Agent). This document is an amendment to a pre-existing credit agreement, which modifies certain terms and conditions of the loan facility provided to the Borrower.

The document outlines amendments to the credit agreement, including changes to the credit agreement text, deletion of old exhibits, and substitution with new ones. It reaffirms the validity of security documents and guaranty, releases a subsidiary guarantor, and includes conditions for effectiveness, representations, warranties, and other provisions typical of a credit agreement amendment. 

Based on the definition provided, reinsurance agreements include contracts like reinsurance agreements, retrocession agreements, Reinstatement Premium Protection contracts, Capital Maintenance agreements, Loss Portfolio Transfer, Adverse Development Cover, Reinsurance To Close, and other retrospective reinsurance agreements. Ancillary agreements such as amendments, extensions, addendums, commutations, novations, and other documents modifying an existing reinsurance agreement are not considered main contracts but are still reinsurance agreements if they modify a reinsurance contract.

However, the document in question is not a reinsurance agreement. It is a credit agreement amendment, which is a financial instrument related to borrowing and lending of funds. It does not involve the transfer of insurance risk from one insurer to another (reinsurance) or any of the specified reinsurance-related contracts. Instead, it pertains to corporate financing, loan terms, security interests, and covenants related to a credit facility.

The document is also not related to any of the instruments that are explicitly not considered reinsurance agreements, such as letters of credit, bonds, loans, credit instruments (except catastrophe bonds), financial guarantees, referral agreements, or underwriting agency agreements. While it does involve a credit facility and loans, which are financial instruments, the key point is that it is not structured as or related to a reinsurance transaction.

Therefore, the document is not a reinsurance agreement because it does not involve the ceding of insurance risk, retrocession, or any other reinsurance mechanism. It is purely a financial loan agreement amendment, which falls outside the scope of reinsurance as defined.",False,,,,,
2023-1794905-0001794905-23-000010-exhibit1015combined.htm,"The document is an Amendment No. 6 to a Credit Agreement, which is a financial instrument related to a loan agreement between Cyxtera DC Holdings, Inc. (the Borrower), Cyxtera DC Parent Holdings, Inc. (Holdings), the Subsidiary Loan Parties, the Amendment No. 6 Extending Revolving Lenders, the other Revolving Lenders, and Citibank, N.A., as the administrative and collateral agent. The agreement outlines the terms for amending the existing credit agreement, including the establishment of an ""Amendment No. 6 Extended Revolving Facility,"" adjustments to interest rates, and other modifications to the terms of the loan.

The document does not contain any language or terms related to reinsurance, such as the transfer of insurance risk, indemnification clauses specific to insurance, or any mention of insurance policies, claims, or underwriting. Instead, it focuses on loan terms, interest rates, repayment schedules, and financial covenants, which are typical of credit agreements and not reinsurance contracts.

Based on the content and structure of the document, it is clear that this is a loan amendment agreement and not a reinsurance agreement. Therefore, it does not meet the criteria for being classified as a reinsurance contract.",False,,,,,
2023-1333274-0000950170-23-017948-merc-ex10_1.htm,"The document is an ""Amendment and Restatement Agreement"" that modifies an existing revolving credit facility agreement. It involves borrowers, lenders, and an agent, and its primary purpose is to amend the terms of a loan agreement, including increasing the basket amount for ancillary facilities and reflecting name changes of the obligors. The document is a financial agreement related to corporate lending and does not contain any language or structure typical of reinsurance agreements. It does not involve risk transfer between insurance or reinsurance companies, nor does it reference insurance policies, claims, or underwriting. Instead, it is a standard syndicated loan agreement governed by German law, which falls under the category of general corporate financing and is specifically excluded from being a reinsurance agreement per the provided definitions. Therefore, it is not a reinsurance agreement.",False,,,,,
2023-1809104-0000950170-23-057516-alit-ex10_2.htm,"The document is an ""Amendment No. 9 to Credit Agreement"" between several parties, including Tempo Intermediate Holding Company II, LLC, Tempo Acquisition, LLC, and Bank of America, N.A., as administrative agent. It amends an existing credit agreement by establishing new ""Fifth Incremental Term Loans"" and adjusting the terms of existing loans.

The document explicitly deals with credit extensions, loan commitments, interest rates, and repayment terms. It references financial instruments such as term loans, revolving credit loans, and letters of credit. The purpose of the amendment is to refinance existing term loans and adjust loan terms.

This document is clearly a financial credit agreement, not a reinsurance agreement. The listed financial instruments and the structure of the transaction are typical of corporate credit facilities, not risk transfer mechanisms between insurers.

According to the provided classification guidelines, credit instruments and loan agreements are explicitly excluded from being considered reinsurance agreements. Since this is not a reinsurance agreement, the subsequent classification questions about main contracts, obligatory nature, proportionality, insurance type, and class of business are not applicable.",False,,,,,
2023-1782754-0001564590-23-001633-azek-ex103_231.htm,"The document is a ""Fourth Amendment to Amended and Restated Revolving Credit Agreement."" This is a financial agreement related to a revolving credit facility among CPG International LLC (the Borrower), The Azek Company Inc. (Holdings), the Lenders, and Deutsche Bank AG New York Branch as the Administrative Agent. The document details amendments to an existing credit agreement, including changes to interest rate benchmarks (from USD LIBOR to a Benchmark Replacement), conditions for effectiveness, representations and warranties, and other standard provisions for such credit agreements.

The document is clearly a credit agreement, which is explicitly listed in the ""NOT"" list as not being a reinsurance agreement. Specifically, ""Bonds, loans and credit instruments except for Catastrophe Bonds and other Insurance Linked Securities as described above"" are not considered reinsurance agreements. This document is a loan and credit instrument, specifically a revolving credit agreement, and does not pertain to any form of risk transfer from an insurer to a reinsurer. Therefore, it is not a reinsurance agreement.

Since it is not a reinsurance agreement, the fields `is_main_contract`, `is_obligatory`, `proportional_or_non_proportional`, `insurance_type`, and `class_of_business` are all 'None'.",False,,,,,
2023-1095073-0001095073-23-000048-re-20230930xex103.htm,"The document titled ""Standby Letter of Credit Agreement (Committed/Unsecured)"" is a financial instrument between Everest Reinsurance (Bermuda), Ltd. (the ""Account Party"") and Lloyds Bank Corporate Markets PLC (""Bank""). It outlines the terms under which the Bank will issue standby letters of credit for the account of the Account Party, up to a Commitment of $250,000,000. These letters of credit are intended to support insurance obligations, reinsurance agreements, and retrocession agreements, as stated in Section 7(d)(i). However, the document itself is not a reinsurance agreement but rather a credit facility secured by a standby letter of credit.

The document contains provisions typical of a credit or banking agreement, including conditions for issuance, reimbursement obligations, fees, representations and warranties, covenants, events of default, and remedies. It references reinsurance agreements only in the context of the use of proceeds, not as the subject matter of the agreement. Standby letters of credit are financial guarantees used to secure payment obligations, which are explicitly excluded from the definition of reinsurance agreements in the instructions.

Therefore, although the document supports reinsurance activities, it is not itself a reinsurance agreement. It is a credit agreement involving the issuance of standby letters of credit, which are categorized as financial instruments, not risk transfer mechanisms like reinsurance contracts.",False,,,,,
2023-1778129-0000950170-23-008501-trssf-ex10_9.htm,"The document is a ""Joinder and Second Amendment to Credit Agreement and Security Agreements."" It amends an existing credit agreement, which is a loan agreement between borrowers and lenders. The document details the terms of loans, interest rates, repayment schedules, and security interests in collateral. It does not involve the transfer of insurance risk from one party (the cedant) to another (the reinsurer), which is the defining characteristic of a reinsurance agreement. Instead, it is a standard credit agreement, which is explicitly listed as NOT a reinsurance agreement in the provided definitions.",False,,,,,
2023-1691421-0001691421-23-000095-exhibit105-wholeaccountquo.htm,"The document is titled ""WHOLE ACCOUNT QUOTA SHARE REINSURANCE CONTRACT"" and is issued to Lemonade Insurance Company, Lemonade Insurance N.V., and Metromile Insurance Company, with MAPFRE RE as the subscribing reinsurer. This clearly indicates a reinsurance arrangement where the reinsurer agrees to cover a quota share of the ceded business. The structure, language, and clauses (e.g., ceding commission, loss settlements, arbitration, and reinsurance-specific exclusions) are consistent with a standard reinsurance agreement.

The contract covers a ""whole account"" quota share of personal property, personal liability, private passenger auto, and pet insurance policies, indicating it is a proportional reinsurance agreement, as the reinsurer takes a fixed percentage of premiums and losses. It is not limited to a single risk or named insured, and it applies to all qualifying policies written during the term, making it an obligatory treaty.

The document establishes the full terms of the reinsurance agreement, including premium, cover, term, exclusions, and dispute resolution, and includes an Interests and Liabilities Agreement, which confirms the subscribing reinsurer’s participation. Therefore, it is a main contract, not merely an ancillary document.

The underlying insurance lines—personal property, personal liability, auto, and pet insurance—are all non-life (property and casualty) lines. The class of business is best described as ""Multi-Line"" because it covers multiple non-life lines (Property and Casualty) without being limited to one specific class.",True,True,True,proportional,Non-Life,CreditMulti-Line
2023-898174-0000898174-23-000046-a202210-kex1035.htm,"The document is an employment agreement between RGA Reinsurance Company, Hong Kong Branch, and Tony Cheng, outlining terms of employment such as position, salary, benefits, duties, and termination conditions. It does not establish any form of reinsurance or risk transfer arrangement between insurance entities. Instead, it governs the employment relationship of an executive within a reinsurance company. 

According to the classification criteria, reinsurance agreements include treaties, retrocessions, portfolio transfers with risk transfer, and related instruments. Employment agreements, regardless of the employer being a reinsurance company, are not reinsurance agreements. They fall outside the defined categories and are not ancillary to reinsurance contracts in the sense of modifying or amending them.

Therefore, this document is not a reinsurance agreement. As a result, all subsequent fields that depend on the document being a reinsurance agreement—such as whether it is a main contract, obligatory, proportional, etc.—must be set to 'None'.",False,,,,,
2023-1766363-0000950170-23-019738-edr-ex10_4.htm,"The document is a Third Refinancing Amendment to a Credit Agreement. It involves the restructuring of credit facilities, specifically revolving credit commitments and loans, among Zuffa Guarantor, LLC, UFC Holdings, LLC, Goldman Sachs Bank USA, and other financial institutions. The document outlines financial arrangements, obligations, and conditions related to credit facilities and does not involve insurance or reinsurance agreements. It is not a reinsurance agreement as it does not pertain to risk transfer between insurers or reinsurers.",False,,,,,
2023-898174-0000898174-23-000088-ex1032023q110-q.htm,"The document is a Stock Appreciation Right (SAR) Award Agreement between Reinsurance Group of America, Incorporated and an employee. It outlines the terms of a stock-based compensation award under the company's Flexible Stock Plan. The agreement covers the grant, exercise price, vesting schedule, exercise conditions, and other provisions related to stock appreciation rights, which are equity incentives and not insurance or reinsurance contracts.

The document does not involve any risk transfer between insurers and reinsurers, nor does it contain terms typical of reinsurance agreements such as ceding commissions, treaty terms, layers of coverage, or claims settlement procedures. Instead, it is a standard executive compensation instrument common in publicly traded companies.

Therefore, this document is not a reinsurance agreement, nor is it any form of insurance contract. It is a corporate equity incentive agreement.",False,,,,,
2023-1571283-0001571283-23-000042-ex101firstamendmenttonotep.htm,"The document is a ""First Amendment to Note Purchase and Guarantee Agreement"" related to $125,000,000 in Guaranteed Senior Notes issued by Rexford Industrial Realty, L.P. and guaranteed by Rexford Industrial Realty, Inc. It amends financial covenants and conditions in a debt financing agreement. The parties involved include the issuer, the parent guarantor, and institutional investors (including insurance and reinsurance companies such as Prudential and Mutual of Omaha entities). However, the document itself is a debt instrument amendment, not a risk transfer agreement between insurers and reinsurers.

The document does not establish a reinsurance contract or retrocession. It is not a reinsurance agreement, nor does it renew, amend, or modify a reinsurance agreement. Instead, it pertains to corporate debt financing, specifically senior notes, which are capital market instruments. Such instruments fall under the category of bonds and credit instruments. According to the classification rules, bonds and credit instruments (except Catastrophe Bonds and other Insurance-Linked Securities that fulfill a risk transfer objective) are explicitly **not** considered reinsurance agreements.

Therefore, the document is not a reinsurance agreement. As a result, all downstream fields that depend on the document being a reinsurance agreement must be set to `None`.",False,,,,,
2023-1513761-0001558370-23-013825-nclh-20230630xex10d13.htm,"The document is an ""Amendment and Restatement Agreement"" related to a facility agreement for financing the construction of a passenger cruise ship, the m.v. ""RIVIERA"". The agreement involves a borrower (Riviera New Build, LLC), a guarantor (NCL Corporation Ltd.), a charterer, a holding company, lenders, mandated lead arrangers, and an agent. The primary purpose of the agreement is to amend and restate the existing facility agreement to document the transition from LIBOR to SOFR for interest rate calculations. The document outlines the terms of the loan, including the amount, interest rates, repayment schedules, conditions precedent, representations, and other covenants. It also includes a guarantee by the guarantor to ensure the borrower's obligations under the loan agreement.

The document does not contain any provisions related to reinsurance. It is a financial agreement focused on the financing of a cruise ship, involving loan terms, guarantees, and security interests. The agreement is not related to the transfer of insurance risk from one insurer to another, which is the core characteristic of a reinsurance agreement. The document is an ancillary agreement that modifies an existing loan agreement, but it is not a reinsurance contract.

Therefore, the document is not a reinsurance agreement, and all subsequent fields related to reinsurance characteristics are not applicable.",False,,,,,
2023-1830043-0000950170-23-018310-bmbl-ex10_3.htm,"The document provided is an ""Amendment No. 2 to Credit Agreement"" between Buzz BidCo L.L.C., Buzz Finco L.L.C., Citibank, N.A., and other lenders. It amends the existing Credit Agreement to replace the LIBO Screen Rate with a Successor Benchmark Rate. The agreement involves loan terms, interest rates, and financial covenants between borrowers and lenders.

This document is a credit agreement amendment, which is a financial contract related to corporate lending and borrowing. It does not contain any provisions related to insurance or reinsurance. The agreement does not transfer insurance risk from an insurer to a reinsurer, nor does it involve any insurance-related terms, premiums, or claims.

Based on the definitions provided, this document is clearly a credit agreement amendment and falls under the category of ""Bonds, loans and credit instruments"" which are explicitly listed as NOT being reinsurance agreements. The document establishes lending terms between corporate entities and financial institutions, not risk transfer between insurance companies.

Therefore, this document is not a reinsurance agreement, is not a main contract for reinsurance, and none of the subsequent classification questions apply since it's not a reinsurance document at all.",False,,,,,
2023-5513-0000005513-23-000034-unm123122ex1048.htm,"The document is a ""Cash Incentive Unit Agreement"" under the Unum Group 2022 Stock Incentive Plan, specifically a sub-plan for the U.K. and Republic of Ireland. It outlines the terms for granting cash-based performance units to an employee, which are tied to corporate performance metrics such as Adjusted Book Value, Cumulative Dividend Yield, and Total Shareholder Return (TSR) relative to a peer group. The agreement includes vesting conditions, forfeiture provisions, confidentiality, non-compete, non-solicitation, and tax withholding clauses.

This is not a reinsurance agreement. It does not involve the transfer of insurance risk between insurers and reinsurers. Instead, it is a compensation arrangement between a corporation and an employee, granting rights to cash payments based on performance criteria. It falls under the category of an equity or cash-based incentive plan, common in corporate executive compensation.

Since it is not a reinsurance agreement, all subsequent classification fields related to reinsurance (main contract, obligatory, proportional/non-proportional, insurance type, class of business) are not applicable and must be set to None.",False,,,,,
2023-1817358-0001817358-23-000186-exhibit101conformingchange.htm,"The provided document is a ""Conforming Changes Amendment to Credit Agreement"" related to a credit facility between Academy, Ltd. and several lenders, including Credit Suisse AG. The document outlines amendments to the existing credit agreement, primarily concerning the transition from LIBOR to SOFR as the benchmark interest rate. It includes definitions, clauses on interest rates, benchmark replacements, and other administrative and operational changes to the credit agreement.

The document is a financial instrument related to corporate lending and does not contain any language, structure, or purpose related to insurance or reinsurance. It does not transfer risk from an insurer to a reinsurer, nor does it involve any insurance-related terms such as premiums, claims, underwriting, or coverage. Instead, it governs loan terms, interest calculations, and lender obligations.

Based on the definitions provided in the instructions, reinsurance agreements include retrocession agreements, portfolio transfers with reinsurance-like provisions, catastrophe bonds, and other risk-transfer instruments similar to reinsurance. This document does not meet any of these criteria. It is a credit agreement amendment, not a reinsurance contract.

Therefore, it is not a reinsurance agreement. Since it is not a reinsurance agreement, the subsequent fields related to the nature of the reinsurance (such as main contract, obligatory, proportional, insurance type, and class of business) are not applicable and should be set to None.",False,,,,,
2023-1691421-0001691421-23-000032-lmndye22ex1037swissreperso.htm,"The document is titled ""PERSONAL AUTOMOBILE QUOTA SHARE REINSURANCE CONTRACT,"" which clearly indicates it is a reinsurance agreement. It is issued by Swiss Reinsurance America Corporation to Metromile Insurance Company, establishing a reinsurance relationship where the reinsurer agrees to indemnify the insurer for a portion of its liabilities under personal automobile insurance policies. This fits the definition of a reinsurance agreement.

The contract contains all principal terms, including business covered, retention and limit, term, premium, ceding commission, reporting, and loss settlement, indicating it is a main contract and not merely an ancillary agreement. It is not an amendment or endorsement in isolation, although endorsements and addenda are attached—these modify the main contract but do not diminish its status as a main contract.

The agreement is a quota share reinsurance contract, which is inherently proportional, as it involves sharing a fixed percentage of premiums and losses. The term ""quota share"" in the title and throughout the document confirms this.

The underlying insurance is personal automobile insurance, which includes liability and physical damage coverage. This falls under Non-Life insurance. The class of business for personal automobile insurance includes both liability and physical damage components, which are categorized under Casualty (for liability) and Property (for physical damage). However, since personal auto is a multi-line product combining both, and given the definition that ""Multi-Line"" should be used for coverage that explicitly includes many lines (excluding ancillary coverage), and considering that personal auto is often treated as a composite line, the appropriate classification is ""Multi-Line"" under the available options. But reviewing the defined categories, ""Casualty"" explicitly includes ""Motor Liability, including Personal injury and Motor own damage if part of the same portfolio."" Since the document covers both liability and physical damage under personal auto and treats them together, and given that ""Casualty"" includes motor own damage when part of the same portfolio, the correct class of business is ""Casualty.""

The contract is obligatory because it covers all personal automobile policies written or renewed during the term by the company, indicating automatic reinsurance for an entire portfolio, not selective facultative reinsurance.",True,True,True,proportional,Non-Life,Casualty
2023-1679049-0001558370-23-017873-insw-20230930xex10d1.htm,"The document is a Revolving Credit Agreement, which is a financial contract for a loan between a borrower (International Seaways Operating Corporation) and lenders. The agreement details the terms for a $160 million revolving credit facility, including interest rates, repayment terms, covenants, and security interests in collateral vessels. The document explicitly states that it is not a reinsurance agreement but a credit agreement involving loans, interest, and collateral, which are characteristics of a financial lending arrangement, not a reinsurance contract. Since it is not a reinsurance agreement, the subsequent fields related to reinsurance (is_main_contract, is_obligatory, proportional_or_non_proportional, insurance_type, class_of_business) are not applicable and should be set to None as per the instructions.",False,,,,,
2023-1683606-0000950170-23-037941-cars-ex10_1.htm,"The provided document is a ""Fourth Amendment to Credit Agreement"" between Cars.com Inc. (the Borrower), its Subsidiary Guarantors, the Lenders, and JPMorgan Chase Bank, N.A. as the Administrative Agent. This document amends an existing Credit Agreement to replace the interest rate benchmark from LIBOR to a new benchmark, specifically the Term SOFR Rate, due to the anticipated discontinuation of LIBOR. The document outlines the conditions for effectiveness, representations and warranties, and the continuing effect of the original Credit Agreement.

This document is clearly a financial agreement related to a credit facility. It involves the extension of credit (loans) from lenders to a borrower, the terms of repayment, interest rates, fees, covenants, and events of default. This is a standard form of corporate financing.

According to the provided definitions, reinsurance agreements are contracts where a reinsurer agrees to cover a portion of the risk or liability of an insurance policy written by a ceding insurer. The document in question does not involve the transfer of insurance risk. Instead, it deals with corporate debt financing. It is not a reinsurance agreement, a retrocession agreement, a Reinstatement Premium Protection contract, a Capital Maintenance agreement, or any other type of agreement listed under the ""reinsurance agreements"" category. It is specifically listed as an example of a document that is NOT considered a reinsurance agreement: ""Bonds, loans and credit instruments except for Catastrophe Bonds and other Insurance Linked Securities as described above.""

Therefore, since the document is not a reinsurance agreement, all subsequent fields related to the type of reinsurance (main contract, obligatory, proportional, insurance type, class of business) are not applicable and must be set to `None`.",False,,,,,
2023-1160951-0000950170-23-000515-dct-ex10_2.htm,"The document provided is a Restricted Stock Award Agreement between Duck Creek Technologies, Inc. and an employee (the Participant). It outlines the terms of a grant of restricted shares of the company's common stock under the company’s 2020 Omnibus Incentive Plan. The agreement includes provisions related to vesting, transfer restrictions, tax withholding, and non-competition clauses.

This document is clearly an equity compensation agreement and not a reinsurance agreement. It does not involve any transfer of insurance risk, does not reference any insurance or reinsurance contracts, and is not related to risk transfer between insurers and reinsurers. Instead, it pertains to employee stock awards and corporate governance.

Therefore, it falls outside all categories of documents considered reinsurance agreements, such as reinsurance treaties, retrocessions, portfolio transfers, or related instruments. It is also not an ancillary document to a reinsurance agreement. It is entirely unrelated to the insurance or reinsurance of underwriting risk.

As such, the document is not a reinsurance agreement, and all subsequent classifications (main contract, obligatory, proportional/non-proportional, etc.) are inapplicable.",False,,,,,
2023-1496963-0001496963-23-000060-ex-101sqspq223.htm,"The document is an ""Amendment No. 1"" to an ""Amended and Restated Credit Agreement."" This is a financial agreement between a borrower (Squarespace, Inc.) and lenders to modify the terms of an existing credit facility, specifically to establish additional Term Loan Commitments and make other amendments to the loan agreement. The core subject matter is corporate lending and debt financing.

This document is not a reinsurance agreement. Reinsurance agreements involve one insurance company (the reinsurer) assuming part of the risk and premium from another insurance company (the cedant). The document in question contains no language related to insurance policies, underwriting, ceding commissions, or the transfer of insurance risk. Instead, it details loan amounts, interest rates (like ABR and LIBOR), repayment schedules, and covenants typical of a corporate credit agreement.

Because it is not a reinsurance agreement, it cannot be a main contract, obligatory agreement, or any of the other classifications within the reinsurance taxonomy. All subsequent fields are therefore marked as 'None'.",False,,,,,
2023-1018979-0000950170-23-003450-amsf-ex10_27.htm,"The document is a reinsurance agreement titled ""Casualty Excess of Loss Reinsurance Contract."" It explicitly outlines the terms under which the Reinsurer agrees to cover excess liability for the Company’s Workers' Compensation and Employers Liability policies. This falls under the definition of a reinsurance agreement as it transfers risk from the ceding insurer (the Company) to the Reinsurer.

The document establishes a full reinsurance contract, not merely an ancillary agreement, as it contains all principal terms such as coverage, limits, premiums, exclusions, and termination clauses. It is a main contract because it constitutes the entire reinsurance agreement between the parties.

The contract is obligatory because it applies to all policies classified as Workers’ Compensation and Employers Liability issued or renewed during the contract period without requiring individual underwriting approval for each risk. This is characteristic of treaty reinsurance, which is obligatory in nature.

The contract is non-proportional because it provides excess of loss coverage—specifically, coverage for Ultimate Net Loss in excess of the Company’s retention ($2,000,000 per loss occurrence), up to a specified limit. This structure is typical of non-proportional reinsurance, such as excess of loss treaties.

The insurance type is Non-Life, as the underlying policies cover Workers’ Compensation and Employers Liability, which are casualty lines of business related to accidents and injuries arising from employment.

The class of business is Casualty, as it includes Workers’ Compensation and Employers Liability, which are core components of casualty insurance. These lines involve third-party liability and statutory obligations arising from workplace injuries.",True,True,True,non-proportional,Non-Life,Casualty
2023-1766363-0000950170-23-039879-edr-ex10_6.htm,"The provided document is a ""Tenth Amendment"" to a ""First Lien Credit Agreement"" between UFC Holdings, LLC, as Borrower, and Goldman Sachs Bank USA, as Administrative Agent. It amends the terms of the existing credit agreement, primarily by replacing the Adjusted LIBO Rate with Adjusted Term SOFR as the interest rate benchmark. The document contains no language or structure typical of a reinsurance agreement. Instead, it is a standard amendment to a corporate credit facility, involving loans and interest rates. The document explicitly refers to ""Loans,"" ""Lenders,"" ""Borrowers,"" ""Administrative Agent,"" and ""Credit Agreement,"" which are all terms associated with a loan or credit arrangement, not a reinsurance contract. Furthermore, the document is filed as an exhibit (EX-10.6) to a 10-Q form by Endeavor Group Holdings, Inc., a company in the sports and entertainment industry, which is not a typical profile for a reinsurance entity. Therefore, this document is not a reinsurance agreement, and all subsequent fields that depend on it being a reinsurance contract are not applicable.",False,,,,,
2023-837010-0000837010-23-000018-vriac2022q410-kex105.htm,"The document is an ""Amended and Restated Administrative Services Agreement"" between ReliaStar Life Insurance Company of New York (RLNY) and several affiliated companies under Voya Financial, Inc. The agreement outlines the provision of various administrative, management, professional, and support services such as underwriting support, claims processing, actuarial services, IT, cybersecurity, legal, compliance, human resources, and reinsurance management and administration.

However, the key point is that this document does not establish a reinsurance contract. Instead, it is a service agreement where affiliated entities provide administrative support to RLNY. Although Exhibit B-11 references ""Reinsurance Management and Administration Services,"" these are limited to advisory and operational support (e.g., advising on retention limits, supporting treaty negotiations, managing reinsurer relationships, and reporting), not the actual transfer of insurance risk through a reinsurance contract.

This falls under the category of ""Underwriting Agency Agreements"" or administrative service agreements between affiliates, which are explicitly excluded from the definition of reinsurance agreements. The document does not contain terms typical of a reinsurance contract—such as ceding commissions, risk transfer mechanisms, treaty terms, or coverage limits. Instead, it focuses on cost reimbursement for services rendered, performance standards, confidentiality, and regulatory compliance.

Because the document is not a reinsurance agreement, all subsequent classification fields (main contract, obligatory, proportional, insurance type, class of business) must be set to None.",False,,,,,
2023-1823794-0000950170-23-004783-arko-ex10_29.htm,"The document is a ""Second Amendment to Credit Agreement"" which modifies an existing credit agreement between a borrower (GPM Petroleum LP), lenders, and a financial institution (Capital One, National Association) acting as an administrative agent. It details changes to interest rate benchmarks (replacing LIBOR with a new benchmark) and includes standard clauses related to loan agreements, such as representations, warranties, covenants, and conditions precedent.

This document is fundamentally a financial credit agreement focused on loan terms and banking regulations. It does not contain any language related to insurance risk transfer, reinsurance, retrocession, or any of the elements that would characterize a reinsurance agreement. The document is specifically about credit facilities and loan obligations, not about transferring insurance risk from one insurer to another.

Based on the defined categories, this is clearly a credit agreement and falls under the excluded category of ""bonds, loans and credit instruments"" which are explicitly not considered reinsurance agreements.

Since it is not a reinsurance agreement, all subsequent fields that depend on reinsurance classification must be None.",False,,,,,
2023-1160951-0000950170-23-000515-dct-ex10_1.htm,"The document is an amendment to a credit agreement between Duck Creek Technologies LLC, Disco Topco Holdings (Cayman), L.P., Bank of America, N.A. (as Administrative Agent, Collateral Agent, L/C Issuer, and Swing Line Lender), and other Lenders. It details changes to an existing credit agreement, including amendments to the terms of the agreement, representations and warranties, conditions precedent, and other related provisions.

The document is clearly a financial credit agreement, not a reinsurance agreement. Reinsurance agreements involve the transfer of risk from one insurance company to another, which is not the case here. This document pertains to a loan or credit facility provided by banks to a technology company, which is unrelated to insurance or reinsurance activities.

Given that the document is not a reinsurance agreement, all subsequent classifications (main contract, obligatory, proportional, insurance type, class of business) are not applicable and should be set to None.",False,,,,,
2023-1393726-0001393726-23-000027-ex1011sbac-2damendtocredit.htm,"The document is a ""Second Amendment to Credit Agreement"" between South Bay Acceptance Corporation (SBAC), South Bay Funding LLC (SBF), the Guarantors, the Lenders (including Fifth Third Bank, the Incremental Lenders), and Fifth Third Bank as the Administrative Agent. The purpose of this document is to amend an existing credit agreement to increase the revolving credit commitment by $25,000,000 and to make other related amendments. It modifies the terms of an existing financial agreement between a borrower and lenders.

The document is clearly a financial credit agreement amendment, which falls under the category of bonds, loans, and credit instruments. According to the provided list of documents that are NOT considered reinsurance agreements, ""Bonds, loans and credit instruments except for Catastrophe Bonds and other Insurance Linked Securities as described above"" are excluded. This document is a standard credit agreement amendment, not a Catastrophe Bond or an Insurance Linked Security, and it does not involve risk transfer from an insurance portfolio.

Therefore, this document is not a reinsurance agreement. Since it is not a reinsurance agreement, all subsequent fields that depend on that classification must be None.",False,,,,,
2023-1295947-0001295947-23-000026-prestige-amendmentno7tot.htm,"The document is an amendment to a term loan credit agreement, specifically Amendment No. 7, which modifies the existing credit agreement between Prestige Consumer Healthcare Inc., Prestige Brands, Inc., the lenders, and Barclays Bank PLC as the Administrative Agent. The amendment primarily addresses the replacement of the Eurocurrency Rate with an alternate interest rate (Benchmark Replacement) and includes related conforming changes. It also outlines conditions for effectiveness, expenses, and other standard provisions for such amendments.

This document is clearly a loan agreement amendment, which falls under the category of financial instruments and credit facilities. According to the provided definitions, reinsurance agreements include documents like reinsurance contracts, retrocession agreements, and other risk transfer instruments similar to standard reinsurance. However, this document is specifically a loan agreement amendment, which is explicitly listed as not being a reinsurance agreement. The document deals with loan terms, interest rates, and lender obligations, not insurance or reinsurance risk transfer.

Therefore, this document is not a reinsurance agreement. Since it's not a reinsurance agreement, the subsequent fields related to reinsurance characteristics (is_main_contract, is_obligatory, proportional_or_non_proportional, insurance_type, and class_of_business) should all be None.",False,,,,,
2023-1400810-0000950170-23-040540-hci-ex10_34.htm,"The document is titled ""Property Catastrophe Excess of Loss Reinsurance Contract"" and is issued to two insurance companies. This clearly identifies it as a reinsurance agreement, specifically an excess of loss treaty covering property catastrophe risks. It contains standard reinsurance contract elements such as business covered, retention and limit, premium, reporting, and arbitration clauses. Therefore, it is a reinsurance agreement.

The document establishes the full terms of the reinsurance contract, including scope, limits, pricing, and conditions. It is not merely an amendment or ancillary document but a complete contract, as indicated by its title and structure. Therefore, it is a main contract.

The contract covers all property risks classified as Homeowners, Condominium Owners, Renters, and Dwelling written by the company, without requiring individual risk approval. This automatic coverage of an entire portfolio indicates it is an obligatory reinsurance agreement rather than facultative.

The structure is excess of loss (covering losses above a specified retention up to a limit), which is a non-proportional form of reinsurance. There is no indication of proportional sharing of premiums or losses, confirming it is non-proportional.

The underlying insurance covers property risks such as homeowners and dwelling policies, which are non-life insurance products.

The class of business is Property, as it specifically covers property perils like fire, windstorm, hail, and natural catastrophes for residential properties.",True,True,True,non-proportional,Non-Life,Property
2023-315293-0001628280-23-026117-exhibit104.htm,"The provided document is an Amendment No. 1 to a Credit Agreement. It involves parties such as Aon plc, Aon Corporation, and Citibank, N.A., acting as the administrative agent, along with other lenders. The document amends the existing Credit Agreement dated September 28, 2021, primarily to address the transition from USD LIBOR to a new benchmark rate (Term SOFR) in accordance with industry standards and regulatory changes.

The document details provisions related to loan commitments, interest rates, fees, conditions precedent, covenants, events of default, and administrative agent responsibilities. It includes definitions and operational mechanics for credit extensions, interest calculations, and borrower obligations. The document is clearly a financial credit facility agreement, not related to insurance or reinsurance.

According to the provided classification rules:
- Reinsurance agreements include reinsurance treaties, retrocession agreements, risk transfer instruments like catastrophe bonds, and related contracts.
- The document is explicitly a Credit Agreement and Amendment, which falls under the category of ""Bonds, loans and credit instruments"" — a category explicitly excluded from being considered a reinsurance agreement.
- There is no mention of insurance, risk transfer from insureds, ceding companies, reinsurers, or any reinsurance-specific terms.

Therefore, this is not a reinsurance agreement.",False,,,,,
2023-1866550-0001866550-23-000078-q2202310-qxexhibit101.htm,"The document provided is an ""Amendment No. 3 to Amended and Restated Credit Agreement,"" which is a financial agreement related to a credit facility between borrowers and lenders. The document outlines amendments to an existing credit agreement, including changes to benchmark interest rates, conditions for effectiveness, and various administrative and legal clauses. The document is clearly a credit agreement and not a reinsurance agreement.

Reinsurance agreements are contracts where one insurer (the reinsurer) agrees to cover part of the risk undertaken by another insurer (the ceding company). The document in question does not involve such risk transfer between insurers. Instead, it pertains to a loan agreement with terms related to borrowing, interest rates, and repayment, which are characteristic of credit facilities and not reinsurance.

Since the document is a credit agreement and not a reinsurance agreement, it does not meet any of the criteria listed for reinsurance agreements. Therefore, it is not a reinsurance agreement, and the subsequent classifications for main contract, obligatory nature, proportionality, insurance type, and class of business are not applicable.",False,,,,,
2023-1527469-0001527469-23-000053-q22023exhibit105.htm,"The provided document is a ""364-Day Credit Agreement"" between Athene Holding Ltd. and Athene Life Re Ltd. (the Borrowers), the Lenders, and Wells Fargo Bank, National Association (as Administrative Agent). This agreement outlines the terms for a revolving credit facility, including loan amounts, interest rates, fees, covenants, and conditions for borrowing. It is a standard credit agreement for a loan, not an insurance or reinsurance contract.

The document explicitly defines terms like ""Reinsurance Agreement"" and ""Retrocession Agreement"" within its text, but only to exclude related obligations from the definition of ""Debt"" under the agreement. This indicates that the document itself is not a reinsurance agreement but refers to them in a different context.

Based on the provided definitions, the document is a credit agreement, which falls under the category of ""bonds, loans and credit instruments,"" which are explicitly listed as NOT being reinsurance agreements.

Therefore, it is not a reinsurance agreement, and the subsequent questions about it being a main contract, obligatory, proportional, insurance type, and class of business are not applicable.",False,,,,,
2023-1400810-0000950170-23-040540-hci-ex10_36.htm,"The document is the ""FHCF Reimbursement Contract"" between an insurance company (Homeowners Choice Property and Casualty Insurance Company) and the State Board of Administration of Florida, which administers the Florida Hurricane Catastrophe Fund (FHCF). The FHCF is explicitly described in the provided classification guidelines as an example of a government insurance scheme that fulfills a risk transfer objective similar to standard reinsurance and is therefore considered a reinsurance agreement.

The contract establishes the terms under which the FHCF will reimburse the insurer for ultimate net losses on covered policies (primarily residential property insurance in Florida) that exceed the insurer's retention, following a covered hurricane event. This is a direct transfer of insurance risk from the primary insurer to a centralized fund, which is the core function of reinsurance.

The contract outlines the main terms, including the scope of coverage, definitions (retention, coverage level, ultimate net loss), premium calculations, reporting requirements, and the claims reimbursement process. It is not an ancillary document like an endorsement or amendment; it is the primary, standalone agreement that creates the reinsurance relationship for the 2023/2024 contract year.

The agreement is obligatory. It is a treaty-style contract that automatically covers all of the insurer's eligible policies (Covered Policies) in Florida, as defined by statute. It is not a facultative contract that covers a single risk by name. The insurer is legally required to participate if it writes the relevant policies in the state.

The contract is non-proportional. It provides reimbursement for losses that exceed a specific retention amount (a form of loss retention) and is subject to a limit based on the insurer's premium and a payout multiple. This structure, where the ceding company pays losses up to a retention and the reinsurer pays losses above that threshold (up to a limit), is the defining characteristic of an excess-of-loss (non-proportional) reinsurance contract. The reimbursement is not a fixed percentage of all premiums and losses.

The underlying insurance is clearly Non-Life, as it pertains to property damage from hurricanes to residential structures.

The class of business is Property. The contract explicitly covers losses to ""Residential Structure or its contents"" due to hurricanes, which falls squarely under the definition of Property damage from ""Fire and Allied Perils and Natural Catastrophes.""",True,True,True,non-proportional,Non-Life,Property
2023-1643953-0001213900-23-065011-f10q0623ex10-8_purplein.htm,"The provided document is a Term Loan Credit Agreement dated as of August 7, 2023, among Purple Innovation, LLC, Purple Innovation, Inc., certain financial institutions (the Term Loan Lenders), and Callodine Commercial Finance, LLC, as Administrative Agent. This document establishes the terms for a term loan facility provided by the Term Loan Lenders to the Borrowers.

This agreement is fundamentally a credit facility agreement. It outlines the conditions under which the Lenders will provide a $25 million term loan (with potential to increase to $30 million), the interest rates (based on Adjusted Term SOFR plus an Applicable Margin of 8.50%), the repayment schedule, and the security interests granted to the Administrative Agent on behalf of the Lenders. The security is granted over the Borrowers' assets, including accounts, inventory, intellectual property, and machinery and equipment.

The document contains standard provisions for such an agreement, including definitions, covenants (affirmative and negative), representations and warranties, events of default, and remedies. It also includes detailed definitions of collateral, such as ""Eligible Accounts"" and ""Eligible Inventory,"" which are used to calculate the ""Borrowing Base,"" although this base is more of a monitoring and reporting mechanism rather than a direct limitation on the loan drawdown, which is a lump sum at closing.

This document is clearly not a reinsurance agreement. It does not involve the transfer of insurance risk from one insurer (the ceding company) to another (the reinsurer). There is no mention of insurance policies, premiums, claims, or any of the risk-sharing mechanisms that define reinsurance. Instead, it is a straightforward loan agreement between a company and its lenders, secured by the company's assets. The fact that it is filed as an exhibit (EX-10.8) to a 10-Q form with the SEC further confirms its nature as a standard corporate financing agreement.

Therefore, the document is not a reinsurance agreement. Since it is not a reinsurance agreement, all subsequent fields related to the type of reinsurance (main contract, obligatory, proportional, etc.) are not applicable and should be marked as None.",False,,,,,
2023-1397911-0001397911-23-000160-exhibit10120230930.htm,"The document is the ""Seventh Amendment"" to an existing credit agreement. It details modifications and renewals to a credit facility between LPL Financial Holdings Inc., LPL Holdings, Inc., and several financial institutions. The document outlines the terms for additional revolving credit commitments and related financial arrangements. The key elements of this document include:

- It is an amendment to an existing credit agreement, which modifies and renews terms of a financial agreement.
- The document involves financial institutions providing credit to a corporation, which is a standard corporate financing arrangement.
- The subject matter of the document is related to corporate financing, revolving credit, and loan agreements, not insurance or reinsurance.

Based on the provided definition of reinsurance agreements, this document does not qualify as a reinsurance agreement because it is not related to insurance risk transfer but rather to corporate financial lending. Since it is not a reinsurance agreement, the subsequent fields related to reinsurance (main contract, obligatory, proportional, insurance type, class of business) are not applicable and should be set to 'None'.",False,,,,,
2023-1509991-0001509991-23-000021-rcfeffective19april2023577.htm,"The document is a ""US$250,000,000 REVOLVING CREDIT FACILITY AGREEMENT"" between Kosmos Energy Ltd. (the borrower), various guarantors, a group of financial institutions (the lenders), and agent banks. Its purpose is to establish a revolving credit line for the borrower to use for general corporate purposes.

This is a standard corporate loan agreement, which falls under the category of direct financing. The document contains no terms related to insurance or reinsurance. It does not transfer any insurance risk from an insurer to a reinsurer. Instead, it governs the terms of a loan, including interest rates, repayment schedules, covenants, and security arrangements.

Based on the provided classification criteria, documents that are ""Insurance policies and other direct insurance contracts"" or ""Bonds, loans and credit instruments"" are explicitly NOT considered reinsurance agreements. This document is clearly a loan agreement, which is a credit instrument.

Therefore, it is not a reinsurance agreement. Since it is not a reinsurance agreement, the subsequent questions about it being a main contract, obligatory, proportional, insurance type, and class of business are not applicable and should be answered as 'None'.",False,,,,,
2023-1817358-0001817358-23-000153-exhibit101-ablamendment.htm,"The document provided is Amendment No. 3 to a First Amended and Restated ABL Credit Agreement, which is a financial agreement between Academy, Ltd. (the Borrower), other credit parties, and JPMorgan Chase Bank, N.A. (the Administrative Agent). This agreement is related to credit facilities, specifically revolving credit loans, letters of credit, and other financial instruments. The document discusses amendments to interest rate benchmarks, payment of expenses, conditions precedent, representations and warranties, covenants, events of default, and other standard terms and conditions of a credit agreement.

The document does not contain any provisions related to insurance or reinsurance. It does not involve the transfer of insurance risk from an insurer to a reinsurer. Instead, it is a credit agreement focused on lending and borrowing of funds, with terms related to interest rates, fees, collateral, and repayment obligations.

Based on the content, this document is a financial credit agreement and not a reinsurance agreement. Therefore, it does not meet any of the criteria for being classified as a reinsurance agreement as defined in the instructions.",False,,,,,
2023-1397911-0001397911-23-000072-exhibit10120230331.htm,"The document is a Sixth Amendment to an existing Amended Credit Agreement. It is a legal agreement related to a credit facility between LPL Holdings, Inc., LPL Financial Holdings Inc., certain subsidiary guarantors, and JPMorgan Chase Bank, N.A., acting as administrative agent. The document deals with financial covenants, interest rate adjustments (specifically the replacement of LIBOR with the Adjusted Term SOFR Rate), and the conditions under which certain financial obligations are to be met.

The document does not contain any language related to insurance or reinsurance. It does not transfer risk from an insurer to a reinsurer, nor does it describe the terms of an insurance policy being reinsured. Instead, it is focused on the terms of a loan agreement, including repayment schedules, interest rates, and covenants. The document is an amendment to an existing credit agreement, which is a type of financial instrument, not an insurance or reinsurance contract.

The document is an ancillary agreement as it amends an existing credit agreement. It is not establishing a new main contract but modifying the terms of an existing one. Since it is not a reinsurance agreement, the questions about whether it is obligatory, its proportional nature, the type of insurance, and the class of business are not applicable.",False,False,,,,
2023-1796209-0000950170-23-037745-apg-ex10_24.htm,"The provided document is an ""Amendment No. 3 to Credit Agreement."" This is a legal document related to a credit agreement between a borrower (APi Group DE, Inc.) and a lender (Citibank, N.A., acting as the agent). The document amends the terms of the existing credit agreement, specifically replacing the US LIBO Rate with Term SOFR as the benchmark interest rate.

Based on the definitions provided in the instructions:

*   **Reinsurance Agreement:** The document is explicitly a credit agreement and an amendment to that agreement. It involves the lending of money and the setting of interest rates, not the transfer of insurance risk from one insurer to another. It does not fall under any of the categories listed as being considered reinsurance agreements (e.g., retrocession, portfolio transfers, catastrophe bonds, etc.). Therefore, it is **not** a reinsurance agreement.
*   **Main Contract:** Since the document is not a reinsurance agreement at all, the question of whether it is a main contract for reinsurance is not applicable. The answer should be `None`.
*   **Obligatory Reinsurance:** This classification only applies if the document is a reinsurance agreement. Since it is not, the answer should be `None`.
*   **Proportional or Non-Proportional:** This classification only applies if the document is a reinsurance agreement. Since it is not, the answer should be `None`.
*   **Insurance Type:** This classification only applies if the document is a reinsurance agreement. Since it is not, the answer should be `None`.
*   **Class of Business:** This classification only applies if the document is a reinsurance agreement. Since it is not, the answer should be `None`.",False,,,,,
2023-874501-0000874501-23-000092-a02-029xambcxex103x1q23x10q.htm,"The document is a Performance Stock Unit Agreement for long-term incentive compensation awarded to an employee of Ambac Financial Group, Inc. It outlines the terms of a stock-based incentive award tied to performance metrics, including earnings before interest, taxes, depreciation, and amortization (EBITDA), gross written premiums, and relative total shareholder return. The agreement includes provisions for vesting, settlement in stock or cash, dividend equivalents, and adjustments in the event of corporate transactions.

Although the document mentions ""ART Transactions"" (Alternative Risk Transfer transactions) in the context of reducing WLACC Outstanding, and references reinsurance concepts such as ""proportional reinsurance (e.g. quota share)"" and ""excess of loss reinsurance"" as examples of such transactions, it does not itself establish or modify a reinsurance agreement. Instead, it is a compensation agreement tied to company performance, including performance influenced by reinsurance activity.

Therefore, the document is not a reinsurance agreement or any form of insurance or reinsurance contract. It is a corporate compensation instrument and falls outside the defined categories of reinsurance agreements.",False,,,,,
2023-1091748-0001628280-23-006451-ex103412312022.htm,"The document is a Letter Deed of Amendment to a Share Purchase Agreement (SPA) between Ohio Farmers Insurance Company and Argo International Holdings Limited. It amends the terms of the SPA relating to the acquisition of Argo Underwriting Agency Limited. The document modifies various clauses of the original agreement, including definitions, payment terms, completion mechanics, and includes new schedules, such as Schedule 19 (COVID Recoveries) and references to a ""Reinsurance Protocol"" (Schedule 14). However, the core subject of the document is the sale and purchase of shares in an underwriting agency, not the transfer of insurance risk.

Although the document references reinsurance-related agreements (e.g., ""TPV/PRI Reinsurance Agreement"", ""D&F/Casualty Reinsurance Agreement"", and ""Fronting Agreement""), it explicitly excludes them from the definition of ""Claim"" under the SPA and does not itself establish or modify the terms of a reinsurance contract. Instead, it is an amendment to a corporate transaction document—specifically, a share purchase agreement.

Furthermore, the document mentions reinsurance providers and FAL (Funds at Lloyd’s) arrangements, but these are in the context of releasing liability from third-party capital providers post-acquisition, not in structuring a reinsurance contract.

Therefore, this document is not a reinsurance agreement, nor does it create or modify the terms of reinsurance. It is an ancillary document to a corporate acquisition and relates to transactional adjustments, escrow arrangements, and balance sheet treatment.",False,,,,,
2023-1691421-0001691421-23-000095-exhibit106-wholeaccountquo.htm,"The document is titled ""WHOLE ACCOUNT QUOTA SHARE REINSURANCE CONTRACT"" and is issued to Lemonade Insurance Company and Metromile Insurance Company by subscribing reinsurers. It explicitly establishes a reinsurance agreement where the reinsurer agrees to accept a quota share of the ceded business from the insurer. This fits the definition of a reinsurance agreement as it transfers risk from the insurer to the reinsurer on a proportional basis.

The contract outlines the terms of the reinsurance, including business covered (personal property, personal liability, auto, and pet insurance), premium cessions, ceding commissions, reporting, and termination clauses. It contains all principal terms of a reinsurance contract and is signed by the parties, indicating it is a formal and complete agreement.

Given that it establishes a full reinsurance contract with all core terms (cover, premium, term, definitions, exclusions, etc.), it qualifies as a main contract. It is not merely an endorsement, amendment, or ancillary agreement.

The agreement is obligatory because it covers all policies written or renewed during the term in specified classes (personal property, personal liability, auto, pet insurance) without naming specific risks. This is characteristic of an obligatory treaty reinsurance contract, where all eligible risks are automatically ceded.

The contract is explicitly a ""Quota Share"" agreement, which is a form of proportional reinsurance. The reinsurer takes a fixed percentage of all premiums and losses. While there are some non-proportional features like loss limits (e.g., $5M per loss occurrence), the core structure remains proportional. According to the instructions, minor non-proportional terms like loss ratio caps do not override the classification as proportional if the core mechanism is quota share.

The insurance types covered include personal property insurance, personal liability, auto, and pet insurance—all of which fall under Non-Life insurance categories.

The class of business is multi-line because the contract covers personal property (Property), personal liability and auto liability (Casualty), and pet insurance (which may include health aspects but is generally treated as property/casualty). Since it covers multiple distinct lines across Property and Casualty, and is described as a ""whole account"" quota share, the appropriate classification is ""Multi-Line"" under the Non-Life framework. However, the available class_of_business options do not include a ""Multi-Line"" category explicitly for Non-Life; instead, ""CreditMulti-Line"" appears to be the placeholder for multi-line business. Given the context, ""CreditMulti-Line"" is interpreted here as the intended category for multi-line Non-Life reinsurance.",True,True,True,proportional,Non-Life,CreditMulti-Line
2023-887733-0000887733-23-000013-q32023exhibit101.htm,"The provided document is a First Amendment to a Third Amended and Restated Credit Agreement between Central Garden & Pet Company, its subsidiaries, lenders, and Truist Bank as the administrative agent. This document amends certain provisions of an existing credit agreement related to loan terms, including interest rates, fees, and conditions precedent. It is a financial agreement concerning corporate credit facilities and does not involve insurance or reinsurance activities.

Reinsurance agreements involve the transfer of insurance risk from one insurer (the ceding company) to another (the reinsurer). This document does not mention any transfer of insurance risk, nor does it reference insurance policies, claims, premiums, or any reinsurance-specific terms. Instead, it details loan covenants, financial ratios, borrowing bases, and administrative procedures typical of a corporate credit facility.

The document explicitly states it is a ""Credit Agreement"" and references loans, lenders, borrowing commitments, and interest calculations. It includes standard credit agreement clauses such as representations and warranties, covenants, events of default, and remedies for default, all of which are characteristic of loan agreements, not reinsurance contracts.

Since this is not a reinsurance agreement, the subsequent classification fields (main contract, obligatory status, proportional nature, insurance type, and class of business) are not applicable and should be set to None as per the instructions.",False,,,,,
2023-1692819-0001628280-23-037205-vistra-20230930x101.htm,"The document is the ""Fourteenth Amendment to Credit Agreement"" which amends an existing credit agreement among Vistra Operations Company LLC, Vistra Intermediate Company LLC, other credit parties, lenders, and Credit Suisse AG as Administrative and Collateral Agent. It modifies terms of an existing credit agreement, including changes to commitments, consents for specific transactions (the ""Clear Sky Transactions""), and other administrative and financial terms.

This document is not a reinsurance agreement. Reinsurance agreements involve the transfer of insurance risk from one insurer (the ceding company) to another (the reinsurer). The listed documents that are considered reinsurance agreements include retrocession agreements, reinsurance to close agreements, and catastrophe bonds. The listed documents that are NOT considered reinsurance agreements include credit agreements, loans, and other credit instruments.

The document is a credit agreement amendment, which is explicitly listed as NOT a reinsurance agreement. It pertains to corporate financing, debt obligations, and lending arrangements, not the transfer of insurance risk.

Therefore, it is not a reinsurance agreement, and the remaining fields (is_main_contract, is_obligatory, etc.) are not applicable and should be set to None.",False,,,,,
2023-1400810-0000950170-23-040540-hci-ex10_25.htm,"The document is titled ""Property Catastrophe Excess of Loss Reinsurance Contract,"" which clearly indicates it is a reinsurance agreement. It is issued to Homeowners Choice Property & Casualty Insurance Company, Inc., and provides indemnification for the company’s net excess liability arising from losses under certain insurance policies. This fits the definition of a reinsurance agreement, specifically an excess of loss treaty, which is listed as a type of reinsurance agreement.

The document establishes the full terms of a reinsurance contract, including business covered, retention and limit, premium, reinstatement, and other key provisions. It is not an ancillary agreement like an endorsement or amendment but appears to be the entire contract. Therefore, it qualifies as a main contract.

The contract is structured as a treaty that covers all losses from qualifying events (e.g., named storms, windstorms) during the term, subject to the Company's retention and the Reinsurer’s limit. It applies automatically to all eligible policies written or renewed during the term, without requiring individual underwriting approval for each risk. This automatic coverage of a defined portfolio of risks indicates it is an obligatory reinsurance agreement.

The contract is clearly non-proportional because it is an excess of loss agreement—specifically a catastrophe excess of loss treaty—where the reinsurer covers losses above a specified retention up to a limit. There is no indication of proportional sharing of premiums or losses, which rules out proportional or hybrid classification.

The underlying insurance policies are described as covering property perils for homeowners, condominium owners, renters, and dwellings. These are all property damage risks, which fall under Non-Life insurance.

The class of business is Property, as the coverage applies to physical damage to residential property from perils such as hurricanes, windstorms, hail, and fire. The document explicitly references coverage for property perils and excludes certain other lines, confirming the primary class is Property.",True,True,True,non-proportional,Non-Life,Property
2023-1691421-0001691421-23-000095-exhibit104-wholeaccountquo.htm,"The document is titled ""WHOLE ACCOUNT QUOTA SHARE REINSURANCE CONTRACT"" and is issued to Lemonade Insurance Company, Lemonade Insurance N.V., and Metromile Insurance Company by subscribing reinsurers. This clearly indicates it is a reinsurance agreement, as it involves the transfer of insurance risk from one insurer (the ceding company) to another (the reinsurer). The structure, clauses, and terminology (e.g., ""reinsurer's margin,"" ""ceding commission,"" ""funds withheld,"" ""inuring reinsurance"") are standard in reinsurance contracts.

The contract establishes a full reinsurance arrangement, not merely an amendment or ancillary document. It outlines the scope of business covered, premium calculations, reporting, termination, and other core terms. It is not a renewal, endorsement, or modification of another contract but a standalone, comprehensive agreement. Therefore, it qualifies as a main contract.

The contract is obligatory because it covers a ""whole account"" — all policies written or renewed during the term in specified lines (personal property, personal liability, auto, pet insurance). This means the ceding company is obligated to cede, and the reinsurer is obligated to accept, all such business, which is the hallmark of an obligatory treaty.

The contract is explicitly a ""quota share"" reinsurance, meaning the reinsurer takes a fixed percentage (up to 100%) of all premiums and losses. Quota share is a form of proportional reinsurance, where both risk and reward are shared proportionally.

The business covered includes personal property insurance, personal liability insurance, private passenger auto insurance, and pet insurance. These are all non-life (property and casualty) lines of insurance.

Given the types of insurance — property damage, liability, auto, and pet — the primary class of business is a mix of Property (e.g., personal property) and Casualty (e.g., liability, auto liability). However, the contract covers multiple lines broadly under a ""whole account"" structure without focusing on a single class. Therefore, the most accurate classification is ""Multi-Line,"" which is appropriate for whole account reinsurance not limited to one category.",True,True,True,proportional,Non-Life,CreditMulti-Line
2023-1362468-0001362468-23-000060-a1002creditagreementbnpand.htm,"The document provided is a Credit Agreement between Sunrise Asset Management, LLC (the Borrower), several Lenders, BNP Paribas (as Administrative Agent), and Bank of Utah (as Security Trustee). The agreement outlines a loan of up to $412,123,800 to finance the acquisition of seven Airbus A320-200 and four Boeing 737 MAX 8200 aircraft. The terms of the agreement include the loan structure, interest rates (both fixed and floating), repayment schedules, covenants, events of default, and security interests in the aircraft and related leases.

This document is clearly a loan agreement, which is a financial instrument for borrowing money, secured by specific assets (in this case, aircraft). It does not involve the transfer of insurance risk from one party (the cedant) to another (the reinsurer), which is the fundamental characteristic of a reinsurance agreement. The parties involved are a borrower, lenders, and agents, not an insurer and a reinsurer. The subject matter is aircraft financing, not insurance or risk pooling.

Therefore, this document is not a reinsurance agreement or any of the related instruments listed in the definition (such as retrocession agreements, loss portfolio transfers, or insurance-linked securities). It is also not an ancillary agreement to a reinsurance contract. It is a standard secured loan agreement in the aviation finance sector.",False,,,,,
2023-1295947-0001295947-23-000017-exhibit1017amendmentno8.htm,"The provided document is an amendment to an ABL Credit Agreement. It involves financial arrangements between Prestige Brands, Inc., lenders, and Citibank, N.A. as the administrative agent. The document outlines modifications to the existing credit agreement, such as replacing LIBOR with a successor rate and making conforming changes to the agreement. 

Reinsurance agreements involve risk transfer between insurers or from insurers to reinsurers. This document, however, is a credit agreement amendment, which is a financial instrument related to borrowing and lending of funds, not a risk transfer mechanism between insurance entities. Therefore, it does not qualify as a reinsurance agreement.

Since the document is not a reinsurance agreement, the subsequent fields related to reinsurance characteristics such as main contract, obligatory nature, proportionality, insurance type, and class of business are not applicable and should be set to 'None'.",False,,,,,
2023-1400810-0000950170-23-040540-hci-ex10_32.htm,"The document is titled ""Reinstatement Premium Protection Reinsurance Contract"" and is issued to two property and casualty insurance companies. It explicitly states that it indemnifies the Company for reinstatement premiums owed under a ""Property Catastrophe Excess of Loss Reinsurance Contract,"" which is attached and forms part of this agreement. This falls under the definition of a reinsurance agreement as per the provided criteria, specifically because ""Reinstatement Premium Protection contracts"" are considered reinsurance if they refer to an underlying reinsurance contract, which this one does.

The document establishes the full terms of a new reinsurance contract (not merely amending or modifying an existing one), contains a preamble, detailed articles covering business covered, coverage, term, exclusions, premium, definitions, and other standard contractual clauses. It includes a signature block and is structured as a standalone agreement. Therefore, it qualifies as a main contract.

The underlying Original Contract is a Property Catastrophe Excess of Loss treaty, which is a non-proportional reinsurance contract. The Reinstatement Premium Protection (RPP) contract covers the cost of reinstating the limits of this non-proportional treaty after a loss. RPP contracts linked to non-proportional underlying contracts are classified as non-proportional reinsurance.

The underlying insurance coverage pertains to property insurance for homeowners, condominium owners, renters, and dwellings—clearly Non-Life insurance. The class of business is Property, as it covers property damage from perils like fire and natural catastrophes, including business interruption, which aligns with the definition provided.",True,True,True,non-proportional,Non-Life,Property
2023-355379-0001558370-23-004742-mdwt-20221231xex10d34.htm,"The provided document is a Credit Agreement dated November 22, 2022, among Midwest Holding Inc., the lenders, Royal Bank of Canada (as Administrative and Collateral Agent), and RBC Capital Markets (as Sole Lead Arranger and Sole Book Manager). The agreement outlines a revolving credit facility provided by the lenders to the borrower, Midwest Holding Inc.

The document details the terms of the loans, including interest rates (based on SOFR or Prime Rate), repayment schedules, fees, and covenants. It also includes provisions for collateral, representations and warranties, affirmative and negative covenants, events of default, and remedies. The agreement is structured as a standard credit facility with multiple sections covering definitions, commitments, conditions precedent, representations, covenants, and other standard clauses found in such agreements.

The document explicitly excludes certain items from the definition of ""Debt,"" including ""obligations with respect to insurance policies, annuities, guaranteed investment contracts and similar products underwritten by, or Reinsurance Agreements or Retrocession Agreements entered into by, an Insurance Company in the ordinary course of business"" (Section 1.01 - Defined Terms, subsection (I) of the definition of ""Debt""). This indicates that the document itself is not a reinsurance agreement, as reinsurance agreements are specifically mentioned as something different from the obligations covered by this credit agreement.

Furthermore, the document is clearly identified as a ""Credit Agreement"" in the title and throughout the text, and its primary purpose is to establish a lending relationship between the borrower and the lenders, not to transfer insurance risk. The document creates a debt obligation for borrowed money, which is fundamentally different from a reinsurance agreement that transfers insurance risk from one insurer to another.

Therefore, based on the content, structure, and purpose of the document, it is a credit agreement and not a reinsurance agreement.",False,,,,,
2023-1061630-0001061630-23-000010-exhibit1053.htm,"The document provided is a Seventh Amendment to a Term Loan Credit Agreement. This type of agreement is fundamentally a financial instrument related to lending and borrowing money, specifically amending an existing term loan agreement to increase the principal amount of a class of loans and make related amendments. 

The document explicitly states that it is a ""Seventh Amendment to Term Loan Credit Agreement"" and refers to terms such as ""Incremental Term B-4 Loans,"" ""Lenders,"" ""Administrative Agent,"" and ""Borrower."" These terms are characteristic of loan agreements and not reinsurance agreements.

Reinsurance agreements involve one insurer (the reinsurer) agreeing to compensate another insurer (the ceding company) for part of the losses or liabilities it incurs under insurance policies it has issued. The document in question does not mention any insurance policies, ceding of risk, or any parties acting as insurers or reinsurers. Instead, it deals with the provision of loans, interest rates, and repayment terms, which are not features of reinsurance.

Furthermore, the list of documents that are NOT considered reinsurance agreements includes ""Bonds, loans and credit instruments except for Catastrophe Bonds and other Insurance Linked Securities as described above."" This document is clearly a loan agreement and does not fall under the exception for Catastrophe Bonds or Insurance Linked Securities.

Therefore, based on the content and nature of the document, it is not a reinsurance agreement.",False,,,,,
2023-11544-0000011544-23-000008-wrb331202310-qex101.htm,"The document is a ""2023 Performance Unit Award Agreement"" under the W. R. Berkley Corporation 2019 Long-Term Incentive Plan. It outlines the terms of a performance-based compensation award granted to an employee (the Participant), where the value of the award is tied to the increase in the company's Book Value Per Share over a five-year performance period (2023–2027). The agreement includes provisions on eligibility, payout conditions, forfeiture in case of misconduct or breach of obligations, change in control scenarios, tax withholding, and jurisdiction-specific modifications.

This document is clearly a long-term incentive or executive compensation agreement, not an insurance or reinsurance contract. It does not involve the transfer of insurance risk from one insurer to another, nor does it reference any underlying insurance policies, ceding agreements, or risk-sharing mechanisms typical of reinsurance. Instead, it governs the rights and obligations related to an equity-style performance award within a corporate incentive plan.

Therefore, it does not meet any of the criteria for being classified as a reinsurance agreement. It is unrelated to the underwriting, transfer, or pooling of insurance risk and is instead a human resources and executive compensation instrument.",False,,,,,
2023-1061630-0001061630-23-000041-exhibit102.htm,"The document is an Eighth Amendment to a Term Loan Credit Agreement. This type of document is a loan agreement amendment, which modifies the terms of an existing loan agreement. Loan agreements and their amendments are financial instruments that govern the lending of money from lenders to a borrower, including terms related to interest rates, repayment schedules, and covenants.

The provided list of documents that are considered reinsurance agreements includes items such as reinsurance agreements, retrocession agreements, Reinstatement Premium Protection contracts, Capital Maintenance agreements, Loss Portfolio Transfer, Adverse Development Cover, Reinsurance To Close, Portfolio Transfers in connection to mergers, acquisitions, sales and other corporate restructurings, Catastrophe Bonds, Insurance pooling agreements, and government insurance schemes. The list of documents that are NOT considered reinsurance agreements explicitly includes bonds, loans and credit instruments except for Catastrophe Bonds and other Insurance Linked Securities, as well as financial guarantees and other agreements that secure the payment obligations arising from insurance or reinsurance contracts.

Since this document is a loan agreement amendment and specifically falls under the category of ""bonds, loans and credit instruments"" (excluding Catastrophe Bonds), it is explicitly excluded from being considered a reinsurance agreement according to the provided criteria.

Therefore, this document is not a reinsurance agreement, and all subsequent fields that depend on it being a reinsurance agreement will be None.",False,,,,,
2023-1140536-0000950170-23-015309-wtw-ex10_2.htm,"The provided document is a ""Performance-Based Restricted Share Unit Award Agreement"" issued by Willis Towers Watson Public Limited Company to an executive officer. It outlines the terms of an equity incentive award under the company's 2012 Equity Incentive Plan. The agreement details the grant of performance-based restricted share units (PSUs), vesting conditions based on performance objectives and continued service, tax withholding procedures, and restrictive covenants.

This document is fundamentally a compensation and employment-related agreement concerning equity incentives. It does not involve the transfer of insurance risk between insurers and reinsurers. It lacks any provisions typical of reinsurance agreements, such as ceding commissions, reinsurance premiums, loss recoveries, treaty terms, or risk-sharing mechanisms between insurance entities.

Therefore, the document is not a reinsurance agreement or any of its ancillary forms. It is an internal corporate compensation instrument, which falls squarely outside the defined categories of reinsurance agreements.",False,,,,,
2023-1870600-0001870600-23-000043-exhibit103-amendedcreditag.htm,"The provided document is an amendment to a Credit Agreement. Credit agreements are financial instruments used for borrowing and lending money between parties, typically involving banks and borrowers. They are not related to the transfer of insurance risk from insurers to reinsurers. The document outlines changes to the terms of an existing credit agreement, including amendments to interest rates, repayment terms, and other financial conditions. It does not contain any provisions related to insurance or reinsurance, such as risk transfer, ceding of insurance policies, or reinsurance premiums. Therefore, this document does not meet the criteria for being classified as a reinsurance agreement.",False,,,,,
2023-1691421-0001691421-23-000032-lmndye22ex1036mapfreautoqs.htm,"The document is titled ""AUTOMOBILE QUOTA SHARE REINSURANCE CONTRACT,"" which clearly indicates it is a reinsurance agreement. It establishes a proportional reinsurance arrangement where Metromile Insurance Company (the ""Company"") cedes a portion of its automobile insurance liabilities to subscribing reinsurers, including MAPFRE RE. The structure, terminology, and clauses (e.g., premium cession, ceding commission, loss settlements, arbitration, and treaty-style provisions) are all consistent with a standard reinsurance contract.

The contract covers personal automobile liability and physical damage insurance, which are non-life insurance lines. It is structured as a quota share, meaning the reinsurer shares a fixed proportion of both premiums and losses—this is the hallmark of a proportional reinsurance agreement.

The contract applies to all eligible business written during the term, not on a per-risk facultative basis, making it an obligatory treaty. It is a main contract because it contains all the essential terms (scope, premium, limits, termination, etc.) and is not merely an amendment or ancillary document.

The underlying insurance is clearly Non-Life, and the class of business is Casualty, as it includes automobile liability (including no-fault) and physical damage—core components of personal auto insurance, which falls under Casualty in reinsurance classifications.",True,True,True,proportional,Non-Life,Casualty
2023-1889539-0001889539-23-000008-q12023exhibit1057.htm,"The document is the ""Corebridge Financial, Inc. Long Term Incentive Plan,"" which outlines a stock-based compensation program for officers and key employees. It details the issuance of performance share units (PSUs), restricted stock units (RSUs), and stock options as part of an employee incentive plan. The document is related to corporate governance and executive compensation, not to any form of insurance or reinsurance.

It does not contain any provisions related to the transfer of insurance risk, ceding of policies, retrocession, or any other elements characteristic of reinsurance agreements. Instead, it governs internal employee awards tied to company performance and stock value.

Therefore, this document is not a reinsurance agreement, nor is it any type of insurance contract. It falls outside the scope of reinsurance entirely and belongs to the domain of securities and employee benefits.",False,,,,,
2023-1418100-0001418100-23-000041-avaya-ex1052022930x10k.htm,"The document provided is a Term Loan Credit Agreement between Avaya Holdings Corp., Avaya Inc., various lenders, and Wilmington Savings Fund Society, FSB, acting as the administrative and collateral agent. This agreement outlines the terms and conditions for a term loan facility of $810,000,000, which includes the conversion of existing DIP Term Loans and the issuance of new Initial Term Loans.

The document does not contain any language or clauses that are typical of reinsurance agreements. Reinsurance agreements typically involve the transfer of risk from one insurer (the ceding company) to another (the reinsurer). The document in question is a credit agreement, which is a financial instrument used to secure a loan, not to transfer insurance risk.

The document establishes a main contract, as it sets out the terms of the loan, including the amount, interest rates, repayment schedule, and covenants. However, this is a main contract for a loan, not a reinsurance contract.

The loan is obligatory in the sense that the borrower is required to repay the loan according to the agreed terms, but this is not the same as an obligatory reinsurance contract, which would require the reinsurer to accept all risks ceded by the ceding company.

The document does not specify whether the loan is proportional or non-proportional, as these terms are not applicable to credit agreements. Proportional and non-proportional are terms used in reinsurance to describe how the risk is shared between the ceding company and the reinsurer.

The document does not pertain to life or non-life insurance, as it is a credit agreement, not an insurance policy.

The class of business of the underlying portfolio is not applicable, as this is not an insurance or reinsurance contract.

Therefore, the document is not a reinsurance agreement, and all other classifications are not applicable.",False,,,,,
