filename,reasoning,is_reinsurance,is_main_contract,is_obligatory,proportional_or_non_proportional,insurance_type,class_of_business
2003-1122211-0001169232-03-003801-d55718_ex10-16.txt,"The document is a ""Letter of Understanding"" issued by the New York State Insurance Department to The Insurance Corporation of New York. It outlines regulatory requirements and restrictions on the company’s operations, including financial reporting, dividend payments, executive appointments, and reinsurance activities. While it references reinsurance agreements (specifically prohibiting the company from entering into new material reinsurance agreements without approval), the document itself is not a reinsurance agreement. Rather, it is a regulatory directive or supervisory communication from the insurance department imposing conditions on the insurer’s conduct. It does not establish a risk transfer arrangement between ceding and reinsuring parties, nor does it contain terms of a reinsurance contract. Therefore, it does not meet any of the criteria for being classified as a reinsurance agreement.",False,,,,,
2003-1127783-0001169232-03-003798-d55788_ex10-16.txt,"The document is a letter from the New York State Insurance Department to The Insurance Corporation of New York, outlining regulatory requirements and restrictions. It references reinsurance agreements in point 5, stating that the company must not enter into new material reinsurance agreements or materially modify existing ones without prior approval. However, the document itself is not a reinsurance agreement; it is a regulatory directive or letter of understanding imposing conditions on the company’s operations. It does not establish any reinsurance contract, define risk transfer terms, or contain the principal provisions of a reinsurance agreement. Therefore, it does not meet the definition of a reinsurance agreement or any of its listed types. As such, all subsequent reinsurance-specific classification fields must be set to None.",False,,,,,
2003-925600-0000925600-03-000013-doc2.txt,"The document is titled ""Addendum No. 2 to Aggregate Loss Ratio Reinsurance Agreement"" and explicitly refers to amendments of an existing reinsurance agreement between a retrocedent (National Union Fire Insurance Company) and a retrocessionaire (Granite Reinsurance Company, Ltd.). The use of terms such as ""retrocedent,"" ""retrocessionaire,"" ""reinsurance agreement,"" and ""underlying agreements"" confirms this is a reinsurance-related document. It modifies the terms of an existing reinsurance contract, specifically adjusting loss ratios, premiums, and definitions related to loss and profit calculations.

As an addendum, it is not a standalone main contract but rather an ancillary agreement that modifies an existing reinsurance agreement. Therefore, it is not a main contract.

The agreement covers losses in excess of a certain loss ratio, which indicates a non-proportional structure—specifically, an aggregate stop-loss or aggregate excess of loss arrangement. This is a form of non-proportional reinsurance where the reinsurer covers losses once a specified loss ratio is exceeded.

Since it is a reinsurance agreement, the next step is to determine whether it is obligatory. The document references multiple underlying agreements and applies to portfolios of business (e.g., Superior Insurance Company and Pafco General Insurance Company), rather than individual risks. This suggests an obligatory structure, as it automatically covers all business within the defined portfolios.

Regarding insurance type, the underlying companies appear to be property and casualty insurers (e.g., National Union Fire Insurance Company), and the structure of loss ratios and premium calculations aligns with Non-Life (property and casualty) reinsurance. The class of business is most likely Casualty, given the structure and nature of the agreements, although some property risk may be included. However, the emphasis on aggregate loss ratios across general liability or multi-line portfolios points toward Casualty as the dominant class.",True,False,True,non-proportional,Non-Life,Casualty
2003-1033032-0000950134-03-011650-d07826exv10w1.txt,"The document is a Contract of Sale between Silverleaf Resorts, Inc. (Seller) and Fairfield Resorts, Inc. (Purchaser) for the sale of real property located in Las Vegas, Nevada. It outlines the terms for the purchase of land and improvements (the ""Subject Property"") for a fixed price, including provisions for earnest money, due diligence, title review, environmental assessments, representations and warranties, closing conditions, prorations, indemnities, and other standard real estate transaction clauses.

The document pertains to the sale of real estate and does not involve any insurance or reinsurance risk transfer. It does not mention any insurance policies, ceding of risk, retrocession, reinsurance agreements, or related terms. Instead, it is a straightforward real estate purchase agreement, which falls outside the scope of reinsurance or insurance agreements entirely.

Therefore, it is not a reinsurance agreement, nor is it any type of insurance-related contract.",False,,,,,
2003-1061890-0001017062-03-000554-dex1043.txt,"The document is an ""Amendment and Restatement Agreement"" related to a credit agreement among Advance Stores Company, Advance Auto Parts, Inc., and several banks. It outlines the amendment and restatement of an existing credit agreement to modify loan terms, including the extension of new term loans. The parties involved are corporate entities and financial institutions, and the subject matter pertains to secured lending, covenants, collateral, and repayment terms.

There is no mention of insurance, risk transfer from an insurer to a reinsurer, retrocession, or any mechanism typical of reinsurance agreements. Instead, the document is clearly a financial credit agreement, involving loans, liens, and corporate borrowing. It falls squarely within the category of credit instruments, which are explicitly excluded from being reinsurance agreements.

Given that the document is a credit and loan agreement, it is not a reinsurance agreement under any definition provided. Therefore, all downstream classifications related to reinsurance (main contract, obligatory, proportional, insurance type, class of business) are inapplicable.",False,,,,,
2003-1069822-0001193125-03-037318-dex108.htm,"The document is an ""Amended and Restated Change in Control Employment Agreement"" between MONY Life Insurance Company and Grant W. Kurtz. It outlines terms of employment, compensation, restrictive covenants, termination conditions, and benefits in the event of a Change in Control of the company. The document is clearly an executive employment agreement, not a reinsurance contract. While MONY Life Insurance Company is mentioned as the employer (a life insurance company), the agreement itself concerns employment terms between an employer and executive, not risk transfer between insurance entities. The only reference to reinsurance appears in Section 2.B.iv where it's mentioned as one possible method for asset disposition in corporate transactions (""sale or other disposition of all or substantially all of the assets (by way of reinsurance or otherwise)""), but this is merely incidental to the corporate transaction definition and not the subject of the agreement. The document does not contain any reinsurance-specific provisions, risk transfer mechanisms, or other elements characteristic of reinsurance agreements. It falls under the category of employment contracts, which are explicitly not considered reinsurance agreements per the provided criteria.",False,,,,,
2003-355948-0000355948-03-000038-exhibit10v3.htm,"The document is an endorsement and renewal certificate for a Directors and Officers (D&O) insurance policy issued by CNA to Richardson Electronics, Ltd. It outlines terms of an excess liability policy that responds after underlying insurance policies are exhausted. The policy covers claims made against insured individuals for wrongful acts, subject to specific conditions, exclusions, and limits.

This document is clearly a direct insurance contract — specifically, a D&O liability insurance policy — which provides coverage to corporate directors and officers for claims arising from their management duties. It is not a reinsurance agreement, nor does it involve risk transfer between insurers. The endorsements modify the terms of the primary insurance policy (e.g., cancellation of prior endorsements, exclusions for prior litigation, discovery period provisions), but they remain ancillary to a direct insurance arrangement.

Because this is a direct insurance policy and not any form of reinsurance, retrocession, or risk transfer between insurers, it does not meet the definition of a reinsurance agreement under any of the listed categories (e.g., retrocession, RPP, catastrophe bonds, pooling agreements, etc.).

Therefore, all downstream fields related to reinsurance classification — including whether it is a main contract, obligatory, proportional, and so on — must be set to 'None', as they are not applicable.",False,,,,,
2003-913144-0000950136-03-000745-file005.txt,"The document is an ""Amended and Restated Employment Agreement"" between Renaissance Reinsurance Ltd. and David A. Eklund. It outlines the terms of employment, including duties, compensation, benefits, non-competition clauses, termination conditions, and indemnification. The document pertains to the employment relationship of an executive and does not establish any risk transfer arrangement between insurers or reinsurers.

Although the company involved is a reinsurance entity (Renaissance Reinsurance Ltd.), the document itself is not a reinsurance agreement. It is a contract for employment and falls under the category of personnel agreements, which are explicitly excluded from being considered reinsurance agreements.

Therefore, the document is not a reinsurance agreement, and all subsequent fields that depend on it being a reinsurance contract must be set to 'None' or False accordingly.",False,,,,,
2003-1158449-0001017062-03-000555-dex1043.txt,"The document is an ""Amendment and Restatement Agreement"" related to a credit agreement among Advance Stores Company, Advance Auto Parts, Inc., and various lenders, including JPMorgan Chase Bank as Administrative Agent. It outlines amendments to an existing credit agreement, including new term loans, conditions for effectiveness, and reaffirmation of obligations. The document pertains to corporate financing and credit facilities, not insurance or risk transfer between insurers and reinsurers.

It involves loan agreements, collateral, security interests, and covenants typical of a corporate credit facility. There is no mention of insurance policies, reinsurance, risk pooling, retrocession, or any mechanism of transferring insurance risk. Therefore, this document does not meet any of the criteria for being classified as a reinsurance agreement.

As such, it is not a reinsurance agreement, nor does it relate to any form of insurance risk transfer. All downstream classifications (main contract, obligatory, proportional, insurance type, class of business) are therefore inapplicable.",False,,,,,
2003-1022671-0000950123-03-003465-y84794exv10w1wd.txt,"The document is a ""Fourth Amendment to Credit Agreement"" involving Steel Dynamics, Inc., lenders, and financial agents. It amends an existing credit agreement to adjust financial terms, approve a specific asset acquisition (the GalvPro Acquisition), and impose related covenants and conditions. The document references financial instruments such as the ""Jeffersonville TIF Bonds"" and requires security interests and collateral, but these are part of a corporate financing arrangement.

There is no mention of risk transfer between insurers and reinsurers, ceding of insurance liabilities, reinsurance premiums, or any terms typical of reinsurance contracts (e.g., cession, treaty, facultative, excess of loss, quota share). Instead, the document pertains to secured corporate debt financing and amendments thereto.

The document is clearly a credit agreement amendment, which falls under financial credit instruments. According to the classification guidelines, bonds, loans, and credit instruments (except Catastrophe Bonds and other Insurance-Linked Securities fulfilling a risk transfer role) are explicitly excluded from being reinsurance agreements.

Therefore, this document is not a reinsurance agreement.",False,,,,,
2003-21344-0000021344-03-000111-koq630x10-1.txt,"The document is an amendment to The Coca-Cola Company's Executive Medical Plan, focused on HIPAA compliance regarding the use and disclosure of protected health information (PHI). While it mentions ""reinsurance"" in sections 12.1(a)(5) and 12.1(b)(5) when describing payment activities and health care operations under HIPAA regulations, these are merely references to reinsurance as part of regulatory compliance language. The document itself is an employee health benefit plan amendment, not a reinsurance agreement between insurers. It establishes rules for how the company can use and disclose health information for its employee medical plan, which constitutes a direct insurance contract. According to the classification criteria, ""Insurance policies and other direct insurance contracts"" are explicitly excluded from being considered reinsurance agreements. Since this is a primary health insurance plan for employees (a direct insurance contract), it does not qualify as any form of reinsurance agreement.",False,,,,,
2003-1140536-0001047469-03-010326-a2106004zex-10_22.htm,"The document is an employment agreement and a deed of confidentiality and post-termination restrictions between John M. Pelly and Willis Faber & Dumas Limited. It outlines terms of employment, including job title, salary, working hours, termination conditions, and post-employment restrictions such as non-solicitation and confidentiality. There is no mention of any insurance or reinsurance risk transfer, ceding of liabilities, premium sharing, or any other feature typical of a reinsurance agreement. The reference to ""reinsurance"" in the definition of ""Business"" in the Deed is merely descriptive of the company’s operations and does not indicate that the document itself is a reinsurance contract. Therefore, the document is not a reinsurance agreement.",False,,,,,
2003-775368-0000950123-03-009385-y88779exv10w19.txt,"The document titled ""Assignment of Net Premium Receivables"" is an agreement between insurance companies (the ""Ceding Companies"") and LaSalle Bank National Association (the ""Trustee"") to assign the right to premium receivables from certain reinsurance contracts to a trust. The document explicitly references ""Reinsured Contracts"" and a ""Quota Share Reinsurance Agreement"" in multiple sections (e.g., Section 1(a), Section 6, Section 9), indicating that it is ancillary to an existing reinsurance arrangement.

However, this document itself does not establish the terms of a reinsurance contract. Instead, it secures financial interests in receivables arising from an underlying reinsurance agreement (specifically, a quota share reinsurance agreement). It functions as a security or financing mechanism, assigning collected premiums to a trust, and includes provisions typical of a secured transaction under the UCC.

Per the classification rules:
- This is not a reinsurance agreement itself but an ancillary document related to one. It is an assignment of receivables secured under a reinsurance arrangement.
- Documents that assign or secure payment obligations arising from reinsurance (like this one) are explicitly excluded from being classified as reinsurance agreements.
- Therefore, it is not a reinsurance agreement, nor is it a main contract. It is a financial security instrument.

As a result:
- is_reinsurance = False
- is_main_contract = None (because it's not a reinsurance agreement)
- Other fields depending on reinsurance classification are also None.",False,,,,,
2003-775368-0000950123-03-009385-y88779exv10w33.txt,"The document is titled ""Employee Leasing Agreement"" and is an agreement between Royal Indemnity Company and Underwriters Reinsurance Company (URC). Its purpose is to lease employees from Royal Indemnity to URC during a transitional period following a corporate acquisition. The agreement outlines staffing, supervision, compensation, benefits, and other employment-related matters. It does not involve the transfer of insurance risk, ceding of liabilities, or any reinsurance terms such as coverage limits, premiums for risk transfer, or claims handling related to insurance policies. Instead, it governs the temporary employment arrangement of individuals.

According to the provided classification criteria, reinsurance agreements include contracts that transfer insurance risk, such as reinsurance treaties, retrocessions, catastrophe bonds, and related risk transfer instruments. This document does not fall into any of those categories. It is not a reinsurance contract, nor does it amend, renew, or modify one. Rather, it is an employee leasing or staffing agreement, which is explicitly not considered a reinsurance agreement. Therefore, it is not a reinsurance agreement at all.

Since it is not a reinsurance agreement, all downstream fields related to reinsurance characteristics (main contract, obligatory, proportional/non-proportional, insurance type, class of business) must be set to 'None'.",False,,,,,
2003-1171500-0000950123-03-003615-y84608kexv10w63.txt,"The document is a letter amendment to a trust agreement involving Platinum Underwriters Reinsurance, Inc., St. Paul Fire and Marine Insurance Company, Mountain Ridge Insurance Company, and State Street Bank and Trust Company. It addresses procedural terms related to the acquisition and substitution of ""Qualifying Assets"" within a trust structure. The document does not establish or modify the terms of a reinsurance contract itself but rather governs asset management within a trust, likely set up as collateral or security in a reinsurance context. However, the document itself is not a reinsurance agreement, retrocession, or any form of risk transfer instrument. It is an ancillary agreement related to a trust and does not contain terms typical of reinsurance such as ceding commissions, coverage limits, premiums, or risk transfer mechanisms. Therefore, it does not meet the definition of a reinsurance agreement under the provided criteria.",False,,,,,
2003-1051628-0000893220-03-001454-w89252exv10w3.txt,"The document is titled ""RECAPTURE AGREEMENT AND GENERAL RELEASE OF GUARANTEED MINIMUM DEATH BENEFIT REINSURANCE AGREEMENTS"" and explicitly references multiple reinsurance agreements, specifically the ""Guaranteed Minimum Death Benefit Reinsurance Agreements"" (GMDB Reinsurance Agreements) between Hartford Life & Annuity Insurance Company, Hartford Life Insurance Company, and Annuity & Life Reassurance, Ltd. (ALRe). The purpose of this document is to recapture the risk previously ceded under these reinsurance agreements, terminate associated trust agreements, resolve an arbitration dispute, and release all claims between the parties.

According to the classification guidelines, documents that ""renew, cancel, novate, terminate, settle, commute, amend, or otherwise modify the terms of an existing reinsurance agreement"" are considered reinsurance agreements. This document terminates the underlying reinsurance contracts and associated trust agreements, which clearly falls under this category. Therefore, it is a reinsurance agreement.

However, this document is not a main contract. It is an ancillary agreement that terminates and settles existing reinsurance contracts. The main contracts are the original GMDB Reinsurance Agreements, which are referenced but not contained in this document. This agreement modifies the terms (by terminating them) and settles disputes related to those main contracts.

Because it is not a main contract but rather a termination and settlement agreement, the questions about whether it is obligatory, proportional or non-proportional, the insurance type, and the class of business do not apply. These attributes pertain to the structure and terms of a full reinsurance contract, not to a document that merely ends one. The underlying contracts were for life insurance (specifically Guaranteed Minimum Death Benefits), which would fall under the ""Mortality"" class of business, but since this document itself is not the main contract, these fields should be 'None'.",True,,,,,
2003-1111335-0000950124-03-001554-k76748exv10w27.txt,"The document is a pension plan agreement between Visteon Holdings GmbH and an employee, outlining retirement, disability, and survivor benefits. It is not a reinsurance agreement but rather a direct employee benefit arrangement. Although Section 11 mentions that the company has the right to reinsure the benefits, the document itself is not a reinsurance contract. It does not transfer risk between insurers or reinsurers, nor does it function as a retrocession, catastrophe bond, or any other instrument that fulfills a risk transfer role similar to reinsurance. Instead, it establishes a direct obligation from the employer to the employee for pension benefits.

Because this is a pension plan and not a reinsurance agreement, all subsequent reinsurance-specific classification fields (is_main_contract, is_obligatory, etc.) must be set to None.",False,,,,,
2003-875159-0000930413-03-002466-c28973_ex10-65.htm,"The document is a ""Letter of Credit Facility and Reimbursement Agreement."" Its primary purpose is to establish a financial facility where lenders provide letters of credit to support the Funds at Lloyd's for the underwriting business of the Applicants, which are subsidiaries of the Account Party (XL Capital Ltd).

The document details the terms for issuing letters of credit, the obligations of the Account Party to reimburse the lenders if payments are made under these letters, the roles of the agent and arranger, fees, representations and warranties, covenants, events of default, and other standard provisions of a credit agreement.

According to the provided definitions, reinsurance agreements include risk transfer instruments like retrocession, RPP, catastrophe bonds, etc. However, the document explicitly excludes ""Letters of credit"" from the list of instruments considered to be reinsurance agreements.

Therefore, although the letters of credit are used in the context of the insurance/reinsurance industry (to support underwriting at Lloyd's), the core agreement itself is a financing arrangement secured by the creditworthiness of the parties and governed by banking and credit laws, not a contract for the transfer of insurance risk.",False,,,,,
2003-1095073-0001095073-03-000015-expense.htm,"The document titled ""Expense Agreement"" is a financial guarantee agreement between Everest Reinsurance Holdings, Inc. and Everest Re Capital Trust. It establishes a guarantee by the Corporation for the payment of costs, expenses, or liabilities of the Issuer Trust, excluding obligations to holders of Preferred Securities. The agreement pertains to the financing and capital structure of the Issuer Trust and involves the issuance of preferred and common securities backed by debt securities. 

This document does not transfer insurance risk from an insurer to a reinsurer, nor does it establish any terms typical of reinsurance such as coverage limits, ceded premiums, or risk-sharing mechanisms. Instead, it is a financial arrangement related to corporate capital funding and guarantees, specifically supporting the obligations of a trust issuing preferred securities. 

According to the classification criteria, financial guarantees, credit instruments, and agreements securing payment obligations arising from reinsurance (but not transferring insurance risk) are explicitly excluded from being considered reinsurance agreements. Therefore, this is not a reinsurance agreement.

Since it is not a reinsurance agreement, the downstream fields (is_main_contract, is_obligatory, etc.) must be set to None where appropriate.",False,,,,,
2003-913144-0000950136-03-000745-file004.txt,"The document is an Amended and Restated Employment Agreement between Renaissance Reinsurance Ltd. and William I. Riker. It outlines the terms of employment, including duties, compensation, termination, and other employment-related provisions. Although the company mentioned is a reinsurance company (Renaissance Reinsurance Ltd.), the document itself is not a reinsurance agreement but rather a contract for executive employment. It does not involve risk transfer between insurers and reinsurers, nor does it contain terms typical of reinsurance such as ceding of premiums, coverage of insurance liabilities, or proportional/non-proportional loss sharing.

As such, the document is not a reinsurance agreement under any of the listed categories (e.g., retrocession, RPP, portfolio transfer, etc.). It is also not an ancillary document to a reinsurance agreement but a standalone employment contract. Therefore, all reinsurance-specific classification fields should be set to None.",False,,,,,
2003-1171500-0000950123-03-003615-y84608kexv10w16.txt,"The document is a 364-Day Credit Agreement between Platinum Underwriters Holdings, Ltd. (the Borrower), several financial institutions (the Lenders), and Citibank, N.A. (the Agent). It outlines the terms for a $100,000,000 credit facility, including the conditions for advances, interest rates, repayment terms, covenants, events of default, and other standard provisions of a syndicated loan agreement.

The document contains several references to reinsurance (e.g., ""Reinsurance Agreements"" are defined in Section 1.01, and ""Licenses"" for reinsurance business are mentioned in Section 5.02(a)(iii)). However, these references are contextual, explaining the business of the Borrower (an insurance/reinsurance holding company), not establishing a reinsurance contract. The core purpose of this document is to provide a credit facility to the Borrower for general corporate purposes, not to transfer insurance risk.

This is a credit agreement, which is explicitly listed in the instructions as a type of document that is NOT considered a reinsurance agreement. It is a financial instrument for borrowing money, not a contract for the transfer of insurance risk from one insurer to another.

Therefore, this document is not a reinsurance agreement, and all subsequent fields related to the classification of reinsurance contracts are not applicable (None).",False,,,,,
2003-1041665-0000950159-03-000961-ex10-2.txt,"The document is a First Amendment of an Office Lease and a First Amendment to a Sublease, both related to the expansion of leased office space at a commercial property. The parties involved are landlords and tenants in a real estate transaction. The content focuses on lease terms such as rent, square footage, construction allowances, and tenant improvements. There is no mention of risk transfer, insurance, or reinsurance. The presence of ""PMA Reinsurance Corporation"" as a subtenant does not make the document a reinsurance agreement, as the document itself is purely a real estate lease amendment. Therefore, this document is not a reinsurance agreement or any form of insurance contract. It is a commercial lease modification.",False,,,,,
2003-775368-0000950123-03-012605-y91281exv10w6.txt,"The document is titled ""Assumption of Liabilities Agreement"" and is executed between Landmark American Insurance Company and Royal Indemnity Company (RIC). It outlines that RIC is assuming all liabilities and obligations of Landmark as of the Closing Date, excluding certain specified liabilities such as the ""Reinsured Liabilities"" under a Quota Share Reinsurance Agreement and the ""Company Insurance Contracts."" The agreement is part of a broader transaction involving a stock purchase and is intended to transfer liabilities as partial consideration for that transaction.

While the document references reinsurance agreements (e.g., the ""RIC (Landmark) Quota Share Reinsurance Agreement""), it is not itself a reinsurance contract. Instead, it is an agreement to assume general liabilities arising from an insurance company’s operations, which may include insurance policy liabilities, operational debts, and other obligations. The agreement does not establish a risk transfer mechanism from one insurer to a reinsurer in the manner typical of reinsurance contracts. Rather, it functions as a corporate liability transfer in connection with a stock purchase.

Therefore, this document is not a reinsurance agreement as defined in the criteria. It is a corporate asset and liability transfer agreement incidental to a stock sale, not a contract for the transfer of insurance risk from a ceding company to a reinsurer.

Since it is not a reinsurance agreement, all subsequent fields related to reinsurance classification (main contract, obligatory, proportional, etc.) must be set to None.",False,,,,,
2003-1171500-0000950123-03-003615-y84608kexv10w15.txt,"The document is a letter agreement between St. Paul Re and an employee, Neal Schmidt, outlining his compensation package, including base salary, annual performance bonus, retention bonus, and conditions for payment. It does not establish any reinsurance or risk transfer arrangement between insurance entities. Instead, it pertains to employment terms and compensation incentives. Therefore, it does not meet the definition of a reinsurance agreement or any of its subtypes. Since it is not a reinsurance agreement, all subsequent classification fields are not applicable.",False,,,,,
2003-1064063-0001145443-03-000497-ex10-81_d12268.txt,"The document is a Trust Agreement established between MIIX Insurance Company (Grantor), Swiss Reinsurance America Corporation (Beneficiary), and Mellon Bank N.A. (Trustee). Its purpose is to create a trust account to hold assets as security for the performance of obligations under certain Reinsurance Agreements listed in Schedule ""A"". The agreement explicitly references ""certain Reinsurance Agreements listed in Schedule 'A'"" and defines them as agreements where the Grantor acts as a reinsurer indemnifying the Beneficiary (cedent) against loss.

However, this document itself is not a reinsurance agreement. It is a security arrangement (a trust) created to support the performance of underlying reinsurance agreements. It does not establish the terms of risk transfer, coverage, or reinsurance obligations. Instead, it governs the deposit, withdrawal, and management of collateral assets related to those reinsurance obligations.

Accordingly:
- It is not a reinsurance agreement but an ancillary security instrument.
- It references reinsurance agreements but does not constitute one.
- Therefore, it is not a main contract of reinsurance.
- All downstream fields (obligatory, proportional, insurance type, class of business) are not applicable because this is not a reinsurance contract.",False,,,,,
2003-875159-0000930413-03-000985-c26955_ex10-57.htm,"The document is a ""Letter of Credit Facility and Reimbursement Agreement"" between XL Capital Ltd (the Account Party), various Guarantors, Lenders, Citibank International PLC (as Agent and Security Trustee), and Salomon Brothers International Limited (as Arranger). Its primary purpose, as stated in Clause 2.2, is to provide a letter of credit facility to support the ""Funds at Lloyd's"" for the underwriting business of XL Capital Ltd's subsidiaries (the Applicants).

The core mechanism involves the Lenders issuing Letters of Credit in favor of Lloyd's. If Lloyd's draws on these Letters of Credit, the Lenders make a payment (an ""LC Disbursement""), and the Account Party is then obligated to reimburse the Lenders for that amount, plus fees and interest, as stated in Clause 6.1.

The document explicitly states in its definition of ""Indebtedness"" (Clause 1.1) that ""insurance payment liabilities, as such, and liabilities arising in the ordinary course of such Person's business as an insurance or reinsurance company"" are **not** considered Indebtedness under this agreement. This is a key indicator that the agreement is not itself a reinsurance contract, but rather a financial instrument to support the insurance operations.

Furthermore, the list of documents that are **not** considered reinsurance agreements in the instructions includes ""Letters of credit."" This document is explicitly a ""Letter of Credit Facility and Reimbursement Agreement,"" which falls squarely into this excluded category.

Therefore, the document is a financial agreement for issuing letters of credit to meet regulatory capital requirements at Lloyd's, not a contract for the transfer of insurance risk.",False,,,,,
2003-3642-0000909518-03-000154-mv3-27_add7.txt,"The document is an addendum to a Pooling Reinsurance Agreement between Empire Mutual Insurance Company and Allcity Insurance Company. The title explicitly references a ""Pooling Reinsurance Agreement,"" and pooling arrangements are listed in the provided criteria as reinsurance agreements when they fulfill a risk transfer objective similar to standard reinsurance. The document modifies the expense-sharing terms of the existing pooling arrangement but does not establish the full terms of the underlying reinsurance contract. Therefore, it is an ancillary agreement to an existing reinsurance contract, not a main contract. Since it is an amendment to an existing reinsurance agreement, it qualifies as a reinsurance document. However, because it is not a standalone main contract, attributes such as whether it is obligatory, proportional or non-proportional, insurance type, and class of business cannot be determined from this addendum alone. The document does not specify the type of insurance or the class of business covered under the pooling arrangement.",True,False,,,,
2003-1171500-0000950123-03-003615-y84608kexv10w57.txt,"The document is a Control Agreement between St. Paul Reinsurance Company Limited (Party A), Platinum Re (UK) Limited (Party B), and State Street Bank and Trust Company (Custodian). It references a retrocession agreement and a security agreement between Party A and Party B. The purpose of this Control Agreement is to appoint the Custodian as a collateral agent for Party A to perfect and establish the priority of Party A's security interest in certain assets (the ""Collateral"") provided by Party B to secure its obligations under the retrocession agreement.

While the document itself is not the reinsurance or retrocession contract, it explicitly references and is ancillary to a ""retrocession agreement,"" which is a type of reinsurance agreement. According to the provided definitions, documents that modify, amend, or secure the terms of an existing reinsurance agreement (such as security agreements and control agreements related to collateral) are considered reinsurance agreements.

However, this document is not the main contract establishing the reinsurance relationship. It is an ancillary agreement designed to secure the obligations under the main retrocession agreement. Therefore, it is a reinsurance agreement but not a main contract.

The document does not contain enough information to determine if the underlying retrocession agreement is obligatory, proportional or non-proportional, or the type of insurance (Life/Non-Life) and class of business it covers. It is solely focused on the collateral and control mechanisms.",True,False,,,,
2003-949156-0000950124-03-001045-k74355exv10w22.txt,"The document is a Management Services Agreement between SAVERS PROPERTY AND CASUALTY INSURANCE COMPANY and MEADOWBROOK, INC. The agreement outlines the provision of various administrative, operational, and managerial services by the Manager, including accounting, underwriting support, claims administration, reinsurance liaison, and investment compliance. However, it does not establish a reinsurance contract itself. Instead, it refers to the Manager’s role in arranging reinsurance and acting as a liaison with reinsurers (Article 2.01.H), which indicates facilitation rather than the creation of a reinsurance agreement.

The document is not a reinsurance agreement, retrocession, or any instrument that transfers insurance risk from one insurer to another. It is an agreement for management and administrative services, which falls under the category of an Underwriting Agency Agreement or service agreement between an insurer and a management company. According to the classification criteria, such agreements—specifically Underwriting Agency Agreements between reinsurance companies and management agents—are explicitly excluded from being considered reinsurance agreements.

Because it is not a reinsurance agreement, all subsequent fields related to reinsurance classification (main contract, obligatoriness, proportionality, insurance type, class of business) must be set to 'None'.",False,,,,,
2003-803027-0000950152-03-009600-l03481aexv10we.txt,"The document is an endorsement that amends an existing ""CASUALTY EXCESS OF LOSS REINSURANCE AGREEMENT."" It modifies terms such as exclusions, policy limits, definitions, and reinsurance premiums across multiple exhibits of the underlying agreement. Since it explicitly amends an existing reinsurance contract, it qualifies as a document that modifies a reinsurance agreement and thus falls under the category of reinsurance agreements per the definition provided (i.e., ""all documents that renew, cancel, novate, terminate, settle, commute, amend, or otherwise modify the terms of an existing reinsurance agreement"").

However, because it is an amendment and not a standalone reinsurance contract, it is not a main contract but an ancillary agreement. Therefore, `is_main_contract` is False.

The original agreement is an excess of loss reinsurance contract, which is non-proportional. The endorsement does not change the fundamental structure of the reinsurance arrangement, so the nature remains non-proportional.

The agreement pertains to casualty insurance lines (e.g., automobile liability, workers' compensation, general liability), which fall under Non-Life insurance. The class of business is specifically ""Casualty.""

The underlying reinsurance treaty appears to be obligatory, as it covers broad classes of policies (e.g., all in-force, new, and renewal policies) across defined lines of business, which is characteristic of treaty reinsurance. The endorsement does not alter this obligatory nature.",True,False,True,non-proportional,Non-Life,Casualty
2003-949156-0000950124-03-001045-k74355exv10w21.txt,"The document is a Management Services Agreement between Meadowbrook Insurance Group, Inc. (MIG), a company referred to as the ""Company,"" and Meadowbrook, Inc. (the ""Manager""). The agreement outlines the services that the Manager will provide to the Company, including accounting, underwriting, claims administration, reinsurance arrangement, investment oversight, and loss prevention services.

The Manager is responsible for arranging reinsurance on behalf of the Company, including preparing documents, negotiating terms, and acting as a liaison with reinsurers. However, this document does not itself establish a reinsurance contract. Instead, it is an agreement for management services, where one party (the Manager) performs various administrative and operational functions for another (the Company). The arrangement of reinsurance is just one of many services included in this broader management agreement.

According to the classification criteria, documents that are referral agreements, underwriting agency agreements, or management agreements between reinsurance companies and agents are not considered reinsurance agreements. This document falls squarely into the category of a management or agency services agreement and not a reinsurance contract. Therefore, it is not a reinsurance agreement.

Because it is not a reinsurance agreement, all downstream classifications — including whether it is a main contract, obligatory, proportional or non-proportional, insurance type, and class of business — must be set to 'None'.",False,,,,,
2003-803027-0000950152-03-005453-l00406aexv10wb.txt,"The document is a Services Agreement between Merchants Mutual Insurance Company (the ""Administrator""), Merchants Insurance Company of New Hampshire, Inc., and Merchants Group, Inc. (collectively, the ""Client"" or ""Companies""). The agreement outlines the provision of administrative, underwriting, claims, and investment management services by the Administrator to the Client. Key points from the document include:

- The agreement explicitly states that the Previous Management Agreement is being terminated and replaced.
- The Administrator is appointed to provide various services, including administrative, underwriting, claims, and investment management services.
- The agreement includes detailed sections on the duties of the Administrator and the Client, fees and expenses, termination, and other standard contractual provisions.
- The document references a ""Reinsurance Pooling Agreement"" between Merchants New Hampshire and Merchants Mutual, but this is a separate agreement and not part of the Services Agreement.
- The services provided under this agreement are operational and administrative in nature, such as accounting, actuarial, legal, internal audit, and management of procurement of legal services, but do not involve the transfer of insurance risk.

The document does not establish a reinsurance or retrocession contract. Instead, it is an ancillary agreement that governs the provision of services between the parties. It does not contain any terms related to the sharing of insurance risk, which is a fundamental characteristic of reinsurance agreements.

Therefore, the document is not a reinsurance agreement, and since it is not a reinsurance agreement, the subsequent fields related to the nature of the reinsurance contract (such as whether it is a main contract, obligatory, proportional or non-proportional, insurance type, and class of business) are not applicable.",False,,,,,
2003-874977-0000950128-03-001161-l03303aexv10w3.txt,"The document is an ""Addendum No. 1"" to a ""Property Catastrophe Overlying Excess of Loss Reinsurance Contract."" It modifies the retention and limit terms of an existing reinsurance agreement by specifying that the reinsurer becomes liable for losses exceeding $120,000,000 per occurrence, up to a limit of $100,000,000 per occurrence and in the aggregate. The document explicitly references an underlying reinsurance contract and amends its terms, which qualifies it as a document that modifies an existing reinsurance agreement. According to the classification rules, such modifying documents are considered reinsurance agreements.

However, this addendum is not a standalone main contract; it is an ancillary agreement that amends an existing contract. Therefore, it is not a main contract. Since it is an amendment, it does not establish the full terms of a reinsurance agreement independently.

The underlying contract is an excess of loss arrangement, which is a form of non-proportional reinsurance. The addendum pertains to property catastrophe coverage, which falls under Non-Life insurance and specifically the ""Property"" class of business. The original contract appears to be an obligatory treaty covering the entire group’s pooled property risks above a certain retention, so the addendum relates to an obligatory agreement.",True,False,True,non-proportional,Non-Life,Property
2003-910110-0000950159-03-000407-exhibit10-1.txt,"The document is titled ""PROPERTY AND CASUALTY EXCESS OF LOSS REINSURANCE AGREEMENT"" and is entered into between Penn-America Insurance Company, Penn-Star Insurance Company (the ""Company""), and American Re-Insurance Company (the ""Reinsurer""). The agreement explicitly states that the Reinsurer ""hereby reinsures the Company,"" which is a clear indicator of a reinsurance arrangement. It includes standard reinsurance clauses such as Ultimate Net Loss, Extra Contractual Obligations, Excess Judgments, Subrogation, and Insolvency, all of which are typical in reinsurance contracts. The structure includes two exhibits (Exhibit A for Property and Exhibit B for Casualty), both outlining excess of loss coverage with specific retentions and limits, further confirming its nature as a reinsurance treaty.

The agreement establishes the full terms of a reinsurance contract, including coverage, exclusions, claims handling, reporting, premiums, and termination. It is not merely an ancillary document like an endorsement or commutation but a complete agreement that governs the reinsurance relationship. Therefore, it qualifies as a main contract.

The agreement is structured as a treaty that automatically covers all eligible risks within the defined classes of business (Property and Casualty) without requiring individual underwriting or facultative acceptance. This is evident from the wording ""the Company will reinsure with the Reinsurer"" and the inclusion of broad classes like ""Commercial Multi Peril"" and ""General Liability."" This automatic, portfolio-wide risk transfer defines it as an obligatory reinsurance contract.

The coverage is structured as excess of loss, where the reinsurer covers losses above a specified retention ($300,000 for Property, $500,000 for Casualty) up to a specified limit. This is a classic non-proportional reinsurance structure, as the reinsurer does not share a fixed percentage of all losses but only pays for losses that exceed the ceding company's retention. There is no indication of proportional sharing (e.g., Quota Share), so the contract is non-proportional.

The agreement covers Property and Casualty insurance, which are categories under Non-Life insurance. It does not mention any Life, Annuity, or Long-Term Care products. The classes listed—such as Fire, Commercial Multi Peril, General Liability, and Businessowners—are all standard Non-Life lines.

The agreement is divided into two distinct lines: Property (Exhibit A) and Casualty (Exhibit B). Since it covers both Property and Casualty classes under one overarching agreement, and both are significant components, the most accurate classification is ""Multi-Line."" While ""Property"" and ""Casualty"" are both present, ""Multi-Line"" is the appropriate category when a single reinsurance agreement covers multiple major non-life classes.",True,True,True,non-proportional,Non-Life,Multi-Line
2003-1171500-0000950123-03-003615-y84608kexv10w58.txt,"The document is a Discretionary Investment Advisory Agreement between Alliance Capital Management L.P. (the ""Adviser"") and Platinum Re (UK) Limited (the ""Client""). It establishes the terms under which the Adviser will manage certain assets of the Client, specifically those held in a collateral account related to a 100% Quota Share Retrocession Agreement. The agreement outlines investment objectives, policies, custody arrangements, fees, and other administrative and operational terms related to asset management.

Although the document references a ""100% Quota Share Retrocession Agreement"" — which would be a reinsurance agreement — this document itself is not that agreement. Instead, it governs the investment of collateral assets securing obligations under that retrocession agreement. The document does not transfer insurance risk, define ceding or assuming parties, or establish reinsurance terms such as coverage, limits, premiums, or claims handling.

Per the classification criteria:
- This is **not a reinsurance agreement**. It is an investment management agreement, which is explicitly excluded from the definition of reinsurance agreements.
- It refers to a reinsurance contract (the Quota Share Retrocession Agreement), but only in the context of defining the source and purpose of the investment account.
- Therefore, it is an ancillary financial services agreement related to a reinsurance arrangement but not itself a reinsurance contract.

Since it is not a reinsurance agreement, all subsequent reinsurance-specific classification fields (is_main_contract, is_obligatory, etc.) must be set to `None`.",False,,,,,
2003-1171500-0000950123-03-003615-y84608kexv10w25.txt,"The document is an Employee Benefits and Compensation Matters Agreement between The St. Paul Companies, Inc. and Platinum Underwriters Reinsurance, Inc. It addresses the allocation of employee benefits, compensation, and related liabilities following the transfer of a reinsurance business unit. However, it does not establish or modify a reinsurance contract. Instead, it is focused on human resources matters such as retirement plans, stock options, bonuses, and employee transfers.

Although the agreement references a reinsurance business (""St. Paul Re division's reinsurance business"") and is connected to corporate restructuring involving a reinsurance entity, the document itself is not a reinsurance agreement. It does not contain terms related to risk transfer, coverage, premiums, or claims handling between ceding and reinsuring companies.

Therefore, it falls under the category of ancillary corporate agreements related to employment and compensation and is not a reinsurance agreement as defined.",False,,,,,
2003-1171500-0000950123-03-003615-y84608kexv10w56.txt,"The document is a Security Agreement between Platinum Re (UK) Limited (the ""Debtor"") and St. Paul Reinsurance Company Limited (the ""Secured Party""). It is explicitly stated in the Preliminary Statements that this agreement is entered into pursuant to a ""100% Quota Share Retrocession Agreement (Traditional)"" dated the same day, which is defined as the ""Retrocession Agreement."" A retrocession agreement is a type of reinsurance agreement where a reinsurer transfers part of its risk to another reinsurer.

Although this document itself is not the reinsurance contract, it directly references and secures obligations under a retrocession agreement. According to the provided classification rules, documents that renew, cancel, novate, terminate, settle, commute, amend, or otherwise modify the terms of an existing reinsurance agreement are considered reinsurance agreements. However, this Security Agreement is not modifying the terms of the reinsurance contract but instead creates a security interest in collateral to secure performance under the retrocession agreement. It functions as a credit support mechanism and not as the reinsurance contract itself.

Furthermore, the list of documents that are *not* considered reinsurance agreements includes ""Financial guarantees and other agreements that secure the payment obligations arising from insurance or reinsurance contracts."" This Security Agreement falls squarely within that exclusion—it secures the Debtor's payment obligations under the retrocession agreement via a security interest in collateral.

Therefore, while the document is closely related to a reinsurance agreement, it is not itself a reinsurance agreement but rather an ancillary financial security instrument.

As it is not a reinsurance agreement, all downstream fields (is_main_contract, is_obligatory, etc.) must be set to None.",False,,,,,
2003-915781-0000950134-03-004591-c75577a1exv10w10w1.txt,"The document describes a reinsurance agreement between American Compensation Insurance Company (ACIC) and General Reinsurance Corporation, effective January 1, 2002. It outlines the reinsurer's liability under two covers (Cover A and Cover B), both structured as excess-of-loss arrangements, which are a standard form of non-proportional reinsurance. Cover A applies to Workers' Compensation and Employers' Liability Business, and Cover B applies to occupational disease claims. The agreement includes key terms such as retention levels, limits of liability, commencement, termination, and reinsurance premiums. These elements indicate that this is a formal reinsurance treaty.

The document is labeled as a ""Description of the Reinsurance Agreement"" and summarizes the significant terms, suggesting it may not be the full executed contract but rather a summary. However, it contains all principal terms of the agreement (parties, coverage, limits, retentions, effective dates, termination, and premium terms), which qualifies it as a main contract under the provided definitions (e.g., a term sheet or proposal with full principal terms).

The reinsurance is structured as excess-of-loss coverage across multiple layers, which is a classic form of non-proportional reinsurance. There is no indication of proportional sharing of premiums or losses based on a fixed percentage, confirming it is non-proportional.

The underlying insurance business is Workers' Compensation and Employers' Liability, which falls under Non-Life insurance and specifically within the Casualty class of business. Workers' Compensation is a type of casualty coverage involving liability for workplace injuries.

The agreement applies to a defined portfolio of business written by ACIC and automatically covers all qualifying risks within that portfolio (workers’ compensation and occupational disease), indicating it is an obligatory reinsurance treaty rather than facultative, where each risk is individually underwritten.

Therefore, the document is a reinsurance agreement, constitutes a main contract, is obligatory, non-proportional, pertains to Non-Life insurance, and falls under the Casualty class of business.",True,True,True,non-proportional,Non-Life,Casualty
2003-1091748-0001125282-03-002350-b323566ex_10-9.txt,"The document is a Trust Agreement established between Select Reinsurance Ltd (the Settlor), Capital G Trust Limited (the Trustee), and PXRE Reinsurance Ltd (the Beneficiary). Its primary purpose is to secure payment of obligations arising under certain Reinsurance Agreements between the Settlor and the Beneficiary. The trust holds assets to secure these obligations, and the Beneficiary can withdraw assets to cover unpaid or unreimbursed portions of the Settlor's share of losses and other financial obligations defined in the Reinsurance Agreements.

While the Trust Agreement references Reinsurance Agreements (specifically, an Aggregate Excess of Loss Retrocessional Reinsurance Agreement and another Aggregate Excess of Loss Reinsurance Agreement), and is directly connected to reinsurance, it is not itself a reinsurance contract. Instead, it functions as a security mechanism—a financial guarantee—to ensure performance under those reinsurance contracts. The document does not transfer insurance risk from one insurer to another; rather, it secures the payment obligations arising from such risk transfer.

According to the provided classification criteria, financial guarantees and other agreements that secure payment obligations arising from insurance or reinsurance contracts are explicitly excluded from being classified as reinsurance agreements. Therefore, this Trust Agreement, despite its close connection to reinsurance, does not qualify as a reinsurance agreement.

Because it is not a reinsurance agreement, the remaining classification fields (is_main_contract, is_obligatory, etc.) must be set to 'None'.",False,,,,,
2003-910110-0000950159-03-000649-exhibit10-2iii.txt,"The document is titled ""QUOTA SHARE REINSURANCE AGREEMENT ENDORSEMENT No. 3"" and explicitly refers to a reinsurance agreement between an insurance company (the ""Company"") and a reinsurer (American Re-Insurance Company). It amends an existing reinsurance agreement by modifying coverage terms, exclusions, and retention levels. The document references quota share participation (e.g., 100%, 90%, 85%), which is a hallmark of proportional reinsurance. It also discusses ceding and accepting net loss from policies, which confirms risk transfer typical of reinsurance.

However, this document is an endorsement — a modification to an existing agreement — not the main contract itself. It amends Articles I, III, and IV of the original agreement but does not contain all principal terms of the contract independently. Therefore, it is an ancillary agreement, not a main contract.

Because it amends an obligatory quota share treaty (which applies to entire classes of policies such as General Liability and Commercial Umbrella), the underlying agreement is obligatory. The endorsement itself modifies an obligatory treaty, so the agreement it pertains to is obligatory.

The reinsurance is clearly proportional, as it involves fixed percentage participations in losses (quota share), even with layered structures. There is no indication of excess-of-loss or stop-loss mechanisms that would make it non-proportional.

The policies covered — General Liability, Commercial Umbrella, and Unsupported Commercial Umbrella — are all liability coverages falling under Non-Life insurance. The class of business is Casualty, as it involves third-party liability coverage for commercial risks.",True,False,True,proportional,Non-Life,Casualty
2003-1091748-0001125282-03-006133-b327797ex10_2.txt,"The document is an amendment to the ""Amended and Restated Facultative Obligatory Quota Share Retrocessional Agreement"" between Select Reinsurance Ltd. and PXRE Reinsurance Company (and later including PXRE Reinsurance Ltd.). The title and content clearly indicate that this is a modification of an existing reinsurance agreement — specifically a retrocessional agreement, which falls under the definition of a reinsurance agreement. Therefore, the document is a reinsurance agreement.

However, this document is not a main contract; it is an amendment that modifies the terms of an existing reinsurance agreement. It does not establish a new reinsurance contract but alters an existing one (e.g., updating parties, trust accounts, arbitration, and jurisdiction clauses). Thus, it is an ancillary agreement.

The underlying agreement is described as a ""Facultative Obligatory Quota Share,"" which indicates it is an obligatory reinsurance agreement, as it involves automatic acceptance of ceded risks within defined parameters. Since this amendment modifies that obligatory contract and does not change its fundamental nature, the agreement remains obligatory.

The term ""Quota Share"" indicates that the reinsurance is proportional in nature, as quota share arrangements involve a fixed percentage sharing of premiums and losses. There is no indication of non-proportional elements dominating or creating a hybrid structure; thus, the agreement is proportional.

The document does not specify the type of insurance (Life or Non-Life) or the class of business (e.g., Property, Casualty, etc.). While PXRE historically operated in property and casualty reinsurance, the document itself contains no explicit reference to the underlying insurance type or class of business. Therefore, these cannot be determined from the text.",True,False,True,proportional,,
2003-1171500-0000950123-03-003615-y84608kexv10w33.txt,"The document is titled ""Intra-Group Asset Transfer Agreement"" and outlines the transfer of tangible assets from St. Paul Management Limited (the Transferor) to St. Paul Reinsurance Company Limited (the Transferee) for a specified consideration. The agreement is preparatory to a broader business transfer to Platinum Re (UK) Limited under a separate Business Transfer Agreement. 

The document does not establish a reinsurance contract or retrocession arrangement. Instead, it facilitates the movement of assets within a corporate group in connection with a corporate restructuring. While one party is a reinsurance company, the agreement itself does not involve the transfer of insurance risk, ceding of liabilities, or any reinsurance terms such as cession, retention, limits, or premiums tied to underwriting risk.

Therefore, this is not a reinsurance agreement. It is an internal corporate asset transfer, which falls outside the defined scope of reinsurance agreements. As such, all downstream classifications (main contract, obligatory, proportional/non-proportional, insurance type, class of business) are not applicable.",False,,,,,
2003-1091748-0001125282-03-002350-b323566ex_10-6.txt,"The document consists of two distinct parts: a Quota Share Endorsement and an Annex IV to an Aggregate Excess of Loss Agreement.

The first part is a ""Quota Share Endorsement"" to a ""Facultative Obligatory Quota Share Retrocessional Agreement."" It increases the ceded quota share from 40% to 50% and sets a $5,000,000 cession limit per reinsurance program. This is an amendment to an existing reinsurance agreement, specifically modifying terms of a proportional reinsurance arrangement. Since it modifies an existing reinsurance contract, it qualifies as a reinsurance agreement under the definition provided (as a document that modifies an existing reinsurance agreement).

The second part, Annex IV to an Aggregate Excess of Loss Agreement, replaces prior annexes and sets terms such as an aggregate retention based on net premium earned plus $60 million, an aggregate limit of $80 million, and a fixed premium. This is characteristic of a non-proportional (excess of loss) reinsurance structure.

However, the entire document is composed of amendments or modifications (an endorsement and an annex) to pre-existing reinsurance agreements. It does not establish a standalone reinsurance contract but rather updates terms of existing ones. Therefore, it is not a main contract but an ancillary agreement.

Because the document contains both a proportional (quota share) and a non-proportional (aggregate excess of loss) component, it is classified as ""hybrid."" However, since both are endorsements/annexes modifying existing contracts, the document is not a full standalone contract. Despite this, the presence of both proportional and non-proportional elements in modification documents still allows classification as hybrid for proportional_or_non_proportional.

The document does not specify whether the underlying risks are life or non-life. However, given that the retention is based on ""Net Premium Earned"" defined via statutory financial statement line items and the structure resembles typical property/casualty reinsurance (e.g., aggregate excess of loss with premium-based retention), and considering PXRE's known focus on property and casualty reinsurance, it is reasonable to infer Non-Life.

The class of business is not explicitly stated, but given the structure (aggregate excess of loss, quota share of facultative-obligatory writings), and PXRE's known operations in property and casualty markets, ""Multi-Line"" is a reasonable inference, as such treaties often cover multiple non-life lines.

The original agreement referenced is ""Facultative Obligatory,"" which falls under obligatory reinsurance (automatic acceptance of specified risks). The endorsement modifies terms of this obligatory contract. Thus, the document relates to an obligatory reinsurance arrangement.

In summary:
- It is a reinsurance agreement because it modifies existing reinsurance contracts.
- It is not a main contract because it is an endorsement and annex (ancillary).
- It relates to an obligatory reinsurance setup.
- It contains both proportional and non-proportional elements → hybrid.
- Insurance type: Non-Life, based on context and structure.
- Class of business: Multi-Line, as typical for such facultative-obligatory treaties.",True,False,True,hybrid,Non-Life,Multi-Line
2003-909109-0000893220-03-001916-w91619exv10w3.htm,"The document is an addendum to a reinsurance agreement, specifically ""Addendum No. 3 to the Casualty Excess Of Loss Reinsurance Agreement No. TC988A, B"". It modifies the terms of an existing reinsurance agreement between Philadelphia Consolidated Holding Corporation’s member companies and Swiss Reinsurance America Corporation. Since the document amends an existing reinsurance agreement, it falls under the category of documents that modify reinsurance contracts, which are explicitly considered reinsurance agreements per the provided definitions.

However, as an addendum, it does not establish a new reinsurance contract but rather modifies an existing one. Therefore, it is an ancillary agreement and not a main contract.

The agreement covers excess of loss reinsurance, which is a form of non-proportional reinsurance. The reinstatement clause (Article XXIII) and the structure of coverage based on loss layers (with a $5 million per loss occurrence limit and a $10 million aggregate limit) further confirm this is non-proportional.

The business covered includes liability lines such as automobile liability, other liability, and professional liability, which are all part of the Casualty class of business. This falls under Non-Life insurance. The premium is calculated as a percentage of subject earned premium, which is typical in non-proportional treaties with a deposit premium structure.

The agreement applies to all policies in force or new/renewed from January 1, 2003, indicating it is an obligatory treaty covering a defined portfolio of risks, not individual facultative risks. Thus, it is an obligatory reinsurance agreement.

The document contains only non-proportional features and no proportional elements, so it is classified as non-proportional.",True,False,True,non-proportional,Non-Life,Casualty
2003-896159-0000950131-03-002799-dex102.txt,"The document is a ""Third Amended and Restated Credit Agreement"" among several entities, including insurance and reinsurance companies such as ACE Bermuda Insurance Ltd. and ACE Tempest Reinsurance Ltd. However, the substance of the document pertains to a credit facility, including lenders, commitments, borrowings, covenants, and administrative agents. It outlines financial arrangements, repayment terms, and conditions for amendments to a credit facility, all of which are characteristic of a loan or credit instrument.

Although some parties involved are reinsurance entities, the document itself does not transfer insurance risk, define ceding or assuming of premiums or losses, or establish reinsurance terms. Instead, it governs a syndicated loan with financial covenants and lender coordination — a typical structure for corporate financing.

Per the classification guidelines, credit instruments such as loans and credit agreements are explicitly excluded from the definition of reinsurance agreements, even if the borrowers are reinsurance companies. Therefore, this is not a reinsurance agreement.

Because it is not a reinsurance agreement, all downstream fields (main contract, obligatory, proportional, etc.) must be set to None.",False,,,,,
2003-947484-0001047469-03-011134-a2105700zex-10_222.htm,"The document is an amendment to a Letter of Credit and Reimbursement Agreement. Although it references reinsurance (specifically stating that letters of credit may be issued ""solely for purposes of reinsurance""), the document itself is not a reinsurance agreement. Instead, it is a financial instrument—specifically, a letter of credit arrangement—used to support obligations, possibly arising from reinsurance, but not transferring insurance risk itself. 

According to the classification criteria, letters of credit are explicitly excluded from being considered reinsurance agreements, regardless of their purpose. Therefore, this document does not constitute a reinsurance agreement. Since it is not a reinsurance agreement, the subsequent fields (is_main_contract, is_obligatory, etc.) must be set to None.",False,,,,,
2003-310826-0000310826-03-000015-ex10fplico.htm,"The document is titled ""Indemnity Reinsurance Agreement"" and is explicitly between a ceding company (Protective Life Insurance Company) and a reinsurer (Fortis Benefits Insurance Company). It establishes a reinsurance arrangement where the reinsurer assumes 100% of the ""Policy Liabilities"" on a coinsurance basis, which is a hallmark of proportional reinsurance. The agreement involves the transfer of insurance liabilities related to group indemnity dental, life, disability, accident, and health policies, indicating it covers Non-Life (A&H) and some Life products. However, the primary focus appears to be on dental and group health-related policies, which fall under the ""Health"" class of business within Non-Life insurance. The agreement is comprehensive, includes cession, assumption, asset transfer, and ongoing administrative responsibilities, indicating it is a main contract. It is obligatory because it reinsures 100% of an entire block of policies (all in-force and runoff dental and A&H business), not on a facultative (per-policy) basis. The coinsurance structure (100% cession) confirms it is proportional. Therefore, all classification criteria are met based on the content.",True,True,True,proportional,Non-Life,Health
2003-775368-0000950123-03-012605-y91281exv10w9.txt,"The document is an amendment to an Assignment of Reinsurance Recoverables, which modifies an existing agreement related to reinsurance. Specifically, it removes one of the parties (Landmark) from the Assignment Agreement and amends a recital referencing ""Quota Share Reinsurance Agreements"" under which RIC and RSLIC cede 100% of liabilities on a quota share basis. This indicates that the underlying agreements are reinsurance treaties.

Since this document amends an existing reinsurance-related agreement and references quota share reinsurance (a form of proportional reinsurance), it qualifies as a reinsurance agreement under the definition provided, which includes documents that modify existing reinsurance agreements.

However, this document is not a main reinsurance contract itself. It is an ancillary agreement—an amendment to an assignment agreement related to reinsurance recoverables. It does not establish the core terms of a reinsurance contract but modifies an administrative or security arrangement tied to one.

Because it is not a main contract, further classification regarding obligatoriness, proportionality, insurance type, and class of business is based on the referenced underlying contracts. The amendment references ""Quota Share Reinsurance Agreements"" on a 100% basis, which are inherently obligatory (automatic cession of all risks in the defined portfolio) and proportional. The ceding companies are property and casualty insurers (e.g., ""Delaware property and casualty insurance company""), indicating Non-Life insurance and likely Property and/or Casualty class of business. Given that multiple ceding companies are involved and the structure appears broad, ""Casualty"" or ""Property"" could apply, but ""Multi-Line"" is appropriate if both are covered. However, the specific mention of ""property and casualty"" in the entity descriptions supports ""Multi-Line"" as the most accurate class.",True,,,,,
2003-775368-0000950123-03-009385-y88779exv10w45.txt,"The document provided is a list of contents for exhibits and schedules to a stock purchase agreement. While it references several reinsurance-related agreements—such as the ""Multiple Line Quota Share Reinsurance Agreement"" (Exhibit G) and the ""Multiple Line Quota Share Retrocession Agreement"" (Exhibit H)—the document itself is not a reinsurance agreement. Instead, it is an index or table of contents for a larger agreement (the RSUI Group, Inc. Stock Purchase Agreement), which is a corporate transaction document related to the sale of stock.

The presence of reinsurance agreements in the exhibits does not make this document a reinsurance agreement. Rather, this document is an ancillary listing of attachments to a broader corporate transaction. Therefore, it does not establish a reinsurance contract, nor is it a main or ancillary reinsurance agreement per se. It is a structural component of a stock purchase agreement.",False,,,,,
2003-775368-0000950123-03-009385-y88779exv10w43.txt,"The provided document is not the reinsurance agreement itself but rather a list of exhibits and schedules to a stock purchase agreement. One of the exhibits listed (Exhibit A) is titled ""RIC (Landmark) Quota Share Reinsurance Agreement,"" which indicates that a reinsurance agreement exists as a separate document. However, this document only references that agreement and does not contain its terms. Therefore, while it is associated with a reinsurance agreement, it is not itself a reinsurance agreement but an ancillary document to a stock purchase transaction. Since it does not establish or modify a reinsurance contract directly, it does not meet the criteria for being classified as a reinsurance agreement.",False,,,,,
2003-1069822-0001193125-03-037318-dex106.htm,"The document is a Change in Control Agreement between MONY Life Insurance Company and an executive, Richard Daddario. It outlines the terms and conditions of employment in the event of a change in control of the company, including compensation, benefits, termination provisions, restrictive covenants, and other executive protections. The agreement is focused on employment and executive compensation matters and does not involve the transfer of insurance risk from one insurer to another or any form of reinsurance. It is not a reinsurance agreement, retrocession, or any document that modifies such an agreement. Instead, it is an employment-related contract, specifically a change-in-control severance agreement, which falls outside the definition of reinsurance agreements as provided.",False,,,,,
2003-915781-0000950134-03-004591-c75577a1exv10w12.txt,"The document is titled ""CERTIFICATE OF REINSURANCE"" and references an ""Agreement of Reinsurance"" between the Workers' Compensation Reinsurance Association (WCRA) and RTW, Inc. It confirms reinsurance coverage for workers' compensation liabilities in excess of a retention limit ($350,000), which is characteristic of a non-proportional reinsurance arrangement. The coverage is tied to benefits under Minnesota workers’ compensation law (Minn. Stat. Ch. 176), which falls under Non-Life insurance and specifically the Casualty class of business. The document states it operates under the terms of a Reinsurance Agreement approved in 1999 that remains in force, indicating this certificate is not a standalone main contract but rather an ancillary document confirming participation in an existing reinsurance arrangement. As such, it is not a main contract. However, because it confirms participation in a reinsurance treaty governed by a state-mandated association and applies to all eligible liabilities above the retention, it reflects an obligatory reinsurance structure. The reinsurance is non-proportional because it covers losses in excess of a retention limit (excess-of-loss structure). Therefore, the document is a reinsurance-related certificate, but ancillary to the main agreement.",True,False,True,non-proportional,Non-Life,Casualty
2003-874977-0000950152-03-003734-l98135aexv10wtt.txt,"The document is the ""Fourth Amendment to State Auto Reinsurance Pooling Agreement,"" which amends an existing pooling agreement among several insurance companies. The agreement involves the cession and assumption of net liabilities and premiums among the parties, proportional sharing of underwriting results based on defined ""Respective Percentages,"" and the addition of a new party (State Auto Florida) to the pooling arrangement. These are hallmarks of a reinsurance pooling agreement, which falls under the definition of reinsurance as it involves risk transfer among affiliated insurers.

The document is an amendment to an existing pooling agreement and does not stand alone as a full reinsurance contract but instead modifies the terms of an existing agreement. Therefore, it is an ancillary agreement, not a main contract.

Because it is a pooling agreement where all parties automatically cede and assume a proportional share of underwriting results, it constitutes an obligatory reinsurance arrangement — all policies within the defined scope are included without case-by-case underwriting.

The risk transfer is based on fixed percentages (e.g., 59%, 18.3%, 0.7%, etc.) applied across all underwriting operations, which is characteristic of proportional reinsurance (specifically, a quota share arrangement).

The policies mentioned are property and casualty insurance, as indicated by the names of the companies (e.g., ""Property and Casualty Insurance Company"") and the context of the pooling agreement. There is no mention of life, health, or long-term care insurance.

Therefore, the insurance type is Non-Life, and the class of business is Multi-Line (since both Property and Casualty lines are pooled together under the same agreement).",True,,True,proportional,Non-Life,Multi-Line
2003-915781-0000950134-03-004970-c75465exv10w13.txt,"The document describes a reinsurance agreement between ACIC and two reinsurers, Everest Re and Platinum Underwriters Reinsurance, effective January 1, 2003. It outlines the liability of the reinsurers for losses in excess of specified retentions, which is characteristic of an excess of loss reinsurance structure. The coverage applies to Workers' Compensation and Employers' Liability Business, which are types of casualty insurance. The agreement covers losses arising from policies effective on or after January 1, 2003, indicating it is a prospective arrangement. The document summarizes the key terms of the reinsurance contracts, including loss layers, retention, limits, premium, and termination rights. Although it is labeled as a ""Description of the Reinsurance Agreement,"" it contains all principal terms necessary to establish the reinsurance arrangement, including the parties, coverage, limits, and premium, suggesting it functions as a main contract or at least a summary of binding contractual terms. The risk transfer is from a portfolio of policies (all business written by the company), not individual risks, indicating an obligatory reinsurance treaty. The structure—paying for losses in excess of a retention up to a specified limit—is clearly non-proportional (excess of loss). The insurance type is Non-Life, as Workers' Compensation is a casualty line of business. The class of business is Casualty, which includes Workers' Compensation and Employers' Liability.",True,True,True,non-proportional,Non-Life,Casualty
2003-915781-0000950134-03-004970-c75465exv10w12.txt,"The document is a Certificate of Reinsurance issued under the Agreement of Reinsurance between the Workers' Compensation Reinsurance Association (WCRA) and RTW Inc. It confirms reinsurance coverage for workers' compensation liabilities in excess of a retention limit, referencing a formally approved reinsurance agreement. This fits the definition of a reinsurance agreement as it involves risk transfer from an insurer (Member of WCRA) to a reinsurance association for losses exceeding a specified retention, governed by statutory framework (Minn. Stat. Ch. 176). Therefore, it is a reinsurance agreement.

The document itself is a certificate that references and operationalizes an underlying, formally approved reinsurance agreement. While it confirms coverage and key terms (coverage period, retention), it does so under the authority of a broader reinsurance agreement already approved by the Commissioner. It is not a standalone contract containing all principal terms but rather an ancillary document evidencing participation under a master agreement. Hence, it is not a main contract.

The reinsurance is obligatory because it covers all workers’ compensation liabilities of the member insurer above the retention limit, without case-by-case selection—this is characteristic of a treaty (obligatory) reinsurance arrangement. The structure (automatic coverage for all qualifying risks) confirms its obligatory nature.

The reinsurance is non-proportional because it covers losses in excess of a retention limit ($360,000), which is typical of excess-of-loss treaties. There is no indication of proportional sharing of premiums or losses; instead, the coverage attaches after a specific loss threshold, confirming its non-proportional nature.

The underlying insurance is workers’ compensation, which falls under casualty insurance and is a form of non-life (property and casualty) insurance. Workers’ compensation is a type of accident-related coverage for workplace injuries, clearly categorized as Non-Life.

The class of business is Casualty, as workers’ compensation is a core component of casualty insurance, covering liability arising from workplace injuries and occupational diseases.",True,False,True,non-proportional,Non-Life,Casualty
2003-1069822-0001193125-03-037318-dex107.htm,"The document is a ""Third Amended and Restated Change in Control Agreement"" between MONY Life Insurance Company and an executive, Victor Ugolyn. It outlines the terms and conditions of employment and benefits in the event of a change in control of the company. The agreement covers executive compensation, severance, restrictive covenants, and other employment-related provisions. It does not involve the transfer of insurance risk between insurers or reinsurers. Instead, it is an employment contract focused on executive retention and benefits upon a corporate event.

This document is fundamentally an employment agreement and not related to insurance or reinsurance. It does not mention any reinsurance, risk transfer between insurers, treaty terms, or any other elements characteristic of reinsurance contracts. Therefore, it does not meet any of the criteria for being classified as a reinsurance agreement.

As such, all downstream classifications (main contract, obligatory, proportional, insurance type, class of business) are not applicable.",False,,,,,
2003-1195933-0000950152-03-003749-l99910aexv10w13.txt,"The document is a License Agreement between Great American Insurance Company (Licensor) and Infinity Property and Casualty Corporation (Licensee). Its primary purpose is to grant a license to the Licensee to use certain trademarks and service marks (the ""Licensed Marks"") in connection with specific business services, including the Reinsured Business Services and Direct Business Services. While the agreement references a ""Reinsurance Agreement"" as a related document, the substance of this document is focused on intellectual property licensing, not on the transfer of insurance risk.

The agreement does not contain terms typical of a reinsurance contract, such as ceding of risk, premium payments, coverage limits, or claims handling responsibilities. Instead, it governs the use of trademarks, quality control, sublicensing, and termination of brand usage rights. Therefore, it is not itself a reinsurance agreement, but rather an ancillary agreement related to one.

Because it is not a reinsurance agreement, the subsequent classification fields (is_main_contract, is_obligatory, etc.) must be set to None.",False,,,,,
2003-915781-0000950134-03-004970-c75465exv10w10w2.txt,"The document describes a reinsurance agreement between American Compensation Insurance Company (ACIC) and General Reinsurance Corporation for the year 2003. It outlines loss layers where the reinsurer covers amounts in excess of ACIC's retention, which is characteristic of an excess-of-loss reinsurance structure. This type of agreement is explicitly listed as a reinsurance agreement in the provided definition.

The document establishes the principal terms of the reinsurance contract, including coverage layers, termination clauses, and premium arrangements. Although it is labeled as a ""Description of the Reinsurance Agreement,"" it contains sufficient detail to function as a main contract or a term sheet with all principal terms, thus qualifying as a main contract.

The agreement covers Workers' Compensation and Employers' Liability Business, which are obligatory lines of coverage for the insurer’s portfolio, and the reinsurer is obligated to accept all risks within the defined scope. This indicates an obligatory reinsurance arrangement.

The structure is clearly non-proportional, as it involves excess-of-loss layers where the reinsurer pays losses above specified retentions up to defined limits, rather than sharing a proportional percentage of all premiums and losses.

The insurance type is Non-Life, as Workers' Compensation and Employers' Liability fall under casualty insurance, which is a non-life product. The class of business is Casualty, as Workers' Compensation is a core component of casualty insurance.",True,True,True,non-proportional,Non-Life,Casualty
2003-803027-0000950152-03-009600-l03481aexv10wg.txt,"The document is an endorsement that amends an existing reinsurance agreement, specifically a ""PROPERTY PER RISK EXCESS OF LOSS REINSURANCE AGREEMENT."" Endorsements that modify the terms of an existing reinsurance agreement are explicitly considered reinsurance agreements under the provided definition. Therefore, this document qualifies as a reinsurance agreement.

However, it is not a main contract because it does not establish a new reinsurance contract but instead modifies an existing one. It is an ancillary agreement (an endorsement), which adjusts terms such as limits, exclusions, definitions, and premiums of the underlying treaty.

Because it amends an excess of loss reinsurance agreement—which is inherently non-proportional—the document pertains to a non-proportional reinsurance structure. The original contract is clearly non-proportional (per risk excess of loss), and the endorsement does not change the fundamental basis of the risk transfer.

The agreement covers property risks, particularly commercial and personal property exposures, and includes specific exclusions related to high-value property classes. This places it firmly within the Non-Life category and specifically under the ""Property"" class of business.

The reinsurance treaty being amended appears to be an obligatory treaty (as it covers ""in-force, new and renewal policies"" broadly), and endorsements to such treaties inherit the obligatory nature. Thus, the document supports an obligatory reinsurance arrangement.",True,False,True,non-proportional,Non-Life,Property
2003-1095073-0001095073-03-000015-guarantee.htm,"The document is a Guarantee Agreement between Everest Reinsurance Holdings, Inc. and JPMorgan Chase Bank, acting as Guarantee Trustee, for the benefit of the Holders of Preferred Securities issued by Everest Re Capital Trust. The agreement guarantees payments related to Preferred Securities, which are financial instruments issued by a trust. The Guarantor (Everest Reinsurance Holdings, Inc.) agrees to make payments if the Issuer (Everest Re Capital Trust) fails to do so.

However, the document does not establish a reinsurance agreement. Instead, it is a financial guarantee related to the payment obligations of preferred securities. According to the classification criteria, financial guarantees and other agreements that secure payment obligations arising from insurance or reinsurance contracts are explicitly **not** considered reinsurance agreements. This is a guarantee of payment for securities, not a risk transfer mechanism between insurers and reinsurers.

Since the document is not a reinsurance agreement, all subsequent classification fields (is_main_contract, is_obligatory, proportional_or_non_proportional, insurance_type, class_of_business) must be set to None.",False,,,,,
2003-1010247-0001169232-03-002363-d54670_ex10uu.htm,"The document is a Second Amendment to a Management Agreement between Anesthesiologists Professional Assurance Company, APA Management, Inc., and FPIC Insurance Group, Inc. It outlines the responsibilities, compensation, and financial targets related to the management of an insurance company, specifically focusing on the administration and operation of a professional liability insurance business for anesthesiologists. The agreement details management fees, expense allocations, performance incentives, and reporting obligations.

The document does not involve the transfer of insurance risk from one insurer to another or from a reinsurer to a retrocessionaire. Instead, it governs the relationship between a managing entity and an insurance company, specifying how the manager will operate the company and be compensated. This type of agreement is explicitly excluded from the definition of a reinsurance agreement under the provided criteria, as it is categorized as an ""Underwriting Agency Agreement"" or ""Management Agreement"" between a reinsurance/insurance company and a management entity.

Because this is not a reinsurance agreement, all downstream classifications (main contract, obligatory, proportional, insurance type, class of business) are not applicable and must be set to None.",False,,,,,
2003-3642-0000909518-03-000154-mv3-28ex10_e.txt,"The document is an addendum to a Pooling Reinsurance Agreement between Empire Insurance Company and Allcity Insurance Company. Pooling reinsurance agreements are explicitly listed as reinsurance agreements in the provided definition, as they fulfill a risk transfer objective similar to standard reinsurance. Therefore, this document qualifies as a reinsurance agreement because it modifies an existing reinsurance contract.

However, the document is not a main contract; it is an addendum that modifies an existing agreement by excluding certain real estate expenses and sublease income from the pooling arrangement. As such, it is an ancillary agreement rather than a standalone reinsurance contract.

Because it is an ancillary agreement and not a full reinsurance contract, attributes such as whether it is obligatory, proportional or non-proportional, the insurance type, and class of business cannot be determined from this document alone. These characteristics would pertain to the underlying main contract, which is not provided.",True,False,,,,
2003-947484-0001047469-03-036935-a2121850zex-10_6.htm,"The document is titled ""Amended and Restated Letter of Credit and Reimbursement Agreement Amendment No. 1"" and relates to a letter of credit and reimbursement arrangement among several entities, including reinsurance companies like Arch Reinsurance Ltd. However, the document itself is not a reinsurance agreement. Instead, it governs the issuance of letters of credit and reimbursement obligations between the Obligors and the lenders, with Fleet National Bank acting as agent and issuing lender. 

Letters of credit are explicitly excluded from the definition of reinsurance agreements per the instructions. The document amends an existing reimbursement agreement and releases Alternative Re Limited from its obligations, terminating associated security and custodian agreements. It does not establish, modify, or renew a reinsurance contract, nor does it transfer insurance risk between insurers and reinsurers. 

Because this is a financial instrument securing payment obligations (a letter of credit agreement), and not a risk transfer mechanism between ceding and assuming insurers, it does not qualify as a reinsurance agreement under any category listed.",False,,,,,
2003-1069822-0001193125-03-037318-dex103.htm,"The document is a ""Third Amended and Restated Change in Control Agreement"" between MONY Life Insurance Company and Michael I. Roth, an executive. It outlines the terms and conditions of employment in the event of a change in control of the company, including severance payments, benefits continuation, restrictive covenants, and other executive protections. The agreement governs the employment relationship and provides for compensation and benefits upon termination following a change in control.

This document is not a reinsurance agreement. It does not involve the transfer of insurance risk from one insurer to another (reinsurer), nor does it contain typical reinsurance provisions such as ceding commissions, loss settlements, or treaty terms. Instead, it is an executive employment and severance agreement, which falls outside the defined categories of reinsurance agreements. The document is related to corporate governance and executive compensation, not risk transfer between insurance entities.

Therefore, it is not a reinsurance agreement, and all subsequent fields related to reinsurance classification are not applicable.",False,,,,,
2003-1069822-0001193125-03-037318-dex105.htm,"The document is a ""Third Amended and Restated Change in Control Agreement"" between MONY Life Insurance Company and Samuel J. Foti, an executive. It outlines the terms and benefits applicable to the executive in the event of a change in control of the company, including severance payments, incentive compensation, retirement benefits, and restrictive covenants. The agreement is focused on employment terms and executive compensation, not on the transfer of insurance risk between insurers and reinsurers.

The document does not mention reinsurance, retrocession, risk transfer between insurance entities, or any other features characteristic of reinsurance agreements. Instead, it is an employment-related contract designed to secure executive retention and provide benefits upon certain triggering events related to corporate control.

Therefore, this document is not a reinsurance agreement. As a result, all subsequent classification fields related to reinsurance (main contract, obligatory, proportional, insurance type, class of business) are not applicable and should be set to 'None'.",False,,,,,
2003-775368-0000950123-03-012605-y91281exv10w1.txt,"The document is an ""Assignment and Assumption Agreement"" between Alleghany Insurance Holdings LLC (Assignor) and Underwriters Reinsurance Company (Assignee). It pertains to the assignment of rights and assumption of obligations under a Stock Purchase Agreement dated June 6, 2003, between Assignor and Guaranty National Insurance Company. The document does not establish a reinsurance contract; instead, it transfers rights and obligations related to a stock purchase, which is a corporate transaction. While the parties may be insurance or reinsurance entities, the agreement itself is not a reinsurance agreement. It does not involve risk transfer of insurance liabilities or ceded premiums, nor does it contain terms typical of reinsurance such as coverage limits, attachment points, or ceding commissions. Therefore, it falls outside the definition of a reinsurance agreement as per the provided criteria. Since it is not a reinsurance agreement, all downstream classifications (main contract, obligatory, etc.) are inapplicable.",False,,,,,
2003-1165880-0000950123-03-003130-y84582exv10w11.txt,"The document is a Pledge Agreement between Montpelier Reinsurance Ltd. and Fleet National Bank. Its primary purpose is to establish a security interest in certain collateral (cash, securities, deposit accounts) to secure the obligations arising from a Standby Letter of Credit Facility. The agreement details the terms under which the bank may issue letters of credit on behalf of the reinsurance company and the collateral backing those obligations.

Letters of credit are explicitly listed in the instructions as documents that are **not** considered reinsurance agreements. This document is a pledge agreement securing a letter of credit facility, which falls under the category of financial guarantees or credit instruments, not risk transfer between insurers and reinsurers. Therefore, it does not constitute a reinsurance agreement.

Since it is not a reinsurance agreement, all subsequent classification fields (is_main_contract, is_obligatory, etc.) must be set to None.",False,,,,,
2003-913144-0000950136-03-000745-file006.txt,"The document is an employment agreement between Renaissance Reinsurance Ltd. and an employee, John D. Nichols, Jr. It outlines terms of employment, including duties, compensation, termination, confidentiality, and non-competition obligations. While the employer is a reinsurance company, the document itself does not establish any reinsurance or retrocession contract. Instead, it is a contract for personal services and falls under the category of an employment agreement.

According to the provided classification criteria, employment agreements are not considered reinsurance agreements. They are distinct from reinsurance contracts and do not transfer insurance risk between insurers. Therefore, this document is not a reinsurance agreement, nor is it an ancillary agreement to one.

Since the document is not a reinsurance agreement, all subsequent fields that pertain to reinsurance characteristics (main contract, obligatory nature, proportional/non-proportional, insurance type, class of business) must be set to 'None'.",False,,,,,
2003-1091748-0001125282-03-006133-b327797ex10_1.txt,"The document is an endorsement to a Facultative Obligatory Retrocessional Agreement, which modifies an existing reinsurance agreement. Since endorsements are explicitly listed as ancillary agreements that modify existing reinsurance contracts, this document qualifies as a reinsurance agreement under the provided definitions. However, it is not a main contract because it is an ancillary agreement (an endorsement) that amends an existing contract rather than establishing a new or full reinsurance contract. Because it references a ""Facultative Obligatory"" agreement and adjusts the participation percentage and terms, the underlying contract is obligatory, and thus this document relates to an obligatory reinsurance arrangement. The document specifies an 8% share of the net retained line and premium, which indicates a proportional allocation of risk and premium, characteristic of proportional reinsurance. However, the lack of detailed information on the underlying coverage prevents a definitive classification of insurance type and class of business. Given that the document is an amendment and not a full contract, and without explicit details on coverage, these fields are marked as 'None'.",True,False,True,proportional,,
2003-1069822-0001193125-03-037318-dex109.htm,"The document is a ""Third Amended and Restated Change in Control Agreement"" between MONY Life Insurance Company and an Executive. It outlines employment terms, benefits, and protections in the event of a change in control of the company. The agreement covers severance payments, compensation continuation, restrictive covenants, and other executive benefits upon termination under specific circumstances following a change in control.

This document is fundamentally an employment agreement, specifically a change-in-control severance agreement, and does not involve the transfer of insurance risk from one insurer to another or among reinsurers. It does not contain any provisions typical of reinsurance contracts such as ceded premiums, assumed liabilities, reinsurance recoverables, or coverage for insurance policies.

Therefore, it does not meet the definition of a reinsurance agreement or any of its recognized forms (e.g., retrocession, RPP, catastrophe bond, etc.). It is also not ancillary to a reinsurance contract. Instead, it is a corporate governance and executive compensation document.

As such, it is not a reinsurance agreement, and all downstream classifications (main contract, obligatory, proportional, etc.) are not applicable.",False,,,,,
2003-910110-0000950159-03-000893-pagiexhibit1.txt,"The document is an endorsement to an existing reinsurance agreement, specifically amending and adding provisions to a Property and Casualty Excess of Loss Reinsurance Agreement. It modifies exclusions, adds a new exhibit (Exhibit C) for ""Massage Program Excess of Loss,"" and adjusts warranties and premium terms. Since it modifies the terms of an existing reinsurance agreement, it qualifies as a reinsurance agreement under the definition provided (ancillary agreements that modify existing reinsurance contracts are included).

However, because it is an endorsement—meaning it amends or supplements an existing agreement rather than establishing a standalone reinsurance contract—it is not a main contract. It is an ancillary agreement.

The underlying agreement is an excess of loss contract, which is a form of non-proportional reinsurance. Exhibit C explicitly states that the Reinsurer is liable only after the Company’s loss exceeds $1,000,000 per occurrence, with a fixed limit of $1,000,000 in excess, which is characteristic of non-proportional (excess of loss) reinsurance.

The agreement covers Massage Program business under general liability, which falls under casualty insurance, and the broader category is Non-Life insurance.

Therefore, the classification is based on the nature of the document as an ancillary reinsurance document modifying a non-proportional, obligatory treaty covering casualty risks in the non-life sector.",True,False,True,non-proportional,Non-Life,Casualty
2003-1095073-0001095073-03-000009-ex1031.txt,"The document is a ""Second Amendment to Credit Agreement, Consent and Waiver"" involving Everest Reinsurance Holdings, Inc., various lenders, and Wachovia Bank as administrative agent. It amends an existing credit agreement by extending the maturity date and adjusting the pricing matrix based on credit ratings. The document pertains to a credit facility and financial covenants, not to risk transfer between insurers and reinsurers.

Although the borrower has ""Reinsurance"" in its name, the document itself is a credit agreement amendment, which is explicitly listed as not being a reinsurance agreement. It is a financial instrument related to lending and does not establish or modify a reinsurance contract. Therefore, it is not a reinsurance agreement.

Since it is not a reinsurance agreement, all downstream fields that depend on that classification (is_main_contract, is_obligatory, proportional_or_non_proportional, insurance_type, class_of_business) must be set to None.",False,,,,,
2003-80424-0000950152-03-008195-l02788aexv10w3.txt,"The document is an executive group life insurance policy between The Procter & Gamble Company and Metropolitan Life Insurance Company. It outlines the terms of a life insurance contract covering P&G executives, including underwriting criteria, cost of insurance charges, policy administration, and investment structure. The policy is a direct insurance arrangement for key employees and does not involve the transfer of risk from one insurer to another. It lacks any reinsurance-specific language such as ceding, retrocession, treaty terms, or risk transfer between insurers. Instead, it describes premium allocation, death benefits, administrative services, and tax compliance for a corporate-owned life insurance plan. Therefore, it is a direct life insurance policy and not a reinsurance agreement. Since it is not a reinsurance agreement, all subsequent reinsurance-specific classification fields must be set to None.",False,,,,Life,Mortality
2003-1051628-0000893220-03-000638-w85495exv10w47.txt,"The document is a Letter of Intent concerning a retrocession agreement between XL Mid Ocean Reinsurance Ltd and Annuity & Life Reassurance, Ltd. Retrocession agreements are explicitly listed as reinsurance agreements under the provided criteria. The agreement involves the retrocession of portions of life reinsurance business originally reinsured from Old Mutual, using modified coinsurance (proportional) and YRT (Yearly Renewable Term, a non-proportional method) for longevity risk. Because it establishes the principal terms of a retrocession arrangement — including method, premium, benefits, and effective date — and is signed by both parties, it constitutes a main contract. The use of both proportional (modified coinsurance, 15% quota share) and non-proportional (YRT) methods indicates a hybrid structure. The underlying business is life reinsurance, specifically involving longevity risk, which falls under Life insurance and the ""Longevity"" class of business. Since the agreement transfers risk from a defined portfolio (not individual named insureds) and includes automatic risk transfer mechanisms, it is considered obligatory.",True,True,True,hybrid,Life,Longevity
2003-3642-0000909518-03-000154-mv3-27_add8.txt,"The document is an addendum to a Pooling Reinsurance Agreement between Empire Insurance Company and Allcity Insurance Company. It modifies the existing pooling agreement by terminating a prior addendum and amending Article VII. Pooling reinsurance agreements are considered reinsurance agreements under the provided definition, as they involve risk transfer between insurers through shared portfolios. This document is an ancillary agreement because it amends an existing reinsurance contract rather than establishing a new one. Since it is not a standalone reinsurance contract but a modification, it is not a main contract. Therefore, questions about whether it is obligatory, proportional or non-proportional, insurance type, and class of business do not apply, as these pertain only to full reinsurance contracts.",True,,,,,
2003-814585-0000950130-03-002644-dex1004.txt,"The document is a ""Third Amended and Restated Credit Agreement"" between MBIA Insurance Corporation and several banks. It outlines the terms of a credit facility, including loan commitments, interest rates, repayment terms, and security. The document involves the borrowing of funds by MBIA Insurance Corporation from a syndicate of banks, secured by certain collateral (Pledged Recoveries and Pledged Premiums). The document contains standard clauses for a credit agreement, such as conditions precedent, covenants, events of default, and provisions for the administrative agent.

The document is clearly a credit agreement and not a reinsurance agreement. Reinsurance agreements involve the transfer of insurance risk from one insurer (the ceding company) to another (the reinsurer). This document, however, deals with a financial loan between a corporation and banks, which is a type of credit instrument. The list of documents that are NOT considered reinsurance agreements explicitly includes ""Bonds, loans and credit instruments except for Catastrophe Bonds and other Insurance Linked Securities as described above."" This document is a standard credit agreement, not a Catastrophe Bond or Insurance Linked Security, which are specialized financial instruments designed to transfer insurance risk to capital markets. Therefore, this is a standard loan and not a reinsurance contract.",False,,,,,
2003-1010247-0001169232-03-003694-d55550_ex-10ww.htm,"The document is titled ""REINSURANCE AGREEMENT AMENDMENT NO. 1 TO THE 2002 FINAL PLACEMENT SLIP"" and explicitly amends an existing reinsurance agreement. It references a ""Net Account Quota Share Reinsurance Agreement"" and modifies key terms such as effective dates, ceding commissions, retention and limits, premium cessions, and funding mechanisms. The presence of quota share terms (e.g., 100% and 50% cessions) indicates a proportional reinsurance structure. Amendments to reinsurance agreements are explicitly listed as reinsurance agreements under the definition provided.

The document is an amendment to an existing agreement, not a standalone main contract. While it contains substantive terms, it modifies an underlying agreement rather than establishing the full reinsurance contract independently. Therefore, it is an ancillary agreement.

The original agreement appears to be a treaty-style quota share, which is obligatory, as it covers broad categories of policies (Sections A, B, and C) written or renewed during specified periods. The amendment retains this structure, confirming it as an obligatory reinsurance arrangement.

The use of ""quota share"" across all sections confirms the reinsurance is proportional. Although there are ceding commission adjustments based on loss ratios (which are common in proportional treaties), these do not change the fundamentally proportional nature.

The underlying policies are related to professional liability, likely medical or legal malpractice, which falls under casualty insurance. This is a non-life insurance product. The class of business is best classified as ""Casualty"" given the nature of professional liability coverage.",True,False,True,proportional,Non-Life,Casualty
2003-775368-0000950123-03-012605-y91281exv10w7.txt,"The document is an amendment to a Trust Agreement that references a ""Quota Share Reinsurance Agreement"" and is related to reinsurance provided under that agreement. The Trust Agreement appears to secure financial statement credit for reinsurance obligations, and this amendment modifies the terms of the trust, including removing a beneficiary (Landmark) and updating notice and agency provisions. The mention of a ""Quota Share Reinsurance Agreement"" indicates that the underlying agreement is a proportional reinsurance treaty. Since this document amends the trust established in connection with that reinsurance, it qualifies as a document that modifies the terms of an existing reinsurance agreement. Therefore, it is a reinsurance-related document under the definition provided.

However, this is not a main reinsurance contract itself; it is an ancillary agreement (an amendment to a trust agreement) that supports the reinsurance arrangement. It does not establish the reinsurance contract but rather modifies administrative and security provisions tied to it. Thus, it is not a main contract.

Because it is ancillary and not a standalone reinsurance contract, we cannot classify it as obligatory or non-obligatory, nor can we directly classify it as proportional or non-proportional — although the referenced ""Quota Share"" agreement is proportional, the amendment itself is not the reinsurance contract. The amendment pertains to property and casualty insurers (RIC, RSLIC, Landmark, Grantor), which are Non-Life entities. The class of business can be inferred as Property and Casualty, which falls under ""Multi-Line"" or potentially ""Property"" and ""Casualty"". Given the lack of specific detail on the underlying risks, but with clear indication of property and casualty insurance companies, and considering that ""Multi-Line"" is appropriate when multiple classes are involved or unspecified, ""Multi-Line"" is a reasonable classification. However, since the document is not the main reinsurance contract, the classification fields should reflect that the document is ancillary.

Ultimately, while the document is related to reinsurance, it is ancillary. Therefore, for fields that require a full reinsurance contract (is_main_contract, is_obligatory, proportional_or_non_proportional, insurance_type, class_of_business), the appropriate response is 'None' where required.",True,,,,Non-Life,Multi-Line
2003-1069996-0001116502-03-001685-exhibit1023.txt,"The document is a Managing General Agency Agreement between American Vehicle Insurance Company (the ""Company"") and Assurance Managing General Agents, Inc. (the ""General Agent""). The agreement outlines the responsibilities of the General Agent in underwriting, marketing, administering, and managing private passenger automobile insurance policies in Florida on behalf of the Company.

The agreement explicitly states in Article III, Section 3.6, that ""The General Agent shall have no authority to negotiate, cede, or accept reinsurance on behalf of the Company."" This clearly indicates that the document does not establish a reinsurance arrangement. Instead, it governs the relationship between an insurer and a managing general agent for the administration of direct insurance policies.

The document grants the General Agent authority to solicit, underwrite, issue, and administer direct insurance policies (specifically private passenger automobile insurance), collect premiums, and provide claims administration services under the supervision and direction of the insurer. These are all activities associated with direct insurance, not reinsurance.

Furthermore, the document is categorized as a ""Managing General Agency Agreement,"" which is listed in the exclusion criteria as not being a reinsurance agreement. The services provided include policy administration, claims processing, premium collection, and regulatory compliance for direct insurance policies.

Therefore, this document is not a reinsurance agreement but rather an agency agreement for the administration of direct insurance business.",False,,,,,
2003-1171500-0000950123-03-009440-y89152exv10w9.txt,"The document is a letter amendment to a prior letter agreement concerning the employment terms of Michael D. Price, specifically amending the base salary provision. It does not involve any risk transfer between insurers and reinsurers, nor does it contain terms typical of reinsurance agreements such as coverage limits, premiums, cessions, or policy terms. Instead, it is an employment-related amendment. Therefore, it does not qualify as a reinsurance agreement under any of the defined categories. Since it is not a reinsurance agreement, all subsequent classification fields must be set to 'None'.",False,,,,,
2003-875159-0000930413-03-002466-c28973_ex10-63.htm,"The document is a set of general conditions for the issuance of standby letters of credit between PARIBAS and LE MANS RE, a reinsurance company. The letters of credit are intended to support LE MANS RE’s reinsurance operations by guaranteeing its obligations under reinsurance contracts. However, the document itself is not a reinsurance agreement; it is a financial instrument (a letter of credit arrangement) that secures payment obligations arising from reinsurance contracts. 

According to the classification guidelines, letters of credit are explicitly listed as **not** being reinsurance agreements. While the document references reinsurance operations, it does not establish a risk transfer mechanism between an insurer and reinsurer. Instead, it governs the issuance and terms of credit instruments used as collateral.

Because this is not a reinsurance agreement, all downstream fields that depend on the existence of a reinsurance contract (such as whether it is a main contract, obligatory, proportional, etc.) must be set to `None`.",False,,,,,
2003-947484-0001047469-03-011134-a2105700zex-10_224.htm,"The document is titled ""LETTER OF CREDIT AND REIMBURSEMENT AGREEMENT AMENDMENT NO.3"" and pertains to a Letter of Credit and Reimbursement Agreement among several Arch Reinsurance entities and Fleet National Bank. The agreement outlines the terms under which the Lender (Fleet National Bank) issues irrevocable Letters of Credit on behalf of the Obligors, which are reinsurance companies. The document amends the maximum aggregate face amount of Letters of Credit, particularly Five-Year Letters of Credit, and includes provisions related to collateral and renewal.

Letters of Credit are explicitly listed in the instructions as **not** being reinsurance agreements. They are financial instruments used to secure payment obligations, often in support of reinsurance or other insurance activities, but they do not themselves transfer insurance risk. The document does not establish a reinsurance contract, nor does it renew, amend, or modify the terms of a reinsurance agreement—rather, it amends a reimbursement agreement related to Letters of Credit.

Therefore, this is not a reinsurance agreement. As a result, all subsequent fields that depend on the document being a reinsurance agreement must be set to None.",False,,,,,
2003-814585-0000950130-03-002644-dex1006.htm,"The document is titled ""Amended and Restated Reinsurance Agreement"" and is explicitly described as such in the metadata and text. It involves a ceding company (MBIA Assurance S.A.) transferring risk to a reinsurer (MBIA Insurance Corporation) on an excess of loss basis for financial guaranty insurance. This fits the definition of a reinsurance agreement, specifically an aggregate excess of loss treaty, which is a type of non-proportional reinsurance.

The agreement amends and restates a prior reinsurance contract, which is listed as a reinsurance agreement under the definitions provided (documents that renew, amend, or otherwise modify an existing reinsurance agreement are considered reinsurance agreements). Therefore, it qualifies as a reinsurance agreement.

It establishes the full terms of the reinsurance relationship, including coverage, limits, premiums, claims handling, and dispute resolution. It is not merely an ancillary document like an endorsement or commutation, but a comprehensive reinsurance contract. In fact, it replaces the prior agreement in its entirety, making it a main contract.

The agreement covers all financial guaranty insurance written by the ceding company, as defined under New York law, which indicates it is an obligatory treaty—risk is automatically ceded for all qualifying policies, not on a case-by-case facultative basis.

The structure is excess of loss (reinsurer covers losses incurred in excess of a retention calculated as the greater of $500,000 or 40% of net earned premium), with a cap per year. This is a classic non-proportional structure. There is no proportional sharing of premiums or losses, and the premium is not tied to a fixed percentage of ceded premiums beyond a formula-based calculation. The contingent commission does not make it proportional, as it is a profit-sharing mechanism common in non-proportional treaties.

The underlying insurance is financial guaranty insurance, which is a form of credit enhancement typically covering defaults on bonds or other obligations. This falls under Non-Life insurance and is categorized as Specialty risk, which includes financial and credit lines of business.

Thus, all classification criteria can be determined with confidence based on the document content.",True,True,True,non-proportional,Non-Life,Specialty
2003-1137048-0000909567-03-001202-t10995exv10w1.htm,"The document is an underwriting agreement for the issuance of $150,000,000 aggregate principal amount of 7.65% Senior Notes due 2013 by Odyssey Re Holdings Corp. It outlines the terms under which the underwriters will purchase and resell the senior notes, representations and warranties by the company, conditions to closing, indemnification, and other related provisions. The document pertains to a debt financing transaction and involves securities (senior notes), not insurance or reinsurance contracts.

Although the company (Odyssey Re Holdings Corp) is a reinsurance holding company (as indicated by its name and subsidiaries listed in Schedule II, such as Odyssey America Reinsurance Corporation), the document itself is not a reinsurance agreement. Instead, it is a securities underwriting agreement for senior notes, which falls under the category of capital market instruments.

According to the provided classification rules, bonds and credit instruments (except Catastrophe Bonds and other Insurance Linked Securities that fulfill a risk transfer objective similar to reinsurance) are not considered reinsurance agreements. Since these are standard senior notes without any indication of risk transfer functionality akin to reinsurance, they are not reinsurance contracts.

Therefore, the document is not a reinsurance agreement, nor is it a main contract, obligatory reinsurance, or proportional/non-proportional reinsurance. The downstream fields (is_main_contract, is_obligatory, etc.) must be set to None as the document is not a reinsurance agreement at all.",False,,,,,
2003-910110-0000950159-03-000649-exhibit10-2ii.txt,"The document is titled ""QUOTA SHARE REINSURANCE AGREEMENT ENDORSEMENT No. 2"" and explicitly refers to an amendment of an existing Quota Share Reinsurance Agreement between Penn-America Insurance Company and American Re-Insurance Company. The term ""Quota Share"" indicates a proportional reinsurance arrangement, which falls squarely under the definition of a reinsurance agreement. The document modifies the exclusions section of the original agreement, specifically adding an exclusion related to fungal pathogens and bacteria. As an endorsement, it is an ancillary agreement that modifies an existing reinsurance contract rather than establishing a new one. Therefore, while it is part of a reinsurance agreement, it is not a main contract. Because it relates to a treaty-style quota share agreement (which covers a portfolio of policies), the underlying contract is obligatory. The endorsement does not change this nature. The subject matter of the exclusion—fungal pathogens and bacteria in general liability or umbrella policies—suggests coverage typically associated with casualty or general liability insurance, which is Non-Life. The class of business is most likely Casualty, as it pertains to general liability policies, which are a core component of casualty insurance.",True,False,True,proportional,Non-Life,Casualty
2003-775368-0000950123-03-009385-y88779exv10w18.txt,"The document is a Trust Agreement established among Royal Indemnity Company, Royal Surplus Lines Insurance Company, Landmark American Insurance Company (collectively the ""Beneficiary""), Underwriters Reinsurance Company (the ""Grantor""), and LaSalle Bank National Association (the ""Trustee""). The agreement explicitly references and is connected to ""Quota Share Reinsurance Agreements"" effective July 1, 2003, between the Grantor and the Beneficiary. The Trust Account is created to serve as collateral for amounts due under those reinsurance agreements.

Although the Trust Agreement supports a reinsurance arrangement and references reinsurance contracts, it is not itself a reinsurance contract. Instead, it is a financial security mechanism (a trust) designed to secure performance under an underlying reinsurance agreement. It does not establish the terms of risk transfer, ceding, or coverage typical of a reinsurance contract. Rather, it governs the maintenance, use, and release of collateral assets.

Therefore, while the document is ancillary to a reinsurance agreement, it does not constitute a reinsurance agreement itself under the provided definitions. It is not a reinsurance or retrocession contract, nor is it a renewal, amendment, or novation of such a contract — it is a standalone trust instrument for securing obligations arising from reinsurance.

Because it is not a reinsurance agreement, all downstream classifications (main contract, obligatory, proportional, etc.) must be set to None.",False,,,,,
2003-913144-0001193125-03-038705-dex104.txt,"The document is an ""Amended and Restated Employment Agreement"" between Renaissance Reinsurance Ltd. and an employee, John D. Nichols, Jr. It outlines the terms and conditions of employment, including duties, compensation, termination, confidentiality, non-competition, and indemnification. While the employer is a reinsurance company (Renaissance Reinsurance Ltd.), the document itself is a contract for employment and not a reinsurance agreement. It does not involve the transfer of insurance risk from one insurer to another, nor does it contain any reinsurance-specific terms such as ceding commissions, loss sharing, or treaty structures. Therefore, it does not meet any of the criteria for being classified as a reinsurance agreement.",False,,,,,
2003-851207-0000950134-03-004155-c74668exv10w13.txt,"The document is a Resignation Agreement between Joseph M. Konradt, First Federal Savings Bank LaCrosse-Madison, and First Federal Capital Corp. It outlines severance payments, benefits, releases of claims, and other post-employment terms following the executive’s resignation. The document references two entities with ""Reinsurance"" in their names: ""First Reinsurance, Inc."" and ""F.F. Mortgage Reinsurance, Inc."", and notes the executive’s resignation from officer and director positions in these entities. However, the document itself is not a reinsurance agreement. It does not establish, modify, or relate to a reinsurance contract. Instead, it is an employment-related severance and release agreement. The presence of reinsurance company names in the context of corporate positions does not transform this document into a reinsurance agreement. Therefore, it falls outside the defined categories of reinsurance agreements and is instead a corporate/executive separation agreement.",False,,,,,
2003-1033032-0000950134-03-015244-d10206exv10w1.txt,"The document is a ""Contract of Sale"" between Silverleaf Resorts, Inc. (Seller) and Reed Kline (Purchaser) for the sale of real property in Missouri. It outlines the terms of the sale, including the purchase price, earnest money deposit, due diligence and inspection periods, representations and warranties by the seller, closing procedures, proration of taxes, and indemnification clauses. The document pertains to a real estate transaction involving land and improvements, and there is no mention of insurance, risk transfer, or reinsurance mechanisms.

Although Article IX mentions that ""the cost of reinsurance reasonably required by Purchaser shall also be paid by Purchaser,"" this reference is incidental and relates to title insurance reinsurance, which is a cost borne by the purchaser in a real estate transaction. It does not indicate that the document itself is a reinsurance agreement. The term is used in the context of title insurance endorsements and reinsurance of title risk, not as a standalone reinsurance contract.

Therefore, the document is not a reinsurance agreement. It is a real estate purchase agreement. Since it is not a reinsurance agreement, all subsequent classification fields related to reinsurance (main contract, obligatory, proportional, insurance type, class of business) must be set to None.",False,,,,,
2003-29915-0001047469-03-015647-a2109542zex-10_t.htm,"The document provided is a Summary Plan Description (SPD) for three life insurance benefit plans offered by The Dow Chemical Company to its retirees: the Retiree Company Paid Life Insurance Plan, the Pre-65 Retiree Optional Life Insurance Plan, and the Retiree Dependent Life Insurance Plan. These are employee welfare benefit plans governed by ERISA and are funded through group term life insurance policies underwritten by Metropolitan Life Insurance Company (MetLife).

Although the document mentions a ""Joint Insurance Arrangement"" between MetLife and Dorinco Reinsurance Company, where Dorinco assumes a portion of the risk and shares liability for claims, this arrangement is structured as a coinsurance or risk-sharing agreement between two insurers rather than a reinsurance contract where one insurer (the reinsurer) assumes risk from another insurer (the ceding company) in exchange for a premium. Furthermore, the arrangement is approved by the U.S. Department of Labor under ERISA and is designed to ensure claim payment security for plan participants, not to transfer underwriting risk in a commercial reinsurance context.

The document explicitly states that it is a summary of employee benefit plans, not a contract of insurance or reinsurance. It outlines eligibility, coverage levels, enrollment procedures, and claims processes for retirees and their dependents. The primary purpose is to communicate benefits to participants, not to establish a reinsurance relationship.

Therefore, the document is not a reinsurance agreement. It is an insurance policy (specifically, a group life insurance plan) provided directly to employees and retirees. As such, it falls under the category of direct insurance contracts, which are explicitly excluded from the definition of reinsurance agreements.

Since the document is not a reinsurance agreement, all subsequent fields that pertain to characteristics of reinsurance contracts (main contract, obligatory, proportional, etc.) are not applicable and must be set to None.",False,,,,,
2003-947484-0001047469-03-011134-a2105700zex-10_223.htm,"The document is titled ""LETTER OF CREDIT AND REIMBURSEMENT AGREEMENT AMENDMENT NO.2"" and is explicitly an amendment to a Letter of Credit and Reimbursement Agreement. It details modifications to the aggregate face amount of Five-Year Letters of Credit issued by Fleet National Bank for several Arch Reinsurance entities. 

According to the classification guidelines provided, ""Letters of credit"" are explicitly listed under documents that are NOT considered reinsurance agreements. While the parties involved include reinsurance companies (Arch Reinsurance Ltd., Arch Reinsurance Company, Alternative Re Limited, Arch Insurance Company), the document itself is a financial instrument (letter of credit agreement) that supports reinsurance transactions but does not constitute a reinsurance agreement.

Since this is not a reinsurance agreement at all, all subsequent classification fields (is_main_contract, is_obligatory, proportional_or_non_proportional, insurance_type, and class_of_business) must be set to None as specified in the instructions.",False,,,,,
2003-947716-0000950144-03-012960-g85911exv10w2.txt,"The document is an amendment to an existing reinsurance agreement, specifically the ""Automatic Flexible Premium Variable Life Reinsurance Agreement Number 3."" Amendments that modify the terms of an existing reinsurance agreement are explicitly considered reinsurance agreements under the provided criteria. Therefore, the document qualifies as a reinsurance agreement.

However, this document is not a main contract but an ancillary agreement, as it amends terms (specifically Article IX and Schedule B4) of an already existing reinsurance contract. It does not establish a new reinsurance contract or contain all principal terms independently.

Because it is an amendment to a life reinsurance agreement and the underlying contract is a life reinsurance treaty, it is likely obligatory in nature—treaty reinsurance for life products is typically obligatory. The amendment pertains to reserve methodology and assumptions, which supports that it is part of a treaty framework.

Regarding the structure of the reinsurance, the document references a ""Variable Life Reinsurance Agreement"" and includes detailed reserve calculations based on mortality, premiums, and benefits. The use of net premium reserves and alignment with statutory life insurance valuation methods suggests it is a non-proportional arrangement, typical for life reinsurance such as excess mortality or stop-loss. However, life reinsurance, especially variable life, may sometimes include proportional elements. But given the focus on benefit reserves calculated via net premium method and the absence of quota share or surplus language, this is likely non-proportional.

The insurance type is clearly Life, as the agreement references Variable Life insurance, mortality tables (80 CSO), and death benefits. The class of business for life reinsurance with a focus on mortality assumptions and death benefits falls under ""Mortality.""",True,False,True,non-proportional,Life,Mortality
2003-1171500-0000950123-03-003615-y84608kexv10w39.txt,"The document is titled ""Services and Capacity Reservation Agreement"" and is entered into between Platinum Underwriters Holdings, Ltd. and RenaissanceRe Holdings Ltd. The agreement outlines services to be provided by RenaissanceRe (via its affiliates) to Platinum's reinsurance subsidiaries, including consulting services related to risk measurement and management of catastrophe exposures and retrocession pricing indications for property catastrophe treaties. However, the document does not establish a reinsurance contract itself. Instead, it sets forth a framework for providing advisory services and reserving capacity, with compensation structured via an upfront fee and an adjustment fee based on Platinum’s gross written premium.

The agreement explicitly states that Renaissance shall not make management decisions or commit the Company to any course of action, and all decisions remain the sole responsibility of the Company. This indicates that no risk transfer occurs directly under this agreement. Furthermore, while retrocession pricing indications are provided, actual retrocessional coverage is referenced as being bound separately (""in addition to any retrocessional premiums paid""), suggesting that any reinsurance is governed by other agreements.

Therefore, this document is not a reinsurance agreement but rather an ancillary service agreement. It does not transfer insurance risk, lacks key terms of a reinsurance contract (such as ceding percentages, limits, or attachment points), and focuses on consulting and capacity reservation. As such, it falls under the category of a service agreement between reinsurance entities and is not itself a reinsurance contract.",False,,,,,
2003-96223-0000096223-03-000035-fleetcred.txt,"The document is an ""Amended and Restated Revolving Credit Agreement"" between Leucadia National Corporation and several banks, led by Fleet National Bank as the administrative agent. The agreement outlines the terms for a revolving credit facility, including loan commitments, interest rates, fees, covenants, and conditions for borrowing. It is a standard corporate credit agreement that governs the lending of funds from a syndicate of banks to a corporation.

This document is not a reinsurance agreement. It does not involve the transfer of insurance risk from one insurer (the cedant) to another (the reinsurer). Instead, it is a financial instrument for corporate borrowing. The agreement includes provisions for loans, interest, repayment, and financial covenants, which are characteristic of credit facilities, not reinsurance contracts.

According to the provided definitions, reinsurance agreements include contracts where one insurer transfers risk to another, retrocession agreements, and related risk transfer instruments. The listed exclusions explicitly state that ""Bonds, loans and credit instruments"" are not considered reinsurance agreements, with the sole exception being Catastrophe Bonds and other Insurance Linked Securities that fulfill a risk transfer objective. This document is a standard revolving credit loan, not a Catastrophe Bond or Insurance Linked Security.

Therefore, it is a loan agreement and not a reinsurance contract.",False,,,,,
2003-775368-0000950123-03-009385-y88779exv10w5.txt,"The document titled ""CONTENTS TO QUOTA SHARE REINSURANCE AGREEMENT"" is an exhibit to a filing and outlines the list of exhibits and schedules associated with a Quota Share Reinsurance Agreement. The mention of a ""Quota Share Reinsurance Agreement"" clearly indicates that this is related to reinsurance. Quota Share is a form of proportional reinsurance, where the ceding company and reinsurer share premiums and losses in an agreed proportion. Although this specific document is not the full agreement itself, it is an integral part of the reinsurance contract, listing key components such as accounting reports, trust agreements, assignments of receivables, and schedules related to terrorism allocation and reinsurance contracts. Therefore, it qualifies as an ancillary document to a main reinsurance contract. However, since it contains the structure and references to the principal agreement and supports a full reinsurance arrangement, it should be considered part of the main contract framework. Given that it is a quota share agreement, it is inherently obligatory (as it automatically covers a portion of a portfolio), and proportional in nature. The document does not specify the insurance type or class of business, but quota share reinsurance is common in Non-Life (P&C) contexts. However, without explicit information, we cannot definitively determine the insurance type or class of business.",True,True,True,proportional,Non-Life,Multi-Line
2003-1069822-0001193125-03-037318-dex104.htm,"The document is a ""THIRD AMENDED AND RESTATED CHANGE IN CONTROL AGREEMENT"" between MONY Life Insurance Company and Kenneth M. Levine, an executive of the company. This is an executive employment agreement that specifies the terms of the executive's compensation, benefits, and employment conditions in the event of a change in control of the company (such as a merger, acquisition, or significant ownership change).

The document covers:
- Definitions of ""Change in Control"" (including acquisitions, mergers, asset sales)
- Executive's responsibilities and compensation during the post-change period
- Termination procedures and consequences
- Severance payments and benefits calculations
- Restrictive covenants (non-compete, non-disclosure)
- Indemnification provisions

This is clearly an executive employment agreement, not a reinsurance agreement. Reinsurance agreements involve the transfer of insurance risk from one insurer to another, with provisions related to ceded premiums, risk sharing, coverage limits, and other risk transfer mechanisms. This document contains none of these elements.

While the company (MONY Life Insurance Company) is in the insurance industry, the document itself is a corporate governance/employment contract concerning executive compensation in the event of corporate changes, not a contract for transferring insurance risk between insurers.

According to the provided definitions, this document does not fall under any category considered a reinsurance agreement. It is not:
- A reinsurance or retrocession agreement
- An RPP contract related to reinsurance
- A capital maintenance agreement
- A loss portfolio transfer or similar retrospective reinsurance
- A portfolio transfer with reinsurance provisions
- A catastrophe bond or ILS
- An insurance pooling agreement

Since this is not a reinsurance agreement at all, all subsequent classification questions that depend on it being a reinsurance agreement should be answered with None.",False,,,,,
2003-1013609-0000898430-03-002251-dex1067.htm,"The document is a placement slip for a reinsurance agreement, which outlines the terms of a multi-layer excess of loss reinsurance treaty. The ""TYPE"" field explicitly states ""FIRST - FOURTH EXCESS OF LOSS REINSURANCE,"" which is a classic form of non-proportional reinsurance. The structure of layers with specific retentions and limits (e.g., $3M in excess of $2M, $5M in excess of $5M, etc.) confirms this is a non-proportional arrangement. The document includes key reinsurance terms such as attachment of liability, reinstatements, premium calculations, exclusions, and general conditions (e.g., Ultimate Net Loss, Net Retained Lines, Arbitration), which are typical in reinsurance contracts.

Although labeled a ""Placement Slip,"" it contains all the principal terms of the reinsurance agreement, including the parties, coverage, limits, retentions, premium, and effective period. According to the classification criteria, a placement slip that contains all principal terms qualifies as a main contract. Therefore, this is not merely an ancillary or indicative document.

The business covered includes professional liability for physicians, hospitals, healthcare facilities, managed care organizations, and D&O liability—all of which fall under liability insurance, a non-life (casualty/specialty) line. This is clearly non-life insurance. The primary class of business is healthcare professional liability, which falls under ""Specialty"" or potentially ""Casualty."" However, given the focus on medical professional liability and healthcare, the most accurate classification is ""Specialty"" as it is a distinct segment within non-life insurance.

The reinsurance is obligatory because it covers all policies within defined classes (e.g., all physicians' policies up to specified limits) rather than individual risk placements. This is a treaty-style agreement covering entire portfolios, not facultative placements on named insureds.

There is no indication of proportional sharing of premiums or losses—instead, coverage is defined by excess layers, confirming it is non-proportional. There are no separate proportional sections, so it is not hybrid.

Thus, the document is a main, obligatory, non-proportional reinsurance agreement for non-life (Specialty) risks.",True,True,True,non-proportional,Non-Life,Specialty
2003-910110-0000950159-03-000649-exhibit10-2i.txt,"The document is an endorsement to a Quota Share Reinsurance Agreement, which modifies the terms of an existing reinsurance contract between the ceding company (Penn-America Insurance Company and Penn-Star Insurance Company) and the reinsurer (American Re-Insurance Company). Since it is an amendment to an existing reinsurance agreement, it qualifies as a reinsurance agreement under the definition provided (i.e., documents that modify the terms of an existing reinsurance agreement).

However, the document is not a main contract because it is an endorsement—specifically, a modification to an existing agreement—and does not contain all the principal terms of a reinsurance contract on its own. It references and changes specific articles but does not stand alone as a full contract.

Because the underlying agreement is a Quota Share, which is inherently an obligatory proportional treaty (covers a defined portfolio of policies automatically), the endorsement applies to an obligatory agreement. Therefore, the reinsurance is obligatory.

The underlying contract is a Quota Share, which is a form of proportional reinsurance. Even though the endorsement modifies certain exclusions and submission requirements, it does not change the fundamental proportional nature of the agreement.

The types of policies referenced—General Liability, Commercial Umbrella Liability, and various commercial exclusions—are characteristic of casualty insurance, which falls under Non-Life insurance. The class of business is therefore Casualty, as the primary coverage relates to liability insurance.",True,False,True,proportional,Non-Life,Casualty
2003-1195933-0000950152-03-003749-l99910aexv10w1.txt,"The document is a Formation and Separation Agreement between American Premier Underwriters, Inc. (APU) and Infinity Property and Casualty Corporation. It outlines the transfer of insurance subsidiaries and business lines, the issuance of stock and debt, and the execution of several ancillary agreements, including a Reinsurance Agreement (referenced in Section 3.1.1 and defined in the Recitals). However, the actual Reinsurance Agreement is not included in this document—it is only referenced as an exhibit (Exhibit 3.1.1). The current document is the overarching formation agreement that governs the separation and related transactions, including the execution of the reinsurance agreement, but it is not itself a reinsurance contract.

Because the document only references a reinsurance agreement as one of several ancillary agreements and does not contain the terms of the reinsurance contract itself, it does not qualify as a reinsurance agreement under the provided definitions. It is a corporate restructuring agreement that facilitates the transfer of insurance business and subsidiaries, not a risk transfer instrument.

Therefore, the document is not a reinsurance agreement, and all subsequent reinsurance-specific classification fields should be set to None.",False,,,,,
2003-1069822-0000950109-03-001739-dex1029.htm,"The provided document is a ""Change in Control Agreement"" between MONY Life Insurance Company and an executive. It outlines the terms and conditions of employment, compensation, benefits, and severance arrangements in the event of a change in control of the company. The agreement addresses executive compensation, incentive plans, retirement benefits, and other employment-related provisions, including protections in the event of termination following a corporate transaction.

The document does not contain any language related to risk transfer between insurers and reinsurers, ceding of insurance liabilities, premium calculations based on underlying policies, or any other typical elements of a reinsurance agreement. Instead, it is clearly an employment and severance agreement focused on executive compensation and corporate governance matters.

Therefore, this document is not a reinsurance agreement, nor is it related to reinsurance in any form. It is an executive employment contract with change-in-control protections.",False,,,,,
2003-947484-0001047469-03-018432-a2110703zex-10_1.txt,"The document is titled ""Letter of Credit and Reimbursement Agreement Amendment No. 4"" and pertains to an amendment of a financial facility involving Arch Reinsurance Ltd. and other affiliated entities. It modifies the Facility Termination Date of a reimbursement agreement with a bank (Fleet National Bank). The document is centered on a letter of credit and reimbursement arrangement, which is a financial instrument used to secure payment obligations.

According to the classification criteria, letters of credit and other credit instruments are explicitly excluded from being considered reinsurance agreements. Although Arch Reinsurance Ltd. is a party, the document does not establish or modify a reinsurance contract. Instead, it relates to a banking agreement securing financial obligations, likely supporting reinsurance operations, but not constituting reinsurance itself.

Therefore, this is not a reinsurance agreement, and all downstream classifications (main contract, obligatory, etc.) are inapplicable.",False,,,,,
2003-925600-0000925600-03-000013-doc10.txt,"The document is titled ""GRANITE REINSURANCE COMPANY LIMITED / ACCEPTANCE CROP HAIL RETROCESSION AGREEMENT"" and is explicitly referred to as a ""Retrocession Agreement"" throughout the text. Retrocession agreements are explicitly listed as reinsurance agreements under the provided definition. The agreement involves Acceptance ceding 100% of the risks it reinsured under prior assumption agreements to Granite Reinsurance Company Limited, which constitutes a retrocession (reinsurance of reinsurance). Therefore, this is a reinsurance agreement.

The document establishes the full terms of the retrocession arrangement, including risk transfer, premium payments, claims handling, liability, arbitration, and termination. It contains all principal terms of the agreement and is not merely an ancillary document such as an endorsement or amendment. Thus, it qualifies as a main contract.

The agreement operates on a 100% quota share basis, as stated in Section 2.04: ""The reinsurance provided herein is on a 100% quota share basis."" Quota share is a form of proportional reinsurance. Therefore, the contract is proportional.

Since the agreement covers 100% of the risks reinsured by Acceptance under its assumption agreements (excluding only MPCI risks from the Federal Crop Insurance Corporation), it transfers risk from an entire portfolio of crop hail policies. This indicates that the contract is obligatory, as it does not depend on individual underwriting decisions for specific risks.

The underlying insurance relates to crop hail, which is a form of agricultural insurance covering damage to crops — clearly a property risk. This falls under Non-Life insurance. The class of business is Property, as crop hail insurance is a subset of property insurance, protecting physical assets (crops) against natural perils.",True,True,True,proportional,Non-Life,Property
2003-775368-0000950123-03-009385-y88779exv10w28.txt,"The document is a Renewal Rights Agreement, which transfers the rights to renew certain insurance contracts from Royal Insurer Affiliates to AIHL or its affiliates. It references reinsurance agreements (specifically ""Quota Share Reinsurance Agreements"") and administrative services agreements, but it is not itself a reinsurance contract. Instead, it governs the handling of renewal rights related to insurance policies that are subject to reinsurance.

Renewal rights agreements are not listed among the types of documents considered reinsurance agreements. They are ancillary to reinsurance or insurance operations and do not establish risk transfer between ceding companies and reinsurers. Therefore, this document is not a reinsurance agreement.

Since it is not a reinsurance agreement, the subsequent classification fields (is_main_contract, is_obligatory, etc.) must be set to None.",False,,,,,
2003-1069822-0000950109-03-001739-dex1065.htm,"The document is a ""Second Amended and Restated Change in Control Agreement"" between MONY Life Insurance Company and Samuel J. Foti, an executive. It outlines the terms and conditions of employment, severance benefits, and protections for the executive in the event of a change in control of the company. The agreement covers compensation, benefits, termination conditions, and post-employment payments, including lump-sum severance, incentive compensation, stock options, retirement benefits, and welfare benefits.

This document is not a reinsurance agreement. It does not involve the transfer of insurance risk from one insurer to another, nor does it contain any provisions typical of reinsurance contracts such as ceding commissions, reinsurance premiums, loss settlements, or retrocession. Instead, it is an employment and severance agreement focused on executive compensation and benefits.

Therefore, it falls outside the defined categories of reinsurance agreements and is instead classified as an executive employment contract.",False,,,,,
2003-836658-0000836658-03-000075-exhe10k_galoo-12312002.txt,"The document is an Administrative Services Agreement between Southland Life Insurance Company (SLIC) and Golden American Life Insurance Company (GALIC). It outlines the provision of data processing and administrative services by GALIC to SLIC for variable annuity contracts. The services include policy servicing, transaction processing, accounting, disbursements, claims processing, commission administration, and regulatory reporting.

This is not a reinsurance agreement because it does not involve the transfer of insurance risk from one insurer to another. Instead, it is a service agreement where one insurance company provides administrative and operational support to another. The document explicitly refers to GALIC as an ""Administrative Services Agent"" and details the administrative, technical, and operational responsibilities it will perform on behalf of SLIC. There is no mention of risk transfer, ceding of premiums, or assumption of liabilities typical in reinsurance contracts.

Since it is not a reinsurance agreement, the remaining classification fields (is_main_contract, is_obligatory, etc.) are not applicable and should be set to None.",False,,,,,
2003-1069822-0000950109-03-001739-dex1066.htm,"The document is a ""Second Amended and Restated Change in Control Agreement"" between MONY Life Insurance Company and an executive, Richard Daddario. It outlines the terms and conditions of employment, compensation, benefits, and severance in the event of a change in control of the company. The agreement covers executive compensation, termination provisions, disability, death, and related matters. It does not involve the transfer of insurance risk from one insurer to another or any form of reinsurance. Instead, it is an employment-related contract focused on executive benefits and protections during corporate transitions.

This document is not a reinsurance agreement, as it does not pertain to risk transfer between insurers or reinsurers. It is also not any of the listed types of reinsurance agreements such as retrocession, catastrophe bonds, or portfolio transfers with reinsurance characteristics. It is an internal corporate employment agreement.

Therefore, it is not a reinsurance agreement at all, and all downstream classifications (main contract, obligatory, proportional, insurance type, class of business) must be set to None.",False,,,,,
2003-74260-0000074260-03-000007-ex10a.txt,"The document provided is the ""Old Republic International Corporation Amended and Restated Key Employees Performance Recognition Plan."" This is a performance-based employee incentive plan designed to reward key employees and officers of Old Republic International Corporation and its subsidiaries. It outlines how bonuses or performance awards are calculated based on financial metrics such as earnings growth, return on equity, and earnings per share. The plan includes provisions for account allocations, vesting schedules, distributions upon retirement or termination, and non-compete clauses.

This document is not a reinsurance agreement. It does not involve the transfer of insurance risk between insurers or reinsurers. Instead, it is a corporate compensation plan. Therefore, it falls outside the scope of all categories listed as reinsurance agreements, including retrocession, risk transfer instruments, or any modification of reinsurance contracts. It is also not ancillary to a reinsurance contract.

Given that it is an employee recognition and incentive plan, it pertains to human resources and executive compensation, not insurance or reinsurance.",False,,,,,
2003-947484-0001104659-03-018482-a03-2293_1ex10d4.htm,"The document is the ""Arch Capital Group Ltd. Incentive Compensation Plan,"" which outlines a bonus and compensation structure for employees of the company and its subsidiaries. It details how bonuses are calculated based on performance metrics such as ROE, Underwriting Profit (Loss), and other financial measures for different business segments, including the Insurance Segment and the Reinsurance Segment. However, the document itself is not a reinsurance agreement or any type of insurance or reinsurance contract. Instead, it is an internal employee compensation plan that references reinsurance business lines (e.g., ""CAT Business"" and ""Reinsurance Segment"") only in the context of measuring financial performance for bonus calculations.

The document does not establish any risk transfer mechanism between insurers and reinsurers, nor does it contain terms typical of reinsurance contracts such as coverage limits, ceding commissions, or claims handling procedures. It also does not renew, amend, or modify any reinsurance agreement. Therefore, it does not meet any of the criteria for being classified as a reinsurance agreement.

Since it is not a reinsurance agreement at all, all downstream classifications (main contract, obligatory, proportional, insurance type, class of business) must be set to 'None'.",False,,,,,
2003-775368-0000950123-03-009385-y88779exv10w27.txt,"The document is a ""Claims Servicing Information Technology License Agreement"" between Royal Indemnity Company (Licensor) and Underwriters Reinsurance Company (Licensee). It grants the Licensee a limited license to access and use certain computer systems, databases, and software owned by the Licensor for the purpose of performing claims services under a separate ""Service Agreement."" The agreement focuses on technology access, data transmission, confidentiality, intellectual property rights, and system usage restrictions.

This document does not establish a risk transfer arrangement between an insurer and a reinsurer. Instead, it is a technology licensing agreement that enables the Licensee to perform claims servicing functions using the Licensor's IT infrastructure. It lacks core elements of a reinsurance agreement, such as ceding of risk, premium payments, reinsurance coverage terms, or loss-sharing mechanisms.

According to the classification criteria, documents such as referral agreements, underwriting agency agreements, or service agreements are not considered reinsurance agreements. This document is analogous to a service or operational support agreement, specifically for claims servicing technology access, and thus falls outside the definition of a reinsurance agreement.

Since it is not a reinsurance agreement, all downstream fields (is_main_contract, is_obligatory, etc.) must be set to None.",False,,,,,
2003-1064063-0001145443-03-000497-ex10-77_d12268.txt,"The document is a Trust Agreement established between MIIX Insurance Company, Eisen Und Stahl Reinsurance, and Mellon Bank, N.A. (the Trustee). The agreement is designed to collateralize a Funds Withheld Account under pre-existing Reinsurance Agreements referenced in Exhibit A. The Background section explicitly states that MIIX and the Company ""have entered into the Reinsurance Agreements"" and that this Trust Agreement serves to collateralize obligations under those agreements. Therefore, while the document itself is not a reinsurance agreement, it is directly tied to and modifies the financial security arrangements of an existing reinsurance relationship.

However, the Trust Agreement does not establish the reinsurance contract itself; rather, it is an ancillary arrangement to secure performance under the primary reinsurance contracts. It governs the administration of a trust fund, investment of assets, reporting, and trustee responsibilities, but does not define the terms of risk transfer, coverage, or reinsurance obligations. Thus, it is not a main reinsurance contract but an ancillary agreement supporting one.

Because it is not a reinsurance contract (main or otherwise), but merely a trust arrangement securing obligations under reinsurance agreements, it is not itself a reinsurance agreement as defined in the instructions. The instructions clarify that documents modifying reinsurance agreements (e.g., commutations, novations, etc.) are considered reinsurance agreements only if they renew, cancel, novate, etc., the reinsurance contract itself. This document does not amend the terms of the reinsurance; it only establishes a collateral mechanism.

Therefore, the document is not a reinsurance agreement at all, even though it references and supports one. Consequently, all subsequent classification fields (main contract, obligatory, proportional, insurance type, class of business) must be set to None.",False,,,,,
2003-775368-0000950123-03-009385-y88779exv10w7.txt,"The document titled ""CONTENTS TO QUOTA SHARE REINSURANCE AGREEMENT"" lists exhibits and schedules related to a Quota Share Reinsurance Agreement. The mention of ""Quota Share Reinsurance Agreement"" directly indicates that this is a reinsurance agreement, which falls under the definition of a proportional reinsurance contract. Since this document contains the list of contents for the main agreement (including accounting reports, trust agreements, assignments of receivables, etc.), it supports a main reinsurance contract. Although it is not the full contract itself, it is part of the overall main contractual package and references core components of the agreement. Therefore, it qualifies as part of a main contract.

Quota Share agreements are inherently proportional and obligatory, as they require the ceding company to transfer a fixed percentage of all risks in a defined portfolio, and the reinsurer must accept them—this is characteristic of obligatory reinsurance.

However, the document does not specify whether the underlying insurance relates to Life or Non-Life business. Given that the agreement involves ""Royal Surplus Lines Insurance Company,"" surplus lines typically refer to non-admitted property and casualty insurance in the U.S., which falls under Non-Life. The class of business is not explicitly stated, but surplus lines often pertain to Property or Casualty lines. Without more detail, and considering that surplus lines can cover multiple types, ""Multi-Line"" is a reasonable classification if both Property and Casualty are likely. However, due to insufficient specific information, the safest classification based on available data is ""Casualty,"" as surplus lines often emphasize commercial casualty risks. Still, the lack of explicit detail leads to uncertainty.

Ultimately, the clearest attributes are:
- It is a reinsurance agreement (quota share).
- It is part of the main contract package.
- It is obligatory.
- It is proportional.
- It pertains to Non-Life insurance.

But the class of business cannot be determined with sufficient confidence from the content provided.",True,True,True,proportional,Non-Life,
2003-1064063-0001145443-03-000497-ex10-80_d12268.txt,"The document is a Trust Agreement established between MIIX Insurance Company, Hannover Reinsurance (Ireland) Ltd., and Mellon Bank, N.A. (the Trustee). Its purpose is to collateralize a Funds Withheld Account under existing Reinsurance Agreements referenced in Exhibit A. The agreement explicitly states that it is created in connection with reinsurance arrangements where Hannover Reinsures certain risks under MIIX's insurance policies. However, the Trust Agreement itself does not establish the terms of reinsurance coverage, ceding percentages, risk transfer mechanisms, or any core reinsurance obligations. Instead, it is a mechanism to secure obligations arising from the underlying Reinsurance Agreements.

This makes the document an ancillary agreement that supports the financial security of the reinsurance relationship but does not constitute a reinsurance agreement on its own. It does not define the reinsurance contract terms, nor does it transfer risk. Therefore, while it is linked to reinsurance, it is not itself a reinsurance agreement.

Because it is not a reinsurance agreement, the downstream fields (main contract, obligatory, proportional status, insurance type, class of business) cannot be meaningfully applied and must be set to None.",False,,,,,
2003-775368-0000950123-03-009385-y88779exv10w30.txt,"The document is a Transition Services Agreement between Royal Group, Inc., RSUI Group, Inc., and Royal Specialty Underwriting, Inc. It outlines the provision of transitional services following an acquisition, as referenced in the Acquisition Agreement. The services listed in Schedules A, B, and C are administrative and operational in nature, such as financial, IT, and human resources support, not risk transfer or insurance/reinsurance activities. There is no mention of insurance or reinsurance contracts, ceding of risk, premium sharing, or claims handling related to reinsurance. The agreement is ancillary to the acquisition and facilitates the separation or integration of operations post-transaction.

This document does not meet the definition of a reinsurance agreement as it does not involve the transfer of insurance risk from one insurer to another. It is not a reinsurance treaty, retrocession, or any form of risk-sharing arrangement. Instead, it is a transitional operational services agreement, which is explicitly not classified as reinsurance under the provided criteria.

Therefore, the document is not a reinsurance agreement, and all downstream fields related to reinsurance characteristics are set to 'None' where applicable.",False,,,,,
2003-1064063-0001145443-03-000497-ex10-78_d12268.txt,"The document is a Trust Agreement established among MIIX Insurance Company, Underwriters Reinsurance Company (Barbados) Inc., and Mellon Bank, N.A. (the Trustee). The stated purpose of the agreement is to collateralize a Funds Withheld Account under existing Reinsurance Agreements listed in Exhibit A. The Background section explicitly references ""Reinsurance Agreements"" pursuant to which the Company (Underwriters Reinsurance Company) reinsures certain risks from MIIX. However, this document itself does not establish the reinsurance terms, such as the scope of coverage, allocation of risk, or ceding percentages—those are governed by the separate Reinsurance Agreements referenced in Exhibit A.

Instead, this Trust Agreement creates a collateral mechanism (a trust fund) to secure obligations arising under those reinsurance contracts. It outlines administrative and custodial duties of the Trustee, defines eligible assets, and sets forth procedures for deposits, withdrawals, and valuation, but it does not define the underlying reinsurance relationship. As such, it is an ancillary agreement supporting the reinsurance arrangement rather than a reinsurance agreement itself.

Because the document is not a reinsurance agreement, but rather a trust instrument securing obligations under reinsurance contracts, the downstream classification fields (main contract, obligatory, proportional, insurance type, class of business) are not applicable and must be set to None.",False,,,,,
2003-3642-0000909518-03-000154-mv3-27_add6.txt,"The document is an addendum to a Pooling Reinsurance Agreement between two insurance companies, Empire Mutual Insurance Company and Allcity Insurance Company. It explicitly references a ""Pooling Reinsurance Agreement"" and modifies prior addenda to the agreement, confirming its status as a reinsurance-related document. Pooling agreements that involve risk transfer between insurers are considered reinsurance agreements under the provided definitions. Therefore, this document qualifies as a reinsurance agreement.

However, this document is not a main contract; it is an ancillary agreement—specifically an addendum—that modifies an existing pooling reinsurance agreement. It does not establish a new reinsurance contract but rather continues the terms of a prior arrangement and terminates a previous addendum. As such, it is not a main contract.

Because it is an addendum and not a full reinsurance contract, attributes like obligatoriness, proportionality, insurance type, and class of business cannot be determined from this document alone. The document does not specify whether the underlying reinsurance is obligatory or facultative, proportional or non-proportional, or the type of insurance covered. While pooling arrangements are typically proportional and obligatory, and often relate to Non-Life insurance, the lack of explicit detail prevents definitive classification.",True,False,,,,
2003-925600-0000925600-03-000013-doc3.txt,"The document is titled ""Addendum No. 2 to Aggregate Loss Ratio Reinsurance Agreement,"" which indicates it modifies an existing reinsurance agreement. The content refers to amendments to coverage, premiums, definitions, and reporting obligations under an underlying reinsurance agreement. Since it modifies an existing reinsurance contract, it qualifies as a reinsurance agreement under the definition provided, which includes documents that amend or otherwise modify the terms of an existing reinsurance agreement.

However, because it is an addendum—specifically amending an existing agreement—it does not establish a new reinsurance contract but rather serves as an ancillary agreement to an existing one. Therefore, it is not a main contract.

As an addendum to a reinsurance agreement, it inherits the nature of the underlying contract. The agreement provides coverage based on a loss ratio, where the retrocessionaire becomes liable for losses exceeding a certain percentage of earned premium. This structure is characteristic of non-proportional reinsurance (specifically, aggregate excess of loss). The premium structure also supports this, with a profit account balance mechanism typical of non-proportional arrangements.

The document does not specify whether the underlying reinsurance is facultative or obligatory. However, given that it covers aggregate loss ratios across a portfolio of underlying agreements and refers to ""each Reinsurance Agreement"" in the plural, it likely covers a portfolio of risks, suggesting an obligatory structure. Therefore, it is reasonable to infer that this is an obligatory reinsurance agreement.

The agreement does not explicitly state whether it pertains to Life or Non-Life insurance, but the use of terms such as ""loss ratio,"" ""loss adjustment expenses,"" ""earned premium,"" and ""aggregate loss ratio"" are typical in Non-Life (property and casualty) contexts. There is no mention of life-contingent benefits, mortality, longevity, or health-related exposures, which supports classifying it as Non-Life.

Given the focus on loss ratios and aggregate excess coverage, and the absence of specific references to property or health lines, but with clear casualty-like features (e.g., loss adjustment expenses, liability for losses in excess of a ratio), the most appropriate class of business is ""Casualty.""",True,False,True,non-proportional,Non-Life,Casualty
2003-1097864-0001193125-03-075076-dex103.htm,"The provided document is an ""Amendment and Restatement Agreement"" related to a credit agreement among ON Semiconductor Corporation, Semiconductor Components Industries, LLC, lenders, and JPMorgan Chase Bank as administrative agent. It amends and restates an existing credit agreement to include additional term loans and a new revolving credit facility. The document outlines conditions for effectiveness, repayment mechanics, collateral arrangements, and legal opinions, all typical of corporate financing agreements.

The document is clearly a financial credit agreement involving corporate borrowers and lenders, with no mention of insurance, risk transfer, indemnity for insured losses, or any reinsurance-specific terminology. It references loan covenants, collateral, guarantees, and repayment terms, which are characteristic of debt financing, not reinsurance.

According to the classification rules, reinsurance agreements include retrocession, risk transfer instruments like catastrophe bonds, or agreements modifying existing reinsurance contracts. However, this document is a loan amendment and restatement, involving secured corporate debt. It does not transfer insurance risk, nor does it involve any insurer or reinsurer assuming underwriting risk from another insurer.

Therefore, it does not qualify as a reinsurance agreement under any of the defined categories. Since it is not a reinsurance agreement, all downstream fields (is_main_contract, is_obligatory, etc.) must be set to None.",False,,,,,
2003-1064063-0001145443-03-000497-ex10-79_d12268.txt,"The document is a Trust Agreement established among MIIX Insurance Company, London Life and Casualty Reinsurance Corporation (the ""Company""), and Mellon Bank, N.A., acting as Trustee. The purpose of the trust is to collateralize a Funds Withheld Account under existing Reinsurance Agreements referenced in Exhibit A. The background section explicitly states that MIIX and the Company have entered into Reinsurance Agreements pursuant to which the Company reinsures certain risks under policies issued by MIIX.

Although this Trust Agreement supports and secures obligations arising from reinsurance, it is not itself a reinsurance contract. Instead, it is a mechanism to collateralize the Funds Withheld Account required under those reinsurance agreements. The Trust Agreement does not establish the terms of risk transfer, ceding, or coverage between the ceding company and the reinsurer. Rather, it governs the administration and handling of assets held in trust.

Therefore, while the document is directly related to reinsurance, it is an ancillary agreement—specifically a security or collateral arrangement—and not a reinsurance agreement itself. As such, all downstream classification fields (main contract, obligatory, proportional status, insurance type, class of business) are not applicable.",False,,,,,
2003-874977-0000950152-03-003734-l98135aexv10woo.txt,"The document is a Cost Sharing Agreement among State Auto Property and Casualty Insurance Company, State Automobile Mutual Insurance Company, and State Auto Florida Insurance Company. It outlines the provision of management, administrative, and operational services, as well as shared use of equipment and facilities. It also references a Reinsurance Pooling Agreement but does not itself establish or modify any reinsurance contract. Instead, it deals with cost allocation, expense apportionment, and operational support among affiliated companies.

The agreement does not transfer insurance risk from one insurer to another, which is a defining feature of reinsurance. Rather, it governs internal corporate services and cost-sharing arrangements within a group of affiliated insurance companies. While it mentions that SAFIC will participate in the ""State Auto Pooling Agreement,"" which may involve reinsurance-like risk sharing, this document itself is not a reinsurance agreement but an ancillary arrangement for operational and financial administration.

Therefore, this document is not a reinsurance agreement under any of the defined categories. It is a cost-sharing and service agreement among related insurance entities. As such, all downstream classifications (main contract, obligatory, proportional, insurance type, class of business) are not applicable.",False,,,,,
2003-929546-0000950136-03-002402-file002.txt,"The document is a General Agreement of Indemnity between a Principal (and Indemnitors) and a Surety. Its purpose is to indemnify the Surety for any losses, costs, or expenses incurred in connection with bonds that the Surety has executed or procured on behalf of the Principal. The agreement outlines the obligations of the Principal and Indemnitors to reimburse the Surety, assign collateral, and maintain trust funds, among other provisions.

However, this document is not a reinsurance agreement. It is an indemnity agreement supporting surety bonds, which are typically used in construction or contractual performance contexts. The document secures the obligations of the Principal to the Surety in relation to performance, payment, or other types of surety bonds. These are direct surety arrangements, not agreements where one insurer transfers risk to another insurer (reinsurance). The listed exclusions explicitly state that financial guarantees and agreements securing payment obligations arising from insurance or reinsurance contracts are not reinsurance agreements. This document functions as a financial guarantee and indemnity in support of surety bonds, falling squarely outside the definition of reinsurance.

Since it is not a reinsurance agreement, all downstream classification fields (is_main_contract, is_obligatory, etc.) must be set to None.",False,,,,,
2003-1195933-0000950152-03-003749-l99910aexv10w6.txt,"The document is a Services Agreement between American Financial Group, Inc. (Supplier) and Infinity Property and Casualty Corporation (Customer). It outlines the provision of various services such as computer processing, communication, financial, and regulatory compliance services related to the Customer's personal lines insurance business. The agreement references a separate ""Reinsurance Agreement"" effective January 1, 2003, which governs the reinsurance of a portion of the business (the ""Reinsured Business""). However, this document itself does not establish or modify any reinsurance terms; it solely pertains to the operational and administrative services supporting the business, including systems, data, and transitional support.

The document is ancillary to the actual reinsurance contract, as it supports the execution and administration of services related to the Reinsured Business but does not transfer insurance risk or define reinsurance terms such as coverage, limits, premiums, or ceding commissions. It includes cost-sharing, data handling, confidentiality, and service-level provisions, which are typical of service-level agreements rather than reinsurance contracts.

Therefore, while the document references a reinsurance agreement, it is not itself a reinsurance agreement. It is a service agreement that supports the operations of a business that is party to a reinsurance arrangement. As such, it falls under the category of ancillary agreements and is not a reinsurance contract.",False,,,,,
2003-711039-0000891618-03-004296-f91666exv10w3.txt,"The document is a ""First Amendment Agreement"" to a Receivables Loan and Security Agreement (RLSA), involving parties such as a borrower, servicer, lender, agent, and Radian Reinsurance Inc., which is identified as the ""Facility Insurer"". The presence of ""Radian Reinsurance Inc."" as a party does not automatically make this a reinsurance agreement; rather, its role here is as an insurer of a credit facility in a secured loan transaction, not as a reinsurer assuming insurance risk from an insurer.

The document amends financial covenants and waives an early amortization event in a loan agreement, which is characteristic of a secured financing arrangement, not a risk transfer between insurers and reinsurers. The structure and language are consistent with a credit facility backed by receivables, not with reinsurance of insurance policies.

The document is an amendment to a loan agreement and does not establish a reinsurance contract. It is not a treaty, slip, proposal, or any form of reinsurance contract—proportional or non-proportional. It does not transfer insurance risk from an insurer to a reinsurer. Instead, it pertains to corporate financial covenants and lender protections in a secured lending context.

Therefore, this is not a reinsurance agreement, nor is it an ancillary document to one. It is a financing-related amendment, and Radian Reinsurance Inc.'s involvement is as a monoline insurer providing credit enhancement, not engaging in reinsurance.",False,,,,,
2003-35733-0000035733-03-000033-exhibit-wise.txt,"The document is an employment agreement between Financial Industries Corporation and George M. Wise, III. It outlines terms of employment, including duties, compensation, benefits, termination provisions, and restrictive covenants such as non-competition and confidentiality. There is no mention of risk transfer between insurers and reinsurers, ceding of insurance liabilities, or any structure typical of reinsurance contracts. The document pertains to executive employment and not to insurance or reinsurance agreements. Therefore, it does not meet any of the criteria for being classified as a reinsurance agreement.",False,,,,,
2003-854662-0000950131-03-001288-dex106.htm,"The document is a Credit Agreement between MAF Bancorp, Inc. and Harris Trust and Savings Bank. It outlines the terms for a revolving credit and a term loan, including interest rates, repayment schedules, covenants, and conditions for default. The document is explicitly a financial loan agreement, involving the borrowing of money and the issuance of promissory notes. It does not involve the transfer of insurance risk from one insurer to another, which is the defining characteristic of a reinsurance agreement. The listed examples of documents that are not reinsurance agreements include ""Bonds, loans and credit instruments,"" which directly categorizes this document. Therefore, it is not a reinsurance agreement.",False,,,,,
2003-1137048-0000909567-03-000307-t08860exv10w11.txt,"The document is an Investment Agreement between Odyssey America Reinsurance Corporation (OARC), Hamblin Watsa Investment Counsel Ltd. (HW), and Fairfax Financial Holdings Limited (FFH). It outlines the terms under which HW will manage OARC's investment account and FFH will provide investment administration services. The agreement covers investment management, administration, fees, reporting, and compliance with regulatory guidelines, particularly those of the Connecticut Insurance Department.

The document does not involve the transfer of insurance risk from one insurer to another or among reinsurers. Instead, it pertains to the management and administration of investment assets held by OARC, a reinsurance company. While OARC is a reinsurance entity, this agreement governs investment services, not reinsurance contracts. It authorizes HW to manage investments and FFH to administer them, but it does not establish any reinsurance or retrocession arrangement.

Therefore, this document is not a reinsurance agreement, nor is it an ancillary document modifying such an agreement. It is a service agreement related to investment management and administration for a reinsurance company.",False,,,,,
2003-804269-0000930661-03-000703-dex1011.txt,"The document is a Warrant Agreement between AmeriCredit Corp. and FSA Portfolio Management Inc. It details the terms for warrants to purchase common stock of AmeriCredit Corp. The agreement outlines the exercise price, exercise periods, issuance of warrant shares, and various corporate actions affecting the warrants. Warrants are financial instruments that give the holder the right to purchase equity shares at a specified price, and they are commonly used in corporate finance and investment contexts.

The document does not contain any language or provisions related to the transfer of insurance risk from one insurer to another, which is the hallmark of reinsurance agreements. Instead, it focuses entirely on equity ownership rights, share valuation, and corporate governance matters related to stock issuance. There is no mention of insurance policies, claims, premiums, or any other elements typically associated with reinsurance contracts.

Furthermore, the metadata indicates this is a Form 10-Q filing with the SEC, and the exhibit type is ""WARRANT AGREEMENT,"" which further confirms its nature as a securities instrument rather than an insurance-related contract.

Based on the definition provided, reinsurance agreements include retrocession, risk transfer instruments like catastrophe bonds, and related contracts. This document does not fall into any of these categories. It is purely a securities agreement concerning stock warrants.",False,,,,,
2003-775368-0000950123-03-009385-y88779exv10w9.txt,"The document titled ""CONTENTS TO QUOTA SHARE REINSURANCE AGREEMENT"" lists exhibits and schedules related to a reinsurance agreement, specifically a quota share arrangement. The mention of ""Quota Share Reinsurance Agreement"" directly indicates that this is a reinsurance contract, which falls under the category of proportional reinsurance. Although the full terms of the agreement are not present, the title and referenced exhibits (such as accounting reports, trust agreements, and assignments of premium and reinsurance recoverables) suggest it is part of a main reinsurance contract rather than a mere ancillary document. Since quota share agreements are inherently proportional and involve the automatic transfer of a fixed percentage of all risks in a portfolio, the contract is obligatory. However, the document itself is a list of contents and exhibits, not the full agreement, so it lacks sufficient detail to confirm if it is the main contract or merely an ancillary compilation. Still, given it is labeled as part of the reinsurance agreement and includes core components, it is reasonable to classify it as relating to a main contract. The class of business and insurance type cannot be determined from the content provided, as the underlying risks are not specified.",True,True,True,proportional,,
2003-1171500-0000950123-03-003615-y84608kexv10w24.txt,"The document is an Option Agreement granting St. Paul Fire and Marine Insurance Company the right to purchase common shares of Platinum Underwriters Holdings, Ltd. following an initial public offering. It outlines the terms of the option, including exercise price, exercise period, adjustments for corporate events, transfer restrictions, and regulatory requirements. The agreement is related to corporate equity and securities, not to insurance or risk transfer between insurers and reinsurers. It does not contain any provisions related to the transfer of insurance risk, reinsurance coverage, or any typical reinsurance contract terms such as ceding commissions, loss payments, or treaty structures. Therefore, this is not a reinsurance agreement.",False,,,,,
2003-1095073-0001095073-03-000009-ex1033.txt,"The document is a Special Employment Agreement between Everest Global Services, Inc. and Janet J. Burak, outlining the terms of her employment, compensation, benefits, termination, and confidentiality obligations. It also includes a release and waiver of claims, and a general release to be signed at the end of the employment term. The document pertains to employment and human resources matters and does not involve any insurance or reinsurance risk transfer. It is not a reinsurance agreement, nor does it modify or relate to any reinsurance contract. Therefore, it falls outside the scope of reinsurance agreements as defined.",False,,,,,
2003-35733-0000035733-03-000033-exhibit-fleron.txt,"The document provided is an employment agreement between Financial Industries Corporation and Theodore A. Fleron, outlining the terms of his employment, including duties, compensation, termination benefits, and restrictive covenants such as non-competition and non-solicitation. The document does not involve any risk transfer between insurers and reinsurers, nor does it reference reinsurance, retrocession, or any related mechanisms. Instead, it is a standard executive employment contract, which is explicitly excluded from the definition of reinsurance agreements. Therefore, it is not a reinsurance agreement, nor is it a main contract, obligatory agreement, or related to proportional/non-proportional structures. The content is entirely unrelated to insurance or reinsurance contracts.",False,,,,,
2003-1041665-0000950159-03-000961-ex10-1.txt,"The document provided is an office lease agreement between Nine Penn Center Associates, L.P. (Landlord) and Lorjo Corp. (Tenant) for space in the Mellon Bank Center, Philadelphia. The lease outlines terms such as rent, duration, improvements, and responsibilities of both parties, with PMA Reinsurance Corporation named as the guarantor and intended subtenant. The document does not contain any language or provisions related to risk transfer, indemnification of losses, or sharing of insurance liabilities, which are hallmarks of reinsurance agreements. Instead, it governs a commercial real estate tenancy.

The presence of ""PMA Reinsurance Corporation"" as a guarantor and subtenant does not transform the lease into a reinsurance agreement. The document is fundamentally a lease for office space and lacks any elements of insurance or reinsurance contract structure, such as ceding of risk, premium payments for risk assumption, or claims handling. Therefore, it does not meet the definition of a reinsurance agreement or any of its recognized forms (e.g., retrocession, ILS, etc.).

Since the document is not a reinsurance agreement, the remaining fields that pertain to characteristics of reinsurance contracts (e.g., main contract, obligatory nature, proportionality, insurance type, class of business) are not applicable and should be set to None.",False,,,,,
2003-886982-0000950123-03-002099-y83718exv10w15.htm,"The document is an award agreement for restricted stock units (RSUs) granted under The Goldman Sachs 1999 Stock Incentive Plan. It outlines the terms and conditions related to the vesting, delivery, and forfeiture of RSUs, which are equity-based compensation instruments. The agreement pertains to employee compensation and stock incentives, not to any form of insurance or risk transfer between insurers and reinsurers.

There is no mention of insurance, reinsurance, risk pooling, catastrophe bonds, retrocession, or any other instrument typically associated with reinsurance agreements. Instead, the document focuses on employment-related conditions, vesting schedules, delivery of shares, and compliance with internal policies.

Therefore, this document is not a reinsurance agreement or any type of insurance-related contract. It is a stock incentive award agreement related to employee compensation.",False,,,,,
2003-54050-0001047469-03-010595-a2106715zex-10_29.htm,"The document is a Second Amended and Restated Credit Agreement for Jostens, Inc., detailing a senior secured credit facility involving term loans, revolving credit commitments, and local loan sub-facilities. It includes provisions for interest rates, fees, covenants, representations, and conditions precedent, all typical of a corporate loan agreement. The document does not contain any language or structure indicative of a reinsurance agreement. It is a financial instrument for corporate lending and borrowing, not for the transfer of insurance risk.",False,,,,,
2003-948846-0001193125-03-081318-dex106.htm,"The document is an Aircraft Lease Common Terms Agreement between Aviation Financial Services Inc. (AFSI) and Airtran Airways, Inc. It outlines the terms for leasing Boeing 737 aircraft, including payment terms, maintenance responsibilities, insurance requirements, and conditions for delivery and return of the aircraft. The document does not mention any form of reinsurance, retrocession, or risk transfer from an insurer to a reinsurer. It is a standard lease agreement for aircraft, which falls under direct leasing and not reinsurance. Therefore, it is not a reinsurance agreement.",False,True,,,,
2003-1069996-0001116502-03-001685-exhibit1022.txt,"The document is titled ""GENERAL AGENCY AGREEMENT"" and is between Federated National Insurance Company (the ""Company"") and Assurance Managing General Agents, Inc. (the ""General Agent""). The agreement outlines the appointment of the General Agent to manage certain portions of the Company's insurance business, including soliciting applications, issuing policies, collecting premiums, making endorsements, and reporting claims. It also details commission structures, reporting requirements, premium handling, and limitations on the General Agent’s authority.

Crucially, Section XI.E and XI.F explicitly state that the General Agent may negotiate for reinsurance but must not bind reinsurance or retrocessions on behalf of the Company without approval. This indicates that while reinsurance may be involved in the broader operations, the agreement itself does not establish a reinsurance contract. Instead, it governs the relationship between an insurer and a managing general agent for the production and administration of direct insurance policies.

The product lines covered include Automobile Liability and Physical Damage, Mobile Home Owners, and Home Owners—all of which are forms of direct property and casualty insurance. The document contains addenda specifying policy limits, commission rates, and territories, but these relate to primary insurance underwriting authority, not reinsurance risk transfer.

This type of agreement—where a managing general agent is authorized to underwrite, issue, and administer primary insurance policies on behalf of an insurer—is specifically excluded from the definition of a reinsurance agreement. According to the provided criteria, Underwriting Agency Agreements between reinsurance companies and agents are not considered reinsurance agreements, and this document falls squarely within that category.

Therefore, the document is not a reinsurance agreement, nor is it a main contract for reinsurance. All downstream classifications (obligatory, proportional, insurance type, class of business) are inapplicable.",False,,,,,
2003-775368-0000950123-03-009385-y88779exv10w17.txt,"The document provided is a list of contents for exhibits and schedules to an Administrative Services Agreement. While one of the exhibits (Exhibit B) references ""RSA Reinsurance Security Guidelines"" and another (Schedule 4.5(a)) refers to ""Levels of Treaty Reinsurance,"" the document itself is not a reinsurance agreement. Instead, it is an index or table of contents for an administrative services agreement, which may support or relate to reinsurance activities but does not establish a reinsurance contract. The document does not contain the terms of any reinsurance agreement, nor does it function as a main or ancillary reinsurance contract. It is purely organizational and refers to other documents. Therefore, it does not meet the criteria for being classified as a reinsurance agreement.",False,,,,,
2003-773660-0000950134-03-012061-d08102exv10w77.txt,"The document is a Master Repurchase Agreement between Lehman Brothers Bank, FSB (Buyer) and Academic Management Services Corp. (Seller) concerning student loans. The agreement outlines transactions where the Seller transfers beneficial interest in student loans (both Federal and Private) to the Buyer in exchange for funds, with a simultaneous agreement for the Buyer to repurchase them at a later date. This structure is characteristic of a repurchase agreement (repo), which is a form of secured short-term borrowing, not a reinsurance agreement.

The document explicitly references student loans, the Higher Education Act, guaranty agencies, and servicing of loans—all of which are related to education financing, not insurance or reinsurance. There is no mention of insurance policies, risk transfer from an insurer to a reinsurer, ceding commissions, or any other typical elements of reinsurance contracts.

According to the classification rules provided, reinsurance agreements include retrocession, risk transfer instruments like catastrophe bonds, and agreements modifying reinsurance contracts. This document does not fall into any of those categories. Instead, it is a financial instrument related to asset-backed lending using student loans as collateral.

Therefore, the document is not a reinsurance agreement. As a result, all subsequent fields that depend on it being a reinsurance contract must be set to None.",False,,,,,
2003-775368-0000950123-03-009385-y88779exv10w15.txt,"The document provided is a list of contents for exhibits and schedules to an ""Administrative Services Agreement."" While one of the exhibits (Exhibit B) references ""RSA Reinsurance Security Guidelines"" and another (Schedule 4.5(a)) mentions ""Levels of Treaty Reinsurance,"" the document itself is not a reinsurance agreement. Instead, it outlines administrative services and associated supporting documents. The presence of reinsurance-related terms in exhibit or schedule titles does not make the document itself a reinsurance agreement. This is an ancillary or administrative document that supports operational or compliance functions, not a contract that transfers insurance risk. Therefore, it does not meet the definition of a reinsurance agreement as per the provided criteria.",False,,,,,
2003-948846-0001193125-03-081318-dex108.htm,"The document is an Engine Lease Common Terms Agreement between Aviation Financial Services Inc. (Lessor) and AirTran Airways, Inc. (Lessee). It governs the leasing of aircraft engines and related equipment. The document contains standard lease provisions such as rent payments, maintenance responsibilities, insurance requirements, and conditions for delivery and return of the engines. The agreement includes detailed sections on payments, covenants, insurance, indemnity, events of loss, and default remedies. The insurance section requires the Lessee to maintain hull and liability insurance for the engines, with specific coverage amounts and conditions. However, this is a lease agreement for physical assets (aircraft engines), not a reinsurance agreement. The document does not involve the transfer of insurance risk from one insurer to another, which is the defining characteristic of reinsurance. Instead, it is a commercial lease agreement for aviation equipment, which falls under the category of direct insurance/finance agreements, not reinsurance.",False,True,,,,
2003-54050-0001193125-03-078459-dex101.txt,"The document provided is a Credit Agreement dated as of July 29, 2003, between Jostens, Inc., and several financial institutions. This agreement outlines the terms for senior secured credit facilities, including term loans and revolving credit commitments. The document details the obligations, covenants, conditions, and other financial arrangements between the borrower and lenders. 

Based on the provided definitions:
- Reinsurance agreements include contracts like reinsurance agreements, retrocession agreements, Reinstatement Premium Protection contracts, Capital Maintenance agreements, and others that transfer risk from one insurer or reinsurer to another.
- The document in question is a credit agreement, which involves the lending of money and the establishment of credit facilities. It does not involve the transfer of insurance risk from one party to another.
- The document is specifically categorized as a ""Credit Agreement"" and involves financial lending and borrowing, not risk transfer in the context of insurance.

Given this, the document is not a reinsurance agreement as it does not meet any of the criteria for such agreements. It is a financial loan agreement, which is explicitly excluded from the definition of reinsurance agreements.",False,,,,,
2003-1091748-0001125282-03-006133-b327797ex10_4.txt,"The document is an amendment to a retrocession contract, which is explicitly listed as a reinsurance agreement under the provided criteria. Retrocession agreements are reinsurance contracts between reinsurers, and amendments to such agreements are considered reinsurance agreements as they modify the terms of an existing reinsurance contract. Therefore, the document qualifies as a reinsurance agreement.

However, this document is not a main contract but an ancillary agreement, as it amends an existing retrocession contract rather than establishing the principal terms of a new reinsurance relationship. It modifies the participation of a new entity (PXRE Co.) and updates certain clauses (e.g., offset rights), but does not stand alone as a full contract.

Because it is an amendment to an existing reinsurance agreement and not the full contract itself, it is not possible to definitively determine whether the underlying contract is obligatory or facultative, proportional or non-proportional, or its insurance type and class of business from this document alone. The reference to a ""Facultative Obligatory Quota Share Retrocessional Agreement"" suggests the underlying contract may be facultative-obligatory (which would be considered obligatory), and ""Quota Share"" implies a proportional structure. However, since this document is not the main contract and only an amendment, these classifications cannot be confirmed with certainty from this text alone.

Thus, while the document is clearly a reinsurance agreement and ancillary in nature, the attributes requiring analysis of the full contract terms must be set to 'None'.",True,False,,,,
2003-865937-0001021408-03-005175-dex106.txt,"The document is a Loan Agreement between Catellus Development Corporation and Teachers Insurance and Annuity Association of America. It outlines the terms for a $101,780,000 loan secured by commercial real estate properties. The agreement includes provisions for disbursement, repayment, release of properties, substitution of collateral, and a rollover letter of credit related to lease renewals. The lender, Teachers Insurance and Annuity Association of America, is an insurance and annuity provider, but the document itself is a secured loan agreement, not a risk transfer instrument.

This document is explicitly categorized as a ""LOAN AGREEMENT (POOL A)"" and contains standard loan covenants, security interests via mortgages, repayment schedules, and conditions for release or substitution of collateral. It does not involve the transfer of insurance risk from one insurer to another, which is the defining feature of reinsurance. Instead, it represents a direct lending arrangement secured by real property.

According to the classification guidelines, loan agreements and credit instruments are explicitly excluded from being considered reinsurance agreements, except for Catastrophe Bonds and other Insurance-Linked Securities that fulfill a risk transfer objective. This document is a conventional commercial loan and does not meet the criteria for any exception.

Therefore, it is not a reinsurance agreement, and all downstream reinsurance-specific classification fields should reflect this by being set to None where appropriate.",False,,,,,
2003-1001430-0001021408-03-004934-dex102.htm,"The document is a ""Second Amended and Restated Schedule to Third Amended and Restated Loan and Security Agreement."" It outlines financial terms between a lender (FINOVA Capital Corporation) and multiple borrowers, including entities with ""Reinsurance"" in their names (e.g., TICO Reinsurance, Ltd., Fitch National Reinsurance Company, Ltd., SoCo Reinsurance, Ltd.). However, the content of the document pertains entirely to a loan and security arrangement, including provisions on borrowing limits, interest rates, collateral, covenants, and repayment terms. There is no indication that this document establishes or modifies a reinsurance contract. Instead, it is a secured loan agreement involving companies, some of which may be involved in reinsurance, but the document itself is not a reinsurance agreement. Therefore, it falls under the category of credit instruments (specifically a loan agreement), which are explicitly excluded from being reinsurance agreements per the provided definitions.",False,,,,,
2003-775368-0000950123-03-009385-y88779exv10w11.txt,"The document provided is a list of contents for exhibits and schedules to an ""Administrative Services Agreement"" and does not itself constitute a reinsurance agreement. While one of the exhibits (Exhibit B) references ""RSA Reinsurance Security Guidelines"" and another (Schedule 4.5(a)) refers to ""Levels of Treaty Reinsurance,"" these are components or references within a broader administrative services context, not standalone reinsurance contracts. The document is ancillary to administrative services and does not establish a reinsurance or retrocession contract. Therefore, it is not a reinsurance agreement. Since it is not a reinsurance agreement, all subsequent classification fields must be set to 'None'.",False,,,,,
2003-35733-0000035733-03-000033-exhibit-richmond.txt,"The provided document is an employment agreement between Financial Industries Corporation and Thomas C. Richmond. It outlines the terms and conditions of Richmond's employment, including duties, compensation, termination benefits, restrictive covenants, and other employment-related provisions. There is no mention of any reinsurance or insurance risk transfer arrangement. The document pertains solely to executive employment and does not involve any reinsurance contract, retrocession, or related risk transfer mechanism. Therefore, it does not meet any of the criteria for being classified as a reinsurance agreement.",False,,,,,
2003-913144-0001193125-03-038705-dex101.txt,"The document is an employment agreement between RenaissanceRe Holdings Ltd. and William I. Riker. It outlines the terms of employment, including duties, compensation, termination, non-compete clauses, and indemnification. The document does not involve any transfer of insurance risk from one insurer to another or any form of risk-sharing arrangement typical of reinsurance. Instead, it is a contract for personal services. Therefore, it does not meet the definition of a reinsurance agreement as specified in the instructions.",False,,,,,
2003-1016177-0000950124-03-003650-k80603exv10w1.txt,"The document provided is an ""Amended and Restated Credit Agreement"" involving Dura Automotive Systems, Inc., and several financial institutions. It outlines the terms for loans, revolving credit commitments, letters of credit, and other financial arrangements between the borrowers and lenders. The agreement includes detailed provisions on interest rates, repayment schedules, covenants, and collateral but does not contain any language or structure indicative of a reinsurance arrangement.

Reinsurance agreements typically involve the transfer of insurance risk from one insurer (the ceding company) to another (the reinsurer). This document, however, deals exclusively with credit facilities and financial lending—topics unrelated to insurance or risk transfer between insurers. There is no mention of insurance policies, claims, premiums, or any other elements characteristic of reinsurance contracts.

Therefore, based on the content and purpose of the document, it is clear that this is a standard credit agreement in the corporate finance domain and not a reinsurance agreement.",False,,,,,
2003-949156-0000950124-03-003646-k80662exv10w3.txt,"The document is an Amended and Restated Trust Agreement for ""Meadowbrook Capital Trust I,"" established among Meadowbrook Insurance Group, Inc. (the Depositor), JPMorgan Chase Bank (Property Trustee), Chase Manhattan Bank USA (Delaware Trustee), and Administrative Trustees. The purpose of the trust, as stated in Section 2.4, is to issue and sell trust securities (Preferred and Common Securities) and use the proceeds to acquire ""Floating Rate Junior Subordinated Notes"" issued by the Depositor. The trust holds these Notes as its primary asset (Trust Property) and distributes interest payments received from the Notes to holders of the trust securities. The trust's activities are limited to those necessary to hold the Notes and distribute payments. This structure is characteristic of a trust preferred securities (TruPS) offering, a financing vehicle used by corporations, including insurers, to raise capital. The document does not involve the transfer of insurance risk from an insurer to a reinsurer. Instead, it is a debt financing arrangement where the trust acts as an intermediary. The Notes are subordinated debt of the Depositor, and the trust securities represent undivided beneficial interests in the trust, which is a grantor trust for tax purposes. This document is fundamentally a corporate finance instrument, not a contract for the transfer of insurance or reinsurance risk. Therefore, it does not meet the definition of a reinsurance agreement or any of its listed forms (e.g., retrocession, RPP, etc.).",False,,,,,
2003-775368-0000950123-03-009385-y88779exv10w20.txt,"The document is titled ""Assignment of Reinsurance Recoverables"" and is explicitly described as an agreement among ceding insurers, a reinsurer, and a trustee. It references underlying ""Quota Share Reinsurance Agreements"" and assigns certain reinsurance recoverables (specifically ""Cat Cover Reinsurance Recoverables"") to a trust to secure the reinsurer's obligations. The document does not itself establish a reinsurance contract but instead secures an existing reinsurance relationship by assigning rights to recoverables under a catastrophe excess of loss treaty purchased by the reinsurer. Therefore, it is ancillary to the main reinsurance agreements.

This document is not a reinsurance agreement itself but rather a security arrangement related to one. It assigns rights to reinsurance recoverables under an underlying reinsurance treaty (catastrophe excess of loss) that the reinsurer has purchased. While reinsurance-related, it does not create a reinsurance contract; it is a financial assurance mechanism.

Because it is not a reinsurance agreement, all downstream classifications (main contract, obligatory, proportional, etc.) are set to None.",False,,,,,
2003-915781-0000950134-03-004970-c75465exv10w11.txt,"The document is titled ""Workers' Compensation Reinsurance Association Reinsurance Agreement"" and explicitly establishes a reinsurance arrangement between the Workers' Compensation Reinsurance Association (the ""Association"") and a Member (an insurer or self-insurer). The purpose of the agreement is to set forth the conditions under which the Association reinsures the Member's workers' compensation liabilities in excess of a retention limit, as authorized by Minnesota law (Minn. Stat. Section 79.34, et seq.). This constitutes a retrospective reinsurance mechanism where the Association indemnifies the Member for 100% of ultimate losses exceeding the Member's retention limit on a per-occurrence basis.

The agreement includes standard reinsurance components such as definitions, scope of coverage, retention limits, premium calculations, claims management, reporting requirements, subrogation, dispute resolution, and termination. It is not an ancillary document like an endorsement or amendment but rather a comprehensive agreement establishing the core reinsurance relationship. Therefore, it qualifies as a main reinsurance contract.

The contract is obligatory because it automatically reinsures all Minnesota workers' compensation liabilities of the Member that exceed the retention limit, without individual risk selection. This is characteristic of a treaty (obligatory) reinsurance arrangement.

The reinsurance is non-proportional because it provides indemnification for losses in excess of a retention limit (i.e., excess of loss), not a proportional sharing of all risks. There is no indication of quota share or surplus sharing; instead, coverage triggers only when losses exceed a specified retention level.

The underlying insurance is workers' compensation, which is a form of casualty insurance under non-life (property and casualty) insurance. Workers' compensation is specifically categorized under ""Casualty"" class of business, as it covers liability arising from workplace injuries and is not property, health, or specialty risk per se.

Thus, the document is a main, obligatory, non-proportional reinsurance agreement pertaining to non-life insurance, specifically casualty business.",True,True,True,non-proportional,Non-Life,Casualty
2003-1097864-0000950153-03-000532-p67558exv10w51.txt,"The provided document is an ""Amendment and Restatement Agreement"" related to a credit agreement between ON Semiconductor Corporation, Semiconductor Components Industries, LLC, and a group of lenders led by JPMorgan Chase Bank. It details the amendment and restatement of an existing credit agreement to, among other things, convert a portion of revolving loans into term loans and permit the issuance of senior secured debt securities. The document outlines financial arrangements, loan terms, covenants, and conditions related to corporate debt financing.

This document does not contain any elements of a reinsurance agreement. It is a financial loan agreement, not an insurance or reinsurance contract. It involves corporate borrowing, interest rates, loan covenants, and security interests, none of which are features of reinsurance. The document is related to credit facilities and debt obligations, not the transfer of insurance risk between insurers.

Therefore, the document is not a reinsurance agreement, and none of the subsequent classification questions regarding main contract status, obligation type, proportionality, insurance type, or class of business are applicable.",False,,,,,
2003-1127783-0001169232-03-002769-d55161_ex10-33.txt,"The document is a Demand Promissory Note, which represents a loan agreement between Trenwick America Corporation (the borrower) and Trenwick America Reinsurance Corporation (the lender). It outlines the repayment terms of a principal amount of $33.3 million, including interest calculations and default provisions. The document does not establish any risk transfer mechanism related to insurance or reinsurance. Instead, it is a financial instrument evidencing an intercompany loan. 

According to the classification criteria, bonds, loans, and credit instruments are explicitly excluded from being considered reinsurance agreements, unless they are Catastrophe Bonds or Insurance Linked Securities fulfilling a risk transfer objective—this document does not meet those exceptions. Therefore, it is not a reinsurance agreement.

Since it is not a reinsurance agreement, the remaining fields (is_main_contract, is_obligatory, etc.) must be set to None as per instructions.",False,,,,,
2003-320335-0000931763-03-000621-dex10d.htm,"The provided document is a ""364-DAY $300,000,000 CREDIT AGREEMENT"" between Torchmark Corporation (the Borrower), several financial institutions (the Lenders), and Bank One, NA (the Agent). This is a standard syndicated loan agreement that outlines the terms for a short-term revolving credit facility. The document details the commitments of the lenders, interest rates, covenants, representations, and conditions precedent for the disbursement of funds.

The agreement is fundamentally a financial instrument for corporate borrowing. It includes provisions typical of credit agreements, such as facility fees, interest calculations, repayment schedules, and default clauses. The metadata confirms this, identifying the document type as ""EX-10.(D)"" and the description as a ""364-DAY $300,000,000 CREDIT AGREEMENT.""

While the Borrower, Torchmark Corporation, is an insurance holding company (as evidenced by references to its insurance subsidiaries like American Income Life Insurance Company and TMK Re, Ltd.), this specific document does not pertain to the transfer of insurance risk. It is not a contract where one insurer (the ceding company) transfers a portion of its risk portfolio to another insurer (the reinsurer). Instead, it is a debt instrument where the Borrower secures a line of credit from a group of banks.

The document is explicitly listed as not being a reinsurance agreement according to the provided definitions. The list of documents that are NOT considered reinsurance agreements includes ""Bonds, loans and credit instruments except for Catastrophe Bonds and other Insurance Linked Securities as described above."" This credit agreement is a standard loan and does not fall under the exception for Catastrophe Bonds, which are a specific type of insurance-linked security. Therefore, this is a conventional credit agreement, which is categorically excluded from the definition of a reinsurance agreement.

Since the document is not a reinsurance agreement, all subsequent fields that depend on that classification (is_main_contract, is_obligatory, etc.) must be set to their null or default state as specified in the instructions.",False,,,,,
2003-1171500-0000950123-03-009440-y89152exv10w5.txt,"The document is a letter agreement outlining the terms and conditions of employment for Gregory E. A. Morrison as President and Chief Executive Officer of Platinum Underwriters Holdings, Ltd. and Platinum Underwriters Bermuda, Ltd. It includes provisions related to salary, bonuses, stock options, benefits, relocation, and termination. The agreement also contains covenants such as confidentiality, non-competition, and non-solicitation.

The document does not involve any transfer of insurance risk from one insurer to another, nor does it contain any terms typical of reinsurance agreements such as ceding of premiums, assumption of liabilities, or coverage for specific insurance policies. Instead, it is a standard executive employment contract.

Although the non-competition clause references the ""reinsurance business,"" this is in the context of restricting future employment and does not indicate that the document itself is a reinsurance agreement.

Therefore, the document is not a reinsurance agreement, and all subsequent fields that depend on it being a reinsurance contract must be set to None.",False,,,,,
2003-773660-0000950134-03-012061-d08102exv10w76.txt,"This document is a Base Indenture Agreement dated May 8, 2003, between AMS-3 2003, LP (the Issuer) and Bank One, National Association (as Indenture Trustee and Eligible Lender Trustee). The document establishes a structure for issuing Student Loan-Backed Notes, which are securities backed by student loans.

After careful review, I can determine that this is not a reinsurance agreement for several reasons:

1. The document is fundamentally a securitization vehicle for student loans, not insurance or reinsurance contracts. It establishes a trust structure where student loans are the underlying collateral for issued notes.

2. The document repeatedly references the Higher Education Act, Student Loan Guaranty Agreements, and the U.S. Department of Education (DOE), which are all related to student loan programs, not insurance or reinsurance.

3. The collateral consists of Student Loans and Alternative Loans (as defined in the document), not insurance policies or reinsurance contracts.

4. The payment structure, security interests, and operational mechanisms described are typical of asset-backed securities transactions, not reinsurance arrangements.

5. There is no mention of insurance risks, ceding companies, reinsurers, or any standard reinsurance terminology or concepts.

6. The document describes mechanisms for student loan guarantees (Student Loan Guaranty Payments), which are government-backed student loan guarantees under federal law, not reinsurance arrangements.

According to the provided classification guidelines, this document does not fall under any category of reinsurance agreement. It is specifically a student loan securitization document that does not involve insurance or reinsurance risk transfer.

Since this is not a reinsurance agreement at all, all subsequent classification fields must be set to None.",False,,,,,
2003-775368-0000950123-03-009385-y88779exv10w44.txt,"The provided document is a Stock Purchase Agreement between Swiss Re America Holding Corporation (Seller) and RSUI Group, Inc. (Purchaser) for the acquisition of the stock of Underwriters Re Group, Inc. (URG), which owns Underwriters Reinsurance Company (URC). While the document references several reinsurance agreements (e.g., Multiple Line Quota Share Reinsurance Agreement, Multiple Line Quota Share Retrocession Agreement), these are ancillary to the primary transaction, which is the sale of corporate stock.

The core nature of the document is a corporate acquisition agreement, not a reinsurance contract. It governs the transfer of ownership, representations and warranties, indemnifications, and closing conditions related to the stock purchase. Although reinsurance agreements are mentioned and even attached as exhibits (e.g., Exhibit G and H), the document itself does not establish the terms of a reinsurance contract. Instead, it deals with the consequences of transferring a company that is party to such contracts.

Therefore, the document is not a reinsurance agreement as defined in the instructions. It is a stock purchase agreement, which falls outside the list of documents considered reinsurance agreements. Consequently, all subsequent fields that depend on the document being a reinsurance agreement (is_main_contract, is_obligatory, proportional_or_non_proportional, insurance_type, class_of_business) should be 'None'.",False,,,,,
2003-775368-0000950123-03-009385-y88779exv10w34.txt,"The document is a ""Managing General Agency Agreement"" (MGA Agreement) between Royal Specialty Underwriting, Inc. (RSUI) and several insurer affiliates (Royal Indemnity Company, Royal Surplus Lines Insurance Company, Royal Insurance Company of America, and Landmark American Insurance Company). The agreement outlines the appointment of RSUI as a managing general agent to perform underwriting, administrative, and claims handling services on behalf of the insurer affiliates.

Although the document references reinsurance agreements (specifically ""Quota Share Reinsurance Agreements"") in the recitals and definitions, it does not itself establish a reinsurance contract. Instead, it governs the delegation of operational and administrative functions (such as underwriting and claims handling) from the insurers to a third-party managing general agent. This type of arrangement is explicitly listed in the non-reinsurance category: ""Underwriting Agency Agreements between reinsurance companies and reinsurance underwriting management companies or agents"" are not considered reinsurance agreements.

Since the document is not a reinsurance agreement, the downstream fields (is_main_contract, is_obligatory, etc.) must be set to None as per instructions.",False,,,,,
2003-1041665-0000950159-03-000240-exhibit10-10.htm,"The document is an employment agreement between Pennsylvania Manufacturers Corporation (PMC) and John W. Smithson. It outlines the terms of Smithson's employment, including his duties, salary, benefits, disability provisions, and death benefits. While the document references PMA Reinsurance Corporation and a split-dollar life insurance arrangement, these are ancillary to the primary purpose of the agreement, which is employment. The document does not establish a reinsurance contract, nor does it modify or renew one. It is not a reinsurance agreement or any type of risk transfer instrument between insurers. Instead, it is a standard executive employment contract that includes provisions for life insurance and disability benefits as part of compensation.

Therefore, the document is not a reinsurance agreement under any of the defined categories. Since it is not a reinsurance agreement, all subsequent classification fields must be set to None.",False,,,,,
2003-822416-0000950124-03-003436-k80549exv10w10.txt,"The document is a Fourth Amended and Restated Revolving Credit Agreement between Pulte Mortgage LLC, the lenders, and Bank One, NA, as the administrative agent. It outlines the terms for a revolving credit facility used for residential mortgage loan origination and acquisition, as well as other general corporate purposes. The document includes detailed provisions on commitments, advances, interest rates, fees, covenants, and collateral, but it does not involve any reinsurance or retrocession agreements. It is a standard credit agreement focused on lending and borrowing, which is not related to insurance or reinsurance activities.",False,,,,,
2003-1179755-0001169232-03-005213-d56652_ex10-2.txt,"The document is a ""Third Amendment to Term Loan Agreement"" among Endurance Specialty Holdings Ltd., lenders, and JPMorgan Chase Bank as Administrative Agent. It amends various sections of an existing Term Loan Agreement, primarily related to financial covenants, definitions, reporting requirements, and other loan conditions. The document is clearly a financial instrument related to a corporate loan and does not establish or modify any reinsurance contract. Although the term ""reinsurance"" appears in the definition of ""Insurance Licenses"" (referring to licenses to transact insurance and reinsurance business), this is merely a reference to regulatory permissions and does not indicate that the agreement itself is a reinsurance contract. The document is an amendment to a loan agreement, which falls under the category of credit instruments. According to the classification rules, bonds, loans, and credit instruments are not considered reinsurance agreements, even if they involve reinsurance companies. Therefore, this is not a reinsurance agreement.",False,,,,,
2003-754009-0000754009-03-000040-ex10-5.htm,"The document is a Credit Agreement dated March 3, 2003, between Sierra Health Services, Inc. (the Borrower), certain of its subsidiaries (the Guarantors), Bank of America, N.A. (as Administrative Agent and L/C Issuer), and other Lenders. The agreement outlines a revolving credit facility of $65,000,000, with provisions for loans, letters of credit, interest rates, fees, covenants, representations, and events of default. It includes standard definitions, financial covenants, and security interests in the form of a Security and Pledge Agreement. The document is clearly a credit facility agreement involving financial lending and borrowing, not a risk transfer contract between insurance or reinsurance entities. The referenced ""Exhibit 10.5"" is a standard form of credit agreement, which is explicitly listed in the non-reinsurance agreements as not being a reinsurance agreement. The document does not contain any terms related to reinsurance, retrocession, risk transfer, or insurance policies. It is a financial instrument focused on debt and credit, not insurance risk allocation.",False,,,,,
2003-775368-0000950123-03-009385-y88779exv10w42.txt,"The provided document is a Stock Purchase Agreement between Alleghany Insurance Holdings LLC and Guaranty National Insurance Company. Its primary purpose is the sale of shares of Landmark American Insurance Company. Although the agreement references a ""RIC (Landmark) Quota Share Reinsurance Agreement"" as an exhibit and includes covenants related to reinsurance (e.g., Section 2.3, Section 7.5), the main document itself is not a reinsurance agreement. Instead, it is a corporate transaction agreement concerning the purchase and sale of stock. The reinsurance agreement is a separate document referenced as Exhibit A, not the main body of this filing. Therefore, the document being evaluated is not a reinsurance agreement but an ancillary agreement facilitating a corporate transaction involving an insurer.",False,,,,,
2003-1171500-0000950123-03-003615-y84608kexv10w64.txt,"The document is a ""Quota Share Retrocession Agreement"" between Platinum Underwriters Bermuda, Ltd. (Retrocessionaire) and Platinum Re (UK) Limited (Retrocedant). This clearly identifies it as a retrocession agreement, which is a type of reinsurance contract where one reinsurer transfers part of its assumed risk to another reinsurer.

The agreement establishes a direct contractual relationship for the transfer of risk, with the Retrocedant obligating itself to retrocede and the Retrocessionaire obligating itself to accept a 55% quota share of the reinsurance and retrocession contracts written by the Retrocedant. This is not an ancillary document like an endorsement or addendum; it is the primary contract that creates the reinsurance relationship.

The contract is obligatory because it states the Retrocedant ""hereby obligates itself to retrocede"" and the Retrocessionaire ""hereby obligates itself to accept"" the 55% quota share of all qualifying contracts. This creates a binding obligation to transfer risk for all contracts in the specified portfolio, which is the definition of an obligatory agreement.

The agreement is proportional because it is explicitly a ""Quota Share"" contract, where the Retrocessionaire assumes exactly 55% of the premiums, losses, and expenses. Article 7 confirms this by stating the Retrocessionaire is liable for ""fifty-five percent (55%) of all loss, loss adjustment expenses and other payment obligations.""

The document does not specify whether the underlying business is Life or Non-Life insurance. While the metadata and context suggest a general reinsurance company, the agreement itself only refers to ""reinsurance and retrocession contracts"" without specifying the type of insurance. Therefore, the insurance type cannot be determined from the document.

Similarly, the document does not specify the class of business (e.g., Property, Casualty). It refers to ""reinsurance and retrocession contracts"" in general terms without mentioning specific lines like property, casualty, or health. Therefore, the class of business cannot be determined from the document.",True,True,True,proportional,,
2003-1011746-0000950129-03-001503-h03365exv10w22.txt,"The document provided is a $260,000,000 Three-Year Credit Agreement between CITGO Petroleum Corporation and a group of lenders, including Bank of America, JPMorgan Chase Bank, and others. The agreement outlines the terms under which the lenders will provide a revolving credit facility to CITGO Petroleum Corporation. It includes detailed provisions about the commitments of the lenders, the process for borrowing, interest rates, fees, representations and warranties, covenants, events of default, and other standard clauses found in credit agreements.

This document is clearly a credit agreement, which is a type of loan or credit facility arrangement. It is not a reinsurance agreement, as it does not involve the transfer of insurance risk from one insurer to another. The document does not contain any provisions related to insurance or reinsurance, such as the ceding of risk, reinsurance premiums, or claims handling. Instead, it focuses on the financial and operational aspects of a credit facility, including the conditions for drawing down funds, repayment terms, and financial covenants.

Therefore, the document is not a reinsurance agreement, and all subsequent fields that depend on it being a reinsurance agreement are set to None or False as appropriate.",False,,,,,
2003-1099219-0000950123-03-009363-y87663exv10w1.txt,"The document is a Credit Agreement dated April 25, 2003, among MetLife, Inc., Metropolitan Life Insurance Company, MetLife Funding, Inc., and several lenders, with Bank One, NA acting as the Administrative Agent. The agreement outlines the terms for a $1,000,000,000 credit facility, including commitments, loans, interest rates, fees, and covenants. It does not contain any language or provisions related to risk transfer from one insurer to another, ceding of insurance liabilities, or reinsurance-specific terms such as retrocession, reinsurance treaties, or proportional/non-proportional reinsurance structures.

The document is clearly a financial lending agreement, not a reinsurance agreement. It involves borrowing and lending of funds, not the transfer of insurance risk. The listed exclusions for reinsurance agreements include ""Bonds, loans and credit instruments except for Catastrophe Bonds and other Insurance Linked Securities,"" which directly applies to this credit agreement. Therefore, this document is not a reinsurance agreement.",False,,,,,
2003-1069996-0001116502-03-001940-exhibit1025.txt,"The document is an addendum to a reinsurance agreement, specifically a ""COMMERCIAL AND PRIVATE PASSENGER AUTOMOBILE QUOTA SHARE TREATY."" Addenda that modify the terms of an existing reinsurance agreement are considered reinsurance agreements under the provided definition. Therefore, this document qualifies as a reinsurance agreement. However, it is not a main contract because it is an ancillary agreement (an addendum) that modifies an existing treaty rather than establishing the principal terms of a new contract. Since it is not a main contract, the fields for is_obligatory, proportional_or_non_proportional, insurance_type, and class_of_business cannot be determined from this ancillary document alone. The reference to a ""Quota Share Treaty"" in the parent agreement indicates a proportional structure, but as this is merely an addendum and not the full contract, these characteristics pertain to the underlying treaty, not this document itself. Thus, those fields are set to None.",True,False,,,,
2003-926866-0000950109-03-001378-dex1022.txt,"The provided document is a Loan Agreement between Innkeepers Financing Partnership II, L.P. (the Borrower) and Nomura Asset Capital Corporation (the Lender). The agreement details the terms of a $30,000,000 loan, including repayment schedules, interest rates, security for the loan (via mortgages on specified properties), covenants, events of default, and other standard loan conditions. It also includes provisions related to defeasance and securitization of the loan.

The document does not contain any language or structure indicative of a reinsurance agreement. It does not involve the transfer of insurance risk from one insurer (ceding company) to another (reinsurer). Instead, it is a financial instrument involving a borrower and a lender, secured by real estate assets. The document is clearly identified in the metadata as a ""LOAN AGREEMENT"" and is filed as an exhibit (EX-10.22) to a 10-K form, which is consistent with a financing arrangement.

Given that the document is a loan agreement secured by real property and does not involve insurance or reinsurance risk transfer, it does not meet any of the criteria for being classified as a reinsurance agreement as defined in the instructions. Therefore, all subsequent fields related to reinsurance classification are not applicable.",False,,,,,
2003-30927-0000950153-03-001982-p68331exv10w71.txt,"The provided document is a Credit Agreement dated August 7, 2003, between EaglePicher Holdings, Inc., EaglePicher Incorporated, the Lenders party hereto, and Harris Trust and Savings Bank, as Administrative Agent. This document outlines the terms and conditions for credit facilities extended to the borrowers, including commitments, loans, interest rates, fees, and various covenants. It is a financial agreement focused on lending and borrowing activities, and it does not contain any provisions related to reinsurance, retrocession, or risk transfer between insurance entities. Therefore, it does not meet the criteria for being classified as a reinsurance agreement.",False,,,,,
2003-913144-0001193125-03-038705-dex103.txt,"The document is an employment agreement between RenaissanceRe Holdings Ltd. and David A. Eklund. It outlines the terms of employment, including duties, compensation, termination conditions, confidentiality, non-competition, and indemnification. The document does not involve any transfer of insurance risk from one insurer to another or any form of reinsurance arrangement. Instead, it pertains to the employment relationship of an executive within a reinsurance company. While the company may be involved in reinsurance, the document itself is not a reinsurance agreement. Therefore, it does not meet any of the criteria for being classified as a reinsurance agreement.",False,,,,,
2003-1095073-0001095073-03-000013-ex10.txt,"The document is an employment contract for Peter J. Bennett with Everest Reinsurance (Bermuda) Ltd., outlining terms of employment such as salary, responsibilities, termination conditions, confidentiality, and benefits. It does not contain any provisions related to risk transfer between insurers and reinsurers, nor does it establish a reinsurance or retrocession agreement. Instead, it pertains solely to the employment relationship between an individual and a company. Therefore, it does not meet the definition of a reinsurance agreement or any of its ancillary forms. As such, all downstream classification fields related to reinsurance characteristics are not applicable.",False,,,,,
2003-1102643-0000898430-03-002165-dex1047.txt,"The provided document is an employment agreement between USI Insurance Services Corp. and Thomas E. O'Neil. It outlines the terms of employment, including position, responsibilities, compensation, benefits, confidentiality, non-solicitation, non-competition, and termination provisions. The document does not involve any risk transfer between insurers and reinsurers, nor does it reference reinsurance, retrocession, or any related concepts. Instead, it is a standard executive employment contract. Therefore, it does not qualify as a reinsurance agreement under any of the defined categories. Since it is not a reinsurance agreement, all subsequent classification fields must be set to None.",False,,,,,
2003-1069822-0001193125-03-081394-dex105.htm,"The document is a 364-Day Credit Agreement between The MONY Group Inc. (the Borrower), various Lenders, and Citibank, N.A. as Administrative Agent. It outlines the terms under which the Lenders will provide a $150,000,000 loan to the Borrower for general corporate purposes, including supporting its commercial paper program. The document details the obligations, covenants, conditions, and administrative procedures related to this loan.

This document is not a reinsurance agreement. It is a credit agreement, which is a financial instrument for borrowing money. According to the provided definitions, credit instruments such as bonds, loans, and credit instruments are explicitly excluded from being considered reinsurance agreements, except for Catastrophe Bonds and other Insurance Linked Securities, which this document is not. The document does not involve the transfer of insurance risk from one insurer to another, which is the defining characteristic of a reinsurance agreement.

Since the document is not a reinsurance agreement, the remaining classification fields (is_main_contract, is_obligatory, proportional_or_non_proportional, insurance_type, class_of_business) are not applicable and should be set to None.",False,,,,,
2003-1040441-0000950134-03-004787-d03650exv10w60.txt,"The document is an amendment to a Participation Agreement involving Beverly Enterprises, Inc., financial institutions, and lessors. It primarily deals with financial covenants, prepayment obligations, collateral (such as mortgages on healthcare facilities), and restructuring of debt. The parties involved are not engaging in risk transfer related to insurance or reinsurance. Instead, the agreement pertains to leasing, financing, and secured lending arrangements for long-term care facilities.

There is no mention of insurance, reinsurance, retrocession, or any risk transfer mechanism typical of reinsurance agreements. The document amends financial and operational covenants related to asset sales, leverage ratios, capital expenditures, and mortgage obligations — all indicative of a corporate finance or leasing arrangement, not an insurance-related contract.

Therefore, this document does not qualify as a reinsurance agreement under any of the listed categories. As a result, all subsequent fields that depend on it being a reinsurance agreement must be set to None.",False,,,,,
2003-919623-0000950144-03-012956-g85608exv10w1.txt,"The provided document is a Credit Agreement dated September 25, 2003, among Quintiles Transnational Corp., as the Borrower, Pharma Services Holding, Inc. and Pharma Services Intermediate Holding Corp., as Parent Guarantors, and various lenders, including Citigroup Global Markets Inc., Citicorp North America, Inc., ABN AMRO Bank N.V., Banc One Mezzanine Corporation, and Residential Funding Corporation. The agreement outlines the terms and conditions for credit facilities, including term loans and revolving loans, and involves commitments, interest rates, covenants, and other financial arrangements between the borrower and the lenders.

This document is clearly a credit agreement, which is a financial instrument used to provide loans and establish credit facilities. It does not involve the transfer of insurance risk from one party to another, which is the fundamental characteristic of a reinsurance agreement. The document outlines the terms for borrowing and lending money, not for transferring insurance risk. Therefore, it does not meet the definition of a reinsurance agreement as outlined in the provided criteria.

Given that the document is not a reinsurance agreement, all subsequent questions regarding its nature as a main contract, its obligatory status, proportionality, insurance type, and class of business are not applicable. These attributes are specific to reinsurance agreements and do not apply to credit agreements.",False,,,,,
2003-913144-0001193125-03-038705-dex105.txt,"The provided document is an ""Amended and Restated Credit Agreement"" between RenaissanceRe Holdings Ltd. (the Borrower) and various financial institutions (the Lenders). The agreement outlines the terms for revolving loans, letters of credit, interest rates, fees, covenants, and other financial arrangements. It includes standard clauses related to credit extensions, repayment terms, collateral, and default conditions. The document does not contain any provisions related to the transfer of insurance risk from one insurer to another, which is the defining characteristic of a reinsurance agreement. Instead, it is a standard financial credit facility. Therefore, it is not a reinsurance agreement.",False,,,,,
2003-1171500-0000950123-03-003615-y84608kexv10w59.txt,"The document is a ""REVISED AND AMENDED TRUST AGREEMENT"" established among Platinum Underwriters Reinsurance, Inc. (Grantor), St. Paul Fire and Marine Insurance Company (Beneficiary), and State Street Bank and Trust Company (Trustee). 

While the document references 12 retrocession agreements (9 with Fire and Marine and 3 with St. Paul Re UK) that are described as ""100% Quota Share Retrocession Agreements"" (which would be reinsurance agreements), the document itself is a trust agreement created to secure payments under those retrocession agreements. 

According to the classification guidelines, ""Financial guarantees and other agreements that secure the payment obligations arising from insurance or reinsurance contracts"" are explicitly NOT considered reinsurance agreements. This trust agreement falls squarely into that category - it creates a trust account to secure payments related to existing reinsurance contracts but does not itself constitute a reinsurance agreement.

The document establishes mechanisms for:
- Depositing assets to secure payments under the retrocession agreements
- Withdrawing assets to cover obligations under those agreements
- Managing the trust assets
- Terminating the trust when obligations are satisfied

Since this is an ancillary document that secures payment obligations rather than establishing reinsurance coverage terms, it is not classified as a reinsurance agreement. As such, all subsequent fields related to reinsurance contract characteristics (is_main_contract, is_obligatory, proportional_or_non_proportional, insurance_type, and class_of_business) must be set to None.",False,,,,,
2003-1171500-0000950123-03-003615-y84608kexv10w46.txt,"The document is titled ""100% QUOTA SHARE RETROCESSION AGREEMENT"" and is explicitly defined as a retrocession agreement between St. Paul Fire and Marine Insurance Company (Retrocedant) and Platinum Underwriters Reinsurance, Inc. (Retrocessionaire). Retrocession agreements are explicitly listed as reinsurance agreements in the provided classification criteria.

The agreement establishes a full reinsurance contract, retroceding 100% of the liabilities under a specific reinsurance contract (the ""Reinsurance Contract"" with Transatlantic Reinsurance Corporation). It contains all principal terms, including the business covered, term, coverage periods, premiums, and administration. Therefore, it is a main contract, not an ancillary agreement.

It is an obligatory agreement because it is a quota share retrocession treaty, which transfers risk from an entire portfolio (specifically, a section of an excess of loss reinsurance agreement). This type of agreement obligates the Retrocessionaire to accept 100% of the liabilities.

The agreement is proportional because it is explicitly a ""100% QUOTA SHARE"" retrocession. This means the Retrocessionaire assumes an equal, proportional share of all the liabilities and premiums of the underlying reinsurance contract.

The class of business is indicated in Exhibit A-1 and A-2 as ""Non-Traditional D,"" which is a category within Property insurance. The metadata and the nature of the underlying reinsurance contract (Whole Account Excess of Loss) are typical of Non-Life (Property & Casualty) reinsurance. Therefore, the insurance type is Non-Life, and the class of business is Property.",True,True,True,proportional,Non-Life,Property
2003-772349-0000950116-03-003984-ex10-101.txt,"The document is an ""Insurance and Indemnity Agreement"" between Radian Asset Assurance Inc. (acting as ""Certificate Insurer"") and various mortgage loan sellers, a depositor, and a trustee. It relates to the ABFS Mortgage Loan Trust 2003-1, specifically insuring the Class M Certificates (mezzanine tranches of mortgage-backed securities).

Key observations:
1. The agreement establishes a Financial Guaranty Insurance Policy (Section 3.01) where Radian Asset Assurance provides credit enhancement for mortgage-backed securities.
2. The Certificate Insurer receives premiums (Section 3.02) and agrees to make payments under the Policy if needed (Section 3.03).
3. This is a primary insurance arrangement where Radian is directly insuring the certificates, not transferring risk between insurers.
4. While Section 4.04(b) mentions that ""The Certificate Insurer shall have the right to... enter into contracts of reinsurance with respect to the Policy,"" this document itself is the primary insurance policy, not the reinsurance contract.

According to the classification criteria:
- This falls under ""Insurance policies and other direct insurance contracts"" which are explicitly NOT considered reinsurance agreements.
- It is a financial guaranty insurance policy for structured finance products (mortgage-backed securities), not a reinsurance arrangement where risk is transferred from one insurer to another.
- The document establishes a direct insurance relationship between the insurer (Radian) and the certificate holders, not a reinsurance relationship between insurers.

Since this is not a reinsurance agreement, all subsequent classification fields should be None as they only apply to reinsurance agreements.",False,,,,,
2003-94845-0001032210-03-000174-dex1066.txt,"The document is a Credit Agreement dated January 31, 2003, between Levi Strauss & Co. (the Borrower), Citicorp North America, Inc. (as Administrative Agent and Swing Line Lender), and other lenders and financial institutions. It outlines the terms of a credit facility involving Tranche B Term Loans, Revolving Loans, Letters of Credit, and Swing Line Loans. The agreement includes covenants, conditions for credit extensions, events of default, and remedies.

The document does not contain any elements characteristic of a reinsurance agreement. It is not about risk transfer from an insurer to a reinsurer. Instead, it is a financial credit arrangement where a borrower (Levi Strauss & Co.) obtains loans and credit facilities from a syndicate of lenders. The document is fundamentally a loan and credit agreement, which falls under the category of financial guarantees and credit instruments.

According to the provided classification rules, documents that are ""bonds, loans and credit instruments"" are explicitly NOT considered reinsurance agreements. Since this document is a credit agreement involving loans and credit extensions, it is definitively not a reinsurance agreement.

Because it is not a reinsurance agreement, the subsequent fields (is_main_contract, is_obligatory, etc.) must be answered as 'None'.",False,,,,,
2003-1063699-0000950130-03-002001-dex1071.txt,"The document is an ""Insurance and Indemnity Agreement"" between Ambac Assurance Corporation (the ""Insurer"") and several parties related to the Alliance Laundry Equipment Receivables Trust 2002-A. The core purpose of this agreement is to govern the issuance of the ""Ambac Policy,"" which is described as a ""Note Guaranty Insurance Policy.""

This policy guarantees the payment of principal and interest on asset-backed securities (the ""Notes"") issued by the trust, which are backed by equipment loans and receivables from a laundry equipment business. The Insurer (Ambac) agrees to make payments on the Notes if the Issuer cannot, and in return, the Issuer and other parties agree to reimburse Ambac for any such payments, pay premiums, and indemnify Ambac against various risks.

This structure is characteristic of a financial guarantee insurance policy, which is a form of credit enhancement for a debt security. It is not a reinsurance agreement because it does not involve the transfer of risk from one insurer (the ceding company) to another insurer (the reinsurer). Instead, it involves an insurer (Ambac) providing a guarantee to investors in a structured finance product (the Noteholders). The document explicitly states it is not a reinsurance contract in Section 4.4(b), which allows the Insurer to enter into reinsurance contracts but clarifies that such agreements would not relieve the Insurer of its obligations under this policy.

Since the document is not a reinsurance agreement, all subsequent fields (is_main_contract, is_obligatory, etc.) that depend on it being a reinsurance contract must be answered as 'None'.",False,,,,,
2003-913144-0000950136-03-000745-file011.txt,"The document is a Reimbursement Agreement for a secured letter of credit facility. It involves financial institutions and reinsurers, but the core of the agreement is about letters of credit, not reinsurance. The agreement outlines the terms for issuing letters of credit, which are financial instruments used to guarantee payment. Although the parties involved include reinsurance companies, the document itself does not establish a reinsurance contract. Instead, it is a financial agreement related to credit and collateral, not risk transfer between insurers and reinsurers. Therefore, it does not meet the criteria for being classified as a reinsurance agreement.",False,,,,,
2003-1091748-0001125282-03-002350-b323566ex_10-41.txt,"The document is a Retention Bonus Agreement between PXRE Reinsurance Company and an employee, Bruce Byrnes. It outlines the payment of a retention bonus contingent on continued employment. The agreement does not establish any reinsurance or retrocession contract, nor does it modify, renew, or amend such a contract. It is an employment-related agreement focused on compensation incentives and contains no terms related to risk transfer, reinsurance coverage, or insurance liabilities. Therefore, it does not qualify as a reinsurance agreement under any of the specified categories.",False,,,,,
2003-1012569-0000950129-03-005891-h10885exv10w32.txt,"The document is a Stock Purchase Agreement for the sale of shares in Heritage Holdings, Inc. (HHI) from the Sellers to the Buyer, Heritage Propane Partners, L.P. The agreement outlines the terms of the transaction, including the purchase price, representations and warranties, covenants, conditions to closing, indemnification, and other standard provisions typical of a stock acquisition. There is no mention of insurance, reinsurance, risk transfer, or any terms related to underwriting, claims, or coverage typical of reinsurance agreements. Instead, it is a corporate transaction involving the sale of stock in a company that previously served as a general partner in a limited partnership. Therefore, this document is not a reinsurance agreement.",False,,,,,
2003-947484-0001047469-03-011134-a2105700zex-10_710.htm,"The document is an ""Amended and Restated Non-Qualified Stock Option Agreement"" between Arch Capital Group Ltd. and an employee, Paul B. Ingrey. It outlines the terms under which the employee is granted the right to purchase company shares. This is a stock option agreement related to employee compensation and equity incentives. It does not involve risk transfer between insurers and reinsurers, nor does it pertain to any reinsurance or insurance coverage.

According to the classification guidelines, reinsurance agreements include contracts such as reinsurance treaties, retrocessions, loss portfolio transfers, catastrophe bonds for risk transfer, and related modifying documents. This document is not among those categories. Instead, it is a corporate securities agreement related to employee stock options, which is explicitly outside the scope of reinsurance.

Therefore, the document is not a reinsurance agreement. As a result, all subsequent fields that depend on it being a reinsurance contract must be set to 'None'.",False,,,,,
2003-1040829-0000950144-03-010034-g84530exv10w1.txt,"The document is a Credit Agreement dated May 22, 2003, among Gaylord Hotels, LLC (the Borrower), various lenders, Gaylord Entertainment Company (the Parent Guarantor), and Deutsche Bank Trust Company Americas (the Administrative Agent). The agreement outlines the terms for a loan provided to the Borrower, including the commitment amounts, interest rates, repayment terms, covenants, representations, warranties, and conditions precedent to funding. It also includes provisions for security interests in collateral, events of default, and remedies.

The document is fundamentally a financial loan agreement. It establishes a credit facility for the Borrower, secured by various assets, and contains standard clauses related to loan covenants, financial reporting, and default. The primary purpose is to provide debt financing for the construction and operation of hotel and convention center projects.

According to the provided classification rules, reinsurance agreements include documents like reinsurance treaties, retrocession agreements, and other risk transfer instruments between insurers. The list of documents that are NOT considered reinsurance agreements explicitly includes ""Bonds, loans and credit instruments,"" which directly applies to this Credit Agreement.

Since this is a standard loan and credit instrument, it does not meet any of the criteria for being classified as a reinsurance agreement.",False,,,,,
2003-883476-0000931763-03-001000-dex1024.htm,"The document is a Master Agreement between Fannie Mae and Crescent Bank and Trust Company for the sale of eligible residential mortgage loans. The agreement outlines the terms and conditions for the sale and purchase of these mortgages, including various variances and special requirements. The document includes master conversions, pool purchase contracts, and pricing confirmations, which are all related to mortgage loan transactions.

The key points indicating that this is not a reinsurance agreement are:
1. The document explicitly states it governs the sale of residential mortgage loans (Mortgages) from the lender to Fannie Mae.
2. The terms involve mortgage underwriting, loan-to-value ratios, mortgage insurance, and other mortgage-related concepts.
3. The document references Fannie Mae's Selling Guide and Desktop Underwriter, which are systems used for mortgage underwriting.
4. The special feature codes mentioned (like 442, 443, 444) are related to mortgage products (Stated Income, No Ratio, No Income/No Asset).
5. The document discusses mortgage pooling and guaranty fees, which are standard in mortgage securitization, not reinsurance.

Since this document is about residential mortgage loans and their sale to Fannie Mae, it falls under the category of direct insurance/financial agreements, not reinsurance. The document establishes the main contractual relationship for mortgage sales, but this relationship is not a reinsurance contract.

Therefore, this document is not a reinsurance agreement, so the subsequent fields about being a main contract, obligatory nature, proportionality, insurance type, and class of business are not applicable.",False,,,,,
2003-1171500-0000950123-03-003615-y84608kexv10w49.txt,"The document is a ""100% QUOTA SHARE RETROCESSION AGREEMENT,"" which explicitly indicates it is a retrocession agreement. Retrocession agreements are explicitly listed as a type of reinsurance agreement in the provided definition. Therefore, the document qualifies as a reinsurance agreement.

The agreement establishes the principal terms of a reinsurance contract, including the business covered, term, coverage periods, premiums, administration, and dispute resolution. It is not merely an ancillary agreement like an endorsement or amendment, but a full contract that creates the reinsurance relationship. Thus, it is a main contract.

The agreement specifies a ""100% quota share"" of the liabilities, which is a defining feature of proportional reinsurance. Quota Share contracts are explicitly listed as an example of proportional reinsurance in the provided definition. There are no indications of non-proportional terms like excess of loss layers, so the contract is purely proportional.

The document refers to a ""Reinsurance Contract"" that is an ""Aggregate Excess of Loss Reinsurance Agreement"" with PMA Capital Insurance Company. This underlying contract is clearly non-life (property/casualty), as indicated by the mention of ""Property Risk & Prorata business"" in Exhibit B. The retrocession covers this non-life business. The primary class of business can be identified from Exhibit A-1, which lists ""Non-Traditional D"" under ""New York & Vermont."" ""Non-Traditional"" in this context, combined with the underlying property/casualty nature of the reinsurance, points to ""Specialty"" as the most appropriate class of business, as it often encompasses non-traditional or complex property and casualty risks.

The agreement is an obligatory treaty, as it retrocedes a 100% quota share of all liabilities arising from the underlying reinsurance contract, which is a portfolio of business. This is not a facultative contract for a single risk.",True,True,True,proportional,Non-Life,Specialty
2003-1130310-0000950129-03-005578-h10111exv10w7.txt,"The document is a First Amendment to a Credit Agreement among CenterPoint Energy Houston Electric, LLC, various banks, and Credit Suisse First Boston acting as administrative agent. It amends certain provisions of an existing credit agreement, including definitions, covenants, and conditions related to defeasance and covenant defeasance. The document pertains to a financial credit facility and includes provisions for depositing funds in trust to discharge obligations under the agreement.

Although General Reinsurance Corporation is listed as one of the banks, its participation does not make the document a reinsurance agreement. The document itself is clearly a credit agreement amendment, which falls under the category of financial credit instruments. According to the classification guidelines, bonds, loans, credit instruments, and similar financial agreements are explicitly not considered reinsurance agreements, even if a reinsurer is a party to them.

Since the document is not a reinsurance agreement, all subsequent fields related to reinsurance characteristics (main contract, obligatory, proportional/non-proportional, insurance type, class of business) must be set to None.",False,,,,,
2003-1171500-0000950123-03-003615-y84608kexv10w20.txt,"The document is a Capital Support Agreement between Platinum Underwriters Holdings, Ltd. (a Bermuda holding company) and Platinum Underwriters Reinsurance, Inc. (its Maryland-based reinsurance subsidiary). While the agreement relates to a reinsurance company, it is not itself a reinsurance contract.

Key points from the document:
- Platinum Holdings agrees to make capital contributions to ensure Platinum U.S.'s surplus doesn't fall below the company action level RBC
- The agreement explicitly states it ""grants no rights to any person who obtains or is otherwise covered by a reinsurance contract issued by Platinum U.S.""
- It is a parent-subsidiary financial guarantee to maintain capital levels

According to the classification criteria, ""Financial guarantees and other agreements that secure the payment obligations arising from insurance or reinsurance contracts"" are explicitly NOT considered reinsurance agreements. This document falls squarely into that category - it's a capital maintenance guarantee from parent to subsidiary, not a risk transfer agreement between insurers.

While ""Capital Maintenance agreements"" are listed as reinsurance agreements in the positive criteria, the context suggests these refer to specific types of reinsurance arrangements (like those transferring risk), not parent-subsidiary financial guarantees. The explicit exclusion of financial guarantees that secure payment obligations takes precedence.

Since this is not a reinsurance agreement, all subsequent fields should be None.",False,,,,,
2003-909109-0000893220-03-001916-w91619exv10w2.htm,"The document is titled ""Excess of Loss Agreement of Reinsurance No. 9034"" and is explicitly structured as a reinsurance agreement between two parties: Philadelphia Indemnity Company and Philadelphia Insurance Company (the ""Company"") and General Reinsurance Corporation (the ""Reinsurer""). The agreement includes standard reinsurance clauses such as scope, claims management, premium payments, liability, and termination. It contains two exhibits (Exhibit A and Exhibit B), both of which are excess of loss reinsurance arrangements for Property Business — one covering general property risks and the other specifically covering terrorism-related losses. 

The structure of the document includes General Articles (I–XIII) and Exhibits, indicating it is a full, standalone reinsurance contract. The use of terms such as ""cede,"" ""reinsurer's liability,"" ""net loss,"" ""adjustment expense,"" and ""reinstatement"" are consistent with industry-standard reinsurance terminology. The agreement is not ancillary; it establishes the full contractual terms of reinsurance, including premium calculations, limits, and obligations, making it a main contract.

The reinsurance is obligatory because it applies to all eligible property business written by the Company within the defined scope, as stated in Section 6 of Exhibit A: ""The obligations of the Company to reinsure business... are mandatory."" This indicates it is a treaty-style, obligatory reinsurance contract covering a portfolio of risks, not individual facultative placements.

The contract is non-proportional because both Exhibit A and Exhibit B are structured as excess of loss reinsurance — the Reinsurer pays only after the Company's retention is exceeded, up to defined limits. There is no proportional sharing of premiums or losses based on a fixed percentage. The presence of reinstatement premiums further confirms the non-proportional nature.

The insurance type is Non-Life, as the agreement covers property insurance lines such as fire, inland marine, commercial multiple peril, and automobile physical damage — all standard non-life classes.

The class of business is Property, as both exhibits explicitly state they apply to ""Property Business"" and define it in terms consistent with property insurance (e.g., buildings, contents, physical damage). There is no indication of casualty, health, or life coverage being the primary focus.",True,True,True,non-proportional,Non-Life,Property
2003-925600-0000925600-03-000013-doc7.txt,"The document is titled ""Addendum No. 4 to Quota Share Reinsurance Agreement,"" which indicates it modifies an existing reinsurance agreement. The original agreement is a quota share reinsurance contract, a type of proportional reinsurance, between PAFCO General Insurance Company and National Union Fire Insurance Company. The addendum amends specific terms of the original agreement, including the term, quota share participation, premium and commission, investment allowance, definitions, and reporting and accounting procedures. 

As an addendum, it is an ancillary agreement that modifies an existing reinsurance contract rather than establishing a new main contract. However, since it pertains to a reinsurance agreement and modifies its terms, it qualifies as a reinsurance agreement under the provided definition, which includes documents that amend existing reinsurance agreements.

The underlying agreement is a quota share treaty, which is an obligatory reinsurance contract because it automatically covers all policies ceded by the ceding company within the defined scope. The reinsurance is proportional, as it involves a fixed percentage cession of premiums and losses. 

The document does not specify the type of insurance (Life or Non-Life), but given that it involves property and casualty terms such as ""allocated loss adjustment expenses,"" ""written premium,"" and ""loss ratio"" in a non-life context, and considering the insurer names and typical lines of business (e.g., National Union Fire Insurance), it is reasonable to infer that this pertains to Non-Life insurance. The class of business is not explicitly stated, but the structure and terminology (e.g., fire insurance, loss adjustment expenses) suggest it could fall under Property or Casualty. However, without more specific information, and given that ""Casualty"" is a broad category often associated with general liability and similar coverages, and considering the lack of health-specific language, ""Casualty"" is a plausible classification. Alternatively, ""Multi-Line"" could be appropriate if both property and casualty are covered. But given the emphasis on liability-type terms (e.g., loss adjustment expenses, loss fund), and absence of property-specific terms, ""Casualty"" is selected.",True,False,True,proportional,Non-Life,Casualty
2003-1057234-0001047469-03-005273-a2102348zex-10_9.htm,"The document is titled ""Insurance and Indemnity Agreement"" and involves AMBAC Assurance Corporation, an insurer, issuing financial guaranty insurance policies (referred to as the ""Notes Policy"" and ""Certificate Policy"") for notes and certificates issued by BRL Universal Compression Funding I 2002, L.P. The purpose of the agreement is to provide insurance coverage for the timely payment of principal and interest on these notes and certificates.

However, this is not a reinsurance agreement. Reinsurance involves one insurer (the reinsurer) assuming part of the risk of another insurer (the ceding company). In this case, AMBAC is acting as a financial guarantor for debt securities (notes and certificates), not assuming risk from another insurer. The policies issued are financial guaranty insurance policies, which are credit enhancement products that guarantee payment of debt obligations, not reinsurance contracts that transfer insurance risk between insurers.

The document falls under the category of financial guaranty insurance, which is a form of credit enhancement for debt securities. This is distinct from reinsurance, which involves the transfer of insurance risk between insurance companies. The agreement contains provisions typical of financial guaranty insurance, including premium payments, reimbursement obligations, and indemnification, but these are structured around guaranteeing debt payments rather than transferring insurance risk.",False,,,,,
2003-1091748-0001125282-03-002350-b323566ex_10-3.txt,"The document is an amendment to the ""Amended and Restated Facultative Obligatory Quota Share Retrocessional Agreement"" between two reinsurance companies, PXRE Reinsurance Company and Select Reinsurance Ltd. The term ""Retrocessional Agreement"" clearly indicates this is a reinsurance arrangement where one reinsurer (the ceding company) transfers part of its assumed risk to another reinsurer. Retrocession agreements are explicitly listed as reinsurance agreements in the provided definition.

This document is an amendment to an existing reinsurance contract, extending its termination date and modifying certain terms. As such, it is not a standalone main contract but rather an ancillary agreement that modifies the terms of the original Quota Share Agreement. Therefore, it is not a main contract.

The original agreement is described as a ""Facultative Obligatory Quota Share"" retrocessional agreement. The term ""Obligatory"" indicates that the Reinsurer is obligated to accept cessions that meet the agreed-upon criteria. Facultative Obligatory contracts are explicitly listed as obligatory reinsurance agreements in the definition provided. Therefore, this is an obligatory reinsurance agreement.

The agreement is a Quota Share arrangement, which is a form of proportional reinsurance. Proportional reinsurance includes Quota Share contracts, even if they contain minor non-proportional features. There is no indication of non-proportional components, so the agreement is purely proportional.

Regarding the insurance type, the document refers to ""excess property, marine and aerospace risks"" and ""casualty and pro rata property, marine and aerospace risks."" These are all categories of non-life (property and casualty) insurance. There is no mention of life, health, annuity, or pension products. Therefore, the agreement pertains to Non-Life insurance.

The class of business includes property (excess and pro rata), marine, aerospace, and casualty. Marine and aerospace are typically classified under Specialty lines. Given that multiple classes are covered—Property, Casualty, and Specialty—the most appropriate classification is ""Multi-Line,"" as the agreement spans several distinct classes of non-life business.",True,False,True,proportional,Non-Life,Multi-Line
2003-1061507-0001061507-03-000002-exhibit10-1.txt,"The document provided is a Credit Agreement dated February 14, 2003, among Graham Packaging Holdings Company, Graham Packaging Company, L.P., GPC Capital Corp. I, and various lenders. The agreement outlines the terms for extending credit in the form of term loans, revolving loans, swingline loans, and letters of credit. It includes provisions for interest rates, repayment schedules, covenants, and conditions for borrowing. The document is focused on financial lending and does not contain any elements related to insurance or reinsurance. It does not mention risk transfer, indemnification for insurance claims, or any other typical features of reinsurance agreements. Instead, it is a standard credit agreement used in corporate finance to secure funding for business operations, refinancing, and other corporate purposes. Therefore, this document is not a reinsurance agreement.",False,,,,,
2003-1064863-0000928385-03-001450-dex1031.txt,"The document is a contract between the State of Florida, the Agency for Health Care Administration, and Physicians Healthcare Plans, Inc. (later amended to Amerigroup Florida, Inc.). The contract outlines the provision of long-term care and acute care services to Medicaid-eligible enrollees. The contractor is paid a fixed monthly capitation rate to provide these services, which include adult companion services, adult day health services, assisted living services, case management, home-delivered meals, personal care, nursing facility services, physician services, and other health-related services. The contractor bears the underwriting risk for all covered services and is responsible for managing the care of enrollees.

This is a direct insurance or managed care agreement where a health plan is contracted to provide comprehensive health services to a defined population in exchange for a capitated payment. It does not involve the transfer of insurance risk from one insurer to another, which is the defining characteristic of a reinsurance agreement.

The document is clearly a direct health services contract, not a reinsurance agreement. Therefore, it does not meet any of the criteria for being classified as a reinsurance agreement.",False,,,,,
2003-922621-0000950128-03-000576-j0030501exv10w1.htm,"The document is an ""Addendum No. 2"" to an existing reinsurance contract between Erie Insurance Company and Erie Indemnity Company, acting as Attorney-in-Fact for Erie Insurance Exchange. It amends the terms of an existing reinsurance agreement by revising Article 12 (Premium), and adding Articles 23 (Offset) and 24 (Terrorism Exclusion). The title explicitly refers to an ""Aggregate Excess of Loss Reinsurance"" contract, which is a well-known form of non-proportional reinsurance. This confirms that the document is a modification of a reinsurance agreement.

Since it is an addendum that modifies an existing reinsurance contract rather than establishing the full terms of a new contract, it is not a main contract but an ancillary agreement. However, because it pertains to a reinsurance agreement, the document is classified as a reinsurance agreement.

The underlying contract is an ""Aggregate Excess of Loss"" contract, which is inherently non-proportional in nature, as it covers aggregate losses in excess of a specified amount over a period. Therefore, the reinsurance is non-proportional.

The document does not specify whether the underlying business is life or non-life, but ""Aggregate Excess of Loss"" reinsurance is most commonly associated with property and casualty lines, which are non-life. Additionally, the companies involved—Erie Insurance Company and Erie Indemnity Company—are primarily property and casualty insurers. The class of business is likely Casualty or Property, but the document does not specify the underlying risks covered. However, given the structure (aggregate excess of loss) and the insurer profile, ""Multi-Line"" or ""Casualty"" could be plausible. But without explicit mention, the safest classification is ""Casualty"" as a representative non-life line often covered under such treaties.

The reinsurance appears to be obligatory, as it is a treaty-style agreement (aggregate excess of loss) that covers a portfolio of risks rather than individual policies, which is typical of obligatory reinsurance.",True,False,True,non-proportional,Non-Life,Casualty
2003-1171500-0000950123-03-003615-y84608kexv10w47.txt,"The document is titled ""100% QUOTA SHARE RETROCESSION AGREEMENT"" and is explicitly described as such in the text and metadata. A retrocession agreement is a type of reinsurance agreement where a reinsurer (the retrocedant) transfers part of its assumed risk to another reinsurer (the retrocessionaire). This clearly falls under the provided definition of a reinsurance agreement.

The agreement establishes a full reinsurance contract between Mountain Ridge Insurance Company (retrocedant) and Platinum Underwriters Reinsurance, Inc. (retrocessionaire). It outlines the business covered, premiums, terms, and conditions for a 100% quota share of liabilities from a specific underlying reinsurance contract with ACE. The comprehensive nature of the document, covering all principal terms, confirms it is a main contract, not an ancillary agreement like an endorsement or amendment.

The agreement is for a 100% quota share of the underlying liabilities. Quota Share is a classic form of proportional reinsurance, where the ceding company and the reinsurer share premiums and losses in a fixed proportion. The document contains no provisions suggesting a non-proportional structure.

The underlying reinsurance contract, as identified in Schedule A, is a ""Multi-Year Aggregate Excess of Loss Reinsurance Agreement"" with ACE. While ""Excess of Loss"" is typically non-proportional, the key point is that the retrocession agreement itself is a 100% Quota Share of that contract's liabilities. The class of business for this type of contract is most commonly Property, especially given the mention of ""Non-Traditional - D-1"" and references to ""catastrophes"" and ""European Floods,"" which are typical property catastrophe risks. Therefore, the reinsurance agreement pertains to Non-Life insurance, specifically the Property class of business.",True,True,True,proportional,Non-Life,Property
2003-1013698-0001013698-03-000011-doc6.txt,"The document is an ""Addendum No. 4"" to a ""Quota Share Reinsurance Agreement"" between PAFCO General Insurance Company and National Union Fire Insurance Company. The agreement explicitly refers to reinsurance terms such as cession, quota share participation, reinsurance premiums, commissions, and loss liabilities. This confirms it is a modification of an existing reinsurance agreement. According to the classification criteria, documents that amend or modify the terms of an existing reinsurance agreement are considered reinsurance agreements. Therefore, the document qualifies as a reinsurance agreement.

However, it is an addendum—an ancillary agreement—modifying an existing contract rather than establishing a new reinsurance contract. It does not stand alone as a full contract but supplements the original Quota Share Reinsurance Agreement. Thus, it is not a main contract.

The underlying agreement is a Quota Share treaty, which is a form of proportional reinsurance. The addendum retains the proportional nature by referencing cession percentages (e.g., up to 60%, limited by premium caps) and proportional liability based on earned premium. There are no non-proportional features that dominate, so the agreement remains clearly proportional.

Since it is a Quota Share treaty covering an entire portfolio of business ceded at the insurer's option (subject to limits), it is an obligatory reinsurance agreement—risk is transferred from a defined portfolio on a continuous basis, not on a per-risk facultative basis.

The agreement references ""policies,"" ""losses,"" ""allocated loss adjustment expenses,"" and accounting for unearned premium and reserves. These are typical of Non-Life (property and casualty) insurance. There is no mention of life, annuities, pensions, or health-related coverage. The term ""Fire Insurance Company"" in the Reinsurer’s name also suggests a Non-Life focus. The class of business appears to be Casualty or Multi-Line, but the specific risks are not detailed. However, given the structure (quota share, loss adjustment expenses, monthly reporting), and the involvement of a fire insurance company, it is most likely Property or Casualty. Since the document does not clearly distinguish between Property and Casualty, and both could be included under a general liability and property portfolio, ""Multi-Line"" is the most appropriate classification.",True,False,True,proportional,Non-Life,Multi-Line
2003-914475-0000936392-03-001519-a94182exv10w2.htm,"The document provided is a ""CONSTRUCTION LOAN AGREEMENT"" between SAN DIEGO NATIONAL BANK (Lender) and SCIENCE PARK CENTER LLC (Borrower). It outlines the terms for a construction loan of up to $60,600,000.00 to finance the construction of a two-building office/lab/research and development project in San Diego, California. The agreement includes provisions related to loan disbursement, borrower covenants, representations and warranties, insurance, default, and remedies. It also references various ancillary documents such as the Note, Deed of Trust, Guaranty, and environmental indemnities.

This document is clearly a loan agreement and not a reinsurance agreement. It does not involve the transfer of insurance risk from one insurer to another, nor does it contain any terms typical of reinsurance such as ceding commissions, loss ratios, or claims handling between insurers. Instead, it is a financial instrument where a bank provides funds to a borrower for a construction project, secured by real property and supported by various covenants and guarantees.

Given that the document is a loan agreement, it falls under the category of financial instruments that are explicitly excluded from being reinsurance agreements, such as bonds, loans, and credit instruments. Therefore, it does not meet any of the criteria for being classified as a reinsurance agreement.",False,,,,,
2003-310826-0000310826-03-000015-ex10eplico.htm,"The document is a Stock and Asset Purchase Agreement for the sale of a dental benefits division, including shares of multiple companies and certain assets. While the document mentions reinsurance in several places (e.g., ""Indemnity Reinsurance Agreements"" in Exhibit D and Section 8.15), these are ancillary agreements related to the main transaction, which is the sale of a business. The primary purpose of this document is not to establish a reinsurance contract but to facilitate the transfer of ownership of a business entity and its assets. The reinsurance agreements mentioned are part of the ""Related Agreements"" that support the main transaction but are not the primary subject of this document. Therefore, this document is not itself a reinsurance agreement but a purchase agreement that includes provisions for reinsurance as part of the transaction.",False,,,,,
2003-1171500-0000950123-03-003615-y84608kexv10w45.txt,"The document is titled ""100% QUOTA SHARE RETROCESSION AGREEMENT"" and is explicitly described as such in the header. A retrocession agreement is a type of reinsurance agreement where a reinsurer (the retrocedant) transfers part of its assumed risk to another reinsurer (the retrocessionaire). This falls directly under the provided definition of reinsurance agreements.

The agreement establishes a new 100% quota share retrocession contract between St. Paul Fire and Marine Insurance Company (Retrocedant) and Platinum Underwriters Reinsurance, Inc. (Retrocessionaire) for a specified reinsurance contract with Employers Reinsurance Corporation. It is not an endorsement, amendment, or other ancillary document to an existing contract; it is the primary contract itself, as it contains all principal terms, including the business covered, term, coverage periods, premium calculations, and dispute resolution.

The agreement is for a 100% quota share of the liabilities. Quota share is a form of proportional reinsurance where the ceding company and the reinsurer share premiums and losses in a fixed proportion. Therefore, this is a proportional reinsurance agreement.

The underlying ""Reinsurance Contract"" being retroceded is described as a ""Whole Account Excess of Loss Reinsurance Agreement."" While Excess of Loss is typically non-proportional, the *retrocession* of that contract is being done on a 100% Quota Share basis. The classification is based on the *form of the agreement being analyzed* (this retrocession agreement), not the underlying contract. The retrocessionaire is assuming 100% of the net liabilities and unearned premiums, which is the hallmark of a proportional arrangement.

The document mentions ""Non-Traditional - D-3"" and ""Non-Traditional D"" in the schedule. In the reinsurance industry, ""Non-Traditional"" reinsurance typically refers to Property and Casualty (P&C) business, as opposed to Life and Annuity business. The underlying contract is an ""Excess of Loss"" agreement, which is a standard P&C product. The Inuring Retrocessions listed in Exhibit B include property, casualty, marine, and workers' compensation, all of which are Non-Life classes of business. Therefore, the primary insurance type is Non-Life.

The underlying contract is a ""Whole Account Excess of Loss,"" and the Inuring Retrocessions cover a broad range of lines including property, casualty, marine, and workers' compensation. This indicates that the agreement covers multiple distinct lines of business rather than a single, focused class. Therefore, the most accurate classification for the class of business is ""Multi-Line.""",True,True,True,proportional,Non-Life,Multi-Line
2003-1040554-0000928385-03-001527-dex101.txt,"The provided document is a ""Purchase and Sale Contract"" for real estate between sellers (Canal Center Properties LLC and Transpotomac V LLC) and a buyer (CarrAmerica Realty Corporation). The document outlines the sale of real property, including land, buildings, leases, personal property, and intangible rights related to a commercial real estate asset in Alexandria, Virginia. It includes standard provisions for purchase price, closing, representations and warranties, apportionment of taxes, and other real estate transaction terms.

This document is not a reinsurance agreement. It does not involve the transfer of insurance risk from one insurer to another, nor does it mention any insurance, reinsurance, retrocession, or risk transfer related to insurance policies. Instead, it pertains to a commercial real estate transaction.

Therefore, it does not meet any of the criteria for being classified as a reinsurance agreement, such as being a reinsurance or retrocession contract, an RPP, catastrophe bond, or any other instrument that transfers insurance risk. It is a real estate purchase agreement, which is explicitly outside the scope of reinsurance.

As such, all subsequent classification fields related to reinsurance (main contract, obligatory status, proportional/non-proportional, insurance type, class of business) are not applicable.",False,,,,,
2003-771729-0000931763-03-000512-dex106.htm,"The provided document is a Credit Agreement dated December 16, 2002, between several entities, including PEMCO Aviation Group, Inc., and SouthTrust Bank, acting as Agent, along with other Lenders. The agreement outlines the terms for extending credit to the Borrowers in the form of a revolving loan, a swing line loan, and a term loan. It includes details about the disbursement of these loans, interest rates, payment terms, use of proceeds, collateral security, representations and warranties, covenants, and conditions precedent to closing and advances.

The document does not pertain to any form of reinsurance agreement. Instead, it is a financial instrument that establishes a lending relationship between the parties involved. The loans are secured by collateral, which includes various assets of the Borrowers, and the agreement contains provisions for the protection of the Lenders' interests, such as the requirement for the Borrowers to maintain certain financial covenants and to provide regular financial statements.

Given that the document is a credit agreement, which is a type of loan or credit instrument, it falls under the category of documents that are NOT considered reinsurance agreements according to the provided list. Specifically, the list states that ""Bonds, loans and credit instruments except for Catastrophe Bonds and other Insurance Linked Securities as described above"" are not reinsurance agreements. Since this document is a standard credit agreement and not related to insurance or reinsurance, it cannot be classified as a reinsurance agreement.

Therefore, since the document is not a reinsurance agreement, all subsequent fields that depend on the document being a reinsurance agreement will be marked as 'None'.",False,,,,,
2003-352998-0000910647-03-000293-igi-1099.txt,"The document is a Settlement Agreement and Release between IGI, Inc. and Lexington Insurance Company regarding environmental contamination at a specific site. It involves a payment from Lexington to IGI in exchange for a release of claims related to environmental liabilities, specifically defense and indemnification under an insurance policy (Policy 5558837). The agreement includes confidentiality clauses, mutual releases, and indemnification terms.

However, the document does not establish a reinsurance contract. It is a settlement resolving a dispute over coverage under a direct insurance policy related to environmental claims. While it mentions reinsurers and retrocessionaires in the context of disclosure permissions (Section 5.C.4), this does not make the agreement itself a reinsurance agreement. It is a settlement of claims under a primary insurance policy, not a contract transferring risk from one insurer to another.

Therefore, it is not a reinsurance agreement, nor is it an ancillary document to a reinsurance agreement (such as a novation or amendment). It is a release and settlement under a direct insurance policy, which falls outside the scope of reinsurance agreements as defined.",False,,,,,
2003-925600-0000925600-03-000013-doc6.txt,"The document is titled ""Addendum No. 4 to Quota Share Reinsurance Agreement,"" which indicates it amends an existing reinsurance agreement. The original agreement is a quota share reinsurance contract, a type of proportional reinsurance. Addenda that modify the terms of an existing reinsurance agreement are considered reinsurance agreements under the provided definition. Therefore, this document qualifies as a reinsurance agreement.

However, it is an addendum, which is an ancillary agreement that modifies the terms of the main reinsurance contract rather than establishing a new or standalone contract. Thus, it is not a main contract.

Since the underlying agreement is a quota share treaty, which is an obligatory form of reinsurance (transferring a proportion of a portfolio of risks automatically), the addendum pertains to an obligatory reinsurance agreement. The proportional nature of the quota share arrangement confirms the reinsurance is proportional.

Although the document does not explicitly state the insurance type, the presence of terms like ""loss adjustment expenses,"" ""written premium,"" ""allocated/unallocated,"" and ""accident month"" reporting are typical of Non-Life (P&C) insurance. There is no indication of life, annuity, or health-related terms, so it is classified as Non-Life.

The class of business is not explicitly stated, but given the structure (quota share, monthly reporting, loss ratios, and P&C-like terminology), and absence of health-specific terms, it is likely Property or Casualty. However, without more specific information, ""Multi-Line"" is a safe classification if both Property and Casualty elements are likely covered under a general P&C insurer like Superior Insurance Company.",True,False,True,proportional,Non-Life,Multi-Line
2003-803027-0000950152-03-003679-l99141aexv10wf.txt,"The document is titled ""CASUALTY EXCESS OF LOSS REINSURANCE AGREEMENT"" and is structured as a formal reinsurance contract between Merchants Mutual Insurance Company and American Re-Insurance Company. This clearly indicates it is a reinsurance agreement, falling under the category of non-proportional reinsurance (specifically Excess of Loss), as it indemnifies the ceding company for losses exceeding certain retentions up to specified limits.

The agreement includes multiple exhibits (A, B, C, D), each establishing separate layers of excess of loss coverage for different retentions and limits. These exhibits collectively form the main reinsurance contract. The document outlines key terms such as business covered, exclusions, retention, limits, premium, reporting, and reinstatements, confirming it is a complete and binding reinsurance contract, not an ancillary document.

The coverage applies to ""Casualty business"" and ""Workers' Compensation business,"" both defined in the agreement and classified under Non-Life insurance. The primary class of business is Casualty, with Exhibit D specifically covering Workers' Compensation, a subcategory of Casualty. The agreement covers multiple lines of casualty insurance, including general liability, auto liability, and workers' compensation, but the dominant and unifying class is ""Casualty.""

The reinsurance is obligatory because it applies to all policies written by the company within the defined classes of business (Casualty and Workers' Compensation), subject to the stated exclusions. This is not facultative reinsurance, which would require case-by-case acceptance; rather, it automatically covers the entire portfolio, making it an obligatory treaty.

Therefore, all classification criteria are met: it is a reinsurance agreement, a main contract, obligatory, non-proportional, under Non-Life insurance, and in the Casualty class of business.",True,True,True,non-proportional,Non-Life,Casualty
2003-944868-0000950168-03-001624-dex102.htm,"The document provided is a Credit Agreement, which is a formal contract between a borrower (DIRECTV Holdings LLC) and multiple lenders, facilitated by an administrative agent (Deutsche Bank Trust Company Americas). The agreement outlines the terms for a loan of $1,675,000,000, including the commitments of the lenders, interest rates, repayment schedules, covenants, and conditions for default. It includes provisions for term loans, revolving loans, and letters of credit, and is structured as a typical syndicated loan agreement.

The document is not a reinsurance agreement. Reinsurance agreements are contracts where an insurance company (the ceding company) transfers a portion of its risk to another insurance or reinsurance company (the reinsurer). The provided document does not involve the transfer of insurance risk. Instead, it is a financial loan agreement, which falls under the category of credit instruments. According to the provided definitions, credit instruments such as loans and credit agreements are explicitly excluded from being classified as reinsurance agreements.

Since the document is not a reinsurance agreement, the subsequent fields (is_main_contract, is_obligatory, proportional_or_non_proportional, insurance_type, class_of_business) are not applicable and should be set to None.",False,,,,,
2003-1061507-0001061507-03-000004-exhibit10-1.txt,"The document is a Credit Agreement dated February 14, 2003, among Graham Packaging Holdings Company, Graham Packaging Company, L.P., GPC Capital Corp. I, various lenders, and Deutsche Bank Trust Company Americas as Administrative Agent. It establishes a loan facility with Tranche I Term Loans ($570 million), Tranche II Term Loans ($100 million), Revolving Loans ($150 million), and Letters of Credit ($50 million).

According to the provided definitions, reinsurance agreements include specific types of risk transfer contracts such as reinsurance agreements, retrocession agreements, certain retrospective reinsurance agreements, and Insurance Linked Securities that fulfill a risk transfer objective similar to standard reinsurance.

This document is explicitly a credit agreement/loan facility between corporate borrowers and lenders. It establishes terms for various loan types, interest rates, repayment schedules, covenants, and security provisions. It falls under the category of ""Bonds, loans and credit instruments"" which are explicitly listed as NOT being considered reinsurance agreements (except for Catastrophe Bonds and other Insurance Linked Securities, which this is not).

The document contains standard loan agreement provisions including:
- Loan commitments and borrowing procedures
- Interest rate calculations
- Repayment terms and prepayment options
- Financial covenants (Interest Coverage Ratio, Net Leverage Ratio)
- Representations and warranties
- Security documentation requirements
- Events of default

While Section 5.02 discusses insurance requirements for the borrower (which is standard in loan agreements to protect collateral), and Section 3.23 references insurance maintained by the borrower, these are merely conditions of the loan facility and not the primary subject of the agreement. There is no indication this is a reinsurance contract of any kind.

Since this is not a reinsurance agreement at all, all subsequent classification questions (is_main_contract, is_obligatory, proportional_or_non_proportional, insurance_type, class_of_business) should return None.",False,,,,,
2003-949156-0000950124-03-001045-k74355exv10w23.txt,"The document is an Agency Agreement between several insurance agencies (collectively the ""Agent"") and several insurance companies (collectively the ""Company""). The agreement outlines the appointment of the Agent as a non-exclusive agent to solicit and secure insurance applications on behalf of the Company, with binding authority under the Company's underwriting guidelines. The Agent is responsible for tasks such as forwarding applications, collecting premiums, maintaining records, and complying with Company procedures. The agreement also covers commission structure, premium trust requirements, indemnification, and termination conditions.

This is not a reinsurance agreement. Instead, it is an agreement between an insurer and its agents for the distribution and servicing of direct insurance policies. The document does not involve the transfer of insurance risk from one insurer to another, which is the hallmark of reinsurance. Rather, it governs the relationship between an insurer and its agents regarding the sale and administration of primary insurance policies.

Because it is not a reinsurance agreement, the subsequent classification questions (main contract, obligatory, proportional/non-proportional, insurance type, class of business) are not applicable and should be answered as 'None'.",False,,,,,
2003-1171159-0000950137-03-005990-c81027exv10w1.txt,"The document is an ""AMENDED AND RESTATED CREDIT AGREEMENT"" between Packaging Dynamics Operating Company and several banks, including Bank of America, National City Bank, and LaSalle Bank National Association. It outlines the terms for revolving loans and term loans, including the amounts, interest rates, repayment schedules, and covenants. The document includes provisions for letters of credit, fees, and conditions for borrowing, as well as representations and warranties from the borrower. The agreement also includes detailed sections on events of default, remedies, and administrative agent responsibilities.

The document is clearly a credit agreement and not a reinsurance agreement. It involves lending and borrowing of funds, with the borrower receiving loans and the lenders providing credit. There is no mention of insurance, reinsurance, risk transfer, or any other elements typically associated with reinsurance contracts. The document does not reference any insurance policies, claims, or underwriting, which are fundamental components of reinsurance agreements.

Based on the provided definitions, reinsurance agreements include contracts that transfer risk from one insurer to another, such as reinsurance agreements, retrocession agreements, and risk transfer instruments like catastrophe bonds. The document in question does not involve the transfer of insurance risk but rather the provision of financial credit. Therefore, it does not meet any of the criteria for being classified as a reinsurance agreement.",False,,,,,
2003-1165880-0000950123-03-012338-y91091exv10w15.htm,"The document is a ""Consent, Waiver and Amendment Agreement"" between Montpelier Reinsurance Ltd. and Barclays Bank PLC, relating to a Letter of Credit Agreement. It amends the terms of a letter of credit facility, including reducing the maximum principal amount and waiving certain default provisions related to the termination of a credit agreement. 

Although Montpelier Reinsurance Ltd. is a reinsurance company, the document itself is not a reinsurance agreement. Instead, it is a financial instrument related to a letter of credit, which is explicitly excluded from the definition of reinsurance agreements per the instructions. Letters of credit, even when used by reinsurance companies, are not reinsurance contracts. They are credit support mechanisms and do not transfer insurance risk.

Since the document is not a reinsurance agreement, all subsequent classification fields (main contract, obligatory, proportional status, insurance type, class of business) must be set to 'None' as they only apply if the document is a reinsurance agreement.",False,,,,,
2003-1013698-0001013698-03-000011-doc5.txt,"The document is titled ""Addendum No. 4 to Quota Share Reinsurance Agreement,"" which directly indicates it is an amendment to an existing reinsurance agreement. The original agreement is a quota share reinsurance contract, a type of proportional reinsurance, between Superior Insurance Company (the ceding company) and National Union Fire Insurance Company (the reinsurer). The addendum modifies specific terms of the original agreement, such as the term, cession limits, premium calculations, and reporting requirements. 

As an addendum, it is an ancillary agreement that modifies an existing reinsurance contract rather than establishing a new, standalone reinsurance contract. Therefore, it is not a main contract. However, it clearly relates to and modifies a reinsurance agreement, making it a reinsurance-related document under the provided definition.

The underlying agreement is a quota share treaty, which is inherently proportional reinsurance. Since the addendum amends a proportional reinsurance treaty and does not introduce non-proportional elements as a primary feature, the classification remains proportional.

The agreement involves property and casualty-type insurance, given the reference to fire insurance and the structure of loss and premium accounting typical of non-life insurance. There is no indication of life, health, or longevity coverage. The class of business can be inferred as Property or Casualty, but due to the lack of specific detail on the types of policies ceded, and given that fire insurance is typically categorized under Property, the most accurate classification is Property.

The reinsurance is obligatory because it is structured as a treaty (quota share), meaning the ceding company is obligated to cede, and the reinsurer is obligated to accept, a portion of an entire class or portfolio of policies.",True,False,True,proportional,Non-Life,Property
2003-745732-0001104659-03-020680-a03-3346_1ex10d1.htm,"The document is an Amended and Restated Lease Agreement between Wachovia Development Corporation (as Lessor) and Ross Distribution, Inc. (as Lessee) for a distribution center in Perris, California, dated July 23, 2003. It also includes a Participation Agreement that outlines the financing arrangement for this lease.

To determine if this is a reinsurance agreement, I need to check if it meets any of the criteria specified in the instructions:

The document is clearly a commercial real estate lease agreement with associated financing arrangements. It contains standard lease provisions regarding:
- Rent payments
- Maintenance responsibilities
- Insurance requirements for the property
- Default provisions
- Remedies for breach
- Lease term and expiration

While the document does include insurance requirements (Article XI of the Lease and Schedule 11.1), these are standard property insurance obligations for a commercial tenant, not reinsurance provisions. The insurance requirements mandate that the Lessee maintain property insurance on the facility, which is typical for a commercial lease arrangement.

The document does not contain any language suggesting it is a reinsurance contract. There are no provisions related to:
- Transferring insurance risk from one insurer to another
- Retrocession arrangements
- Reinstatement Premium Protection
- Loss portfolio transfers
- Insurance-linked securities with risk transfer objectives

The Participation Agreement describes a financing arrangement where Participants provide funding for the acquisition of the facility, which is then leased to the Lessee. This is a standard lease financing structure, not a reinsurance arrangement.

According to the criteria provided, documents that are NOT considered reinsurance agreements include ""bonds, loans and credit instruments except for Catastrophe Bonds and other Insurance Linked Securities."" This document appears to be primarily a lease agreement with associated financing arrangements, which would fall under ""bonds, loans and credit instruments.""

Since the document is not a reinsurance agreement at all, all other classification fields should be set to None.",False,,,,,
2003-1097864-0001193125-03-075076-dex104.htm,"The document is an ""Amended and Restated Credit Agreement"" between ON SEMICONDUCTOR CORPORATION, SEMICONDUCTOR COMPONENTS INDUSTRIES, LLC (the Borrower), the Lenders party hereto, and JPMORGAN CHASE BANK (as Administrative Agent). It outlines the terms of a credit facility, including loan commitments, interest rates, covenants, and conditions for borrowing. The agreement is a standard credit and lending instrument, involving the extension of credit by financial institutions to a corporate borrower. It includes provisions for revolving loans, term loans, swingline loans, and letters of credit. There is no mention of insurance or reinsurance, risk transfer from an insurer to a reinsurer, or any other element characteristic of a reinsurance agreement. The document falls squarely within the category of financial credit agreements, which are explicitly excluded from the definition of reinsurance agreements.",False,,,,,
2003-1142126-0000950130-03-002616-dex1049.txt,"The provided document is a Stock Purchase Agreement between Nexstar Broadcasting Group, L.L.C. and Morris Network, Inc. for the purchase of stock in United Broadcasting Corporation and Morris Network of Alabama, Inc., which own broadcast television stations. The agreement outlines the terms for the sale of stock, representations and warranties, covenants, conditions to closing, indemnification, and other related matters. There is no mention of any reinsurance, retrocession, or risk transfer agreements. The transaction is purely a corporate acquisition involving media assets, not insurance or reinsurance contracts.",False,,,,,
2003-1171500-0000950123-03-003615-y84608kexv10w52.txt,"The document is titled ""100% QUOTA SHARE RETROCESSION AGREEMENT (TRADITIONAL)"" and is a contract between St. Paul Reinsurance Company Limited (Retrocedant) and Platinum Underwriters Reinsurance Inc. (Retrocessionaire). It explicitly states that it is a retrocession agreement, which is a type of reinsurance contract where one reinsurer transfers risk to another reinsurer.

The agreement involves a 100% quota share of liabilities arising from specified reinsurance contracts, meaning the Retrocedant is transferring all of its obligations under those contracts to the Retrocessionaire. This is a standard form of proportional reinsurance.

The document establishes the main terms of the retrocession contract, including the business covered, term, premiums, and obligations of both parties. It is not an ancillary document like an endorsement or commutation, but the primary contract itself.

The agreement covers multiple classes of business, primarily property, casualty, and specialty lines, as listed in Exhibit A-1 (e.g., N. Am Property Per Risk, Int'l Property Per Risk, Int'l Casualty Excess, etc.). These are all non-life insurance classes.

Therefore, this document is a reinsurance agreement, specifically a main contract for obligatory, proportional, non-life reinsurance covering multiple classes of business.",True,True,True,proportional,Non-Life,Multi-Line
2003-1171500-0000950123-03-003615-y84608kexv10w54.txt,"The document is titled ""UK 100% QUOTA SHARE RETROCESSION AGREEMENT"" and is explicitly described as a retrocession agreement between two reinsurance companies. Retrocession agreements are explicitly listed as a type of reinsurance agreement in the provided guidelines. Therefore, the document is a reinsurance agreement.

The document establishes a full retrocession contract, detailing the terms under which St. Paul Reinsurance Company Limited retrocedes 100% of the liabilities from certain reinsurance contracts to Platinum Underwriters Reinsurance Inc. It contains all the principal terms, including the business covered, term, coverage periods, premiums, and administration. This makes it a main contract, not merely an ancillary agreement like an endorsement or amendment.

The agreement is obligatory because it is a treaty that transfers 100% of the liabilities from a defined portfolio of reinsurance contracts (listed in Exhibit A-1 and new/renewal contracts under specific clauses). This automatic and comprehensive transfer of risk from a portfolio classifies it as obligatory, as opposed to a facultative agreement for individual risks.

The agreement is explicitly a ""100% Quota Share"" retrocession. Quota Share contracts are defined as proportional reinsurance because they transfer an equal share of the risks and premiums. The document contains no indication of non-proportional elements like excess-of-loss layers.

The reinsurance contracts being retroceded are listed in Exhibit A-1, which shows lines of business like ""TRC 1st Property Risk Retro"" and ""TRC 2nd Property Risk Retro."" This clearly indicates the underlying insurance is for property risks, which fall under Non-Life insurance. The specific class of business, based on the contract titles, is Property.",True,True,True,proportional,Non-Life,Property
2003-1039828-0001047469-03-027762-a2116314zex-10_12.htm,"The document is titled ""COINSURANCE AND YEARLY RENEWABLE TERM REINSURANCE AGREEMENT"" and is explicitly between an insurance company and a reinsurance company. This clearly indicates that it is a reinsurance agreement. The agreement includes provisions for coinsurance and yearly renewable term (YRT) reinsurance, which are standard forms of reinsurance in the life insurance sector. Therefore, it meets the criteria for being classified as a reinsurance agreement.

The document establishes the full terms of a reinsurance contract, including coverage, premiums, reserves, and termination clauses. It is not merely an amendment or ancillary document, but rather the main contract governing the reinsurance relationship. Thus, it qualifies as a main contract.

The reinsurance is structured as obligatory because it covers a defined block of business (Subject Business) on a coinsurance and YRT basis, which implies automatic cession of the specified policies. There is no indication that cession is optional or subject to individual underwriting by the reinsurer, which supports its classification as obligatory.

The agreement contains two distinct sections: Section A is coinsurance, which is a proportional form of reinsurance (6.88% of subject losses and premiums), and Section B is Yearly Renewable Term (YRT), which is a non-proportional form of reinsurance based on mortality risk and net amount at risk. Since the document includes both proportional and non-proportional components, it is classified as hybrid.

The subject business includes annuity contracts such as Fixed Annuity and Equity Index Annuity policies, which are life insurance products. The use of mortality tables, reserves, and YRT pricing further confirms this is a life reinsurance agreement.

The class of business is primarily related to annuities and mortality risk, which falls under ""Mortality"" within the life insurance categories. Although annuities may have savings components, the reinsurance of death benefits and surrender charges tied to mortality places this in the ""Mortality"" class rather than ""Longevity"" or ""Other Life"".",True,True,True,hybrid,Life,Mortality
2003-716643-0000950134-03-012817-c79570exv10wxddy.htm,"The document is a series of Senior Notes issued by Regis Corporation under a Private Shelf Agreement, representing debt obligations to various purchasers, including insurance and reinsurance companies. The notes detail principal amounts, interest rates, payment schedules, and other terms typical of corporate debt instruments. However, the document itself is a financing agreement, not a risk transfer agreement between insurers and reinsurers.

Although one of the purchasers is ""RGA Reinsurance Company,"" the presence of a reinsurance entity as an investor does not make the underlying instrument a reinsurance agreement. The document is a senior note purchase agreement, which falls under the category of corporate debt and is explicitly listed as not being a reinsurance agreement.

Therefore, this document is not a reinsurance agreement. As a result, all subsequent fields related to reinsurance classification (main contract, obligatory, proportional, insurance type, class of business) must be set to None.",False,,,,,
2003-1039828-0001047469-03-010852-a2105649zex-10_11.txt,"The document is an ""Amended and Restated Credit Agreement"" between American Equity Investment Life Holding Company, various banks, and U.S. Bank National Association acting as agent. It details loan terms, interest rates, repayment schedules, covenants, and other financial obligations. The agreement involves the borrowing and lending of money, secured by pledges and guarantees, and is fundamentally a financial credit arrangement.

Although the document mentions ""Reinsurance Agreements"" and ""Surplus Relief Reinsurance Agreements"" in several definitions and covenants (e.g., Section 1.1, Section 7.19, Section 8.1.14, Section 9.13), these references are made in the context of describing the Borrower's other business activities or as collateral, not as the subject matter of this agreement itself.

The document is not a reinsurance agreement. It is a credit agreement, which falls under the category of ""Bonds, loans and credit instruments"" in the list of documents that are NOT considered reinsurance agreements.",False,,,,,
2003-1171500-0000950123-03-003615-y84608kexv10w50.txt,"The document is titled ""100% QUOTA SHARE RETROCESSION AGREEMENT"" and explicitly states that it is a reinsurance agreement between St. Paul Fire and Marine Insurance Company (the Retrocedant) and Platinum Underwriters Reinsurance, Inc. (the Retrocessionaire). A retrocession agreement is a type of reinsurance agreement where a reinsurer transfers part of its risk to another reinsurer. This document clearly falls within the definition of a reinsurance agreement as it involves the transfer of risk from one insurer to another.

The agreement establishes a full reinsurance contract, as it contains all principal terms, including the parties involved, the effective date, the scope of coverage (a 100% quota share of liabilities under a specific reinsurance contract with PMA Capital Insurance Company), premium terms, coverage periods, dispute resolution mechanisms, and administrative responsibilities. It is not merely an ancillary document like an endorsement or amendment but is a complete and standalone retrocession contract.

The agreement is obligatory because it involves a 100% quota share of the underlying reinsurance contract, meaning that all risks under the specified contract are transferred automatically to the retrocessionaire. This fits the definition of an obligatory reinsurance contract, which includes treaties and contracts that transfer risk from entire portfolios.

The reinsurance is clearly proportional, as it is structured as a 100% Quota Share agreement. In a quota share arrangement, the reinsurer assumes a fixed percentage of all premiums and losses, which is the essence of proportional reinsurance. The document does not indicate any non-proportional elements such as excess of loss layers, confirming that it is purely proportional.

The underlying reinsurance contract pertains to property and casualty business, specifically a ""Multi-Year Spread Loss Reinsurance Agreement"" with PMA Capital Insurance Company. The exhibit lists ""Non-Traditional D"" as the class of business, which, in the context of property/casualty reinsurance, falls under Non-Life insurance. The class of business is best classified as ""Specialty"" because ""Non-Traditional"" reinsurance often covers complex or non-standard risks that are categorized as specialty lines in the insurance industry.",True,True,True,proportional,Non-Life,Specialty
2003-1058623-0000950144-03-009972-g84329exv10w1.txt,"The provided document is an ""Amendment and Restatement Agreement"" for a credit agreement between Cumulus Media Inc. and various lenders. It details the terms for amending an existing credit agreement, including the extension of new term loans (Tranche C Term Loans) and the prepayment of existing loans (Tranche B Term Loans). The document is fundamentally a financial loan agreement, outlining the borrowing, repayment, interest, and other financial covenants between a corporation and its lenders.

It does not contain any language related to insurance or risk transfer between insurers and reinsurers. The document makes no mention of insurance policies, claims, premiums, ceding companies, or reinsurers. The financial instruments described are standard loan facilities, not reinsurance contracts.

Therefore, this document is clearly not a reinsurance agreement. It is a standard credit agreement in the corporate finance context. Since it is not a reinsurance agreement, all subsequent fields that depend on that classification (is_main_contract, is_obligatory, etc.) must be answered as 'None'.",False,,,,,
2003-947484-0001047469-03-036935-a2121850zex-10_3.htm,"The document is a ""SUB-SUBLEASE SURRENDER AGREEMENT"" between FOLKSAMERICA REINSURANCE COMPANY (acting as Sublandlord) and ARCH INSURANCE COMPANY (acting as Subtenant). Despite one party having ""REINSURANCE"" in its name, the document is entirely focused on real estate matters. It details the surrender of office space at One Liberty Plaza in New York, referencing prior lease agreements (Prime Lease, Prime Sublease, and Sub-Sublease Agreement). The content addresses property transfer tax obligations, furniture transfer, and the termination of a physical space lease arrangement. There is no mention of insurance coverage, risk transfer, reinsurance terms, or any elements characteristic of reinsurance contracts. The document is purely a real estate transaction agreement for office space, not a reinsurance agreement of any kind. According to the guidelines, documents like this (real estate leases) are not considered reinsurance agreements, even when signed by insurance or reinsurance companies.",False,,,,,
2003-883476-0001193125-03-037807-dex1011.htm,"The document is a Master Agreement between Fannie Mae and Crescent Mortgage Services for the sale and purchase of eligible residential mortgage loans. It outlines the terms and conditions for selling mortgages, including specific mortgage products, loan-to-value ratios, underwriting guidelines, and pricing. The agreement includes various attachments and exhibits that detail specific programs and requirements for mortgage delivery.

This document is not a reinsurance agreement. It pertains to the direct sale of mortgage loans from a lender to Fannie Mae, which is a government-sponsored enterprise involved in the secondary mortgage market. The transactions described involve the transfer of mortgage risk from the originating lender to Fannie Mae, but this is not reinsurance. Instead, it is a direct purchase of mortgage assets. The document does not involve the transfer of insurance risk from one insurer to another, which is the essence of reinsurance. The agreements described are for the sale of mortgages, not for the transfer of risk associated with insurance policies.",False,,,,,
2003-800082-0000950131-03-002940-dex101.txt,"The document is titled ""Quota Share Reinsurance Agreement"" and explicitly establishes a reinsurance relationship between Colony Insurance Company (and affiliates) as the ceding company and Houston Casualty Company as the reinsurer. It outlines the cession of 15% of the ceding company’s Ultimate Net Loss on specified insurance policies, which is a hallmark of a proportional reinsurance agreement. The structure, terminology (e.g., ""reinsuring clause"", ""ceding"", ""reinsurer"", ""ultimate net loss"", ""allocated loss adjustment expenses""), and inclusion of standard reinsurance clauses (e.g., arbitration, governing law, currency, reporting) confirm this is a reinsurance agreement.

The agreement is a main contract because it contains all principal terms of a reinsurance arrangement, including scope, limits, premium, reporting, and termination. It is not merely an ancillary or modifying document.

It is an obligatory reinsurance agreement because it applies automatically to all policies within specified underwriting divisions (e.g., Property, General Casualty, Errors and Omissions), indicating a treaty-style, portfolio-wide risk transfer rather than facultative, case-by-case reinsurance.

The agreement is explicitly a ""Quota Share"" arrangement, where the reinsurer takes 15% of both premiums and losses, making it a proportional reinsurance contract.

The types of insurance covered—Property, Inland Marine, Errors and Omissions, General Casualty, etc.—are all non-life (property and casualty) lines. There is no mention of life, health, or annuity products. Therefore, the insurance type is Non-Life.

The class of business includes multiple lines such as Property, Casualty, and Specialty (e.g., Environmental, Errors and Omissions). Since the agreement covers multiple distinct classes, and particularly both Property and Casualty lines, the most accurate classification is ""Multi-Line"".",True,True,True,proportional,Non-Life,Multi-Line
2003-1011746-0000950129-03-001503-h03365exv10w20.txt,"The document is a 364-Day Credit Agreement between CITGO Petroleum Corporation and several lenders, including Bank of America, JPMorgan Chase Bank, and others. It outlines the terms for a revolving credit facility, including loan commitments, interest rates, fees, and covenants. The agreement is focused on providing short-term financing to CITGO, a petroleum company, and does not involve the transfer of insurance risk from one insurer to another. 

Based on the content, this document is a credit agreement, which is a financial instrument for borrowing money. It is not a reinsurance agreement, as it does not involve the transfer of insurance risk, retrocession, or any other form of risk transfer typical in reinsurance. The document is also not related to insurance policies, bonds, or guarantees in the context of insurance. Therefore, it does not meet any of the criteria for being classified as a reinsurance agreement.

Since the document is not a reinsurance agreement, the subsequent fields related to reinsurance (such as `is_main_contract`, `is_obligatory`, etc.) are not applicable and should be set to `None` where appropriate.",False,,,,,
2003-1163710-0000836658-03-000076-exhe_rnyoo-12312002.txt,"The document is a Management Services Agreement between ReliaStar Life Insurance Company of New York (RLNY) and Security-Connecticut Life Insurance Company (SCL), where SCL provides various administrative and management services to RLNY. These services include underwriting, medical advice, policyowner services, billing, reinsurance administration, actuarial services, and marketing, among others.

Although the document mentions ""Reinsurance Management and Administration Services"" as one of the services provided (Attachment A-7), this refers to administrative support for reinsurance activities, not the establishment of a reinsurance contract itself. The agreement does not transfer insurance risk from one insurer to another; rather, it outlines the provision of operational and managerial services between two affiliated insurance companies.

Therefore, this is not a reinsurance agreement but an agreement for management and administrative services. As such, it does not meet the definition of a reinsurance agreement, even though it supports functions related to reinsurance. Since it is not a reinsurance agreement, all downstream fields related to reinsurance characteristics must be set to None.",False,,,,,
2003-1171500-0000950123-03-003615-y84608kexv10w27.txt,"The document is a ""U.K. Master Services Agreement"" between St. Paul Reinsurance Company Limited and Platinum Re (UK) Limited. It outlines the provision of transitional services such as IT support, payroll administration, compliance reporting, claims personnel cooperation, and other administrative and operational support services following a corporate separation. These services are intended to support Platinum Re (UK) during a transition period after the closing of an initial public offering and business transfer.

The agreement does not establish a risk transfer arrangement between the parties. Instead, it governs the provision of administrative and technical services on a cost-reimbursement basis. There is no indication of insurance or reinsurance risk being transferred from one party to the other. The document is not a reinsurance agreement, retrocession, or any form of risk-sharing contract. It is a service-level agreement related to post-separation operational support.

Therefore, it does not meet any of the definitions of a reinsurance agreement as specified in the instructions. It is not a reinsurance treaty, facultative agreement, portfolio transfer with reinsurance-like provisions, or any ancillary document modifying such a contract. It is also not a Catastrophe Bond, pooling agreement, or capital maintenance agreement fulfilling a risk transfer function.

Since the document is not a reinsurance agreement, the subsequent fields (is_main_contract, is_obligatory, etc.) must be set to None.",False,,,,,
2003-1133016-0000909567-03-000363-t09162kexv10w22.htm,"The document provided is an employment agreement between Kaye Group, Inc. and Michael P. Sabanos, along with subsequent amendments and an addendum. It outlines the terms of employment, including duties, compensation, confidentiality, non-solicitation, and other covenants. While the document references insurance and reinsurance in the context of the employee's prior work and confidentiality obligations (e.g., lists of insurers/reinsurers, risk management programs), it does not establish or modify any reinsurance contract. Instead, it governs the employment relationship and contains standard restrictive covenants typical of executive employment agreements.

The document is not a reinsurance agreement, nor does it renew, amend, or modify such an agreement. It is also not an ancillary agreement to a reinsurance contract. It is solely an employment contract. Therefore, it falls outside the defined scope of reinsurance agreements.

Since it is not a reinsurance agreement, all downstream classification fields (main contract, obligatory, proportional, insurance type, class of business) must be set to None.",False,,,,,
2003-1171500-0000950123-03-003615-y84608kexv10w53.txt,"The document is titled ""100% QUOTA SHARE RETROCESSION AGREEMENT"" and explicitly states it is a retrocession agreement between St. Paul Reinsurance Company Limited (Retrocedant) and Platinum Underwriters Reinsurance Inc. (Retrocessionaire). Retrocession agreements are a type of reinsurance agreement as defined in the instructions. The agreement involves a 100% quota share of liabilities from specific reinsurance contracts, which is a proportional reinsurance mechanism. The document establishes the main terms of the retrocession, including coverage, premiums, and administration, indicating it is a main contract. The agreement is obligatory as it covers a portfolio of contracts. The business covered includes property and casualty risks, as indicated by the reinsurance contracts listed in Exhibit A-1 and the inuring retrocessions in Exhibit C. Therefore, the insurance type is Non-Life and the class of business is Property and Casualty, but since a single class must be chosen and Property is listed first in the example, it is classified as Property.",True,True,True,proportional,Non-Life,Property
2003-935724-0000898430-03-002168-dex104.txt,"The provided document is titled ""THE PMI GROUP, INC. RETIREMENT PLAN"" and is clearly a retirement or pension plan for employees of The PMI Group, Inc. It outlines definitions, eligibility, benefits, vesting, funding, and administrative procedures for a qualified retirement plan under the Internal Revenue Code (specifically Section 401(a)). The document discusses accrued benefits, retirement dates, annuities, and distributions, all in the context of employee retirement benefits.

This document is not a reinsurance agreement. Reinsurance agreements involve risk transfer between insurers and reinsurers and typically cover insurance policies, claims, and indemnification related to insurance underwriting. In contrast, this document is a retirement plan governed by ERISA and the IRS Code, focused on employee benefits and not on insurance or reinsurance risk transfer.

Therefore, the document is a direct employee benefit plan and falls under the category of a pension or retirement plan, not a reinsurance or insurance contract.",False,,,,,
2003-947484-0001047469-03-036935-a2121850zex-10_7.htm,"The provided document is a Credit Agreement dated September 12, 2003, among Arch Capital Group Ltd., various lenders, and JPMorgan Chase Bank as the Administrative Agent. The document outlines the terms for a credit facility, including loan commitments, interest rates, repayment schedules, covenants, and other financial and legal provisions. It is clearly a financial loan agreement and not a reinsurance agreement. The document does not contain any clauses or sections related to the transfer of insurance risk, ceding of policies, or any other elements characteristic of reinsurance contracts. Instead, it focuses on borrowing, lending, and the associated financial obligations and protections for the parties involved in the credit arrangement.",False,,,,,
2003-891014-0000891014-03-000025-ex10-4healthwelfare.htm,"The document is the ""Minerals Technologies Inc. Health and Welfare Plan,"" which establishes a comprehensive employee benefits program for eligible employees and their dependents. It outlines various benefit components, including medical, dental, life insurance, disability, and other welfare benefits. The plan is structured as an employer-sponsored welfare benefit plan governed by ERISA, the Internal Revenue Code, HIPAA, and other applicable laws. It describes contributions, claims procedures, plan administration, and funding mechanisms such as self-insurance, trust funds, or insured arrangements.

However, this is not a reinsurance agreement. It is a direct employee welfare benefit plan that provides health and other insurance benefits to employees. The document does not involve the transfer of insurance risk from one insurer to another, which is the hallmark of reinsurance. Instead, it reflects a typical employer-sponsored group insurance and benefits program. While it mentions that the plan may purchase insurance (including stop-loss or excess of loss insurance) to cover large claims, these are features of a self-insured employer plan and not indicative of the document itself being a reinsurance contract.

Therefore, the document is a direct insurance or employee benefit plan, not a reinsurance agreement. As such, all subsequent classifications related to reinsurance (main contract, obligatory nature, proportional/non-proportional, etc.) do not apply.",False,,,,,
2003-915781-0000950134-03-004591-c75577a1exv10w13.txt,"The document is titled ""WORKERS' COMPENSATION QUOTA SHARE REINSURANCE CONTRACT,"" which clearly indicates it is a reinsurance agreement. It involves the ceding of workers' compensation and employers' liability business from American Compensation Insurance Company (the ""Company"") to a reinsurer, specifically St. Paul Fire and Marine Insurance Company. This fits squarely within the definition of a reinsurance agreement as it transfers insurance risk from the insurer to the reinsurer.

The contract establishes a full reinsurance arrangement with detailed terms, including cession of 50% of ultimate net loss, commission, reporting, arbitration, and termination clauses. It contains all principal terms of the reinsurance agreement and is executed via an Interests and Liabilities Agreement. Therefore, it qualifies as a main contract, not merely an ancillary agreement.

The reinsurance is obligatory because it applies automatically to all workers' compensation and employers' liability policies in force or issued after the effective date, without individual underwriting or acceptance for each policy. This is characteristic of treaty (obligatory) reinsurance.

The contract is primarily a quota share arrangement (50% ceded), which is a form of proportional reinsurance. Although Article V introduces additional retention corridors based on loss ratios (which have non-proportional characteristics), these are structured as additional retentions within an overall proportional framework. The core mechanism remains proportional, and the minor non-proportional elements do not override the fundamental proportional nature.

The underlying insurance covers workers' compensation, which is a type of casualty insurance under non-life insurance. Workers' compensation provides coverage for workplace injuries and related liabilities, falling squarely under non-life insurance.

The class of business is ""Casualty,"" as workers' compensation is a core casualty line involving liability for employee injuries arising from employment.",True,True,True,proportional,Non-Life,Casualty
2003-712515-0000891618-03-005745-f94137exv10w30.htm,"The document is an ""Agreement Re Right of First Offer to Purchase and Options to Purchase"" between a property owner (Optionor) and a tenant (Optionee, Electronic Arts Inc.). It grants the tenant rights to purchase real estate property in phases, subject to specific conditions and procedures. The agreement involves real estate transactions, including rights of first offer and purchase options for office buildings and related land. There is no mention of insurance, risk transfer, indemnification of insurance liabilities, or any reinsurance-specific terminology. The document is fundamentally a real estate contract, not related to insurance or reinsurance in any form. Therefore, it does not meet the definition of a reinsurance agreement or any of its ancillary or related forms as specified in the classification guidelines.",False,,,,,
2003-1171500-0000950123-03-003615-y84608kexv10w44.txt,"The document is titled ""100% QUOTA SHARE RETROCESSION AGREEMENT,"" which directly indicates it is a retrocession agreement. Retrocession agreements are explicitly listed as a type of reinsurance agreement in the provided classification guidelines.

The agreement is between St. Paul Fire and Marine Insurance Company (the Retrocedant) and Platinum Underwriters Reinsurance, Inc. (the Retrocessionaire). Article I states that the Retrocedant ""hereby obligates itself to retrocede to Retrocessionaire and Retrocessionaire hereby obligates itself to accept... a one hundred percent (100%) quota share of any and all liabilities"" under specified reinsurance contracts. This establishes a full, binding reinsurance contract.

The document is the primary agreement itself, not an ancillary document like an endorsement or amendment. It contains all principal terms, including the parties, effective date, business covered, term, coverage periods, premium calculations, and administration clauses. It is therefore a main contract.

The agreement is obligatory. It transfers a 100% quota share of an entire portfolio of reinsurance contracts (specifically those underwritten by ""St. Paul Re"" and belonging to classes in Exhibit A-1) from the effective date forward. This is not a facultative agreement for a single risk, but a treaty covering a defined portfolio, which fits the definition of an obligatory reinsurance contract.

The agreement is explicitly ""100% QUOTA SHARE,"" which is a classic form of proportional reinsurance. The entire risk and premium for the covered contracts are shared equally between the cedant and the retrocessionaire.

The document pertains to Non-Life insurance. The classes of business listed in Exhibit A-1, such as ""XL"" (Excess of Loss), ""REINS.,"" ""EXCESS CAT REINS.,"" and ""Catastrophe,"" are all standard non-life reinsurance products. The Inuring Retrocessions listed in Exhibit C cover property, marine, casualty, and workers' compensation, all of which are non-life lines.

The primary class of business is ""Casualty."" While the document covers a portfolio that includes property and specialty risks (like marine and satellite), the structure of the agreement, particularly the use of a ""Single Period Accident Year Aggregate XOL (Holborn)"" cover as a major inuring retrocession, is a hallmark of casualty reinsurance. This type of aggregate excess of loss cover is primarily used to protect against adverse loss development in long-tail casualty lines. The exhibit listing of contracts also shows a significant number of casualty and clash covers.",True,True,True,proportional,Non-Life,Casualty
2003-1031203-0000950129-03-003856-h07658exv10w1.txt,"The provided document is a Fifth Amended and Restated Revolving Credit Agreement. It is a financial agreement between Group 1 Automotive, Inc., its subsidiary borrowers, and a group of lenders, with JPMorgan Chase Bank acting as the Administrative Agent. The document outlines the terms for various types of loans (Floor Plan Loans, Acquisition Loans, and Swing Line Loans), the commitments of the lenders, interest rates, fees, covenants, representations and warranties, events of default, and other standard provisions found in a credit agreement.

This document is not a reinsurance agreement. The listed types of agreements that are considered reinsurance agreements include reinsurance agreements, retrocession agreements, Reinstatement Premium Protection contracts, Capital Maintenance agreements, Loss Portfolio Transfer, Adverse Development Cover, Reinsurance To Close, Portfolio Transfers related to corporate reorganizations, Catastrophe Bonds, and insurance pooling agreements. The document in question is explicitly a credit agreement for financing the purchase of motor vehicles and for corporate acquisitions, not for the transfer of insurance risk.

Therefore, since it is not a reinsurance agreement, the subsequent questions about whether it is a main contract, obligatory, its proportional nature, insurance type, and class of business are not applicable and must be answered as 'None'.",False,,,,,
2003-859139-0000893220-03-001421-w89082exv10w6.txt,"The document is an employment agreement between Safety National Casualty Corporation and Harold F. Ilg. It outlines the terms and conditions of employment, including position, compensation, benefits, termination provisions, non-compete clauses, and confidentiality. The document does not involve the transfer of insurance risk from one insurer to another or any form of reinsurance arrangement. Instead, it pertains solely to the employment relationship between an executive and the company. Therefore, it does not meet the definition of a reinsurance agreement or any of its related forms such as retrocession, RPP, or portfolio transfer. It is also not an ancillary agreement to a reinsurance contract. The document is clearly a standard executive employment contract.",False,,,,,
2003-874977-0000950128-03-001161-l03303aexv10w4.txt,"The document is titled ""PROPERTY CATASTROPHE OVERLYING EXCESS OF LOSS REINSURANCE CONTRACT"", which clearly indicates it is a reinsurance agreement. It outlines terms between multiple insurance companies (collectively the ""Company"") and a ""Subscribing Reinsurer"" (State Auto Property and Casualty Insurance Company), establishing indemnification for losses above a specified retention. This fits the definition of a reinsurance treaty, specifically an excess of loss contract.

It establishes a full reinsurance contract with defined terms including business covered, exclusions, term, territory, limits, and premium. Therefore, it is a main contract and not merely an ancillary agreement.

The contract covers losses in excess of a $120 million retention up to $100 million per occurrence, indicating a non-proportional (excess of loss) structure. It does not share premiums or losses on a proportional basis.

The business covered includes Fire, Allied Lines, Homeowners, Farmowners, Commercial Multiple Peril (property), Ocean Marine, Inland Marine, and Automobile Physical Damage — all of which are property-related coverages. This falls under Non-Life insurance and specifically the ""Property"" class of business.

The contract applies to all policies issued by the Company in the defined classes, without requiring individual risk acceptance, indicating it is obligatory (a treaty arrangement).",True,True,True,non-proportional,Non-Life,Property
2003-925600-0000925600-03-000013-doc4.txt,"The document is titled ""Addendum No. 3 TO QUOTA SHARE REINSURANCE AGREEMENT"", which clearly indicates it is modifying an existing reinsurance agreement. The original agreement is between Superior Insurance Company and National Union Fire Insurance Company, with the addendum amending specific articles (Term and Termination, Quota Share Participation, Premium and Commission, Definitions, and Reports and Accounting) and adding a new article (Investment Allowance). This document is an ancillary agreement that modifies the terms of an existing reinsurance contract rather than establishing a new contract.

Since it is an addendum to a reinsurance agreement, it qualifies as a reinsurance agreement under the definition provided, which includes documents that amend or otherwise modify the terms of an existing reinsurance agreement.

However, it is not a main contract because it does not establish a new reinsurance contract but instead modifies an existing one. It is an ancillary agreement (an addendum). Therefore, is_main_contract is False.

The underlying contract is a Quota Share reinsurance agreement, which is a form of proportional reinsurance. The addendum retains the proportional nature by referencing quota share participation and adjusting cession percentages. Therefore, the reinsurance is proportional.

The agreement involves a ""Quota Share Reinsurance Agreement"" and references property/casualty-type terms such as ""loss ratio,"" ""allocated loss adjustment expenses,"" ""unearned premium,"" and ""net losses paid,"" which are typical in Non-Life (property and casualty) insurance. There is no indication of life, annuity, or health-related coverage. The class of business appears to be Casualty, as it involves general liability-type reinsurance with quarterly reporting, loss ratios, and loss adjustment expenses, which are common in casualty lines.

The original agreement is a treaty (Quota Share), which is an obligatory reinsurance contract, as it covers a portfolio of policies rather than individual risks. The addendum modifies this obligatory treaty, so the agreement remains obligatory in nature.",True,False,True,proportional,Non-Life,Casualty
2003-809398-0000892569-03-002613-a94467exv10w83.txt,"The document is a Credit Agreement dated November 4, 2003, among Fidelity National Financial, Inc. (the Borrower), Bank of America, N.A. (as Administrative Agent and Swing Line Lender), several other banks as Co-Syndication and Co-Managing Agents, and other Lenders. The purpose of the agreement is to establish a revolving credit facility for the Borrower. The agreement outlines the terms of loans, interest rates, fees, covenants, representations and warranties, events of default, and other standard provisions typical of a credit facility.

The document contains definitions and references to ""Reinsurance Agreements"" and ""Retrocession Agreements"" (e.g., in the definition of ""Contingent Obligation"" and ""Indebtedness""), but these are mentioned only to exclude obligations under such agreements from certain definitions. The document itself is not a reinsurance agreement; it is a credit and loan agreement between a borrower and a syndicate of lenders.

According to the classification rules provided, reinsurance agreements include reinsurance contracts, retrocession agreements, RPP contracts linked to reinsurance, capital maintenance agreements, loss portfolio transfers, catastrophe bonds, etc. This document does not fall into any of these categories. Instead, it is a standard credit agreement, which is explicitly not considered a reinsurance agreement.

Therefore, the document is not a reinsurance agreement, and all subsequent fields that depend on it being a reinsurance agreement must be set to None.",False,,,,,
2003-1171500-0000950123-03-003615-y84608kexv10w48.txt,"The document is titled ""100% QUOTA SHARE RETROCESSION AGREEMENT"" and is explicitly described as such in the metadata. A retrocession agreement is a reinsurance agreement where a reinsurer transfers risk to another reinsurer, which falls under the definition of a reinsurance agreement as provided in the instructions.

The agreement establishes a full reinsurance contract between Mountain Ridge Insurance Company (Retrocedant) and Platinum Underwriters Reinsurance, Inc. (Retrocessionaire). It outlines the retrocession of a 100% quota share of liabilities arising from specific reinsurance contracts, including detailed terms on premiums, coverage periods, dispute resolution, and administration. This indicates it is a main contract, not merely an ancillary agreement.

The agreement is obligatory because it involves a 100% quota share of a portfolio of reinsurance contracts (specifically, multi-year aggregate excess of loss agreements), which transfers risk from all insureds in the specified portfolio. This fits the definition of an obligatory reinsurance contract.

The reinsurance is proportional because it is structured as a 100% Quota Share, which is a classic proportional reinsurance mechanism where the retrocessionaire assumes an equal share of premiums and losses.

The class of business is identified in Schedule A and Exhibit A-1 as ""Non-Traditional D,"" which refers to a class of property reinsurance. This is further supported by the underlying reinsurance contracts with Liberty Mutual, which are aggregate excess of loss agreements typically associated with property risks. Therefore, the class of business is Property.

Given that the business is Property, which is a Non-Life insurance line, the insurance type is Non-Life.",True,True,True,proportional,Non-Life,Property
2003-776867-0001047469-03-035972-a2121253zex-10.txt,"The provided document is a Credit Agreement dated as of September __, 2003, between White Mountains Insurance Group, Ltd., and Fund American Companies, Inc., as the Borrowers, and several lenders, with Fleet National Bank serving as the Administrative Agent. The agreement outlines the terms for a $300,000,000 credit facility, including revolving credit commitments, swing line commitments, and the issuance of letters of credit. It also includes provisions for interest rates, fees, representations and warranties, affirmative and negative covenants, events of default, and other standard clauses found in credit agreements.

The document does not contain any provisions related to reinsurance, such as risk transfer, indemnification for insurance claims, or any other typical elements of a reinsurance agreement. Instead, it is focused on the financial and lending relationship between the borrowers and the lenders. The document is clearly a credit agreement, which is a type of loan or credit instrument, and not a reinsurance agreement.

Based on the provided criteria, credit instruments such as bonds, loans, and credit agreements are explicitly listed as NOT being considered reinsurance agreements. Therefore, this document is not a reinsurance agreement.

Since the document is not a reinsurance agreement, the subsequent fields related to the nature of the reinsurance contract (main contract, obligatory, proportional or non-proportional, insurance type, and class of business) are not applicable and should be set to None.",False,,,,,
2003-1127703-0000950144-03-004076-g81368exv10w5xgy.txt,"The document is a Release and Severance Compensation Agreement between ProAssurance Corporation and an executive, Frank B. O'Neil. It outlines the terms under which the executive will receive severance benefits upon termination of employment under certain conditions, including non-compete and confidentiality clauses. The agreement pertains to employment terms and executive compensation and does not involve any transfer of insurance risk from one insurer to another. Although it references ""medical professional liability insurance"" and ""reinsurance"" in the definition of competitor activities, these references are in the context of restricting the executive's post-employment activities, not establishing a reinsurance contract. Therefore, the document is not a reinsurance agreement.",False,,,,,
2003-1171500-0000950123-03-003615-y84608kexv10w66.txt,"The document is a Control Agreement among Platinum Re (UK) Limited (""Party A""), Platinum Underwriters Bermuda, Ltd. (""Party B""), and State Street Bank and Trust Company (""Custodian""). Its primary purpose is to perfect Party A's security interest in certain collateral held in segregated accounts, as security for Party B's obligations under a separate Retrocession Agreement.

Although the document explicitly references a ""Retrocession Agreement"" and a ""Security Agreement"" as foundational agreements, the Control Agreement itself does not establish the terms of a reinsurance or retrocession contract. Instead, it governs the custodial and control arrangements for collateral securing obligations arising from the retrocession agreement. It outlines procedures for the custodian to follow in administering the collateral accounts, including responding to entitlement orders and Notices of Exclusive Control, but it does not define the risk transfer, coverage, or premium terms of any insurance or reinsurance arrangement.

Therefore, the document is ancillary to a reinsurance agreement (specifically, a retrocession agreement), serving as a security and collateral control mechanism. It is not itself a reinsurance agreement as defined by the provided criteria, which include the actual contracts transferring insurance risk (e.g., reinsurance agreements, retrocession agreements) or their direct modifications. Control agreements related to collateral are not listed as examples of reinsurance agreements and fall outside the scope, being financial security instruments rather than risk transfer contracts.

Because it is not a reinsurance agreement, the subsequent fields regarding main contract, obligation type, proportionality, insurance type, and class of business are not applicable and should be set to None.",False,,,,,
2003-1171500-0000950123-03-003615-y84608kexv10w51.txt,"The document is titled ""100% QUOTA SHARE RETROCESSION AGREEMENT"" and explicitly refers to a retrocession agreement between St. Paul Fire and Marine Insurance Company (Retrocedant) and Platinum Underwriters Reinsurance, Inc. (Retrocessionaire). Retrocession is a form of reinsurance where a reinsurer transfers part of its assumed risk to another reinsurer. The document states that the Retrocedant will retrocede to the Retrocessionaire a 100% quota share of liabilities arising from specified reinsurance contracts. This clearly falls under the definition of a reinsurance agreement, specifically a retrocession agreement, which is listed as a type of reinsurance agreement.

The agreement establishes the full terms of the retrocession contract, including the business covered, term, coverage, premiums, dispute resolution, and other key provisions. It is not merely an ancillary document modifying an existing agreement, but rather the primary contract itself. Therefore, it qualifies as a main contract.

The contract is obligatory because it involves a 100% quota share of a defined portfolio of reinsurance contracts underwritten by St. Paul Re. This is not a facultative contract for a single risk but a treaty covering all contracts in specific classes, which fits the definition of an obligatory reinsurance contract.

The agreement is explicitly for a ""100% Quota Share,"" which is a form of proportional reinsurance. In proportional reinsurance, the reinsurer shares a fixed percentage of the premiums and losses. The document does not contain any non-proportional sections or separate non-proportional contracts.

The Reinsurance Contracts listed in Exhibit A-1 (e.g., Catastrophe Excess of Loss, Marine Excess of Loss, CAT XOL, PROPERTY CAT RETRO) are all types of Non-Life insurance. The class of business for these contracts, based on the types of risks (property, marine, catastrophe), is best classified as ""Property."" While some contracts might have a casualty or specialty element, ""Property"" is the dominant and most specific class applicable to the listed contracts.",True,True,True,proportional,Non-Life,Property
2003-1013698-0001013698-03-000011-doc3.txt,"The document is titled ""ADDENDUM NO. 3 TO QUOTA SHARE REINSURANCE AGREEMENT"", which clearly indicates it is an amendment to an existing reinsurance agreement. The original agreement is a Quota Share Reinsurance Agreement, a type of proportional reinsurance. This addendum modifies key terms such as the term, quota share participation, premium, commission, definitions, and reporting, and adds a new article on investment allowance. Since it modifies the terms of an existing reinsurance agreement, it qualifies as a reinsurance agreement under the provided definition, which includes documents that amend or otherwise modify existing reinsurance contracts.

However, as an addendum, it is not a standalone main contract. It depends on the original Quota Share Reinsurance Agreement for its context and enforceability. Therefore, it is an ancillary agreement rather than a main contract.

The original agreement is a Quota Share treaty, which is a proportional reinsurance arrangement. The addendum does not change this fundamental structure but modifies parameters within it. Therefore, the reinsurance remains proportional.

The agreement is a treaty between an insurer and a reinsurer where the insurer (Superior Insurance Company) cedes a portion of its portfolio to the reinsurer (National Union Fire Insurance Company). This structure implies it is an obligatory treaty—risks are ceded automatically based on the terms of the agreement, not on a case-by-case facultative basis.

The agreement refers to ""policies"" and ""losses"" without specifying life insurance products. Terms such as ""loss ratio"", ""allocated loss adjustment expenses"", ""unearned premium"", and ""casualty"" context are typical of non-life (property and casualty) insurance. There is no mention of life, annuities, pensions, or health-related coverage. The use of terms like ""in-force business"", ""written premium"", and ""loss fund"" further supports a non-life classification.

The class of business is not explicitly stated, but the structure (quota share, loss adjustment expenses, loss ratios) and the involvement of National Union Fire Insurance Company—a company typically associated with property and casualty lines—suggest this is likely Property or Casualty. However, ""Casualty"" is more likely given the focus on loss ratios, reserves, and accounting for losses, which are hallmarks of casualty insurance. There is no indication of multi-line or specialty breakdown, and certainly not life-related lines.",True,False,True,proportional,Non-Life,Casualty
2003-1011174-0001193125-03-005636-dex108.txt,"The document is a Master Credit Facility Agreement between a borrower and a lender (Prudential Multifamily Mortgage, Inc.). It establishes a credit facility for multifamily residential properties, allowing the borrower to obtain advances secured by a collateral pool of these properties. The agreement includes provisions for variable and fixed advances, interest rates, fees, collateral management, and borrower covenants.

This is clearly a commercial loan agreement related to real estate financing. It contains no elements of risk transfer from an insurer to a reinsurer. The document does not mention insurance, reinsurance, retrocession, or any other insurance-related terms. Instead, it focuses entirely on loan terms, collateral, repayment schedules, and financial covenants.

The document is a credit facility agreement, which is specifically excluded from the definition of reinsurance agreements. It is fundamentally a lending arrangement, not a risk transfer arrangement between insurance entities.",False,True,,,,
2003-947484-0001047469-03-011134-a2105700zex-10_42.htm,"The document is a Sub-Sublease Agreement between Folksamerica Reinsurance Company (Sub-Sublandlord) and Arch Insurance Company (Sub-Subtenant) for office space located at One Liberty Plaza, New York. It outlines the terms for the subleasing of office premises, including rent, term, use of space, improvements, insurance, and other standard commercial lease provisions. The document is focused entirely on real estate occupancy and does not contain any provisions related to risk transfer, indemnification of insurance losses, reinsurance terms, or any other elements characteristic of a reinsurance agreement.

Although one of the parties has ""Reinsurance"" in its name (Folksamerica Reinsurance Company), the nature of the agreement is purely a commercial real estate lease and does not involve the transfer of insurance risk. The document does not reference any underlying insurance or reinsurance contracts, ceding of risk, premium calculations based on claims, or any other hallmarks of reinsurance.

Therefore, this document is not a reinsurance agreement. It is a real estate sub-sublease agreement, which falls outside the scope of all listed types of reinsurance agreements. As such, all subsequent classification fields related to reinsurance contract characteristics are not applicable.",False,,,,,
2003-1165880-0000950123-03-003130-y84582exv10w12.txt,"The document is titled ""STANDBY LETTER OF CREDIT AGREEMENT"" and is an agreement between Barclays Bank PLC and Montpelier Reinsurance Ltd. The purpose of the facility is to make available a letter of credit for the Applicant's use in respect of ""normal reinsurance business requirements."" However, the document itself is not a reinsurance agreement but rather a financial instrument securing obligations. It establishes a letter of credit facility, which is explicitly listed in the guidelines as *not* a reinsurance agreement. The document contains definitions related to reinsurance (e.g., ""Borrower Reinsurance Agreement"", ""Primary Policies"", ""Reinsured""), indicating its context within a reinsurance company's operations, but the agreement itself governs the issuance of letters of credit, not the transfer of insurance risk.

Because this is a Standby Letter of Credit Agreement, it falls under the category of ""Letters of credit,"" which are explicitly excluded from being considered reinsurance agreements per the provided criteria. Therefore, it is not a reinsurance agreement, and all downstream classification fields (main contract, obligatory, etc.) must be set to 'None' as they only apply if the document *is* a reinsurance agreement.",False,,,,,
2003-913144-0000950136-03-000745-file008.txt,"The document is a ""Second Amendment Agreement"" that amends a Credit Agreement. It involves parties such as a borrower, lenders, and an administrative agent, and its purpose is to modify terms of a credit facility, including definitions and covenants related to liens and collateral. Although the term ""Reinsurance Agreement"" is mentioned, it is only referenced within the definition section of the Credit Agreement and is being amended for clarity—not because this document itself is a reinsurance agreement.

This is a loan document related to a credit facility, not a risk transfer agreement between insurers and reinsurers. The document does not establish any reinsurance or retrocession terms, nor does it transfer insurance risk. Instead, it pertains to financial covenants and collateral arrangements in a corporate credit context.

Therefore, this document is not a reinsurance agreement. As a result, all downstream classifications (main contract, obligatory, proportional, insurance type, class of business) are not applicable.",False,,,,,
2003-748015-0000950168-03-000593-dex1040.htm,"The document provided is an ""Amended and Restated Credit Agreement"" between Sealy Mattress Company, Sealy Corporation, and various financial institutions. This is a credit agreement outlining the terms for loans, revolving credit, and letters of credit, and it includes clauses related to financial covenants, interest rates, and repayment schedules. The document explicitly states its nature in the title and the recitals, indicating that it amends and restates a prior credit agreement to extend maturity and amend terms. The agreement is concerned with corporate financing, not insurance or reinsurance.

According to the classification criteria, reinsurance agreements include documents like reinsurance contracts, retrocession agreements, and other risk transfer instruments. This document, however, is a credit agreement, which is explicitly listed under the ""NOT considered reinsurance agreements"" category. It involves loan commitments, lending arrangements, and credit facilities, which are financial instruments related to debt financing, not risk transfer in the context of insurance.

Since the document is a credit agreement and not a reinsurance agreement, it does not establish a reinsurance or retrocession contract. Therefore, it cannot be classified as a main contract for reinsurance, nor can it be considered obligatory or proportional. The document also does not pertain to insurance, life or non-life, and thus the relevant fields for insurance type and class of business are not applicable.

In summary, the document is a financial credit agreement, not a reinsurance agreement, and thus all reinsurance-related fields are set to False or None as appropriate.",False,,,,,
2003-798783-0001193125-03-035518-dex101.htm,"The document is a Revolving Credit Agreement between Universal Health Realty Income Trust, various banks, and Wachovia Bank as agent. It outlines the terms for a revolving credit facility, including commitments, loans, interest rates, fees, covenants, and conditions for borrowing. The agreement is focused on financial lending and does not involve risk transfer between insurance or reinsurance entities. It is clearly a credit facility and not a reinsurance agreement. Therefore, it does not meet any of the criteria for being classified as a reinsurance agreement.",False,,,,,
2003-1013609-0000898430-03-002251-dex1070.txt,"The document is titled ""QUOTA SHARE RETROCESSION CONTRACT"" and is explicitly described as such in the metadata. A retrocession agreement is a reinsurance of reinsurance, which falls squarely within the provided definition of a reinsurance agreement. Therefore, the document is a reinsurance agreement.

The document establishes the full terms of the retrocession contract between the ceding companies (the ""Company"") and the retrocessionaire (""Reinsurer""). It includes all principal terms such as the business covered, definitions, premium, reporting, and conditions. It is not merely an ancillary document like an endorsement or addendum. Therefore, it is a main contract.

The agreement is for a 100% quota share of the underlying contracts. Quota share is a proportional reinsurance method where a fixed percentage of premiums and losses are transferred. Therefore, the contract is proportional.

The document is a retrocession of professional liability insurance contracts (evident from the parties involved and the nature of the underlying contracts, which are typical in the healthcare indemnity sector). Professional liability is a type of casualty insurance, which falls under Non-Life insurance.

The class of business for casualty insurance, especially professional liability (like medical malpractice), is ""Casualty.""",True,True,True,proportional,Non-Life,Casualty
2003-1073615-0000950144-03-013971-g86118exv10w20.txt,"The document is an amendment to a contract between the Arizona Health Care Cost Containment System Administration (AHCCCSA) and Health Choice Arizona. The main contract, referenced in the amendment, is a managed care agreement for providing acute care health services to AHCCCS members. The amendment modifies specific sections of the original contract, such as incorporating changes from the Balanced Budget Act (BBA), updating definitions, and revising sections on enrollment, disenrollment, scope of services, and other program requirements.

The document is not a reinsurance agreement. Reinsurance agreements involve a primary insurer transferring a portion of its risk to a secondary insurer (the reinsurer) to reduce its exposure to potential losses. The document in question is an amendment to a direct healthcare services contract between a state agency and a healthcare provider, which does not involve risk transfer between insurers. The contract establishes the terms under which Health Choice Arizona provides healthcare services to AHCCCS members, including covered services, provider network requirements, member services, and financial arrangements. The amendment only modifies existing terms of this direct service contract and does not create a new agreement or establish a reinsurance arrangement.

Since the document is an amendment to an existing contract and not a reinsurance agreement, it cannot be classified as a main contract for reinsurance. The amendment is an ancillary agreement that modifies the terms of the primary contract but does not establish a new reinsurance or retrocession contract. Therefore, the fields related to reinsurance classification (is_main_contract, is_obligatory, proportional_or_non_proportional, insurance_type, class_of_business) are not applicable and should be set to None.",False,,,,,
2003-1032462-0001104659-03-018720-a03-1419_1ex10d1.htm,"The provided document is a ""Fourth Amendment to Credit Agreement"" related to a loan facility between U.S. Restaurant Properties Operating L.P., USRP Funding 2002-A, L.P., and Bank of America, N.A., acting as Agent and Lender. It amends an existing credit agreement by modifying definitions, financial covenants, prepayment requirements, and other loan terms. The document involves corporate borrowing, financial covenants, and the use of loan proceeds for working capital and repayment of existing debt (e.g., the ""1998 Senior Notes""). There is no mention of insurance, risk transfer, indemnification of insurance losses, or any reinsurance-specific terms such as ceding, retention, treaty, or facultative arrangements.

The document is clearly a financial credit agreement amendment, which falls under the category of credit instruments. According to the provided classification rules, ""Bonds, loans and credit instruments except for Catastrophe Bonds and other Insurance Linked Securities"" are explicitly **not** considered reinsurance agreements. Furthermore, the document does not reference any underlying insurance or reinsurance contracts.

Therefore, the document is not a reinsurance agreement, nor is it related to reinsurance in any form.",False,,,,,
2003-905895-0000905895-03-000007-ex105.txt,"The provided document is a Credit Agreement dated January 16, 2003, for a $250,000,000 Senior Secured Credit Facility. It outlines the terms for Tranche B Term Loans and Revolving Credit Commitments, including interest rates, repayment terms, covenants, and conditions. The document involves financial lending and borrowing arrangements between Hollywood Entertainment Corporation and several lenders, with UBS AG, Stamford Branch, acting as the Administrative Agent.

The document does not mention any insurance or reinsurance activities. Instead, it is focused on credit facilities, loans, and related financial covenants. The types of financial instruments referenced, such as term loans, revolving credit, and letters of credit, are typical of corporate financing agreements and not reinsurance contracts.

Based on the provided list of what constitutes a reinsurance agreement, this document does not meet any of the criteria. It is not a reinsurance agreement, retrocession agreement, or any other form of risk transfer contract related to insurance. It is purely a credit and loan agreement.

Therefore, the document is not a reinsurance agreement.",False,,,,,
2003-1073615-0000950144-03-013971-g86118exv10w22.txt,"The document is a contract amendment between the Arizona Health Care Cost Containment System (AHCCCS) and Health Choice Arizona. It amends capitation rates for a healthcare contract, specifically adjusting for a premium tax that was not included in previous rate schedules. The document references reinsurance deductibles (e.g., $20k and $35k reinsurance deductibles), and discusses how reinsurance elections affect rates, particularly through adjustments in capitation payments. However, the document itself is not a reinsurance agreement but rather a modification to a direct healthcare service contract. The mention of ""reinsurance"" in the context of rate adjustments pertains to how the insurer (Health Choice Arizona) manages its own risk, not to a transfer of risk from one insurer to another. This is a direct insurance/managed care contract between a state agency and a healthcare provider, not a reinsurance agreement. Therefore, it falls under the category of direct insurance contracts, which are explicitly excluded from being reinsurance agreements.",False,,,,,
2003-1171500-0000950123-03-003615-y84608kexv10w43.txt,"The document is titled ""100% QUOTA SHARE RETROCESSION AGREEMENT"" and is explicitly structured as a reinsurance agreement between St. Paul Fire and Marine Insurance Company (Retrocedant) and Platinum Underwriters Reinsurance, Inc. (Retrocessionaire). It involves the transfer of liabilities under reinsurance contracts, specifically a 100% quota share of liabilities arising from reinsurance and retrocession contracts. This clearly fits the definition of a retrocession agreement, which is a type of reinsurance agreement. Therefore, the document is a reinsurance agreement.

The agreement establishes the full terms of the retrocession, including coverage, premiums, dispute resolution, and administration, and is not merely an endorsement or amendment to an existing contract. It is a complete and binding retrocession contract. Thus, it qualifies as a main contract.

The agreement covers a 100% quota share of the liabilities under the underlying reinsurance contracts, meaning that the Retrocessionaire assumes all risk from the specified portfolio. This is characteristic of an obligatory reinsurance treaty, as it automatically transfers risk from a defined book of business without requiring individual underwriting decisions for each risk. Therefore, it is an obligatory agreement.

The contract is structured as a 100% quota share, meaning that the Retrocessionaire assumes an equal proportion of all premiums, losses, and expenses. This is the definition of proportional reinsurance. There is no indication of excess-of-loss or other non-proportional structures. Therefore, the agreement is purely proportional.

The document does not explicitly state whether it pertains to Life or Non-Life insurance. However, the referenced ""Reinsurance Contracts"" are underwritten by ""St. Paul Re,"" which is known to be a property and casualty reinsurer, and the ""Class of Business"" specified in Exhibit A-1 includes ""Excess"" and ""MULTI YEAR CAT XOL,"" which are typical of Non-Life (property and casualty) lines. The presence of catastrophe coverage and casualty clash further supports a Non-Life classification. Therefore, the insurance type is Non-Life.

The classes of business mentioned in Exhibit A-1 and referenced terms like ""Casualty Clash,"" ""Property,"" and ""Cat XOL"" indicate that the primary lines are Property and Casualty. The inclusion of both suggests a Multi-Line business classification. However, the two listed contracts are ""Excess"" (a Casualty line) and ""MULTI YEAR CAT XOL"" (a Property line), which are both core to a Property & Casualty portfolio. Given that both Property and Casualty are equally represented, and no single line dominates, the most accurate classification is ""Multi-Line.""",True,True,True,proportional,Non-Life,Multi-Line
2003-790703-0000931763-03-001878-dex10aao.txt,"The document is an ""Amended and Restated Credit Agreement"" between Tech Data Corporation (the Borrower), Bank of America, N.A. (as Administrative Agent, Swing Line Lender, and L/C Issuer), and other Lenders. It outlines the terms for a multicurrency revolving credit facility, including provisions for loans, letters of credit, interest rates, fees, covenants, and security. This document is fundamentally a credit agreement, which is a type of loan agreement where lenders provide funds to a borrower under specified terms. 

Credit agreements are explicitly listed in the ""NOT considered reinsurance agreements"" category. They are financial instruments focused on lending and borrowing, not on transferring insurance risk. There is no mention of insurance, reinsurance, risk transfer from insured parties, or any of the typical elements found in reinsurance contracts such as ceding commissions, loss ratios, or coverage for specific insurance policies.

Therefore, this document is not a reinsurance agreement.",False,,,,,
2003-1171500-0000950123-03-003615-y84608kexv10w60.txt,"The document is a ""Discretionary Investment Advisory Agreement"" between Alliance Capital Management L.P. (the Adviser) and Platinum Underwriters Reinsurance, Inc. (the Client). It outlines the terms under which the Adviser will manage investments for the Client’s Investment Account, which is linked to a Trust Agreement established as a condition of Retrocession Agreements.

Although the Client is a reinsurance company and the Investment Account is referenced as being connected to retrocession agreements, the document itself does not establish or modify a reinsurance or retrocession contract. Instead, it governs the discretionary investment management of assets, including investment objectives, custody, fees, and reporting. It is an ancillary service agreement related to asset management, not a risk transfer agreement.

According to the classification guidelines, financial or investment management agreements — such as investment advisory agreements — are not considered reinsurance agreements, even if they involve a reinsurance entity. Specifically excluded from the definition are referral agreements, underwriting agency agreements, and similar service contracts, which this document resembles.

Therefore, this is not a reinsurance agreement. Since it is not a reinsurance agreement, all subsequent fields that depend on that classification (is_main_contract, is_obligatory, etc.) must be set to None.",False,,,,,
2003-1013698-0001013698-03-000011-doc4.txt,"The document is titled ""ADDENDUM NO. 3 TO QUOTA SHARE REINSURANCE AGREEMENT"", which clearly indicates it is a modification of an existing reinsurance agreement. The content amends specific articles (e.g., Term and Termination, Quota Share Participation, Premium and Commission, etc.) of a reinsurance contract between PAFCO General Insurance Company and National Union Fire Insurance Company. Since it modifies the terms of an existing reinsurance agreement, it qualifies as a reinsurance agreement under the definition provided, which includes documents that amend or otherwise modify an existing reinsurance contract.

However, as an addendum, it is not a standalone main contract but rather an ancillary agreement that modifies the original reinsurance agreement. Therefore, it is not a main contract. Despite this, the underlying agreement is a Quota Share reinsurance contract, which is inherently proportional and obligatory in nature, as it involves the cession of a specified percentage of a portfolio of risks.

The agreement references premiums, losses, loss adjustment expenses, and ceding commissions tied to loss ratios, which are typical of non-life (property and casualty) insurance. The structure of the reinsurance—quota share, loss ratio-based commission adjustments, and reporting by accident quarter—further supports that this is a Non-Life agreement. The class of business is not explicitly stated, but given the structure and terminology (e.g., loss ratios, written premiums, unearned premium, casualty-style reporting), it aligns with Casualty or potentially Multi-Line non-life business. However, since the primary focus appears to be on general liability or similar lines with quarterly reporting and loss ratio triggers, and given the lack of specific property or specialty references, ""Casualty"" is the most reasonable classification.",True,False,True,proportional,Non-Life,Casualty
2003-719241-0000719241-03-000008-dipfinal.txt,"The document is a ""Secured Super-Priority Debtor In Possession Credit Agreement."" This is a financing agreement used in bankruptcy proceedings, where lenders provide funds to a company (the debtor in possession) to continue its operations. The agreement outlines the terms of a credit facility, including loan amounts, interest rates, collateral, and covenants. It explicitly mentions ""Credit Commitments,"" ""Loans,"" ""Lenders,"" and ""Administrative Agent,"" which are all standard terms in a loan agreement.

This document does not contain any of the hallmarks of a reinsurance agreement. It does not mention the transfer of insurance risk from one insurer (the ceding company) to another (the reinsurer). There are no terms related to premiums, claims, or the sharing of losses between insurers. Instead, it is structured as a debtor-creditor relationship, which is fundamentally different from the insurer-reinsurer relationship.

Therefore, this document is not a reinsurance agreement, ancillary to one, or a modification of one. It is a distinct financial instrument in the category of credit agreements, which are explicitly listed as NOT being reinsurance agreements.",False,,,,,
2003-842633-0000950136-03-002736-file007.htm,"The provided document is a Credit Agreement, which is a standard financial contract between a company (or companies) and a group of lenders, setting out the terms of a loan. It includes details on loan commitments, interest rates, covenants, and other conditions related to borrowing. This type of document is a credit facility and not a reinsurance agreement.

According to the classification rules, reinsurance agreements include contracts like reinsurance, retrocession, loss portfolio transfers, and other risk-transfer instruments in the insurance sector. The document in question is clearly a corporate credit agreement and contains no mention of insurance, reinsurance, risk transfer, or any related clauses typical of reinsurance contracts. Instead, it discusses loans, borrowing, collateral, and repayment terms.

Therefore, the document is not a reinsurance agreement. As a result, all subsequent fields related to reinsurance classification (such as is_main_contract, is_obligatory, etc.) must be set to None, as they only apply if the document is a reinsurance agreement.",False,,,,,
2003-945094-0001047469-03-018187-a2111037zex-10_6.txt,"The document is titled ""Coinsurance Agreement"" and is explicitly framed as a reinsurance agreement between Glenbrook Life and Annuity Company and Allstate Life Insurance Company. It references an ""Original Reinsurance Agreement"" from 1992 and states that this document replaces and supersedes that agreement, incorporating amendments and clarifications. Coinsurance is a form of reinsurance, specifically a proportional method where the reinsurer assumes a fixed percentage of each policy. The agreement outlines the reinsurance of life insurance policies and annuities, including definitions of ""Net Benefits"" covering death benefits, annuity benefits, surrender benefits, and other life-contingent payments.

The document establishes the full terms of the reinsurance arrangement, including definitions, basis of reinsurance (100% automatic coinsurance), settlement procedures, tax matters, recapture, arbitration, and other standard clauses. It is not merely an ancillary document like an endorsement or amendment but constitutes the entire agreement, as stated in Article XVI (""Entire Agreement""). Therefore, it qualifies as a main contract.

Because it reinsures 100% of the net benefits on a coinsurance basis for all eligible policies, it is an obligatory reinsurance agreement—risk transfer is automatic for all qualifying policies issued or reinsured by Glenbrook.

The reinsurance is clearly proportional, as it operates on a 100% coinsurance basis, meaning Allstate assumes 100% of the premiums, benefits, and expenses in proportion to Glenbrook’s obligations.

The types of benefits covered—death benefits, annuity benefits, endowment benefits, disability benefits, supplementary contracts with life contingencies—indicate that this pertains to life insurance products. Policies are invested in the general account and include annuities, which are life insurance products.

The class of business is therefore aligned with life insurance. Given the inclusion of annuities, endowments, and life insurance, the primary class is ""Mortality"" and potentially ""Longevity"" or ""Other Life."" However, ""Mortality"" is most appropriate as the main risk being transferred involves death benefits and life-contingent payouts.",True,True,True,proportional,Life,Mortality
2003-900423-0001047469-03-010928-a2106476zex-10_6.txt,"The document is titled ""Coinsurance Agreement"" and is explicitly described as a reinsurance agreement between Glenbrook Life and Annuity Company and Allstate Life Insurance Company. It replaces and supersedes a prior reinsurance agreement, incorporating amendments and restatements, which falls under the category of documents that modify existing reinsurance agreements. Coinsurance is a form of proportional reinsurance, and the agreement states that 100% of the Net Benefits under all eligible policies are reinsured on a 100% automatic coinsurance basis, indicating a proportional structure. The agreement establishes the full terms of reinsurance, including definitions, settlement procedures, tax matters, and termination, and is not merely an ancillary document like an endorsement or amendment. Therefore, it qualifies as a main contract.

The reinsurance is obligatory because it automatically covers all eligible policies (including new ones) without individual underwriting or acceptance per policy, which aligns with the definition of obligatory reinsurance treaties. The subject matter involves life insurance products such as annuities, endowment benefits, death benefits, and policies with reserves in general accounts—indicating this pertains to Life insurance. The class of business is focused on annuities and life policies, including market value adjustment annuities and contracts with life contingencies, which falls under ""Other Life"" as it does not specifically align with Mortality or Longevity but covers broader life-oriented products.",True,True,True,proportional,Life,Other Life
2003-1171500-0000950123-03-003615-y84608kexv10w42.txt,"The document is titled ""100% QUOTA SHARE RETROCESSION AGREEMENT"" and explicitly states it is a retrocession agreement between St. Paul Fire and Marine Insurance Company (Retrocedant) and Platinum Underwriters Reinsurance, Inc. (Retrocessionaire). A retrocession agreement is a form of reinsurance where a reinsurer transfers part of its risk to another reinsurer. This falls directly under the provided definition of a reinsurance agreement, which includes ""Retrocession agreements"".

The agreement establishes a full reinsurance contract, transferring 100% of the liabilities under a specified set of reinsurance contracts from the Retrocedant to the Retrocessionaire. It contains all the principal terms, such as the business covered, the term, coverage periods, premium calculations, and administration. Therefore, it is a main contract, not an ancillary agreement like an endorsement or amendment.

The agreement is for a 100% quota share, which is a classic form of proportional reinsurance. The Retrocessionaire assumes an equal, proportional share (100%) of all premiums, losses, and expenses from the underlying reinsurance contracts.

The underlying business is clearly non-life. The exhibits list contracts with titles like ""Marine Non Marine Clash Xs"", ""Property Cat Excess"", and ""Casualty Clash"", which are all standard non-life (property and casualty) lines of business. The ""Reserve Class Name"" in Exhibit A-1 is ""Non-traditional B-1"", which in the reinsurance industry is a common code for non-traditional, finite, or structured property and casualty reinsurance, as opposed to life reinsurance.

Given the mix of classes in Exhibit A-1, such as Marine, Property Cat, and Casualty Clash, the most accurate single classification is ""Specialty"", which encompasses these non-standard, often complex, non-life risks. While ""Property"" and ""Casualty"" are both present, ""Specialty"" is the most encompassing and appropriate category for this portfolio of non-traditional contracts.",True,True,True,proportional,Non-Life,Specialty
2003-319256-0000950137-03-005660-c80571exv10wa.htm,"The provided document is an ""Amended and Restated Program Agreement"" between Sears, Roebuck and Co., Sears Intellectual Property Management Company, and Citibank (USA) N.A. The agreement establishes a program for the issuance, servicing, and marketing of Sears credit cards (both proprietary and co-branded) and financial products, including insurance and other financial services. The document details the operational, marketing, and financial arrangements between the parties, including the transfer of existing accounts, exclusivity clauses, joint committees, and termination provisions. 

The agreement is primarily focused on the credit card business and related financial services, not on the transfer of insurance risk from one insurer to another. The document does not contain any provisions typical of a reinsurance agreement, such as ceding premiums, assuming risk, or sharing losses between insurers. Instead, it governs a commercial partnership for offering consumer credit and financial products. 

Therefore, the document is not a reinsurance agreement. Since it is not a reinsurance agreement, the subsequent questions about whether it is a main contract, obligatory, proportional, insurance type, and class of business are not applicable and should be answered as 'None'.",False,,,,,
2003-1171500-0000950123-03-003615-y84608kexv10w62.txt,"The document is a Discretionary Investment Advisory Agreement between Alliance Capital Management L.P. and Platinum Underwriters Reinsurance, Inc. It outlines the terms under which the Adviser will manage an investment account for the Client. The investment account is established pursuant to a Trust Agreement that is linked to ""Retrocession Agreements,"" which are forms of reinsurance. However, the document itself does not establish a reinsurance or retrocession contract. Instead, it governs the investment management of assets that are likely held as collateral or reserves related to reinsurance activities.

The agreement does not contain terms typical of a reinsurance contract—such as ceding of risk, premium payments, coverage limits, or claims handling. Rather, it focuses on investment objectives, asset allocation, custody, reporting, fees, and compliance with regulatory investment guidelines. Although it references retrocession agreements in the background, this document is an ancillary service agreement related to asset management, not a risk transfer instrument.

Therefore, while the Client is a reinsurance company and the assets are connected to reinsurance activities, the document itself is not a reinsurance agreement. It is an investment advisory agreement, which falls outside the defined scope of reinsurance agreements.",False,,,,,
2003-911421-0000950130-03-002524-dex1031.htm,"The document titled ""SWISS SHARE PURCHASE PLAN EFFECTIVE JUNE 3, 2002"" is a share purchase plan for employees of the Zurich Branch of Partner Reinsurance Company Ltd., a subsidiary of PartnerRe Ltd. It outlines a program allowing employees to purchase common shares of PartnerRe Ltd. at a discounted price using payroll contributions. The document defines terms related to stock options, offering periods, eligibility, contributions, and administrative procedures. It is clearly a corporate employee benefits plan related to equity compensation and not a risk transfer agreement.

There is no mention of insurance, reinsurance, retrocession, risk transfer, coverage terms, claims, premiums, or any other elements characteristic of reinsurance agreements. Instead, the document focuses on share pricing, employee participation, stock issuance, and tax withholding—topics associated with securities and employee compensation.

Therefore, this document does not meet any of the criteria for being classified as a reinsurance agreement. It is not a treaty, facultative agreement, retrocession, or any other form of risk transfer instrument. As such, all downstream classifications related to reinsurance (main contract, obligatory nature, proportionality, insurance type, class of business) are not applicable.",False,,,,,
2003-817161-0000817161-03-000054-credit_agreement10-1.htm,"The document is a Credit Agreement between Alaris Medical Systems, Inc. and various lenders, with Citicorp North America, Inc. acting as the Administrative Agent. It details a $275,000,000 credit facility, including term loans and revolving credit, for the purpose of financing a merger, repurchasing public indebtedness, and issuing new shares and senior subordinated notes. The document outlines the terms of the loan, including interest rates, repayment schedules, covenants, and conditions precedent.

This document is not a reinsurance agreement. It is a standard credit agreement, which is explicitly listed as a document that is NOT considered a reinsurance agreement. It is a financial contract for a loan, not an agreement for the transfer of insurance risk.

Since it is not a reinsurance agreement, the subsequent fields regarding the nature of the reinsurance contract (main contract, obligatory, proportional, insurance type, class of business) are not applicable and should be set to None.",False,,,,,
2003-1171500-0000950123-03-003615-y84608kexv10w30.txt,"The document is an Underwriting Management Agreement between St. Paul Fire and Marine Insurance Company (the ""Company"") and Platinum Underwriters Reinsurance, Inc. (the ""Manager""). It grants the Manager authority to act as an underwriting and production manager for the Company in conducting an assumed reinsurance business. The agreement outlines the Manager’s responsibilities, including soliciting, negotiating, underwriting, and executing assumed reinsurance contracts on behalf of the Company, subject to certain limitations and reporting requirements.

However, this document does not itself establish a reinsurance contract. Instead, it is an agreement for the management of underwriting activities. According to the classification criteria, documents such as Underwriting Agency Agreements between reinsurance companies and reinsurance underwriting management companies or agents are explicitly excluded from being considered reinsurance agreements.

Because this is an agency or management agreement facilitating the placement or administration of reinsurance rather than a contract that transfers risk between insurers, it does not meet the definition of a reinsurance agreement. Therefore, all downstream fields that depend on the existence of a reinsurance contract (main contract, obligatory, proportional status, insurance type, class of business) must be set to None.",False,,,,,
2003-1044566-0000950137-03-001708-c74255exv10wx12y.txt,"The document is a placement slip for a reinsurance agreement. It outlines the terms of a surety excess of loss reinsurance contract between CNA Surety Corporation (the Company) and a Reinsurer. Key indicators include the structure of the agreement, such as retention and limit clauses (""$40M xs $60M""), reinsurance premiums, reinstatement premiums, experience account mechanics, commutation provisions, and inuring reinsurance. These are all standard features of reinsurance contracts. The document also references exclusions, territory, business covered, and definitions consistent with reinsurance.

The placement slip contains all principal terms of the reinsurance agreement, including coverage limits, premium amounts, terms, exclusions, and key operational clauses. Therefore, it qualifies as a main contract under the provided criteria (e.g., a contract slip with all principal terms).

The agreement is an excess of loss contract, which is a form of non-proportional reinsurance. This is evident from the structure: a limit of $40 million excess of a $60 million retention per principal, with an aggregate limit and reinstatement premium mechanism—hallmarks of non-proportional arrangements.

The business covered is surety bonds, which fall under the Specialty class of non-life insurance. Surety is a niche area within casualty/specialty lines, involving performance and payment guarantees.

The agreement covers multiple types of surety business (contract and commercial) but is clearly focused on non-life risks. There is no indication of life, health, or longevity coverage.

The contract is obligatory because it covers all eligible surety business written by the company during the term, subject to defined exclusions and warranties. It is not limited to specific named risks or facultative placements, but rather applies broadly across the portfolio.

Therefore, all classification criteria are met based on the content.",True,True,True,non-proportional,Non-Life,Specialty
2003-49071-0001193125-03-073141-dex102.htm,"The provided document is a ""Second Amended and Restated RFC Loan Agreement"" between Humana Inc., several banks, and Relationship Funding Company, LLC (RFC). The agreement outlines the terms for a revolving loan facility, including the amount of the loans, repayment terms, interest rates, fees, covenants, and conditions for borrowing. The document is structured as a standard loan agreement, with sections on definitions, loan terms, representations and warranties, affirmative and negative covenants, defaults, and miscellaneous provisions.

The document does not contain any language or provisions related to reinsurance, retrocession, or any other form of risk transfer typically found in reinsurance agreements. Instead, it is focused on the borrowing and lending of funds, with specific financial terms and conditions that are characteristic of a loan agreement. The parties involved are a corporation (Humana Inc.), financial institutions (the Banks), and a funding company (RFC), which are typical parties in a loan agreement but not in a reinsurance agreement.

Given the content and structure of the document, it is clear that this is a loan agreement and not a reinsurance agreement. Therefore, it does not meet any of the criteria for being classified as a reinsurance agreement, and all subsequent fields related to reinsurance characteristics are not applicable.",False,,,,,
2003-925600-0000925600-03-000013-doc5.txt,"The document is titled ""ADDENDUM NO. 3 TO QUOTA SHARE REINSURANCE AGREEMENT"", which clearly indicates it is modifying an existing reinsurance agreement. The original agreement is a quota share reinsurance contract, a form of proportional reinsurance, between PAFCO General Insurance Company (the ceding company) and National Union Fire Insurance Company (the reinsurer). This addendum amends specific articles (II, IV, VI, VIII, IX) and adds a new article (VI-A) related to investment allowance, all concerning the terms of the underlying reinsurance arrangement.

Because this document modifies the terms of an existing reinsurance agreement (specifically, adjusting cession limits, commission structures, reporting requirements, and adding investment provisions), it qualifies as a reinsurance agreement under the definition provided, which includes documents that amend or otherwise modify the terms of an existing reinsurance agreement.

However, as an addendum, it is not a standalone main contract. It depends on the original quota share agreement and modifies it. Therefore, it is an ancillary agreement rather than a main contract.

The underlying agreement is a quota share, which is inherently a proportional reinsurance arrangement. The addendum does not change this fundamental nature.

The agreement involves a fire insurance company (National Union Fire Insurance Company) and references property-related terms such as written premium, unearned premium, and loss adjustment expenses typical in property and casualty insurance. There is no mention of life, health, or mortality-related coverage. The class of business is best classified as Property, as fire insurance is a core component of property insurance.

The reinsurance is obligatory because it is a treaty (quota share) agreement where the ceding company has the option (within limits) to cede a portion of a portfolio of policies, and the reinsurer is obligated to accept cessions up to the agreed limits — a hallmark of obligatory reinsurance treaties.",True,False,True,proportional,Non-Life,Property
2003-1044566-0000950137-03-005923-c80844exv10w1.txt,"The document is an endorsement to an Excess of Loss Reinsurance Contract, which modifies the terms of an existing reinsurance agreement between the ceding company (CNA Surety Corporation and its subsidiaries) and the reinsurer (Continental Casualty Company). Since it amends an existing reinsurance contract—specifically adjusting the term, premium, and commutation provisions—it qualifies as a reinsurance agreement under the definition provided, which includes documents that modify existing reinsurance contracts.

However, this document is not a main contract because it is an endorsement that amends an already existing contract rather than establishing a new reinsurance agreement or containing all principal terms. It is ancillary in nature.

Because it is an amendment to an existing reinsurance contract and not the full contract itself, we cannot definitively determine whether the underlying contract is obligatory or facultative, or whether it is proportional or non-proportional based solely on this endorsement. However, the original contract is titled “$40,000,000 XS $60,000,000 Excess of Loss Contract,” which clearly indicates a non-proportional (excess of loss) structure. Therefore, the proportional_or_non_proportional classification can be inferred as non-proportional.

The insurance type and class of business can be partially inferred. The ceding companies are surety companies (e.g., Western Surety Company), and surety insurance falls under the Casualty segment of Non-Life insurance. Therefore, the insurance type is Non-Life, and the class of business is Casualty.",True,False,,non-proportional,Non-Life,Casualty
2003-1161935-0000950144-03-003888-g81402exv10w13.txt,"The document provided is an ""Amended and Restated Credit Agreement"" dated December 18, 2002, between Trizec Properties, Inc. (the ""Borrower""), various lenders, and Deutsche Bank Trust Company Americas (the ""Administrative Agent""). This agreement outlines the terms for extending loans, issuing letters of credit, and other credit-related activities. It includes provisions for commitments to extend loans, interest rates, fees, conditions precedent, representations and warranties, covenants, and events of default.

The document is clearly a credit agreement, which is a financial instrument used in lending and borrowing arrangements. It does not contain any language or provisions related to insurance or reinsurance. Specifically, it does not involve the transfer of insurance risk from one party to another, which is a fundamental characteristic of reinsurance agreements. Instead, it deals with the extension of credit, repayment terms, and security interests in real estate properties.

Given the definitions provided, reinsurance agreements include reinsurance and retrocession contracts, retrocession agreements, Reinstatement Premium Protection contracts, Capital Maintenance agreements, Loss Portfolio Transfer, Adverse Development Cover, Reinsurance To Close, and other retrospective reinsurance agreements. The document in question does not fall into any of these categories. It is not a reinsurance agreement, nor is it an ancillary agreement to a reinsurance contract.

Furthermore, the document is not related to insurance policies, letters of credit, bonds, loans, financial guarantees, or referral agreements, which are explicitly excluded from the definition of reinsurance agreements. The document is a credit agreement, which is a type of loan agreement, and thus falls under the category of financial instruments that are not considered reinsurance agreements.

Therefore, the document is not a reinsurance agreement, and all subsequent fields that depend on it being a reinsurance agreement are not applicable.",False,,,,,
2003-1171500-0000950123-03-003615-y84608kexv10w41.txt,"This document is a ""100% QUOTA SHARE RETROCESSION AGREEMENT"" between St. Paul Fire and Marine Insurance Company (Retrocedant) and Platinum Underwriters Reinsurance, Inc. (Retrocessionaire). 

First, I need to determine if this is a reinsurance agreement. The document is explicitly a retrocession agreement, which is specifically listed in the instructions as a type of reinsurance agreement that should be classified as such. Retrocession is the reinsurance of reinsurance, where a reinsurer transfers risk to another reinsurer. The agreement states that ""Retrocedant hereby obligates itself to retrocede to Retrocessionaire and Retrocessionaire hereby obligates itself to accept... a one hundred percent (100%) quota share of any and all liabilities."" This clearly establishes it as a reinsurance arrangement.

For is_main_contract: This is a comprehensive agreement that establishes the full terms of the retrocession relationship. It's not described as an endorsement, extension, addendum, or other modifying document. The document states ""THIS QUOTA SHARE RETROCESSION AGREEMENT"" and contains all principal terms including coverage periods, premiums, administration, and other standard reinsurance contract elements. Therefore, it's a main contract.

For is_obligatory: The agreement is obligatory because it's a treaty arrangement where Retrocedant is obligated to retrocede and Retrocessionaire is obligated to accept 100% of the specified liabilities. The language ""Retrocedant hereby obligates itself to retrocede to Retrocessionaire and Retrocessionaire hereby obligates itself to accept"" confirms this is not facultative (case-by-case) reinsurance but an obligatory treaty.

For proportional_or_non_proportional: This is explicitly a ""100% QUOTA SHARE"" agreement. Quota share arrangements are defined in the instructions as proportional reinsurance. The document transfers an equal share (100%) of the risks, which fits the definition of proportional reinsurance.

For insurance_type: The exhibits (particularly Exhibit A-1 and C) show the contracts are primarily property-related (e.g., ""Property Cat QS Retro,"" ""Excess,"" ""UNDERLYING EXCESS CAT""). Exhibit C details property catastrophe reinsurance covers. There's no indication of life insurance products, so this pertains to Non-Life insurance.

For class_of_business: Based on the exhibits and content, the agreement focuses on property risks and catastrophe coverage. Exhibit A-1 lists property-related contracts, and Exhibit C details property catastrophe reinsurance arrangements. The document is specifically focused on property risks, not casualty or other lines.",True,True,True,proportional,Non-Life,Property
2003-1095073-0001095073-03-000015-trustagree.htm,"The document is an Amended and Restated Trust Agreement for ""Everest Re Capital Trust,"" established by Everest Reinsurance Holdings, Inc. The agreement outlines the creation of a trust that will issue Preferred Securities and Common Securities. The trust uses the proceeds from the sale of these securities to purchase Debt Securities (specifically, 7.85% Junior Subordinated Debt Securities) issued by the Depositor (Everest Reinsurance Holdings, Inc.).

The structure described is a common financial instrument known as a ""trust preferred security"" or ""TruPS."" This is a form of hybrid capital security issued by a corporation (in this case, a reinsurance company) through a special-purpose trust. The trust is a pass-through entity that uses the proceeds from the sale of its securities to buy debt from the sponsoring corporation. The interest payments from that debt are then passed through to the holders of the trust's securities.

This document is not a reinsurance agreement. It is a financial trust agreement related to corporate capital structure and debt financing. While the sponsor (Everest Reinsurance Holdings, Inc.) is a reinsurance company, the agreement itself does not transfer insurance risk from one insurer to another. Instead, it is a mechanism for the company to raise capital. The trust holds debt issued by the company, and the income from that debt funds the distributions to the trust's security holders.

Because this is not a reinsurance agreement, the subsequent questions about whether it is a main contract, obligatory, proportional, and its insurance type and class of business are not applicable.",False,,,,,
2003-49071-0001193125-03-073141-dex101.htm,"The document provided is a ""Second Amended and Restated 364-Day Credit Agreement"" among Humana Inc., several banks, and JPMorgan Chase Bank acting as an administrative agent. This agreement outlines the terms for a revolving credit facility, including loan amounts, interest rates, fees, covenants, and conditions for borrowing. It is a financial instrument that establishes a lending relationship between the borrower (Humana Inc.) and the lenders (the banks), allowing Humana to draw funds up to a specified limit.

This document is not a reinsurance agreement. Reinsurance agreements involve the transfer of insurance risk from one insurer (the ceding company) to another (the reinsurer). The listed document, however, is a credit agreement, which is a type of loan contract. It does not involve the transfer of insurance risk, nor does it pertain to any insurance or reinsurance activities. Instead, it is a standard financial agreement for corporate borrowing.

According to the provided classification rules, credit instruments such as loans and credit agreements are explicitly excluded from the definition of reinsurance agreements. Therefore, this document does not meet any of the criteria for being classified as a reinsurance agreement, main contract, obligatory agreement, or any of the other reinsurance-specific classifications.",False,,,,,
2003-943823-0000950134-03-016721-d11301exv10w1w6.txt,"The provided document is an ""Amended and Restated Revolving Credit and Term Loan Agreement."" This is a financial contract between a group of borrowers (Dave & Buster's entities) and a group of lenders (Fleet National Bank and others), facilitated by an agent (Fleet National Bank). The document details the terms for loans, credit facilities, interest rates, repayment schedules, collateral, and covenants.

This document is fundamentally a loan and credit agreement. It does not involve the transfer of insurance risk from an insurer (ceding company) to a reinsurer. Instead, it is a direct financial transaction between a borrower and lenders. The document contains no language related to insurance policies, claims, premiums, or the sharing of underwriting risk, which are the hallmarks of a reinsurance agreement.

Based on the list of documents that are considered reinsurance agreements and those that are not, this document falls squarely into the category of ""Bonds, loans and credit instruments,"" which are explicitly excluded from being reinsurance agreements.

Since the document is not a reinsurance agreement, the subsequent fields (is_main_contract, is_obligatory, etc.) are not applicable and must be set to None.",False,,,,,
2003-915781-0000950134-03-004591-c75577a1exv10w13w1.txt,"The document is a ""Workers' Compensation Quota Share Reinsurance"" agreement, explicitly titled as such, and contains standard reinsurance terms including ceded premiums, reinsurance share (80% Quota Share), aggregate and per-occurrence limits, ceding commission, and detailed clauses typical of reinsurance contracts. It is clearly a reinsurance agreement between American Compensation Insurance Company and St. Paul Re, covering workers’ compensation and employers’ liability insurance. Therefore, it qualifies as a reinsurance agreement.

The document establishes the principal terms of the reinsurance contract, including coverage, limits, premiums, commissions, and termination rights. It is not merely an amendment or ancillary document but a full placement confirmation that sets out the core terms. Thus, it is a main contract.

The reinsurance is structured as an 80% Quota Share, which is a proportional reinsurance mechanism where the reinsurer assumes a fixed percentage of all risks and premiums. This is a hallmark of proportional reinsurance. There are no indications of non-proportional features dominating the structure, although there are loss corridors (Loss Corridor clause), which are minor non-proportional elements often found in proportional treaties. These do not override the fundamentally proportional nature.

The business reinsured is workers’ compensation and employers’ liability insurance, which are forms of casualty insurance. These fall under Non-Life insurance. The class of business is specifically Workers’ Compensation, which is a subset of Casualty insurance.

The contract covers all policies written during the term in the specified classes, indicating that it is an obligatory treaty—automatically reinsuring all qualifying policies rather than being facultative (case-by-case). Therefore, it is an obligatory reinsurance agreement.",True,True,True,proportional,Non-Life,Casualty
2003-804269-0000930661-03-002027-dex1015.txt,"The document is a ""First Amendment to the Master Collateral and Intercreditor Agreement"" among financial institutions and corporate entities, primarily related to a revolving credit facility and securitization transactions involving automobile receivables. It modifies the calculation of the ""Senior Borrowing Base"" using financial modeling assumptions such as loss expectations, prepayment speeds, recovery rates, and other structured finance metrics. The parties involved are lenders, collateral agents, and borrowers in a secured financing arrangement.

Key observations:
- The document references securitization vehicles like ""AmeriCredit Automobile Receivables Trust"" and includes modeling assumptions for credit risk, but it does not involve risk transfer from an insurer to a reinsurer.
- Terms like ""Reinsurance Premium"" appear in the modeling assumptions section (set at 4.50%), but this appears to be an input in a cash flow model for a structured finance transaction, not evidence of a reinsurance contract.
- The agreement is an amendment to a collateral and intercreditor agreement, which governs priorities among secured lenders and collateral agents in a debt financing context.
- There is no mention of insurance policies, ceding companies, retrocession, or any core elements of reinsurance.

Therefore, this is a financial agreement related to asset-backed lending and securitization, not a reinsurance agreement. It falls under the category of credit instruments and secured financing arrangements, which are explicitly excluded from the definition of reinsurance agreements.

Since it is not a reinsurance agreement, all downstream fields (main contract, obligatory, etc.) must be set to None.",False,,,,,
2003-33656-0000928385-03-001520-dex101.txt,"The document is a Credit Agreement dated April 30, 2003, among Ethyl Corporation (the Borrower), several financial institutions (the Lenders), and Credit Suisse First Boston as the Administrative Agent. The agreement outlines the terms for a credit facility, including Term Loans, Revolving Loans, and Swing Line Loans, and includes provisions for interest rates, fees, covenants, and conditions for borrowing. It also details the creation of security interests in favor of the Lenders and the obligations of the Borrower to repay the loans.

The document is clearly a credit agreement, which is a financial instrument for lending money. According to the provided definitions, credit agreements are not considered reinsurance agreements. The list of documents that are not considered reinsurance agreements includes ""bonds, loans and credit instruments,"" which directly applies to this document.

Since the document is not a reinsurance agreement, all subsequent fields that depend on it being a reinsurance agreement should be set to None or False as appropriate.",False,,,,,
2003-925600-0000925600-03-000013-doc8.txt,"The document is titled ""Addendum No. 5 to Quota Share Reinsurance Agreement"", which indicates it is an amendment to an existing reinsurance agreement. The content discusses the commutation of liabilities for business effective prior to January 1, 2002, and specifies financial settlements and releases of liability between the insurer and reinsurer. This constitutes a modification of an existing reinsurance contract. Therefore, it qualifies as a reinsurance agreement under the definition provided, as amendments to reinsurance agreements are included.

However, this document is not a main contract but an ancillary agreement, as it modifies an existing reinsurance agreement rather than establishing new principal terms. It is an addendum, which is explicitly listed as an ancillary agreement.

Because it is an ancillary agreement and not a full standalone reinsurance contract, attributes such as whether it is obligatory, proportional or non-proportional, insurance type, and class of business cannot be determined from this document alone. These characteristics must be derived from the main contract, which is not provided here. The reference to a ""Quota Share Reinsurance Agreement"" in the title suggests the underlying contract is proportional, but since this addendum may not contain the full terms and only addresses commutation, we cannot confirm the nature of the risk transfer from this document alone.",True,False,,,,
2003-736260-0001171520-03-000333-ex10-5.txt,"The document is an amendment to an Employment Continuation Agreement involving John Hancock Life Insurance Company, John Hancock Financial Services, Inc., an executive (David F. D'Alessandro), and Manulife Financial Corporation. It outlines changes to the executive’s roles, responsibilities, and protections in connection with a merger. The document pertains to employment terms and corporate governance following a merger, not to risk transfer between insurers and reinsurers.

The agreement does not involve the transfer of insurance risk, ceding of policies, reinsurance premiums, or any other elements typical of reinsurance contracts. Instead, it is focused on executive compensation, titles, reporting lines, and conditions for termination for ""Good Reason"" following a change in control.

Since the document is an employment agreement amendment and not a contract for risk transfer between insurance entities, it does not meet the definition of a reinsurance agreement or any of its subtypes (e.g., retrocession, portfolio transfer with reinsurance provisions, catastrophe bond, etc.).

Therefore, it is not a reinsurance agreement, nor is it a main contract or ancillary document related to reinsurance.",False,,,,,
2003-1141719-0001193125-03-072256-dex101.htm,"The document is a Letter of Credit Reimbursement Agreement between Max Re Ltd., various financial institutions (Lenders), and Fleet National Bank, acting as Fronting Bank, Administrative Agent, and LC Administrator. The agreement outlines the terms under which the Lenders will issue letters of credit to support Max Re Ltd.'s obligations under Reinsurance Agreements. However, the document itself is not a reinsurance agreement but rather a financial arrangement involving letters of credit. Letters of credit are financial instruments used to guarantee payment and are not considered reinsurance agreements according to the provided definitions. Therefore, the document does not establish a reinsurance or retrocession contract and is not an ancillary agreement to such a contract. As such, it does not meet the criteria for being classified as a reinsurance agreement.",False,,,,,
2003-1069996-0001116502-03-001940-exhibit1024.txt,"The document is titled ""QUOTA SHARE TREATY"" and is explicitly referred to as an ""Agreement"" between Federated National Insurance Company (the ""Company"") and Transatlantic Reinsurance Company (the ""Reinsurer""). The preamble states that the parties agree ""in consideration of the mutual covenants"" contained within, indicating a binding reinsurance contract.

Article 1 states the agreement is ""to share with the Reinsurer the interests and liabilities of the Company under all policies for Commercial and/or Non-Standard Private Passenger Automobile Liability and Physical Damage Business."" This is a classic definition of a proportional reinsurance treaty, specifically a quota share, where the reinsurer takes a fixed percentage (40% as stated in Article 2) of the cedent's business.

The structure, including articles on cover, reports, commissions, losses, arbitration, and execution via an Interests and Liabilities Contract, is standard for a reinsurance treaty. The inclusion of a Funds Withheld option (Article 4) and detailed loss experience-based commission adjustments (Article 9) are common features in modern reinsurance contracts but do not change the fundamental nature of the agreement.

Therefore, this is a reinsurance agreement. It is a main contract, as it establishes the full terms of the reinsurance relationship, not merely amending an existing one. It is an obligatory treaty, as it automatically reinsures all qualifying business written by the Company. It is a proportional reinsurance contract (quota share). The underlying insurance is automobile, which falls under Non-Life, and the class of business is Casualty (for liability) and Property (for physical damage), but since it is a combined policy, ""Multi-Line"" is most accurate. The primary risk is liability, but given the explicit inclusion of physical damage, ""Multi-Line"" best reflects the scope.",True,True,True,proportional,Non-Life,Multi-Line
2003-803027-0000950152-03-003679-l99141aexv10wu.txt,"The document is an amendment to an Employee Retention Agreement between Kenneth J. Wilson and Merchants Mutual Insurance Company. It outlines terms for payments and benefits in the event of termination of employment or a change in control. The content focuses on executive compensation, severance, non-compete clauses, and related employment terms. There is no mention of risk transfer between insurers and reinsurers, ceding of insurance liabilities, or any typical reinsurance mechanisms such as ceded premiums, reinsurance recoverables, or treaty terms. Instead, it is clearly an employment-related contract.

According to the classification criteria, reinsurance agreements involve risk transfer from an insurer to a reinsurer. This document does not meet any of the definitions of a reinsurance agreement, including retrocession, RPP, portfolio transfers with reinsurance provisions, or any modification of a reinsurance contract. It is not a reinsurance contract nor any ancillary document to one.

Since it is not a reinsurance agreement, all subsequent fields that depend on reinsurance classification (is_main_contract, is_obligatory, proportional_or_non_proportional, insurance_type, class_of_business) must be set to None.",False,,,,,
2003-925600-0000925600-03-000013-doc11.txt,"The document is titled ""MPCI STOP LOSS REINSURANCE CONTRACT"" and explicitly states that Granite Reinsurance Company, Ltd. indemnifies Acceptance Insurance Companies Inc. for certain losses related to Multi-Peril Crop Insurance (MPCI). This establishes a reinsurance agreement where the reinsurer assumes risk from the insurer. The structure, including defined articles on coverage, territory, exclusions, premium, and loss settlements, is typical of a reinsurance contract.

The document establishes the full reinsurance contract, including terms on coverage, limits, premium, and conditions. It is not an ancillary agreement such as an amendment or endorsement but rather the principal contract itself. Therefore, it qualifies as a main contract.

The contract provides for automatic coverage of all MPCI business classified by the company, which indicates that the reinsurer is obligated to accept all such risks without individual underwriting. This is characteristic of an obligatory reinsurance treaty, not a facultative arrangement.

The contract is structured as a stop loss agreement, where the reinsurer covers 100% of the subject ultimate net loss in excess of a percentage of the company's net retained premium income. This is a non-proportional form of reinsurance, as it attaches only after a certain loss ratio threshold is exceeded, rather than sharing premiums and losses proportionally from the outset.

The insurance type is Non-Life, as crop insurance (MPCI) is a property/casualty line of business. Life insurance includes products like life policies, annuities, and critical illness, which are not relevant here.

The class of business is Property, as Multi-Peril Crop Insurance (MPCI) primarily covers agricultural property risks such as crop loss due to weather or disease. While agriculture can have elements of specialty lines, MPCI is fundamentally a property coverage.",True,True,True,non-proportional,Non-Life,Property
2003-1171500-0000950123-03-003615-y84608kexv10w40.txt,"The document is titled ""100% QUOTA SHARE RETROCESSION AGREEMENT"" and explicitly states that ""Retrocedant hereby obligates itself to retrocede to Retrocessionaire and Retrocessionaire hereby obligates itself to accept, pursuant to the terms of this Agreement, a one hundred percent (100%) quota share of any and all liabilities incurred by Retrocedant..."". This indicates a proportional reinsurance agreement, specifically a retrocession, which is a form of reinsurance.

The agreement is established between St. Paul Fire and Marine Insurance Company (Retrocedant) and Platinum Underwriters Reinsurance, Inc. (Retrocessionaire). The parties agree to transfer a 100% quota share of liabilities from the Retrocedant to the Retrocessionaire, which confirms it as a reinsurance contract.

The agreement is a main contract because it establishes the entire reinsurance arrangement, as noted in Article I, which outlines the business covered and exclusions, and Article II, which states the continuous term of the agreement.

The contract is obligatory because it transfers all liabilities for the specified reinsurance contracts from the Retrocedant to the Retrocessionaire on a 100% quota share basis, without allowing the Retrocessionaire to pick and choose specific risks. This is characteristic of an obligatory reinsurance treaty.

The contract is proportional because it involves a 100% quota share of the liabilities, meaning the Retrocessionaire assumes an equal share of the premiums and losses of the underlying reinsurance contracts.

The insurance type is Non-Life because the document refers to property and casualty insurance, as indicated in Exhibit A-1, which lists classes such as ""Property Treaty P-R, NY,"" ""Casualty Treaty Pro-Rata, NY,"" and ""Marine Treaty Pro Rata, NY.""

The class of business is Multi-Line because the agreement covers multiple lines of business, including property, casualty, and marine, as listed in Exhibit A-1.",True,True,True,proportional,Non-Life,Multi-Line
2003-355622-0000355622-03-000024-final03npa.txt,"The document is a Note Purchase Agreement between Ryan's Family Steak Houses, Inc. and several purchasers, including RGA Reinsurance Company. The agreement outlines the issuance and sale of $100,000,000 in 4.65% Senior Notes due July 25, 2013. While one of the purchasers is a reinsurance company (RGA Reinsurance Company), the document itself is a debt financing agreement, not a reinsurance agreement. It does not involve the transfer of insurance risk from one insurer to another, which is the defining characteristic of a reinsurance agreement. Instead, it is a standard note purchase agreement where a company raises capital through the issuance of debt securities. The presence of a reinsurance company as a purchaser does not transform this document into a reinsurance agreement. The document contains typical provisions for such agreements, including representations and warranties, covenants, events of default, and remedies, all related to the debt issuance rather than risk transfer between insurers.",False,,,,,
2003-933136-0001047469-03-008846-a2105105zex-10_4.htm,"The document is a $800,000,000 Three-Year Credit Agreement between Washington Mutual, Inc. and Washington Mutual Finance Corporation (the ""Borrowers"") and a syndicate of lenders, with JPMorgan Chase Bank acting as Administrative Agent. The agreement outlines the terms for loans to be made to the Borrowers, including the commitments of the lenders, interest rates, repayment terms, covenants, and other conditions. It is a standard syndicated loan agreement in the financial industry.

This document is not a reinsurance agreement. The provided text does not contain any terms or clauses related to insurance or reinsurance, such as ceding premiums, assumed liabilities, or risk transfer from one insurer to another. Instead, it is a credit facility agreement, which is a financial instrument for borrowing money. The document explicitly states its purpose: ""The Borrowers have requested that the Lenders (as so defined) make loans to them in an aggregate principal amount not exceeding $800,000,000 at any one time outstanding."" This is fundamentally different from a reinsurance agreement, which involves the transfer of insurance risk.

Since the document is not a reinsurance agreement, all subsequent fields related to reinsurance (is_main_contract, is_obligatory, proportional_or_non_proportional, insurance_type, class_of_business) are not applicable and should be set to None.",False,,,,,
2003-1171500-0000950123-03-003615-y84608kexv10w61.txt,"The document is a Revised and Amended Trust Agreement established among Platinum Underwriters Reinsurance, Inc. (the Grantor), Mountain Ridge Insurance Company (the Beneficiary), and State Street Bank and Trust Company (the Trustee). The primary purpose of this agreement is to secure payments owed by the Grantor to the Beneficiary under three 100% Quota Share Retrocession Agreements, which are referenced and attached as Exhibit A. The trust is created specifically to support obligations arising from these retrocession agreements, which are a form of reinsurance.

Although the document itself is not the reinsurance contract, it explicitly references and supports the Retrocession Agreements (defined in the document), which are reinsurance arrangements. According to the classification guidelines, documents that ""renew, cancel, novate, terminate, settle, commute, amend, or otherwise modify the terms of an existing reinsurance agreement"" or serve to secure obligations under a reinsurance agreement (such as trust agreements for credit for reinsurance) are considered reinsurance agreements. This trust agreement is ancillary to the main reinsurance contracts but falls under the category of documents that secure reinsurance obligations and are thus considered part of the reinsurance framework.

However, the trust agreement is not itself a main reinsurance contract. It is an ancillary agreement that supports the main retrocession contracts. Therefore, while it is classified as a reinsurance-related document, it is not a main contract.

Because it is not the main reinsurance contract but an ancillary security arrangement, it does not establish the terms of risk transfer directly and thus cannot be classified as obligatory or facultative, nor can it be labeled as proportional or non-proportional on its own. Similarly, insurance type and class of business must be inferred from the underlying retrocession agreements. Since the retrocession agreements are 100% Quota Share, they are proportional by nature. Quota share reinsurance is inherently proportional. The agreements are described as ""Non-Traditional"" but still reflect proportional risk transfer.

The underlying retrocession agreements appear to cover non-life insurance, given the context of Platinum Underwriters Reinsurance, Inc. (a known property and casualty reinsurer) and the structure of quota share arrangements typically used in non-life lines. The class of business is likely ""Multi-Line"" or ""Specialty"" given the ""Non-Traditional"" label, but without explicit details, ""Casualty"" or ""Property"" cannot be confirmed. However, ""Multi-Line"" is a safe inference for non-traditional, broad quota share agreements in non-life reinsurance.

Nonetheless, since the document in question is not the main reinsurance contract but an ancillary trust agreement, the fields for is_obligatory, proportional_or_non_proportional, insurance_type, and class_of_business should be set to None, as per instructions: ""Reply 'None' if not a full reinsurance contract or unknown.""",True,False,,,,
2003-1091748-0001125282-03-006133-b327797ex10_3.txt,"The document is titled ""RETROCESSION CONTRACT"" and involves PXRE Reinsurance Ltd. (the Reinsurer) reinsuring Select Reinsurance Limited (the Company) for Ultimate Net Loss arising from Loss Occurrences under two existing Quota Share Treaties. This clearly identifies it as a retrocession agreement, which is a form of reinsurance where a reinsurer cedes part of its risk to another reinsurer. Therefore, it qualifies as a reinsurance agreement.

The contract establishes a new reinsurance obligation with defined terms including limit, retention, premium, and reinstatement, and is not merely an amendment or ancillary document to an existing agreement. It contains all principal terms necessary for a standalone retrocession contract, making it a main contract.

The structure of the agreement shows that the Reinsurer covers losses in excess of a $22,000,000 retention up to $8,000,000 per loss occurrence, with an aggregate limit of $16,000,000. This is a clear indication of non-proportional reinsurance, specifically an excess of loss structure, as the ceding company retains a fixed amount and the reinsurer covers excess losses up to a limit.

The contract refers to ""Ultimate Net Loss"" and coverage under ""Quota Share Treaties,"" which typically relate to property and casualty reinsurance. There is no mention of life, health, or mortality-related risks. The presence of terms like ""Loss Occurrence,"" ""Extra Contractual Obligations,"" and ""Judgments in Excess of Policy Limits"" is typical in non-life (particularly casualty) reinsurance. The ""Two Original Risk Warranty"" also aligns with property or casualty catastrophe risk aggregation concerns.

The business covered is derived from facultative obligatory quota share and variable quota share retrocessional agreements, which are commonly used in non-life reinsurance. Given the absence of life insurance indicators and the strong indicators of property/casualty risk transfer, the class of business is best classified as Casualty, potentially including Property, but more specifically aligned with Casualty due to the inclusion of extra contractual obligations and liability-type exposures.",True,True,True,non-proportional,Non-Life,Casualty
2003-736260-0001171520-03-000333-ex10-4.txt,"The document is an ""Amendment No. 1 to the Amended and Restated Employment Continuation Agreement"" among John Hancock Life Insurance Company, John Hancock Financial Services, Inc., an executive (Wayne A. Budd), and Manulife Financial Corporation. It amends the terms of an employment agreement in connection with a merger, including provisions related to titles, duties, reporting lines, and conditions constituting ""Good Reason"" for termination. The document is focused on executive employment terms and corporate governance following a merger.

The document does not involve risk transfer between insurers and reinsurers, nor does it reference reinsurance contracts, retrocession, or any mechanism for sharing insurance risk. Although it mentions ""Reinsurance"" in Section 3(iii)(2)(x) as an area from which the executive will not have responsibilities, this is merely a reference to an excluded business function and not an indication that the document itself is a reinsurance agreement.

Therefore, this is not a reinsurance agreement. It is an employment and change-in-control agreement, which falls outside the defined scope of reinsurance agreements. As such, all subsequent classification fields that depend on the document being a reinsurance agreement must be set to 'None'.",False,,,,,
2003-1013698-0001013698-03-000011-doc7.txt,"The document is titled ""Addendum No. 5 to Quota Share Reinsurance Agreement"", which indicates it modifies an existing reinsurance agreement. The content discusses the commutation of liabilities for business effective prior to January 1, 2002, and specifies financial settlements and releases of liability. This type of document — an addendum that modifies the terms of an existing reinsurance agreement — is explicitly listed as a reinsurance agreement under the definition, as it amends an existing reinsurance contract.

However, it is not a main contract because it is an ancillary agreement (an addendum) that modifies an existing agreement rather than establishing new principal terms. Since it is not a main contract, questions about whether it is obligatory, its proportional nature, insurance type, and class of business cannot be answered definitively based on this document alone — these attributes are determined by the underlying main contract, which is not provided.

Thus, while the document is a reinsurance agreement, it is ancillary, and further classification beyond that is not possible from the addendum alone.",True,False,,proportional,,
2003-1062047-0001193125-03-034378-dex101.txt,"The document is a Participation Agreement related to a financing transaction involving a lease arrangement. It outlines agreements between Convergys Corporation as the Lessee, Wachovia Development Corporation as the Borrower and Lessor, various financial institutions as Credit Note Purchasers and Mortgage Lenders, and Wachovia Bank as the Agent.

The agreement involves the funding of a lease facility, with the Lessor Advance, Credit Notes, and Mortgage Loans. It includes provisions about the lease of property, payment of rent, and various financial arrangements. The document is clearly a financing/leasing agreement focused on real estate and corporate financial arrangements.

This document does not contain any provisions related to insurance or reinsurance. It does not transfer insurance risk from one insurer to another. Instead, it is a complex financing arrangement involving corporate leasing and debt instruments.

The document is not a reinsurance agreement because it does not involve the transfer of insurance risk from one insurance company to another. It is not related to any insurance policies or risk transfer between insurers. Instead, it is a commercial financing agreement involving a lease arrangement between a corporation and financial institutions.",False,,,,,
2003-736260-0001171520-03-000333-ex10-6.txt,"The document is an ""Amendment No. 1 to the Second Amended and Restated Employment Continuation Agreement"" among John Hancock Life Insurance Company, John Hancock Financial Services, Inc., Thomas E. Moloney (the Executive), and Manulife Financial Corporation. It amends an employment agreement in connection with a corporate merger. The purpose of the document is to adjust the executive’s employment terms, titles, reporting lines, and rights upon a Change in Control resulting from the merger. 

The document does not involve risk transfer between insurers and reinsurers, nor does it pertain to reinsurance, retrocession, or any form of risk-sharing arrangement between insurance entities. It is fundamentally an employment contract amendment, which falls under the category of direct corporate governance and executive compensation arrangements.

According to the classification rules, employment agreements and similar corporate contracts are not reinsurance agreements, even if they mention reinsurance in passing. The mere reference to ""Reinsurance"" in Section 4(iii)(2)(x) — where the Executive is not to have responsibilities related to Reinsurance — is incidental and does not transform the document into a reinsurance agreement.

Therefore, the document is not a reinsurance agreement. Consequently, all downstream fields that depend on it being a reinsurance contract (main contract, obligatory, proportional status, insurance type, class of business) must be set to None.",False,,,,,
2003-1032462-0001104659-03-026572-a03-4670_1ex10d3.htm,"The document provided is a Credit Agreement, which is a legal contract between a borrower and lenders that outlines the terms and conditions of a loan. It includes details about the loan amount, interest rates, repayment terms, covenants, and other provisions typical of a credit facility. The document does not contain any language or clauses related to insurance or reinsurance, such as risk transfer, indemnification for insurance losses, or coverage terms.

The listed document types that are considered reinsurance agreements include reinsurance agreements, retrocession agreements, Reinstatement Premium Protection contracts, Capital Maintenance agreements, Loss Portfolio Transfer, Adverse Development Cover, Reinsurance To Close, and others related to risk transfer in the insurance sector. The document in question is a credit agreement for a revolving credit facility, which is fundamentally a financial loan agreement, not a risk transfer or insurance-related contract.

Therefore, the document is not a reinsurance agreement. As a result, the subsequent fields that depend on it being a reinsurance contract (is_main_contract, is_obligatory, proportional_or_non_proportional, insurance_type, class_of_business) must all be set to None.",False,,,,,
2003-875159-0000930413-03-000985-c26955_ex10-58.htm,"The document is an ""Amendment Agreement"" between Winterthur Swiss Insurance Company and XL Insurance (Bermuda) Ltd, concerning the exclusion and transfer of the Swiss, Belgian, Spanish, and Portuguese Accident and Health (A&H) business of XL Winterthur International. The agreement involves the transfer of insurance policies, reinsurance agreements, assets, liabilities, and employees related to the A&H business. Key clauses reference reinsurance arrangements such as the ""Swiss 100 per cent Quota Share"" and ""Belgian Reinsurance Agreements,"" and the document explicitly mentions ""commutation of reinsurance arrangements"" in the whereas clauses (C). The transfer includes both direct insurance policies and reinsurance agreements, and the transaction modifies the terms of an existing sale and purchase agreement (SPA), effectively restructuring the risk transfer between the parties.

The document qualifies as a reinsurance agreement because it modifies and commutes existing reinsurance arrangements (e.g., quota share and excess of loss treaties) between the parties. These are standard mechanisms in reinsurance, and the agreement's purpose is to reverse or adjust prior risk transfers. Specifically, it includes commutation agreements for reinsurance treaties and the transfer of liabilities previously ceded, which aligns with the definition of a retrospective reinsurance agreement. Moreover, the document refers to ""Treaty Reinsurance Agreements"" and facultative reinsurance, confirming the reinsurance nature of the underlying arrangements.

However, this is not a main reinsurance contract. Instead, it is an ancillary agreement that amends, commutes, and transfers obligations under prior reinsurance contracts. It does not establish a new reinsurance contract but modifies existing ones (e.g., via commutation). Therefore, it is not a main contract.

Since it is an amendment and commutation of prior treaties (including both quota share and excess of loss), the underlying contracts include both proportional (quota share) and non-proportional (excess of loss) elements. However, the document itself is not a standalone reinsurance contract but a modification of multiple contracts. Thus, while the underlying business includes both types, the document as a whole is not itself a proportional or non-proportional contract but a hybrid of modifications to both. Still, since the classification applies to the document's content, and it governs both types, ""hybrid"" is appropriate.

The insurance type is Non-Life, as Accident and Health (A&H) insurance falls under Non-Life (as opposed to Term Life, Annuities, etc.). The class of business is Health, which is explicitly listed as a valid category and matches the A&H business described.",True,False,,hybrid,Non-Life,Health
2003-1171500-0000950123-03-003615-y84608kexv10w31.txt,"The document is a UK Underwriting Agency and Underwriting Management Agreement between St. Paul Reinsurance Company Limited (""St. Paul Re UK"") and Platinum Re (UK) Limited (""Platinum Re UK""). Its primary purpose is to appoint Platinum Re UK as an agent of St. Paul Re UK to perform underwriting and management functions on behalf of St. Paul Re UK.

Key points from the document:
- Clause 3.1 states that St. Paul Re UK appoints Platinum Re UK as its ""disclosed agent"" to perform reinsurance underwriting, production management, and associated functions.
- The agreement outlines agency functions, including accepting applications for reinsurance, offering renewals, and making endorsements (Clauses 4.1–4.6).
- Platinum Re UK receives an agency fee of 5% of gross net written premiums (Clause 6).
- The agreement includes management services for specific finite reinsurance contracts listed in Schedule C.
- There are references to 100% quota share retrocession agreements, but those are separate contracts, not the subject of this document.

However, this document does not establish a reinsurance contract. Instead, it governs the relationship between two entities where one acts as an underwriting agent for the other. According to the classification guidelines, ""Underwriting Agency Agreements between reinsurance companies and reinsurance underwriting management companies or agents"" are explicitly **not** considered reinsurance agreements.

Therefore:
- It is **not** a reinsurance agreement.
- Since it is not a reinsurance agreement, all subsequent fields that depend on that classification (is_main_contract, is_obligatory, etc.) must be set to `None`.",False,,,,,
2003-1165880-0000950123-03-003130-y84582exv10w13.txt,"The document is a service agreement between K. Thomas Kemp and Montpelier Re Holdings Ltd., outlining the terms of his appointment as a director and Chief Financial Officer. It includes details about duties, salary, working conditions in Bermuda, and termination clauses. The document does not involve any risk transfer between insurers and reinsurers, nor does it contain terms typical of reinsurance contracts such as coverage limits, premiums for risk transfer, or policy terms. Instead, it is an employment or service agreement. Therefore, it does not qualify as a reinsurance agreement under any of the defined categories.",False,,,,,
2003-1204560-0000950150-03-000900-a92206exv10w7.txt,"The provided document is a Credit Agreement dated June 27, 2003, among Maguire Properties, L.P., Maguire Properties, Inc., various guarantors, lenders, and agents. This document establishes a $100,000,000 credit facility involving revolving credit advances and letters of credit. The key clauses detail the terms of borrowing, repayment, interest, fees, conditions for lending, representations and warranties, covenants, and events of default. The document explicitly mentions advances, letters of credit, and the obligations of the borrower and guarantors, with no mention of insurance or reinsurance. It is structured as a financial agreement for corporate financing, not as a reinsurance agreement. The metadata confirms it is an exhibit (EX-10.7) to a 10-Q filing, which typically includes material contracts like credit agreements. Since the document is a credit agreement and not related to risk transfer in insurance, it does not meet any of the criteria for reinsurance agreements as defined.",False,,,,,
2003-1045829-0001045829-03-000019-exhibit10_17.txt,"The document is a solicitation, offer, and award for an ""Acute Care Request for Proposal"" issued by the Arizona Health Care Cost Containment System (AHCCCS). It is a contract between AHCCCSA and VHS Phoenix Health Plan, Inc. for the provision of acute care health services to AHCCCS members. The document outlines the terms and conditions for the provision of services, including scope of services, provider network requirements, financial provisions, and performance standards.

The document is not a reinsurance agreement. While it does contain a section on ""REINSURANCE"" (Section D, Paragraph 57), this is not the primary purpose of the document. The reinsurance program described is a stop-loss program provided by AHCCCSA to the Contractor to partially reimburse the Contractor for covered services for a member with an acute medical condition beyond an annual deductible level. This is a feature of the main health care service contract, not a standalone reinsurance agreement. The document is a direct insurance contract (a managed care agreement) between a state agency and a health care provider, which is explicitly listed as NOT being a reinsurance agreement in the provided definition.

Therefore, the document is not a reinsurance agreement, and consequently, the questions about whether it is a main contract, obligatory, proportional or non-proportional, its insurance type, and class of business are not applicable and should be answered as 'None'.",False,,,,,
2003-1055264-0001055264-03-000020-credit85m.txt,"The provided document is a Credit Agreement between CNL Retirement Partners, LP (the Borrower), various guarantors, Bank of America, N.A. (as Administrative Agent), and other financial institutions (Lenders). It outlines the terms for a revolving loan facility and a letter of credit subfacility.

The document details financial arrangements, including loan amounts, interest rates, repayment terms, covenants, representations and warranties, and events of default. It also includes security provisions such as collateral documents, mortgages, and guarantees.

The document does not contain any provisions related to the transfer of insurance risk from one insurer (the ceding company) to another (the reinsurer). It does not mention reinsurance, retrocession, or any other reinsurance-specific terms. Instead, it focuses on a standard lending agreement with typical loan covenants and collateral requirements.

Therefore, based on the content and structure of the document, it is clear that this is not a reinsurance agreement.",False,,,,,
2003-1073615-0000950144-03-013971-g86118exv10w21.txt,"The provided document is an amendment to a contract between the Arizona Health Care Cost Containment System (AHCCCS) and Health Choice Arizona, specifically revising capitation rates for a healthcare program. The document mentions ""reinsurance adjustment"" in the context of adjusting capitation rates, but this refers to an adjustment in the rate calculations for the managed care plan and not the establishment of a reinsurance agreement. The document is an amendment to a direct healthcare service contract, not a risk transfer agreement between insurers or reinsurers. It does not establish or modify a reinsurance contract but instead adjusts payment rates within a direct insurance or managed care context. Therefore, it is not a reinsurance agreement, nor is it an ancillary document to one. It is fundamentally a direct health services agreement between a state agency and a healthcare provider.",False,,,,,
2003-885508-0000885508-03-000009-f3q03exhibit1026.htm,"The document is a Loan Agreement (Revolving Credit) between Calera Court, L.P. (Borrower) and Comerica Bank (Lender). It outlines the terms for a loan to finance the construction of residential properties. The document contains standard loan provisions such as definitions, conditions for advances, covenants, events of default, and remedies. It includes security interests in the mortgaged property, representations and warranties, and various financial terms. There is no mention of insurance, reinsurance, risk transfer from an insurer to a reinsurer, or any of the characteristics of reinsurance agreements. Instead, it is clearly a financial loan agreement secured by real property, which falls under the category of credit instruments. Therefore, it is not a reinsurance agreement.",False,,,,,
2003-5513-0000931763-03-000772-dex1030.htm,"The document is a ""Second Amendment and Waiver to Five-Year Credit Agreement"" among UnumProvident Corporation and several financial institutions. It amends the terms of a credit agreement, specifically adjusting definitions (e.g., ""Statutory EBIT"") and adding a definition for the ""2002 LTD Intercompany Reinsurance Treaty."" While the document references a reinsurance treaty, it does not itself establish or modify the terms of a reinsurance contract. Instead, it is a financial amendment related to a credit facility, which falls under corporate financing.

The referenced ""2002 LTD Intercompany Reinsurance Treaty"" appears to be a separate agreement, but this document is not that treaty. This document is an amendment to a credit agreement, which is explicitly listed as not being a reinsurance agreement. Credit agreements, loans, and credit instruments are specifically excluded from the definition of reinsurance agreements, even if they reference reinsurance.

Therefore, this document is not a reinsurance agreement, nor is it an ancillary document to one in the context of reinsurance classification. It is a financial instrument related to corporate debt.",False,,,,,
2003-1059556-0000950123-03-003112-y83456exv10w25.txt,"The provided document is a ""Note Purchase Agreement"" for $300,000,000 in 7.61% Senior Notes due in 2005 issued by Moody's Corporation. The document outlines the terms for the sale and purchase of these senior notes by various institutional investors. It includes provisions related to the authorization of the notes, sale and purchase terms, conditions to closing, representations and warranties, covenants, events of default, and remedies.

This document is clearly a debt financing agreement, specifically a private placement of senior notes. It governs the relationship between the issuer (Moody's Corporation) and the note purchasers, detailing payment terms, interest rates, maturity dates, covenants, and default provisions.

The document does not contain any provisions related to risk transfer between insurance entities, sharing of insurance risks, or any other elements characteristic of reinsurance agreements. Instead, it is a standard debt instrument used for corporate financing.

According to the classification guidelines, bonds, loans, and credit instruments are explicitly excluded from being considered reinsurance agreements (except for Catastrophe Bonds and other Insurance Linked Securities that fulfill a risk transfer objective). This is a standard corporate bond, not an Insurance Linked Security.

Therefore, this document is not a reinsurance agreement but rather a debt financing instrument.",False,,,,,
2003-859139-0000893220-03-000483-w84263exv10w1.txt,"The document is a Credit Agreement dated December 16, 2002, between Delphi Financial Group, Inc., as the Borrower, and Bank of America, N.A., as Administrative Agent, along with other lenders. The document outlines a revolving credit facility, defines terms related to loans, interest, covenants, collateral, and other financial arrangements. It establishes a lending relationship, where the lenders agree to provide funds to the borrower under specified conditions.

However, this document is not a reinsurance agreement. According to the provided classification rules, reinsurance agreements involve risk transfer from one insurer to another (e.g., ceding part of insurance liabilities). This document is a credit agreement, which falls under the category of financial instruments and credit arrangements. The list of documents that are NOT considered reinsurance agreements explicitly includes ""Bonds, loans and credit instruments except for Catastrophe Bonds and other Insurance Linked Securities as described above."" Since this is a standard credit agreement and not a catastrophe bond or insurance-linked security, it does not qualify as a reinsurance agreement.

Because the document is not a reinsurance agreement, all subsequent fields that depend on it being a reinsurance contract—such as whether it is a main contract, obligatory, proportional, and its insurance type and class of business—must be set to None, as specified in the instructions.",False,,,,,
2003-1001384-0001169232-03-003408-d55443_ex10-35.txt,"The document is an amendment to an employment agreement between Guy D. Hengesbaugh and LaSalle Re Limited. It outlines terms related to salary continuation, housing expenses, medical benefits, and non-competition obligations upon termination of employment. The document does not contain any provisions related to risk transfer, reinsurance, or retrocession. It is a standard executive employment contract and does not reference any reinsurance treaty, agreement, or arrangement. Therefore, it does not meet the definition of a reinsurance agreement or any of its ancillary or modifying documents as specified in the instructions.",False,,,,,
2003-1073615-0000950144-03-013971-g86118exv10w19.txt,"The document is an amendment to a contract between the Arizona Health Care Cost Containment System (AHCCCS) and Health Choice Arizona. It modifies capitation rates for a healthcare plan, specifically adjusting the Maternity Delivery Payment due to prior errors in rate calculations. The document references reinsurance indirectly in the context of programmatic adjustments to capitation rates, such as “Reinsurance Incorporating Catastrophic and Transplant Data Adjustment,” and notes that reinsurance deductibles affect certain rates. However, the document itself is not a reinsurance agreement; it is an amendment to a managed care contract for healthcare services provided to state beneficiaries.

The parties involved are a state healthcare administration and a managed care organization. The subject matter is the pricing and structure of healthcare coverage for Medicaid-like populations, not the transfer of insurance risk between insurers. While reinsurance concepts are referenced in the rate-setting methodology, the document does not establish a reinsurance or retrocession contract. It is an ancillary modification to a direct healthcare service contract.

Therefore, it does not meet the definition of a reinsurance agreement as per the provided criteria. It is not a treaty, retrocession, risk transfer instrument, or any of the listed reinsurance-related contracts. Instead, it is a rate amendment within a direct insurance or government healthcare program context.",False,,,,,
2003-1095073-0001095073-03-000019-credit.htm,"The document is a Credit Agreement between Everest Reinsurance Holdings, Inc., various lenders, and Wachovia Bank as the administrative agent, establishing a $150,000,000 senior revolving credit facility. It outlines the terms for borrowing, repayment, interest, fees, covenants, and events of default. The agreement is a financial instrument designed to provide liquidity and working capital to the borrower, not to transfer insurance risk.

Although the borrower is a reinsurance company and the agreement references ""Reinsurance Agreements"" in its definitions and representations (e.g., Section 4.18), the document itself is not a reinsurance agreement. It is a standard credit facility governed by corporate and banking law, not insurance or reinsurance law. The agreement’s purpose is to secure financing, not to cede or assume insurance risk.

According to the classification guidelines, credit instruments such as loans and credit facilities are explicitly excluded from being considered reinsurance agreements, even if entered into by a reinsurance company. Therefore, this document is not a reinsurance agreement.

Since it is not a reinsurance agreement, the subsequent fields (is_main_contract, is_obligatory, etc.) must be set to None.",False,,,,,
2003-1056874-0000950144-03-009754-g84033exv10w2.txt,"The document is a Loan and Security Agreement between various borrowers, including Jacuzzi Brands, Inc., and lenders, including Fleet Capital Corporation, Silver Point Finance LLC, and others. The agreement establishes a $200,000,000 Revolving Credit Facility and a $65,000,000 Term Loan B Facility. The document outlines the terms of the loans, interest rates, fees, collateral, representations and warranties, covenants, and events of default. It is a standard loan agreement for corporate financing and does not involve any form of risk transfer from an insurer to a reinsurer. The document is a credit agreement, not a reinsurance agreement.",False,,,,,
2003-775368-0000950123-03-009385-y88779exv10w2.txt,"The provided document is a list of exhibits and schedules to an acquisition agreement. It references several reinsurance agreements, such as the ""RIC Quota Share Reinsurance Agreement,"" ""RSLIC Quota Share Reinsurance Agreement,"" and ""Landmark Quota Share Reinsurance Agreement,"" which are explicitly named in Exhibit B, C, and D. These are clearly reinsurance agreements, specifically quota share contracts, which are a form of proportional reinsurance. However, the document itself is not a reinsurance agreement; it is a table of contents listing various agreements and schedules related to an acquisition. Therefore, while it references reinsurance agreements, the document in question is not itself a reinsurance contract or ancillary agreement modifying one. It is merely an index or exhibit list to a larger transactional agreement. As such, it does not establish any reinsurance obligations or terms.",False,,,,,
2003-1062047-0001193125-03-034378-dex104.txt,"The document is an ""Assignment and Recharacterization Agreement"" related to the transfer of financial interests in a trust (CRT Realty Trust 1998-1) and the restructuring of financing arrangements involving real estate assets. It involves parties such as Convergys Corporation, Wells Fargo, Bank of America, Wachovia, and various lenders and guarantors. The agreement facilitates the assignment of existing notes and certificates from existing lenders and holders to a new lessor (Wachovia Development Corporation), the termination of a trust, and the amendment and restatement of operative agreements related to a leasing and financing structure.

There is no mention of insurance or reinsurance activities, risk transfer from an insurer to a reinsurer, or any ceding of insurance liabilities. The document pertains to a corporate finance and real estate leasing transaction, specifically a lease restructuring involving secured financing, credit notes, and mortgage lenders. Terms such as ""Lessee,"" ""Lessor,"" ""Mortgage Lenders,"" ""Credit Note Purchasers,"" and ""Owner Trustee"" are consistent with a securitized real estate financing arrangement, not a reinsurance contract.

Furthermore, the entities involved (e.g., Bank of America, SunTrust, Wachovia) are acting as financial institutions or agents, not as reinsurers. Although ""Employers Reinsurance Corporation"" is listed as a Credit Note Purchaser, its participation is as an investor in a financing vehicle, not in the context of assuming insurance risk. The document does not establish or modify a reinsurance agreement.

Therefore, the document is not a reinsurance agreement, nor is it an ancillary agreement to one. It is a financial restructuring and assignment agreement related to a real estate financing lease.",False,,,,,
2003-803027-0000950152-03-003679-l99141aexv10wt.txt,"The document is an amendment to an Employee Retention Agreement between Edward M. Murphy and Merchants Mutual Insurance Company. It outlines terms for payments and benefits in the event of termination of employment or a change in control. The agreement includes provisions for salary continuation, health and insurance benefits, and non-compete clauses. The document is clearly an employment-related contract, not a risk transfer agreement between insurers.

Although the document mentions ""reinsurance arrangements"" in a list of confidential information (paragraph 3), this is in the context of internal business information and does not indicate that the document itself is a reinsurance agreement. The document does not involve the transfer of insurance risk from one insurer to another, nor does it contain typical reinsurance terms such as ceded premiums, coverage limits, or treaty terms.

Therefore, this is not a reinsurance agreement, nor is it any type of ancillary document modifying a reinsurance contract. It is an employment retention agreement, which falls outside the defined categories of reinsurance agreements.",False,,,,,
2003-1219601-0000950159-03-000282-exhibit10-f.txt,"The document is a Purchase Agreement for the issuance and sale of $1,085,000,000 in 9 1/2% Second Priority Senior Secured Notes, €285,000,000 in 10 1/4% Second Priority Senior Secured Notes, and $725,000,000 in 10 7/8% Third Priority Senior Secured Notes by CarnaudMetalBox SA (to be renamed Crown European Holdings SA). These are debt securities issued as part of a refinancing plan, secured by liens on company assets, and governed by indentures and security documents.

The document does not contain any language related to insurance or risk transfer between insurers and reinsurers. It does not mention ceding companies, assuming companies, premiums, claims, or any other typical reinsurance terms. Instead, it is a financial instrument used to raise capital, which falls under the category of bonds and credit instruments.

According to the provided classification rules, bonds and credit instruments (except Catastrophe Bonds and other Insurance Linked Securities fulfilling a risk transfer objective) are explicitly excluded from being considered reinsurance agreements.

Therefore, this document is not a reinsurance agreement.",False,,,,,
2003-706539-0001047469-03-027243-a2115051zex-10_004.htm,"The document is a ""Second Amendment"" to existing agreements between BNP Paribas Leasing Corporation and Chiron Corporation, specifically amending a Lease Agreement, Purchase Agreement, and Ground Lease related to real property in Emeryville, California. The amendments include changes to definitions such as the Rent Commencement Date, Designated Sale Date, and Funding Advances, as well as extending the term of the Ground Lease and modifying financial and administrative terms.

The document includes insurance provisions requiring Chiron to maintain commercial general liability and property insurance, with BNPLC named as an additional insured. However, these are standard risk management requirements in lease agreements and do not constitute reinsurance. The document also references a Guaranty by Novartis, AG, which is a financial guarantee, not a reinsurance agreement.

There is no mention of risk transfer between insurers or reinsurers, ceding of insurance liabilities, or any structure typical of reinsurance such as treaties, facultative agreements, or retrocession. Instead, the document is centered on a lease and purchase arrangement for real estate, with financial covenants and guarantees to secure performance.

Therefore, the document is not a reinsurance agreement. It is a commercial lease and financing arrangement with ancillary guarantees and insurance requirements.",False,,,,,
2003-1040829-0000950144-03-010034-g84530exv10w2.txt,"The document is a Credit Agreement dated May 22, 2003, involving Opryland Hotel - Florida Limited Partnership and Opryland Hotel - Texas Limited Partnership as co-borrowers, Gaylord Entertainment Company as the parent guarantor, various lenders, and Deutsche Bank Trust Company Americas as the administrative agent. The agreement outlines the terms and conditions for a credit facility provided to the co-borrowers. The document includes details about the commitments, types of advances, interest rates, conditions precedent, representations and warranties, covenants, defaults, and remedies.

The document does not contain any references to reinsurance agreements, retrocession agreements, or any other forms of reinsurance. Instead, it is focused on a credit facility for funding the construction and operation of hotel and convention center properties. The agreement includes provisions for loans, interest rates, repayment terms, and security interests, which are typical of credit agreements and not reinsurance agreements.

Given that the document is a credit agreement and does not involve any reinsurance or risk transfer mechanisms, it does not meet the criteria for being classified as a reinsurance agreement.",False,,,,,
2003-1171500-0000950123-03-012699-y91538exv10w1.txt,"The document is a Novation and Transfer Agreement that transfers all rights, obligations, and liabilities of an existing reinsurance contract from St. Paul to Platinum Underwriters Reinsurance, Inc., with the consent of the ceding company, Wisconsin Mutual Insurance Company. The underlying contract is explicitly referred to as the ""MULTI-LINE EXCESS OF LOSS REINSURANCE AGREEMENT,"" which is a clear indicator of a reinsurance arrangement. The document also references a 100% Quota Share Retrocession Agreement between Platinum and St. Paul, further confirming the reinsurance context.

As a novation agreement, this document modifies and replaces the original reinsurance contract by substituting one party (Platinum) for another (St. Paul). According to the provided classification rules, documents that novate an existing reinsurance agreement are considered reinsurance agreements. Therefore, the document is a reinsurance agreement.

However, this document is not a main contract because it does not establish a new reinsurance contract; rather, it modifies an existing one by transferring obligations. It is an ancillary agreement (novation) to the original reinsurance contract.

Because it is not a main contract, the attributes `is_obligatory`, `proportional_or_non_proportional`, `insurance_type`, and `class_of_business` cannot be determined from this document alone. These attributes pertain to the nature of the main reinsurance contract, which is not fully detailed here, although references to an ""Excess of Loss"" agreement and a ""100% Quota Share Retrocession"" suggest the underlying contract may be non-proportional and obligatory. However, since the document itself is not the main contract, these fields must be marked as 'None'.",True,,,,,
2003-1171500-0000950123-03-012699-y91538exv10w3.txt,"The document is a Novation and Transfer Agreement that effects a novation of an existing reinsurance contract—the ""FIRST PROPERTY CATASTROPHE EXCESS OF LOSS REINSURANCE AGREEMENT""—by substituting Platinum Underwriters Reinsurance, Inc. as the reinsurer in place of St. Paul. The agreement references a prior reinsurance contract and transfers all rights, obligations, and liabilities under that contract from St. Paul to Platinum, with the consent of the ceding company, Wisconsin Mutual Insurance Company.

According to the classification criteria, documents that novate or otherwise modify the terms of an existing reinsurance agreement are considered reinsurance agreements. Therefore, this document qualifies as a reinsurance agreement.

However, this document is not a main reinsurance contract; it is an ancillary agreement that modifies the parties to an existing contract via novation. It does not establish the principal terms of a reinsurance contract but instead relies on the pre-existing contract (referred to but not fully detailed here). Thus, it is not a main contract.

Because it is a novation of a reinsurance treaty—specifically a catastrophe excess of loss agreement—the underlying contract is non-proportional and obligatory in nature (treaty-level risk transfer). The novation agreement itself does not alter the structure of the reinsurance but transfers the obligations. Therefore, the underlying contract is obligatory and non-proportional.

The underlying reinsurance contract covers ""Property"" catastrophe risk, which falls under Non-Life insurance. The class of business is Property, as explicitly indicated by the title ""FIRST PROPERTY CATASTROPHE EXCESS OF LOSS REINSURANCE AGREEMENT.""",True,,True,non-proportional,Non-Life,Property
2003-916085-0001047469-03-018109-a2110562zex-10_2.htm,"The document is titled ""ASSUMPTION AND INDEMNITY REINSURANCE AGREEMENT"" and is explicitly structured as a reinsurance agreement between two insurance companies: Health Net Life Insurance Company (the ""Company"") and SafeHealth Life Insurance Company (the ""Reinsurer""). The agreement outlines the transfer of insurance liabilities related to dental policies from the Company to the Reinsurer.

Key provisions confirming it as a reinsurance agreement include:
- The Company cedes to the Reinsurer 100% of the ""Policy Liabilities"" under the Non-Novated Dental Policies on an indemnity reinsurance basis (Article II, Section 2.04).
- The Reinsurer assumes these liabilities and agrees to indemnify the Company for them (Article II, Section 2.05 and Article IX).
- The agreement includes reinsurance-specific mechanisms such as claims administration, reporting, accounting, and insolvency provisions typical in reinsurance contracts.
- It references novation and indemnity reinsurance, both of which are recognized forms of reinsurance transfer.

The document establishes a full reinsurance contract, not merely an amendment or ancillary agreement. It contains the principal terms (parties, coverage, liabilities, consideration, administration, and dispute resolution), making it a main contract.

The reinsurance applies to a portfolio of dental policies, not to individual named insureds, and transfers risk from a broad set of policies. This indicates it is an obligatory reinsurance agreement, as it covers all dental policies not novated.

The agreement does not specify proportional or non-proportional terms explicitly, but it states the Reinsurer assumes 100% of the Policy Liabilities under the Non-Novated Dental Policies. This suggests a 100% quota share, which is a proportional reinsurance arrangement.

The underlying insurance coverage is dental care services, which falls under health insurance. Health insurance is classified as Non-Life insurance. The class of business for dental insurance is most appropriately categorized as ""Health"" within the Non-Life sector.

Therefore, the document is a main, obligatory, proportional reinsurance agreement for Non-Life (Health) insurance.",True,True,True,proportional,Non-Life,Health
2003-803027-0000950152-03-003679-l99141aexv10ws.txt,"The document is an ""Amendment No. 1 to Employee Retention Agreement"" between Robert M. Zak and Merchants Mutual Insurance Company. It amends and restates a prior employee retention agreement to extend the ""Protection Period"" and clarify benefits in the event of termination or a change in control. The agreement outlines compensation, benefits, termination provisions, non-compete clauses, and other employment-related terms.

Although the document mentions ""reinsurance arrangements"" in a list of confidential information (Section 8), this reference is incidental and does not indicate that the document itself is a reinsurance agreement. Instead, it is a contract concerning executive employment and retention.

This document is an employment agreement, not a reinsurance or insurance risk transfer contract. It does not transfer insurance risk between insurers or reinsurers, nor does it relate to the underwriting, pooling, or sharing of insurance portfolios. Therefore, it does not meet any of the criteria for being classified as a reinsurance agreement.",False,,,,,
2003-1171500-0000950123-03-009440-y89152exv10w8.txt,"The document is titled ""Referral Agreement"" and is explicitly described as such in the metadata and within the text. It outlines the terms under which Renaissance Underwriting Managers Ltd. (RUM) refers treaty and facultative reinsurance contracts to Platinum Underwriters Bermuda, Ltd. for compensation. The agreement specifies finder's fees, profit commissions, and interest credits based on the business referred, but it does not establish a reinsurance contract itself. Instead, it governs the referral of reinsurance business and the compensation for such referrals.

Crucially, Article I states that ""RUM will not retain any liability as respects those contracts referred except as provided in Article V,"" indicating that RUM is not assuming any insurance risk. The agreement facilitates the introduction of business but does not transfer risk between insurers. Furthermore, the agreement is categorized under EX-10.8 in a 10-Q filing, which typically includes material contracts, but not necessarily reinsurance contracts.

According to the classification rules, ""Referral Agreements"" are explicitly listed as **not** being reinsurance agreements. Therefore, this document is not a reinsurance agreement.

Since it is not a reinsurance agreement, all subsequent classification fields (is_main_contract, is_obligatory, etc.) must be set to None.",False,,,,,
2003-896159-0001193125-03-081108-dex101.txt,"The document is a ""Reimbursement Agreement for $500,000,000 Letter of Credit Facility."" It establishes a credit facility for the issuance of letters of credit for the account of the Account Parties, which are insurance and reinsurance entities (e.g., ACE Bermuda Insurance Ltd., ACE Tempest Life Reinsurance Ltd.). The agreement outlines the terms for the issuance of letters of credit, the obligations of the banks (including the Issuing Bank and other Banks), and the reimbursement obligations of the Account Parties. It includes provisions for fees, interest, conditions for issuance, events of default, and guarantees.

Letters of credit are financial instruments used to guarantee payment, not to transfer insurance risk. They are often used in insurance and reinsurance contexts to provide collateral, but the agreement for the letter of credit itself is not a reinsurance contract. The document explicitly states that ""Debt"" does not include ""obligations in respect of insurance or reinsurance contracts,"" which further distinguishes this facility from reinsurance. The agreement is for a ""Letter of Credit Facility,"" which is a type of credit facility, not a risk transfer mechanism.

Therefore, this document is a financial agreement for a letter of credit facility and falls under the category of ""Bonds, loans and credit instruments"" which are explicitly listed as NOT being reinsurance agreements.",False,,,,,
2003-947354-0000947354-03-000002-exh_102.txt,"The document is titled ""EMPLOYERS REINSURANCE CORPORATION WHOLE ACCOUNT AGGREGATE EXCESS OF LOSS RETROCESSION REINSURANCE AGREEMENT."" The term ""retrocession"" is a synonym for reinsurance, specifically reinsurance purchased by a reinsurer. The agreement explicitly states that ""the Reinsurers agree to indemnify the Company with respect to the Subject Ultimate Net Losses,"" which is the core function of a reinsurance contract. It details terms for coverage, premiums, limits, and other standard reinsurance clauses. Therefore, it is definitively a reinsurance agreement.

The document establishes the full terms of the reinsurance contract, including the business covered, term, limits, retentions, premiums, and definitions. It is not an ancillary document like an endorsement or commutation, but the primary agreement itself. The attached ""Interests and Liabilities Contract"" further confirms it as the main contract by detailing a subscribing reinsurer's share of this primary agreement.

The agreement covers the ""Whole Account"" of the ceding companies for a specific term, meaning it automatically transfers risk from all policies within the defined portfolio that fall into the specified layers of loss. This is the definition of an obligatory reinsurance treaty, as opposed to a facultative contract which covers individual, named risks.

The structure of the agreement is an ""Aggregate Excess of Loss"" contract. It provides coverage for the cedent's aggregate losses in excess of a specified retention (the Aggregate Retention) up to a specified limit (the Aggregate Limit), divided into five distinct layers. This is a classic non-proportional (or non-proportional) reinsurance structure, as the payout is not a fixed percentage of each loss but is triggered when the total cumulative losses exceed a predetermined threshold.

The document excludes ""Life insurance and life reinsurance liability"" in Article 6, Section J. The ""Mix of Business"" exhibit (Exhibit B) lists lines of business such as ""Property PR,"" ""Auto PR,"" ""GL PR,"" ""W/C PR,"" and ""Casualty PR,"" which are all standard non-life (property and casualty) lines. Therefore, the agreement pertains exclusively to Non-Life insurance.

The ""Mix of Business"" exhibit (Exhibit B) shows a wide array of lines including Property, Casualty, Workers' Compensation, and Specialty lines (like Marine and Aviation). The agreement is designed to cover the entire non-life portfolio of the ceding companies, making ""Multi-Line"" the most accurate classification for its class of business.",True,True,True,non-proportional,Non-Life,Multi-Line
2003-1171500-0000950123-03-012699-y91538exv10w4.txt,"The document is a novation and transfer agreement related to a reinsurance contract. It explicitly references the ""SECOND PROPERTY CATASTROPHE EXCESS OF LOSS REINSURANCE AGREEMENT"" (the ""Contract""), which is a clear indicator of a reinsurance arrangement. The document effects a novation, substituting Platinum Underwriters Reinsurance, Inc. as the reinsurer in place of St. Paul, thereby transferring all rights, obligations, and liabilities under the original reinsurance contract. According to the classification guidelines, any document that novates or modifies the terms of an existing reinsurance agreement is considered a reinsurance agreement. Therefore, this document qualifies as a reinsurance agreement.

However, this document is not a main contract but an ancillary agreement, as it does not establish a new reinsurance contract but rather modifies the parties to an existing one through novation. Ancillary agreements such as novations are explicitly excluded from being classified as main contracts.

Because the underlying contract is a ""Catastrophe Excess of Loss"" agreement, it is a non-proportional reinsurance contract. Excess of Loss contracts are categorically non-proportional. The document itself does not change the nature of the underlying contract, so the proportional_or_non_proportional classification follows the original contract's structure.

The contract pertains to property insurance, specifically catastrophe coverage, which falls under Non-Life insurance. The class of business is Property, as the coverage is explicitly for property catastrophe risks.

The original contract is an obligatory treaty (as catastrophe excess of loss treaties typically are), and since this novation transfers the entire obligations of that treaty, the resulting arrangement remains obligatory.",True,False,True,non-proportional,Non-Life,Property
2003-1061890-0001017062-03-000554-dex101.txt,"The document provided is an ""Amended and Restated Credit Agreement"" between Advance Auto Parts, Inc., Advance Stores Company, Incorporated (the Borrower), the Lenders, and JPMorgan Chase Bank (the Administrative Agent). This agreement outlines the terms of a credit facility, including commitments, loans, interest rates, covenants, and other conditions related to borrowing and repayment.

The document is clearly a financial credit agreement, not a reinsurance agreement. It does not involve the transfer of insurance risk from one insurer to another, which is the defining characteristic of reinsurance. Instead, it governs the lending of money by financial institutions to a corporate borrower.

Therefore, the document is not a reinsurance agreement, and all subsequent fields related to reinsurance characteristics (main contract, obligatory, proportional, insurance type, class of business) are not applicable.",False,,,,,
2003-1051628-0000893220-03-001941-w91606exv10w3.txt,"The document is a ""Settlement and Commutation Agreement"" among XL Life Ltd, XL Re Ltd, Annuity and Life Reassurance, Ltd. (ALRe), and Annuity and Life Re (Holdings), Ltd. It references several prior reinsurance and retrocession agreements, including a retrocession agreement dated December 31, 2002, and two retrocession agreements from December 17, 1999 (the Old Mutual Agreements), as well as a Master Agreement and Letters of Intent related to reinsurance arrangements. The purpose of this document is to settle and commute all obligations under those prior reinsurance-related agreements. 

According to the classification guidelines, documents that ""settle, commute, novate, terminate, amend, or otherwise modify the terms of an existing reinsurance agreement"" are considered reinsurance agreements. This document explicitly terminates and commutes the prior retrocession agreements and related arrangements, extinguishing all past, present, and future obligations. Therefore, it qualifies as a reinsurance agreement.

However, this document is not a main reinsurance contract; it is an ancillary agreement that modifies and terminates existing contracts. It does not establish a new reinsurance contract or contain the principal terms of one. Thus, it is not a main contract.

Because it is an ancillary agreement (a commutation and settlement), the questions of whether it is obligatory, proportional or non-proportional, and its insurance type and class of business do not apply—these characteristics pertain only to full reinsurance contracts. Therefore, these fields should be set to None.

The referenced underlying agreements pertain to life reinsurance (e.g., Lifetime Minimum Interest Guarantee, reinsurance with life insurers), indicating the subject matter is Life insurance and likely falls under ""Mortality"" or ""Other Life"" class. However, since this is not a full reinsurance contract but a commutation, classifying it further is inappropriate.",True,,,,,
2003-901491-0001104659-03-005096-j8534_ex10d1.htm,"The provided document is a Credit Agreement between Papa John's International, Inc. (the Borrower), several lenders, and Bank One, Kentucky, NA (the Administrative Agent). The agreement outlines the terms for a $175,000,000 credit facility, including commitments, interest rates, repayment terms, covenants, and other provisions typical of a loan agreement. It contains standard loan documentation such as definitions, conditions precedent, representations and warranties, covenants, defaults, and remedies. The document also references related instruments like notes and guaranty agreements. The presence of terms like ""Loans,"" ""Lenders,"" ""Borrower,"" ""Commitment,"" and ""Repayment"" confirms this is a standard credit facility. There is no mention of insurance risk transfer, reinsurance terms, or any language related to underwriting or claims handling. The document is purely a financial lending arrangement and does not involve the transfer of insurance risk from one insurer to another, which is the defining characteristic of a reinsurance agreement.",False,,,,,
2003-1118148-0000950124-03-002760-k79056exv10w4.txt,"The document is a Placement Agreement for the issuance and sale of Capital Securities by APCapital Trust II, a statutory trust. The Capital Securities are part of a financing structure where the proceeds are used by the Trust to purchase Subordinated Debt Securities issued by American Physicians Capital, Inc. The document outlines the roles of the Placement Agent (Sandler O'Neill & Partners, L.P.), the Offerors (the Trust and the Company), and the Purchaser. It includes representations, warranties, covenants, and conditions related to the sale and placement of securities.

The document mentions ""reinsurance treaties"" only in a representation (Section 1(a)(x)) stating that existing reinsurance and retrocessional treaties of the Insurance Subsidiaries are in force and not in default. This reference is incidental and confirms the status of other agreements but does not constitute a reinsurance agreement itself. The Placement Agreement does not establish any risk transfer mechanism, define ceding or assuming parties, or contain terms typical of reinsurance such as cessions, premiums, coverage limits, or loss settlements.

Instead, the document is a capital markets transaction involving the issuance of trust-preferred securities, which are debt-like instruments used for corporate financing. It is governed by securities laws (e.g., Securities Act of 1933, Securities Exchange Act of 1934) and includes opinions related to tax treatment and corporate authority. These characteristics align with financial instruments, not reinsurance contracts.

Therefore, the document is not a reinsurance agreement. Consequently, all subsequent reinsurance-specific classification fields (is_main_contract, is_obligatory, proportional_or_non_proportional, insurance_type, class_of_business) must be None.",False,,,,,
2003-837173-0001047469-03-018683-a2110899zex-10_1.htm,"The provided document is a Credit Agreement dated April 17, 2003, between Walter Industries, Inc. (the ""Borrower""), Bank of America, N.A. (as Administrative Agent, Swing Line Lender, and L/C Issuer), SunTrust Bank (as Syndication Agent and L/C Issuer), BNP Paribas, Credit Lyonnais New York Branch (as Co-Documentation Agents), and the lenders party to the agreement. The document outlines the terms for a revolving credit facility and a term loan facility, including the commitments, interest rates, covenants, representations and warranties, security, and events of default.

The document is explicitly titled ""CREDIT AGREEMENT"" and details a lending arrangement between a borrower and a group of lenders. It includes provisions for loans, letters of credit, security interests in collateral, financial covenants, and remedies in the event of default. These are all standard features of a credit or loan agreement, not a reinsurance agreement.

Reinsurance agreements, as defined in the instructions, involve the transfer of insurance risk from one insurer (the ceding company) to another (the reinsurer). This document does not contain any language related to insurance policies, risk transfer between insurers, premiums for assumed insurance liabilities, or any other elements characteristic of a reinsurance contract. Instead, it deals with corporate debt financing.

Furthermore, the document is categorized as ""EX-10.1"" in an SEC filing (Form 10-Q), which is a standard designation for material contracts, often including credit agreements. The description ""EXHIBIT 10-1"" and the form type ""10-Q"" confirm this is a financial contract, not an insurance-related document.

Therefore, this document is a credit agreement, which is explicitly listed in the instructions as NOT being a reinsurance agreement. Since it is not a reinsurance agreement, all subsequent fields that depend on that classification must be 'None'.",False,,,,,
2003-888491-0000888491-03-000031-ex101.txt,"The document is a Loan Agreement between General Electric Capital Corporation (GECC), other financial institutions, and several borrower entities. It details the terms of a $225 million loan for the purpose of refinancing skilled nursing facilities, mentally retarded and developmentally disabled facilities, rehab hospitals, long-term acute care facilities, and intermediate care facilities for the mentally disabled. The agreement includes provisions for a term loan, a revolving loan, and a swing line facility. The loan is secured by mortgages on the properties, leasehold mortgages, and other collateral.

The document is clearly a loan agreement, which is a financial instrument for borrowing money. It does not involve the transfer of insurance risk from one party to another, which is the defining characteristic of a reinsurance agreement. The document is listed in the SEC filing as an exhibit to a 10-Q, and its description is ""LOAN AGREEMENT AMONG GECC"", which further confirms its nature as a loan agreement.

Based on the provided definitions, this document is not a reinsurance agreement because it is a loan agreement, which is explicitly listed as not being a reinsurance agreement. Since it is not a reinsurance agreement, the subsequent questions about whether it is a main contract, obligatory, proportional or non-proportional, and related to life or non-life insurance are not applicable and should be answered as None.",False,,,,,
2003-1129633-0000949377-03-000428-pnx_61176ex10-1.htm,"The document is a Credit Agreement dated December 23, 2002, among The Phoenix Companies, Inc., Phoenix Life Insurance Company, Phoenix Investment Partners, Ltd., and several financial institutions. It outlines the terms for a $100,000,000 credit facility, including commitments, interest rates, covenants, and conditions precedent. The agreement involves borrowing and lending of funds between corporate entities and banks, with no mention of risk transfer, insurance, or reinsurance activities.

This document is a standard credit or loan agreement, which is explicitly listed as not being a reinsurance agreement. It does not involve the transfer of insurance risk from one insurer to another, nor does it resemble any of the types of reinsurance contracts listed (e.g., retrocession, catastrophe bonds, loss portfolio transfer, etc.). The document is purely a financial instrument for corporate financing and does not meet any of the criteria for being classified as a reinsurance agreement.

Therefore, it is not a reinsurance agreement, and all subsequent classification fields that depend on it being a reinsurance agreement are not applicable.",False,,,,,
2003-1171500-0000950123-03-012699-y91538exv10w2.txt,"The document is a Novation and Transfer Agreement involving a reinsurance contract. It references a ""CASUALTY EXCESS OF LOSS REINSURANCE AGREEMENT"" (the ""Contract"") between St. Paul and the Company, which is a reinsurance treaty. The current document effects a novation, substituting Platinum as the reinsurer in place of St. Paul. According to the classification criteria, documents that novate or otherwise modify the terms of an existing reinsurance agreement are considered reinsurance agreements. Therefore, this is a reinsurance agreement.

However, this document is not a main contract because it does not establish a new reinsurance contract; rather, it modifies an existing one by transferring obligations from one reinsurer to another. It is an ancillary agreement (novation) to the original reinsurance contract.

Because it is a novation of an existing reinsurance treaty (specifically an excess of loss agreement, which is non-proportional), the underlying contract is non-proportional reinsurance. The original contract is a casualty excess of loss agreement, which is non-proportional by nature.

The class of business is clearly ""Casualty"", as stated in the title and context. The insurance type is ""Non-Life"", as casualty lines fall under non-life insurance. Since this is a novation of a treaty that covers a portfolio of risks (not individual risks), it is an obligatory reinsurance agreement.",True,False,True,non-proportional,Non-Life,Casualty
2003-883476-0001193125-03-081864-dex101.htm,"The document is a Master Agreement between Freddie Mac and Crescent Mortgage Services, Inc. for the sale of mortgages. It outlines terms and conditions for the sale of mortgages, including special underwriting provisions, pricing, and delivery requirements. The agreement includes provisions for the sale of various types of mortgages, such as fixed-rate, adjustable-rate, and balloon/reset mortgages. It also includes a Pool Insurance Agreement, which involves a mortgage pool insurance policy to be obtained by Freddie Mac. However, this is not a reinsurance agreement but rather a direct insurance contract related to mortgage lending. The document does not establish a reinsurance or retrocession contract and is not related to risk transfer in the insurance or reinsurance context. Therefore, it is not a reinsurance agreement.",False,,,,,
2003-1012569-0000950129-03-005891-h10885exv10w30.txt,"The document is an Acquisition Agreement concerning the sale and purchase of securities in U.S. Propane, L.P. and its general partner. It outlines the transfer of ownership, representations and warranties, conditions to closing, and indemnification provisions. The agreement is focused on corporate restructuring and the transfer of equity interests, not on the transfer of insurance risk. There is no mention of reinsurance, retrocession, or any other risk transfer mechanism typical of reinsurance agreements. The document pertains to a propane business, which is unrelated to insurance or reinsurance. Therefore, this document is not a reinsurance agreement.",False,,,,,
2003-913958-0000916641-03-000926-dex1045.txt,"The document is an ""Insurance and Indemnity Agreement"" among several parties, including Radian Asset Assurance Inc., which is a financial guaranty insurance company. The agreement outlines the issuance of a financial guaranty insurance policy (the ""Policy"") by Radian to guarantee the repayment of asset-backed notes issued by TFC Automobile Receivables Trust 2002-2. The policy ensures the timely payment of interest and principal on the notes, which are backed by a pool of automobile receivables.

The agreement details the conditions for issuing the policy, reimbursement obligations to Radian if it makes payments under the policy, and various covenants and representations by the parties. It also includes provisions for indemnification, events of default, and remedies.

This document is not a reinsurance agreement. Reinsurance is an arrangement where an insurer transfers part of its risk portfolio to another insurer (the reinsurer) to reduce the likelihood of paying a large obligation resulting from an insurance claim. The document in question is a primary insurance agreement where Radian, as an insurer, provides a financial guaranty to the noteholders. This is a direct insurance contract, not a reinsurance contract. The policy guarantees the payment of the notes, which is a form of credit enhancement in a securitization transaction, not a transfer of insurance risk from one insurer to another.

Since it is not a reinsurance agreement, the subsequent fields (is_main_contract, is_obligatory, etc.) are not applicable and should be set to None.",False,,,,,
2003-737874-0000950152-03-006828-l01892aexv10w3.txt,"The provided document is a Credit Agreement, which is a financial contract between borrowers and lenders that outlines the terms and conditions of a loan. It involves the provision of credit, repayment schedules, interest rates, and other financial obligations. The document does not pertain to the transfer of insurance risk from one party to another, which is the defining characteristic of a reinsurance agreement. Instead, it is a standard credit agreement used in corporate financing, which is explicitly excluded from the definition of reinsurance agreements. Therefore, it is not a reinsurance agreement, and all subsequent classifications related to reinsurance are not applicable.",False,,,,,
2003-1064863-0000928385-03-001450-dex1030.txt,"The provided document is a standard contract between the State of Florida's Agency for Health Care Administration and PHYSICIANS HEALTHCARE PLANS, Inc. for the provision of Medicaid services. The contract outlines the terms and conditions for the provision of health care services, including covered services, provider requirements, payment terms, and other administrative details. It is a direct insurance contract where the provider agrees to deliver health care services to Medicaid recipients in exchange for capitation payments from the state.

This document does not meet any of the criteria for being a reinsurance agreement as defined in the instructions. It is not a reinsurance agreement, retrocession agreement, or any other form of risk transfer between insurers. Instead, it is a direct contract for the provision of health care services to Medicaid recipients.

Therefore, the document is not a reinsurance agreement, and all subsequent fields that depend on it being a reinsurance agreement are not applicable.",False,,,,,
2003-909109-0000893220-03-001916-w91619exv10w1.htm,"The document is titled ""Quota Share Reinsurance Contract"" and explicitly establishes a reinsurance agreement between the Company (Philadelphia Insurance Company and affiliated entities) and Swiss Re America Corporation. This qualifies as a reinsurance agreement under the provided definition, which includes quota share contracts.

The document contains the full terms of the reinsurance arrangement, including business covered, term, exclusions, definitions, retention and limits, premium, and other standard contractual clauses. It is not merely an ancillary document like an endorsement or amendment, but a full contract. Therefore, it is a main contract.

The contract is an obligatory reinsurance agreement because it covers a defined portfolio of business (the Custom Harvest Program) on a quota share basis, meaning all policies within that program are automatically reinsured. This is characteristic of obligatory treaties, not facultative arrangements.

The reinsurance is clearly proportional, as it is structured as a 100% Quota Share of the business, meaning the reinsurer shares equally in premiums and losses. The contract also mentions a 20% retention by the Company, further confirming the proportional nature.

The business covered includes Auto Liability, Automobile Physical Damage, Inland Marine, Comprehensive General Liability, and Cargo — all of which are Non-Life (property and casualty) lines of insurance. The class of business is primarily Casualty, given the emphasis on liability coverages, though Property and Inland Marine are also present. However, since liability lines dominate and the contract is labeled a ""Casualty Quota Share Reinsurance Contract"" in the header, Casualty is the most appropriate classification.",True,True,True,proportional,Non-Life,Casualty
2003-947354-0000947354-03-000002-exh_101.txt,"The document is titled ""WHOLE ACCOUNT AGGREGATE EXCESS OF LOSS RETROCESSION REINSURANCE AGREEMENT,"" which clearly indicates it is a reinsurance agreement. The content includes standard reinsurance clauses such as coverage terms, retentions, limits, definitions of ultimate net loss, premium calculations, and security arrangements. It is structured as a formal treaty between ceding companies (ERC, GE Re, and GE Frankona) and subscribing reinsurers (e.g., XL Re Ltd.), with detailed terms on indemnification for losses exceeding an aggregate retention, up to an aggregate limit across multiple layers. This matches the definition of a non-proportional reinsurance contract—specifically an aggregate excess of loss treaty—which indemnifies the ceding company for cumulative losses in excess of a specified retention during a defined period.

The agreement covers a ""whole account,"" meaning it applies to a broad portfolio of business across multiple lines, and is retroceded, indicating it is reinsurance of a reinsurer’s own portfolio. The inclusion of Articles on ""Business Covered,"" ""Term,"" ""Coverage,"" ""Aggregate Limit,"" and ""Reinsurance Premiums"" confirms it establishes a full reinsurance contract, not merely an ancillary document like an endorsement or commutation.

It is an obligatory reinsurance agreement because it automatically covers all eligible losses arising from the entire portfolio (whole account) without requiring individual underwriting per risk—consistent with treaty reinsurance.

The structure of layered coverage (five layers of excess of loss) based on aggregate loss accumulation, rather than a proportional sharing of premiums and losses, confirms it is non-proportional.

From Exhibit B and Article 11 definitions, the business includes various lines such as Property, Casualty, and Specialty risks (e.g., Aviation, Marine, Liability, Workers’ Compensation), and explicitly excludes Life insurance (Article 6.J). Therefore, the insurance type is Non-Life, and the class of business is Multi-Line, as it spans multiple non-life categories without a single dominant line.",True,True,True,non-proportional,Non-Life,Multi-Line
2003-836658-0000836658-03-000075-exhd10k_galoo-12312002.txt,"This document is a Services Agreement between Golden American Life Insurance Company and affiliated insurance companies under common control of ING Groep, N.V. It establishes a framework for providing various administrative, management, professional, advisory, and consulting services between affiliated entities.

The document contains multiple exhibits detailing specific services, including Exhibit A-10 which covers ""Reinsurance Management and Administration Services"" (advising on reinsurance retention limits, treaty negotiations, and managing reinsurer relationships). However, this is just one component of a broader services agreement.

Crucially, this is not a reinsurance agreement itself because:
1. It does not involve risk transfer between insurers
2. It is structured as an internal services agreement between affiliated companies sharing resources
3. It focuses on administrative and operational support rather than risk assumption
4. The document explicitly states it's for ""administrative, management, professional, advisory, consulting and other services""

According to the provided classification guidelines, this falls under ""Referral Agreements, Underwriting Agency Agreements between reinsurance companies and reinsurance underwriting management companies or agents"" which are explicitly NOT considered reinsurance agreements.

Since the document is not a reinsurance agreement at all, all subsequent classification fields that depend on it being a reinsurance contract should be None.",False,,,,,
2003-1127783-0001169232-03-003329-d55416_ex10-78.txt,"The document is an ""Amended and Restated Consulting Agreement"" between Trenwick Group Ltd. and Mr. W. Marston Becker, outlining the terms of his engagement as Acting Chairman and Acting Chief Executive Officer. It specifies his duties, compensation, confidentiality obligations, indemnification, and other provisions related to his role as an independent contractor.

The document does not involve any transfer of insurance risk, nor does it reference any reinsurance or retrocession arrangements. Instead, it is a service contract for executive management services. It does not contain any terms typical of reinsurance agreements, such as ceding of premiums, assumption of liabilities, coverage limits, or risk-sharing mechanisms between insurers and reinsurers.

Based on the definitions provided, this document falls under the category of an executive consulting or service agreement and is not related to reinsurance in any form. Therefore, it is not a reinsurance agreement, nor is it an ancillary document to one. As such, all downstream classifications (main contract, obligatory, proportional/non-proportional, insurance type, class of business) are not applicable.",False,,,,,
2003-355948-0000355948-03-000038-exhibit10v2.htm,"The document is an excess insurance policy providing Directors and Officers (D&O) liability coverage for Richardson Electronics Ltd. It is structured as a ""claims made"" policy and functions as excess coverage over underlying primary and excess insurance policies. The policy outlines coverage terms, limits, exclusions, and conditions but does not involve the transfer of risk from an insurer to a reinsurer. Instead, it is a direct insurance agreement between the insured (the company and its directors/officers) and the insurer (Continental Casualty Company). 

This is a direct insurance policy, specifically a D&O liability policy, which falls under non-life insurance and is categorized as a specialty line of business. It is not a reinsurance agreement because it does not reinsure another insurer’s risk. Therefore, all downstream fields related to reinsurance classification (main contract, obligatory, proportional, etc.) are not applicable.",False,,,,,
2003-899051-0001047469-03-010828-a2104961zex-10_26.htm,"The document is a ""Change of Control Employment Agreement"" between The Allstate Corporation, Allstate Insurance Company, and a named executive. It outlines the terms and conditions of employment, compensation, benefits, and severance in the event of a change of control of the company. The agreement focuses on executive compensation, job security, and restrictive covenants such as non-compete and non-solicitation clauses. There is no mention of risk transfer between insurers and reinsurers, ceding of insurance liabilities, or any reinsurance-specific terms such as cession, retrocession, treaty, or facultative reinsurance. The document is clearly an employment contract, not a reinsurance agreement.",False,,,,,
2003-1073615-0000950144-03-013971-g86118exv10w18.txt,"The document is an amendment to a contract between the Arizona Health Care Cost Containment System (AHCCCS) and Health Choice Arizona, a healthcare provider. The amendment modifies capitation rates, which are fixed payments made per enrolled member, typically in managed care or health insurance arrangements. The document references specific healthcare services and rates for different demographic groups, indicating it pertains to a health insurance or managed care contract.

The document explicitly mentions ""reinsurance"" in the context of ""Reinsurance Incorporating Catastrophic and Transplant Data Adjustment"" and ""Plans Electing the $20k Reinsurance Deductible."" However, these references are part of the calculation of capitation rates for the health plan and do not indicate that the contract itself is a reinsurance agreement. Instead, they suggest that the primary insurance contract includes provisions related to reinsurance for risk adjustment purposes, but the core agreement is between a state agency and a healthcare provider for the delivery of health services.

This document is an amendment to a direct healthcare service contract, not a reinsurance agreement. It does not transfer risk from an insurer to a reinsurer but rather sets payment rates for healthcare services provided to a population. Therefore, it falls under the category of a direct insurance or healthcare services contract, which is explicitly excluded from being a reinsurance agreement.

Since it is not a reinsurance agreement, the subsequent fields (is_main_contract, is_obligatory, etc.) are not applicable and should be set to None.",False,,,,,
2003-1171500-0000950123-03-012699-y91538exv10w5.txt,"The document is a Novation and Transfer Agreement that effects a novation of an existing reinsurance contract—the ""THIRD PROPERTY CATASTROPHE EXCESS OF LOSS REINSURANCE AGREEMENT""—by substituting Platinum Underwriters Reinsurance, Inc. as the reinsurer in place of St. Paul. The original contract is described as an ""Excess of Loss"" reinsurance agreement, which is a form of non-proportional reinsurance. The novation agreement itself is a document that modifies the parties to an existing reinsurance contract and thus qualifies as a reinsurance agreement under the definition provided, as it ""novates"" an existing reinsurance agreement.

However, this document is not a main contract; it is an ancillary agreement that transfers obligations and rights under an existing reinsurance contract. It does not establish a new reinsurance contract but rather changes the parties to one. Therefore, it is not a main contract.

Because it is a novation of an Excess of Loss reinsurance agreement—which is inherently non-proportional—the underlying reinsurance is non-proportional. The document references a 100% Quota Share retrocession, but that is a separate retrocession agreement between St. Paul and Platinum and not the subject of this novation. The primary contract being novated is non-proportional.

The class of business is Property, as indicated by the title ""THIRD PROPERTY CATASTROPHE EXCESS OF LOSS REINSURANCE AGREEMENT."" This falls under Non-Life insurance, as property catastrophe coverage is a standard non-life line. There is no indication of life insurance elements.

The original reinsurance treaty appears to be obligatory, as catastrophe excess of loss treaties are typically obligatory for the ceding company and the reinsurer for the defined portfolio. Since this novation transfers all obligations under that treaty, the character of the contract as obligatory carries through.",True,False,True,non-proportional,Non-Life,Property
2003-1069996-0001116502-03-001940-exhibit1026.txt,"The document is titled ""PRIVATE PASSENGER AUTOMOBILE QUOTA SHARE TREATY"" and explicitly defines itself as an ""Agreement"" between American Vehicle Insurance Company (the ""Company"") and Transatlantic Reinsurance Company (the ""Reinsurer""). The content outlines a reinsurance arrangement where the Company cedes 80% of its liabilities under private passenger automobile insurance policies to the Reinsurer. This is a classic example of a proportional reinsurance treaty, specifically a quota share, where the reinsurer shares a fixed percentage of both premiums and losses.

The document contains standard reinsurance contract clauses such as Business Reinsured (Article 1), Cover (Article 2), Reports and Remittances (Article 6), Ceding Commission (Article 7), Loss and Loss Expense (Article 12), and Arbitration (Article 20). It also includes an Interests and Liabilities Contract, which is a common method of executing reinsurance treaties.

The presence of a quota share structure (80% cession), combined with detailed provisions on risk sharing, reporting, commissions, and liability, confirms this is a main reinsurance contract. It is obligatory because it covers all policies written or renewed during the term in a specific class (private passenger auto), not on a case-by-case facultative basis.

The coverage is clearly Non-Life, specifically in the Casualty line of business, as it involves liability and physical damage from private passenger automobiles. The proportional nature of the treaty (fixed 80% share of premiums and losses) confirms it is not non-proportional or hybrid.",True,True,True,proportional,Non-Life,Casualty
2003-92472-0001017062-03-000652-dex1024.txt,"This document is an Official Statement for $31,555,000 San Juan Basin Authority Lease Revenue Bonds (Ground Water Recovery Project) Issue of 2002. It details a municipal bond issuance to finance a groundwater recovery project in California, specifically the construction of a desalination plant and related infrastructure.

The document describes:
- A lease revenue bond issuance by the San Juan Basin Authority
- A lease agreement between the Capistrano Valley Water District and the Authority
- A service contract for design, construction, and operation of the groundwater recovery project
- A financial guaranty insurance policy provided by Ambac Assurance Corporation that insures payment of principal and interest on the bonds
- Various supporting agreements including an Insurance and Indemnity Agreement

To determine if this is a reinsurance agreement, I examined the definitions provided in the instructions:

The document is explicitly categorized as ""NOT considered reinsurance agreements"" according to the second bullet point: ""Bonds, loans and credit instruments except for Catastrophe Bonds and other Insurance Linked Securities as described above.""

This is a standard municipal revenue bond issuance for infrastructure financing, not a reinsurance agreement. While it does include a financial guaranty insurance policy (which is a form of credit enhancement), this is primary insurance on the bonds themselves, not reinsurance. Reinsurance involves one insurer transferring risk to another insurer, which is not what's happening here.

The document does not meet any of the criteria for documents considered reinsurance agreements:
- It's not a reinsurance or retrocession agreement
- It's not a Reinstatement Premium Protection contract
- It's not a Capital Maintenance agreement
- It's not a Loss Portfolio Transfer or similar retrospective reinsurance agreement
- It's not a Portfolio Transfer in connection with corporate restructuring
- It's not a Catastrophe Bond or Insurance Linked Security (these are standard municipal revenue bonds)
- It's not an insurance pooling agreement or government insurance scheme

The document is specifically listed in the ""NOT considered reinsurance agreements"" section as ""Bonds, loans and credit instruments.""

Therefore, this is not a reinsurance agreement.",False,,,,,
2003-1122211-0001169232-03-003340-d55431_ex10-78.txt,"The document is an ""Amended and Restated Agreement"" between Trenwick Group Ltd. and Mr. W. Marston Becker regarding his engagement as Acting Chairman of the Board and Acting Chief Executive Officer. It outlines his duties, compensation, confidentiality obligations, indemnification, and other terms of his executive service. The agreement is an employment or service contract for an executive officer, not a risk transfer instrument.

It does not involve any transfer of insurance risk, ceding of policies, reinsurance terms, or any structure typical of reinsurance agreements such as ceded premiums, retention limits, layers of coverage, or claims settlement authority. Instead, it governs the relationship between an individual and a company in a leadership role.

Therefore, this document is not a reinsurance agreement, nor is it related to reinsurance in any form. It is a corporate executive service agreement. As such, all downstream classifications (main contract, obligatory, proportional/non-proportional, insurance type, class of business) are not applicable.",False,,,,,
2003-775368-0000950123-03-012605-y91281exv10w3.txt,"The document titled ""List of Contents of Exhibits and Schedules to the RIC (Landmark) Quota Share Reinsurance Agreement"" refers to a reinsurance agreement, specifically a Quota Share treaty, which is a type of proportional reinsurance. The mention of ""Quota Share Reinsurance Agreement"" in the title clearly indicates that this document is related to a reinsurance contract. Although this specific file only contains a list of exhibits and schedules and not the full agreement itself, it is an ancillary part of a main reinsurance contract. As such, it qualifies as a reinsurance agreement under the definition provided, which includes documents that modify or support an existing reinsurance agreement.

However, this document is not the main contract itself but rather a supporting list of exhibits and schedules. Therefore, it is ancillary and does not establish the reinsurance contract independently. As a result, is_main_contract should be False.

Since the underlying agreement is a Quota Share treaty, it is by nature an obligatory reinsurance contract, as it automatically covers a portion of a portfolio of risks. Thus, is_obligatory is True.

The contract is explicitly a ""Quota Share,"" which falls under proportional reinsurance. Therefore, proportional_or_non_proportional is ""proportional"".

The document does not specify whether the underlying insurance is Life or Non-Life. However, the term ""Landmark"" and the context of quota share reinsurance are more commonly associated with Non-Life (P&C) insurance. Additionally, the company, Alleghany Corp, is primarily active in property and casualty reinsurance. Therefore, the most likely classification is Non-Life.

Given the context and the company's focus, the class of business is likely Property or Casualty. However, without explicit mention, and considering that quota share treaties can cover multiple lines, ""Multi-Line"" may be appropriate if both Property and Casualty are included. But in absence of definitive evidence, and given the lack of specific indication, the safest specific classification based on typical usage of such treaties in this context is ""Property"".",True,False,True,proportional,Non-Life,Property
2003-775368-0000950123-03-009385-y88779exv10w6.txt,"The document is explicitly titled ""QUOTA SHARE REINSURANCE AGREEMENT"" between Royal Surplus Lines Insurance Company (Cedent) and Underwriters Reinsurance Company (Reinsurer). It contains comprehensive terms for a reinsurance arrangement where Cedent cedes 100% of Reinsured Liabilities to Reinsurer. This clearly qualifies as a reinsurance agreement under the provided definition.

The document establishes the complete reinsurance contract with all principal terms, including definitions, basis of reinsurance, premium calculations, accounting procedures, and termination provisions. It is not merely an ancillary agreement like an endorsement or amendment, but rather the primary contract itself, as evidenced by its structure, comprehensive terms, and execution by both parties.

This is an obligatory reinsurance agreement because it automatically covers all RSUI-Produced Insurance Contracts written by or on behalf of RSUI as agent for Cedent. The language ""Cedent hereby cedes to Reinsurer, and Reinsurer hereby accepts and agrees to reinsure"" for 100% of specified liabilities indicates a treaty arrangement where all business of the defined portfolio is automatically ceded without facultative selection.

The agreement is explicitly a quota share arrangement, which is a form of proportional reinsurance. Section 2.1 states Cedent cedes ""one hundred percent (100%) of all Reinsured Liabilities"" and Section 2.3 specifies that ""Reinsurer shall follow the fortunes of the Cedent."" Quota share is definitively categorized as proportional reinsurance under the provided definitions.

The document pertains to Non-Life insurance as evidenced by Reinsurer being described as ""a property and casualty insurance company organized under the laws of the State of New Hampshire."" There are no references to life, health, annuity, or other life insurance products. The agreement covers surplus lines insurance and mentions terrorism coverage, which are standard Non-Life products.

For class of business, the Cedent is ""Royal Surplus Lines Insurance Company"" and RSUI is identified as ""Royal Specialty Underwriting, Inc."" in the recitals. Surplus lines insurance (covering risks that cannot be placed in the standard insurance market) is typically classified as Specialty insurance. The document also references terrorism coverage, which is commonly considered a Specialty line. Given that RSUI's name explicitly includes ""Specialty Underwriting,"" this confirms the Specialty classification.",True,True,True,proportional,Non-Life,Specialty
2003-775368-0000950123-03-009385-y88779exv10w16.txt,"The document is an Administrative Services Agreement between Landmark American Insurance Company, Royal Specialty Underwriting, Inc., and Underwriters Reinsurance Company. Its primary purpose is to appoint Royal Specialty Underwriting, Inc. as an administrator to provide administrative services related to reinsurance contracts, including claims handling, reporting, regulatory compliance, and customer management. The agreement references a separate ""Landmark Quota Share Reinsurance Agreement"" as the underlying reinsurance contract that governs the risk transfer.

This document does not itself establish a reinsurance contract. Instead, it governs the administrative services related to an existing reinsurance arrangement. It grants authority to administer the reinsurance but does not define the terms of risk transfer, ceding, or coverage. Therefore, it is not a reinsurance agreement but an ancillary service agreement supporting one.

Because it is not a reinsurance agreement, the subsequent fields regarding main contract, obligatoriness, proportionality, insurance type, and class of business are not applicable and should be set to 'None'.",False,,,,,
2003-205402-0001068800-03-000501-exh10p3.txt,"The provided document is a ""Five-Year Credit Agreement"" between Graybar Electric Company, Inc. (the Borrower), several financial institutions (the Lenders), and First Union National Bank (the Administrative Agent). The agreement outlines the terms under which the Lenders will provide a $205,000,000 revolving credit facility to the Borrower. It includes provisions for revolving loans, competitive loans, swingline loans, and letters of credit, along with fees, covenants, events of default, and other standard terms for a syndicated loan agreement.

The document does not contain any language related to insurance, reinsurance, risk transfer, indemnity for insurance claims, or any of the specific types of agreements listed as reinsurance contracts (e.g., retrocession, loss portfolio transfer, catastrophe bonds). Instead, it is a financial instrument for corporate borrowing, which is explicitly excluded from the definition of reinsurance agreements under the provided criteria. The document is a credit agreement, which is a type of loan or credit instrument.

Therefore, it is not a reinsurance agreement.",False,,,,,
2003-1158449-0001017062-03-000555-dex101.txt,"The provided document is an ""Amended and Restated Credit Agreement"" between Advance Auto Parts, Inc., Advance Stores Company, Incorporated (the Borrower), the Lenders party to the agreement, and JPMorgan Chase Bank, acting as the Administrative Agent. This document outlines the terms of a credit facility, including the commitments of the lenders, the borrowing and repayment terms, interest rates, fees, representations and warranties, covenants, events of default, and other standard provisions of a commercial loan agreement. It is a financial instrument for corporate borrowing and does not involve the transfer of insurance risk from one insurer to another. Therefore, it does not meet the definition of a reinsurance agreement or any of the related documents listed as reinsurance agreements.",False,,,,,
2003-1171500-0000950123-03-003615-y84608kexv10w17.txt,"The document is a ""Letter Amendment #1 to 364-Day Credit Agreement,"" which modifies the terms of an existing credit agreement between Platinum Underwriters Holdings, Ltd. and a group of lenders. It amends financial conditions and covenants related to the borrowing entity and its subsidiaries, including reinsurance subsidiaries like Platinum Underwriters Reinsurance, Inc. and Platinum Underwriters Bermuda, Ltd. However, the document itself is a credit agreement amendment, not a risk transfer agreement between insurers and reinsurers.

Although it references reinsurance entities, the nature of the agreement is financial and credit-related, securing lending obligations rather than transferring insurance risk. Therefore, it does not meet the definition of a reinsurance agreement. It is instead a financial instrument related to corporate financing.

Since the document is not a reinsurance agreement, the subsequent classification fields (is_main_contract, is_obligatory, etc.) must be set to None, as per instructions.",False,,,,,
2003-4458-0000950153-03-001671-p67969exv10w69.txt,"The document is a regulatory order issued by the Arizona Department of Insurance concerning Republic Western Insurance Company. It outlines findings of fact related to the company’s financial condition due to its parent company’s debt defaults, and imposes supervision and restrictions on the insurer’s activities. Among the restrictions, the company is prohibited from entering into any new reinsurance contract or treaty without prior approval. However, the document itself is not a reinsurance agreement; it is a regulatory consent order. It does not establish or modify the terms of a reinsurance contract, nor does it transfer risk between insurers. Instead, it governs the conduct and financial oversight of an insurance company under regulatory supervision.

Therefore, the document is not a reinsurance agreement, nor is it an ancillary or modifying document to one. It is a regulatory enforcement and supervision order. As such, it does not meet any of the criteria for being classified as a reinsurance agreement.",False,,,,,
2003-875159-0000930413-03-000985-c26955_ex10-60.htm,"The document is a ""Revolving Credit and Security Agreement"" between XL Re Ltd (a Bermuda property and casualty reinsurer) and several lenders, including Corporate Asset Funding Company, Inc., Corporate Receivables Corporation, Charta Corporation, CIESCO, L.P., and Citibank, N.A., with Citicorp North America, Inc. acting as the Agent. The agreement outlines the terms under which the lenders will provide advances to the borrower, XL Re Ltd. It includes provisions for the making of advances, security interests, covenants, events of default, and other standard credit agreement terms.

The document does not pertain to reinsurance or retrocession agreements. Instead, it is a financial agreement that provides a credit facility to the borrower. The document is not related to the transfer of insurance or reinsurance risks but rather to the provision of financial credit. Therefore, it is not a reinsurance agreement.

Since the document is not a reinsurance agreement, the subsequent fields related to reinsurance (is_main_contract, is_obligatory, proportional_or_non_proportional, insurance_type, class_of_business) are not applicable and should be set to None.",False,,,,,
2003-896159-0000950131-03-002799-dex103.txt,"The document is a ""Fourth Amendment"" to a Five Year Credit Agreement among ACE Limited and several of its subsidiaries, financial institutions (Lenders), and JPMorgan Chase Bank as administrative agent. The purpose of the document is to amend certain financial covenants in the existing credit agreement, specifically the Consolidated Net Worth requirement.

The document pertains to a credit agreement, which is a financial lending arrangement. Although one of the borrowers is named ""ACE Tempest Reinsurance Ltd."", indicating involvement in reinsurance, the document itself is not a reinsurance agreement. Instead, it is an amendment to a credit agreement, which falls under the category of credit instruments.

According to the classification rules, ""Bonds, loans and credit instruments except for Catastrophe Bonds and other Insurance Linked Securities as described above"" are not considered reinsurance agreements. Therefore, this document is not a reinsurance agreement.

Since it is not a reinsurance agreement, all downstream fields (is_main_contract, is_obligatory, etc.) must be set to None.",False,,,,,
2003-896159-0001193125-03-081108-dex102.txt,"The document is a ""Reimbursement Agreement for $500,000,000 Secured Letter of Credit Facility"" involving ACE Limited and several of its subsidiaries as Account Parties, banks, and Wachovia Bank as the Issuing Bank and Administrative Agent. The core purpose of this agreement is to establish a secured credit facility that enables the issuance of standby letters of credit. These letters of credit are financial instruments used to guarantee the performance or payment obligations of the Account Parties.

The agreement details the mechanics of issuing letters of credit, the obligations of the Account Parties to reimburse the Issuing Bank for any draws, the participation of other banks in the credit risk, and the requirement for the Account Parties to provide collateral (a ""first priority perfected Lien"") to secure their obligations. The ""Collateral"" is defined as assets pledged to secure the ""Obligations,"" which include the reimbursement of payments made under the letters of credit.

According to the provided classification criteria, reinsurance agreements include instruments like retrocession agreements and capital maintenance agreements. However, the document explicitly states that ""Letters of credit"" are considered a form of ""Debt"" of the Account Parties. Furthermore, the agreement is structured as a lending and security arrangement, not as a risk transfer agreement between insurers and reinsurers. The document is fundamentally a financial guarantee secured by collateral, which falls under the category of instruments that are ""NOT considered reinsurance agreements."" Specifically, the list of non-reinsurance agreements includes ""Letters of credit.""

Therefore, while the parties involved (like ACE Tempest Life Reinsurance Ltd.) are in the insurance and reinsurance business, the document itself is a secured lending and reimbursement agreement for letters of credit, not a contract for the transfer of insurance risk.",False,,,,,
2003-1064863-0000950133-03-003665-w90941exv10w17w3.txt,"The document provided is an ""Amended and Restated Credit Agreement"" between Amerigroup Corporation (the Borrower), its subsidiaries and affiliates (the Guarantors), and several financial institutions (the Lenders), with Bank of America, N.A. acting as the Administrative Agent. The agreement outlines the terms of a revolving credit facility, including the commitment amounts, interest rates, repayment terms, covenants, and conditions for credit extensions. It also includes provisions for letters of credit, swing line loans, and the rights and obligations of the parties involved.

The document is clearly a financial credit agreement, which is a type of loan agreement. It establishes a lending relationship where the Lenders provide funds to the Borrower, who is obligated to repay the principal amount plus interest. The agreement includes detailed financial terms, covenants, and conditions typical of such credit facilities.

Based on the provided definitions, a reinsurance agreement involves the transfer of risk from one insurer (the ceding company) to another (the reinsurer). The document in question does not involve any such risk transfer between insurers. Instead, it is a standard credit agreement between a corporation and its lenders.

Therefore, the document is not a reinsurance agreement, and all subsequent fields related to reinsurance characteristics are not applicable.",False,,,,,
2003-718909-0001104659-03-018354-a03-2297_1ex10d6.htm,"The document is an ""Amended and Restated Insurance and Indemnity Agreement"" involving MBIA Insurance Corporation issuing insurance policies (e.g., the ""Triple-A Insurance Policy"", ""Liquidity Insurance Policy"", and ""Merrill Insurance Policy"") to guarantee repayment obligations under a receivables purchase and financing arrangement. These policies function as credit enhancements for commercial paper and liquidity facilities tied to lease receivables.

However, these insurance policies are not reinsurance agreements. They are direct insurance policies issued by MBIA to protect third parties (such as funding vehicles and liquidity providers) against default on financial obligations. The policies are akin to financial guaranty insurance, which is a form of direct insurance commonly used in structured finance transactions.

The agreement governs the issuance of these direct insurance policies, outlines premium payments, conditions precedent, indemnification, and assignment of rights upon payment. It also includes covenants, representations, and provisions for subrogation and recovery.

According to the provided classification rules, direct insurance contracts — including insurance policies — are explicitly excluded from the definition of reinsurance agreements. The document does not reference any underlying reinsurance contract, nor does it involve risk transfer between insurers or reinsurers. Instead, it involves a single insurer (MBIA) guaranteeing financial obligations of third parties in a securitization-like structure.

Because the document is not a reinsurance agreement, all subsequent classification questions (main contract, obligatory, proportional, insurance type, class of business) are not applicable and must be answered as 'None'.",False,,,,,
2003-775368-0000950123-03-009385-y88779exv10w25.txt,"The document is a Claims Servicing Agreement between Underwriters Reinsurance Company (URC) and several Royal insurer affiliates. Its primary purpose is to appoint URC to provide claims handling and related administrative services for insurance policies and contracts that were underwritten by RSUI and issued by the Royal Insurer Affiliates prior to the Effective Date. These services include claims investigation, adjustment, settlement, reserving, litigation management, and reinsurance collection.

Although the agreement involves reinsurance-related tasks such as handling reinsurance recoverables under ""Third Party Reinsurance Contracts"" (Section 4.1(h)), the document itself does not establish a reinsurance contract. Instead, it is a service agreement for the administration of claims arising from existing insurance and reinsurance contracts. It governs the performance standards, fees, reporting, and responsibilities of a third party in managing claims, which aligns with the definition of a claims servicing or administrative agreement.

Such agreements are explicitly excluded from the definition of reinsurance agreements, as they do not transfer risk between insurers and reinsurers. Rather, they delegate operational functions. The document also refers to the ""Acquisition Agreement"" and the sale of RSUI, indicating a post-acquisition services arrangement, further confirming its administrative nature.

Therefore, this is not a reinsurance agreement, but rather a service contract for claims administration.",False,,,,,
2003-775368-0000950123-03-009385-y88779exv10w12.txt,"The document is an Administrative Services Agreement between Royal Surplus Lines Insurance Company (Insurer), Royal Specialty Underwriting, Inc. (Administrator), and Underwriters Reinsurance Company (Reinsurer). Its primary purpose is to appoint the Administrator to provide administrative services related to certain insurance contracts, specifically the Reinsured Contracts under a separate RSLIC Quota Share Reinsurance Agreement. The agreement outlines responsibilities for claims administration, premium handling, regulatory compliance, reporting, and access to records, but it does not itself establish the terms of risk transfer between the insurer and reinsurer.

Although the document references a reinsurance agreement (the RSLIC Quota Share Reinsurance Agreement) multiple times and supports its administration, the document itself is not a reinsurance contract. It does not define coverage terms, ceding percentages, limits, or any other risk transfer mechanics. Instead, it governs the delegation of administrative duties.

Therefore, this is an ancillary agreement supporting a reinsurance arrangement but is not itself a reinsurance agreement under the provided definitions.",False,,,,,
2003-1001384-0001169232-03-003408-d55443_ex10-34.txt,"The document is an ""Amended and Restated Agreement"" between Trenwick Group Ltd. and Mr. W. Marston Becker regarding his engagement as Acting Chairman of the Board and Acting Chief Executive Officer. It outlines his duties, compensation, confidentiality obligations, indemnification, and other employment-related terms. The content is entirely focused on executive services and does not involve any transfer of insurance risk, reinsurance terms, or agreements between insurers and reinsurers. It is not a reinsurance or retrocession agreement, nor does it modify, renew, or amend any such agreement. The document is a service or employment contract with an executive, not a risk transfer instrument.",False,,,,,
2003-842183-0000950124-03-000831-k74377exv10w48.txt,"The document provided is a ""Fourth Amended and Restated Master Revolving Credit Agreement."" This is a financial agreement between a borrower (Ramco-Gershenson Properties, L.P.), a guarantor (Ramco-Gershenson Properties Trust), and several banks, led by Fleet National Bank as the agent. The agreement outlines the terms for a revolving credit facility, including loan amounts, interest rates, covenants, collateral, and conditions for borrowing. It is fundamentally a loan and credit agreement, not an insurance or reinsurance contract.

The document contains no language or provisions related to the transfer of insurance risk from an insurer to a reinsurer. Instead, it deals with the borrowing of funds, repayment schedules, interest calculations, and the pledging of real estate as collateral for the loan. The references to insurance within the document (e.g., in Section 7.7) are about the Borrower maintaining property and liability insurance on its mortgaged properties as a condition of the loan, which is a standard requirement in commercial lending, not a reinsurance arrangement.

Therefore, this document is not a reinsurance agreement, nor is it any of the other types of agreements listed in the definition of reinsurance (such as retrocession, RPP, catastrophe bonds, etc.). It is a standard commercial loan agreement.

Since it is not a reinsurance agreement, the subsequent fields (is_main_contract, is_obligatory, etc.) are not applicable and must be set to None.",False,,,,,
2003-1171500-0000950123-03-003615-y84608kexv10w21.txt,"The document is a Registration Rights Agreement between The St. Paul Companies, Inc. and Platinum Underwriters Holdings, Ltd. It outlines the terms under which St. Paul can require the registration of its shares in public offerings and includes provisions related to piggy-back rights, registration procedures, indemnification, and other securities law matters. The agreement does not contain any terms related to the transfer of insurance or reinsurance risk, ceding of premiums, coverage of losses, or any other elements characteristic of a reinsurance contract. Instead, it is focused solely on corporate and securities law matters concerning the registration and sale of equity securities. Therefore, it is not a reinsurance agreement. Since it is not a reinsurance agreement, all subsequent classification fields are not applicable.",False,,,,,
2003-1171500-0000950123-03-003615-y84608kexv10w28.txt,"The document is a ""Run-off Services Agreement"" between Platinum Underwriters Reinsurance, Inc. and the St. Paul Parties. It outlines the provision of administrative and operational services related to the management and administration of existing reinsurance contracts (referred to as ""Run-off Contracts"" and ""Reinsurance Contracts""). However, the agreement itself does not establish a reinsurance contract; rather, it is a service agreement for the administration of such contracts. The services include financial reporting, actuarial support, legal consultation, IT support, and other administrative functions necessary to manage the runoff of reinsurance business.

While the document references reinsurance contracts and retrocession agreements (e.g., ""Quota Share Retrocession Agreements""), it is not itself a reinsurance agreement. Instead, it is an ancillary services agreement supporting the administration of reinsurance contracts that were previously established under other agreements (such as the Formation and Separation Agreement). Therefore, it falls under the category of an ancillary agreement and not a reinsurance agreement.

Because it is not a reinsurance agreement, all subsequent fields that depend on that classification (main contract, obligatory, proportional status, insurance type, class of business) must be set to None.",False,,,,,
2003-46989-0000893220-03-000525-w83869exv10wdd.txt,"The document provided is a Credit Agreement dated as of December 20, 2002, among Hercules Incorporated, certain subsidiaries, and several financial institutions. It outlines terms for credit facilities, including revolving loans, term loans, and letters of credit. The agreement involves lending and borrowing of funds, fees, interest rates, covenants, and conditions for default.

None of the characteristics of a reinsurance agreement are present. Reinsurance agreements involve the transfer of insurance risk from one insurer (the ceding company) to another (the reinsurer). This document does not involve insurance or risk transfer between insurers. Instead, it is a financial loan agreement.

The document is clearly a credit and loan facility agreement, not any form of insurance or reinsurance contract. It is also not ancillary to an insurance contract, nor is it a capital maintenance or risk transfer security instrument like catastrophe bonds. The document is a standard syndicated loan agreement governed by financial lending terms.

Therefore, it is not a reinsurance agreement, nor does it relate to insurance in any way.",False,,,,,
2003-775368-0000950123-03-009385-y88779exv10w10.txt,"The document is an Administrative Services Agreement between Royal Indemnity Company, Royal Specialty Underwriting, Inc., and Underwriters Reinsurance Company. It outlines the provision of administrative services related to reinsurance contracts but does not itself establish a reinsurance or retrocession contract. The agreement references a separate ""RIC Quota Share Reinsurance Agreement"" as the underlying reinsurance arrangement, indicating that this document is ancillary to the actual reinsurance contract. 

Since this document only provides for administrative services and does not transfer insurance risk or establish reinsurance terms, it does not meet the definition of a reinsurance agreement. It is instead an operational agreement governing how administrative tasks will be handled in relation to existing reinsurance arrangements.

Therefore, the document is not a reinsurance agreement, and all subsequent fields related to reinsurance characteristics should reflect this determination.",False,,,,,
2003-775368-0000950123-03-009385-y88779exv10w14.txt,"The document is an Administrative Services Agreement between Royal Insurance Company of America, Royal Specialty Underwriting, Inc., and Underwriters Reinsurance Company. It outlines the provision of administrative services related to reinsurance contracts, particularly referencing a ""RIC Quota Share Reinsurance Agreement"" in the recitals and throughout the document. However, the agreement itself does not establish a reinsurance contract; instead, it governs the administrative and operational services provided in support of existing reinsurance arrangements.

Key observations:
- The agreement appoints Royal Specialty Underwriting, Inc. as an administrator to perform services such as claims handling, premium administration, and regulatory compliance for reinsurance contracts.
- It repeatedly references the ""RIC Quota Share Reinsurance Agreement"" as a separate, underlying contract.
- The services include issuing policies in the insurer’s name, managing claims, and maintaining treaty reinsurance, but these are administrative functions, not the reinsurance contract itself.
- The parties explicitly state that this agreement is ancillary to the reinsurance agreement and is entered into in consideration of the reinsurance agreement.

Therefore, while the document is closely related to reinsurance, it is not itself a reinsurance agreement. It is an ancillary service agreement supporting the administration of reinsurance contracts. As such, it does not meet the criteria for being classified as a reinsurance agreement under the provided definitions.",False,,,,,
2003-859139-0000893220-03-001421-w89082exv10w5.txt,"The document is a Stock Option Award Agreement between Delphi Financial Group, Inc. and Harold F. Ilg, granting stock options contingent on financial performance goals of SIG Holdings, Inc. and its subsidiaries. The agreement outlines conditions for exercisability of stock options based on Pre-Tax Operating Income, includes provisions for termination of employment, and describes procedures for dispute resolution via arbitration. While the document references insurance operations (e.g., losses and loss adjustment expenses, premiums written, and reinsurance arrangements such as ""affiliated reinsurance arrangements""), it is fundamentally a compensation and equity incentive agreement, not a risk transfer agreement.

It does not establish any form of reinsurance or retrocession contract. Instead, it pertains to employee compensation through stock options. The mention of reinsurance in the context of ""Excluded Items"" is incidental and refers to internal corporate transactions that may affect financial performance metrics used for vesting, not to the creation or modification of a reinsurance agreement.

Therefore, this document is not a reinsurance agreement and does not qualify as any of the listed types of reinsurance contracts or ancillary documents related to reinsurance. As such, all subsequent classification fields related to reinsurance (main contract, obligatory, proportional, insurance type, class of business) must be set to None.",False,,,,,
2003-1038622-0001104659-03-004733-j8667_ex10d49.htm,"The document is an ""Amended and Restated Marketing Agreement"" between Camping World and its subsidiaries (CWI) and Affinity Group Plans, Inc. (AGP) and several insurance companies (NAIC, NGIC, NGAC), collectively referred to as the ""Insurer."" The agreement grants the Insurer the exclusive right to market, offer, and sell insurance products—specifically automobile and recreational vehicle property and casualty insurance (referred to as ""Vehicle Coverage"")—to Camping World’s customers. It includes provisions for the use of customer lists, marketing through kiosks, payment of fees based on direct written premiums, and cooperation in promotional activities.

However, the agreement does not establish a reinsurance contract. Instead, it outlines a marketing and distribution arrangement where an insurer leverages a third party’s customer base and branding to sell direct insurance policies. The document contains no terms related to risk transfer between insurers, retrocession, treaty agreements, or any other hallmark of reinsurance. It is clearly a referral and co-branding agreement for direct insurance sales, not a risk-sharing arrangement between insurance or reinsurance entities.

Per the classification guidelines, documents such as ""Referral Agreements, Underwriting Agency Agreements"" are explicitly excluded from being considered reinsurance agreements. This document fits squarely within that excluded category.

Therefore, it is not a reinsurance agreement, and all downstream fields dependent on that status must reflect this.",False,,,,,
2003-804269-0001193125-03-055310-dex1054.txt,"The document is a ""Master Collateral and Intercreditor Agreement"" among various financial parties, including Deutsche Bank Trust Company Americas, AFS Funding Corp., AFS SenSub Corp., and AmeriCredit Financial Services, Inc. Its primary purpose is to establish a framework for securing obligations under a revolving credit agreement and to define the rights and priorities among senior and junior creditors in relation to collateral. The agreement involves the pledge of various financial assets, including residual interests in trusts and securities, as collateral.

Although the document references ""reinsurance agreement"" in the definition of ""Junior Facility Agreement"" and ""Senior Facility Agreement,"" these are listed among other financial instruments such as loan agreements, notes, and letters of credit. The context indicates that these references are part of a broad definition of potential agreements that could be secured under this intercreditor arrangement, not that the document itself is a reinsurance agreement. There is no substantive content describing reinsurance terms, risk transfer from an insurer to a reinsurer, or any ceding of insurance liabilities. Instead, the agreement focuses on collateral management, payment priorities, and intercreditor rights in a securitization financing structure.

Therefore, the document is a financial collateral and intercreditor agreement, not a reinsurance agreement. Since it is not a reinsurance agreement, all subsequent reinsurance-specific fields must be set to None.",False,,,,,
2003-1059341-0000950133-03-001022-w84565exv10w6.htm,"The document is a Subordinate Unsecured Term Loan Agreement, which is a financial instrument for a loan between a borrower and lenders. It outlines the terms for a $40,000,000 loan, including repayment schedules, interest rates, fees, and conditions for lending. The document also includes various covenants, representations, and warranties, but its primary purpose is to establish the terms of a loan.

The key point in determining whether this document is a reinsurance agreement is to assess if it transfers risk from an insurance company to another party. Reinsurance agreements are contracts where an insurance company (the ceding company) transfers portions of its risk portfolio to another insurer (the reinsurer) to reduce the likelihood of having to pay large obligations resulting from insurance claims.

In this document, there is mention of insurance in various sections, such as Section 4.12, which states that the borrower and its subsidiaries carry the insurance required pursuant to Section 5.07. Section 5.07 further details the types of insurance coverage that must be maintained, including property insurance, liability insurance, workers' compensation, and rent loss insurance. However, these references are about the borrower maintaining insurance for its own risk management, not about transferring risk to another party through a reinsurance contract.

Furthermore, Schedule 4.23(e) lists insurance contracts and reinsurance contracts, but these are presented as part of the assets or obligations of the borrower, not as the subject matter of the loan agreement itself. The loan agreement is not structured as a reinsurance contract; it does not involve the transfer of insurance risk from one insurer to another.

Therefore, based on the content and structure of the document, it is clear that this is a loan agreement and not a reinsurance agreement. The presence of insurance-related clauses is for the purpose of ensuring that the borrower maintains adequate insurance coverage as a condition of the loan, which is a common requirement in loan agreements to protect the lenders' interests.

In conclusion, the document is not a reinsurance agreement because it does not involve the transfer of insurance risk from one insurer to another. Instead, it is a loan agreement that includes conditions related to the borrower's insurance coverage.",False,,,,,
2003-1170010-0000950168-03-001994-dex108.txt,"The provided document is an Amended and Restated Credit Agreement between CarMax Auto Superstores, Inc. (the Borrower), CarMax, Inc. (the Guarantor), various financial institutions, and DaimlerChrysler Services North America LLC (the Agent). The agreement outlines the terms for loans, revolving credit, and other financial arrangements. It includes definitions, commitments, borrowing procedures, interest rates, fees, covenants, and conditions for default.

This document is a credit agreement, which is a type of financial instrument used to provide financing to a borrower. It does not involve the transfer of insurance risk from one entity to another, which is the core characteristic of a reinsurance agreement. The document is focused on lending money and establishing credit terms, not on sharing or transferring insurance risk.

Therefore, the document is not a reinsurance agreement. As a result, the remaining fields related to reinsurance characteristics (is_main_contract, is_obligatory, proportional_or_non_proportional, insurance_type, class_of_business) are not applicable and should be set to None.",False,,,,,
2003-911576-0000931763-03-000827-dex103.htm,"The document is a Credit Agreement between Vesta Insurance Group, Inc. (the Borrower) and First Commercial Bank (the Lender) for a $30,000,000 revolving credit facility. It outlines the terms for borrowing, repayment, interest, security (a pledge of shares in Holdings), and various covenants and conditions. The agreement is a financial instrument focused on lending and borrowing, not on the transfer of insurance risk. It does not contain any terms related to reinsurance, retrocession, or risk transfer between insurers and reinsurers. Instead, it is a standard credit facility secured by company stock. Therefore, it falls under the category of financial guarantees and credit instruments, which are explicitly excluded from being considered reinsurance agreements.",False,,,,,
2003-775368-0000950123-03-009385-y88779exv10w1.txt,"The document is an Acquisition Agreement between Royal Group, Inc. and Alleghany Insurance Holdings LLC. It outlines the sale and purchase of the shares of Royal Specialty Underwriting, Inc. (RSUI), which is involved in underwriting and administering insurance and reinsurance coverages for several Royal Insurer Affiliates. While the agreement references several reinsurance-related documents such as the Quota Share Reinsurance Agreements, Administrative Services Agreements, and Claims Servicing Agreement, the core document itself is focused on the acquisition of a company and its assets, not on establishing a reinsurance contract. The agreement includes terms for the transfer of assets, representations and warranties, covenants, and conditions to closing, which are typical in acquisition agreements. Since the document is primarily an acquisition agreement and not a reinsurance contract, it does not meet the criteria for being classified as a reinsurance agreement.",False,,,,,
2003-883476-0000931763-03-001000-dex1023.htm,"The document is a Master Agreement between Freddie Mac and Crescent Bank & Trust Company (Crescent Mortgage) for the sale of mortgages. It outlines the terms under which Crescent can sell various types of mortgages (e.g., fixed-rate, adjustable-rate, balloon/reset) to Freddie Mac. The agreement includes provisions for special underwriting, pricing, delivery, and credit enhancement, such as pool insurance. The entire document revolves around the direct sale of mortgage loans from a lender to a government-sponsored enterprise (GSE), which is a core activity in the primary mortgage market.

This is a direct insurance contract (specifically, a mortgage purchase agreement), not a reinsurance agreement. Reinsurance involves an insurer (the ceding company) transferring portions of its insurance liabilities to another insurer (the reinsurer) to reduce risk. The entities involved here—Freddie Mac and a mortgage lender—are not insurers transferring risk between each other. Instead, Freddie Mac is purchasing mortgages to pool and securitize them, which is a function of the secondary mortgage market.

Therefore, the document is not a reinsurance agreement.",False,,,,,
2003-1171500-0000950123-03-009440-y89152exv10w4.txt,"The document is titled ""AGGREGATE EXCESS OF LOSS RETROCESSION AGREEMENT"" between Platinum Underwriters Reinsurance, Inc. (Retrocessionaire) and Mountain Ridge Insurance Company (Retrocedant). 

For `is_reinsurance`: This is explicitly a retrocession agreement, which is specifically listed in the criteria as a type of reinsurance agreement. Retrocession is reinsurance for reinsurers, and the document establishes a risk transfer relationship between the parties.

For `is_main_contract`: The document appears to be a complete agreement with standard reinsurance contract articles (definitions, cover, territory, premium, reports, etc.). It's not merely an amendment or modification but presents itself as the full retrocession agreement, with references to an underlying reinsurance agreement as Appendix I. It contains all principal terms needed to establish the reinsurance relationship.

For `is_obligatory`: The agreement is described as ""Whole Account Aggregate Excess of Loss"" which indicates it covers the entire book of business (a treaty) rather than specific individual risks. It covers ""100% of Aggregate Ultimate Net Loss paid by the Retrocedent under the Underlying Agreement,"" characteristic of obligatory reinsurance that transfers risk across an entire portfolio.

For `proportional_or_non_proportional`: The document is explicitly an ""Aggregate Excess of Loss"" agreement, which is specifically listed in the criteria as non-proportional reinsurance. It provides coverage for losses above a threshold (Funds Withheld Account), which is characteristic of non-proportional arrangements.

For `insurance_type`: The document references ""Ultimate Net Losses"" (a term more common in property and casualty insurance), is structured as an Aggregate Excess of Loss agreement (more common in Non-Life), and involves Platinum Underwriters which was primarily a property and casualty reinsurer. There are no life insurance-specific terms (mortality, longevity, annuities).

For `class_of_business`: Based on the ""Speed of Settlement Cover"" reference in the document title and the nature of Aggregate Excess of Loss reinsurance (which is particularly common in casualty lines where claims can take years to settle), the most appropriate classification is Casualty. The agreement appears designed to provide faster payment of claims, which aligns with casualty insurance needs.",True,True,True,non-proportional,Non-Life,Casualty
2003-1073615-0000950144-03-001979-g80694exv10w1.txt,"The document is an amendment to a contract between the Arizona Health Care Cost Containment System (AHCCCS) and Health Choice of Arizona, a healthcare contractor. It modifies capitation rates for the HIFA (Health Insurance for Adults) parents population, effective January 1, 2003. The mention of a ""$35,000 Reinsurance Deductible"" in the rate summary suggests that reinsurance may be part of the broader program, but this document itself does not establish or modify a reinsurance agreement. Instead, it is a rate adjustment under a government healthcare program contract. The document is an amendment to a direct healthcare services contract, not a reinsurance or risk transfer agreement between insurers or reinsurers. Therefore, it does not meet the definition of a reinsurance agreement. As such, all downstream classifications related to reinsurance contract type, obligatoriness, proportionality, insurance type, and class of business are not applicable.",False,,,,,
2003-773660-0000950134-03-012061-d08102exv10w78.txt,"The document is a Guaranty and Warranty Agreement made by UICI in favor of Lehman Brothers Bank, FSB (LBB). It guarantees the performance and payment obligations of Academic Management Services Corp. (the Seller) under a Master Repurchase Agreement related to Purchased Student Loans. The agreement ensures that UICI will cover certain financial obligations if the Seller fails to meet them, up to a specified limit.

This document does not involve the transfer of insurance risk from an insurer to a reinsurer. Instead, it is a financial guarantee supporting a repurchase agreement involving student loans. It secures payment obligations arising from a financing transaction, not from an insurance or reinsurance contract.

According to the classification criteria, financial guarantees and other agreements that secure payment obligations arising from insurance or reinsurance contracts are explicitly excluded from being considered reinsurance agreements. Even though the underlying assets involve student loans (which may relate to education or financial products), there is no indication of risk transfer typical of reinsurance. The document functions as a credit support mechanism in a repurchase agreement, not as a reinsurance or retrocession contract.

Therefore, this is not a reinsurance agreement. As a result, all subsequent fields related to reinsurance contract characteristics (main contract, obligatory, proportional/non-proportional, insurance type, class of business) must be set to 'None' since they only apply if the document is a reinsurance agreement.",False,,,,,
2003-718332-0000718332-03-000002-doc3.txt,"The provided document is a ""Third Amended and Restated Loan Agreement"" between Wells Fargo Bank and Pizza Inn, Inc. It outlines the terms for a loan, including revolving credit loans, a term loan, and a real estate loan. The document details the obligations, interest rates, repayment terms, covenants, and security arrangements related to the loan. It does not contain any provisions related to the transfer of insurance risk from one party to another, which is the fundamental characteristic of a reinsurance agreement. Instead, it is a financial instrument for lending money, which falls under the category of credit instruments. According to the provided criteria, credit instruments such as loans are explicitly not considered reinsurance agreements.",False,,,,,
2003-733269-0000733269-03-000001-ex10a.htm,"The document is a ""Second Amended and Restated Credit Agreement"" between ACXIOM CORPORATION and several financial institutions. It outlines the terms of a credit facility, including commitments, loans, interest rates, covenants, and other financial arrangements. The agreement involves lenders providing credit to the borrower, with an agent coordinating the arrangement.

This document is a credit agreement, which is explicitly listed as NOT being considered a reinsurance agreement. The document pertains to corporate financing and banking, not insurance or risk transfer between insurers and reinsurers. There is no mention of insurance policies, underwriting, claims, or any other elements related to reinsurance. Instead, it deals with loans, interest payments, collateral, and financial covenants typical of a credit facility.

Since the document is not a reinsurance agreement, the subsequent fields related to reinsurance contract characteristics (main contract, obligatory, proportional/non-proportional, insurance type, and class of business) are not applicable and should be set to None.",False,,,,,
2003-775368-0000950123-03-009385-y88779exv10w8.txt,"The document is titled ""QUOTA SHARE REINSURANCE AGREEMENT"" and is explicitly described as such in the metadata and throughout the text. It is a formal agreement between Landmark American Insurance Company (Cedent) and Underwriters Reinsurance Company (Reinsurer) for the cession and assumption of insurance liabilities. This clearly falls within the definition of a reinsurance agreement.

The agreement establishes the full terms of a reinsurance contract, including definitions, basis of reinsurance, premiums, accounting, administration, and termination. It is not merely an ancillary document like an endorsement or addendum. The recitals and Section 2.1 state that Cedent cedes 100% of Reinsured Liabilities to Reinsurer, indicating it is a main contract.

The reinsurance is described as a 100% quota share, which is a proportional form of reinsurance where the reinsurer takes a fixed percentage (here, all) of premiums and losses. This qualifies as proportional reinsurance.

The agreement is between property and casualty insurance companies (Landmark is described as an Oklahoma insurer, Reinsurer as a New Hampshire property and casualty insurer). The territory clause (Section 14.17) limits coverage to the U.S. and its possessions, and the context of the Acquisition Agreement involving RSUI (Royal Specialty Underwriting, Inc.) suggests specialty lines. The combination of property and casualty with specialty lines leads to the classification as ""Specialty"" class of business. Given the nature of the insurers and the lack of any indication of life insurance, the insurance type is Non-Life.

The agreement covers all risks in specific portfolios (RSUI-produced contracts) without individual selection, making it obligatory. There are no facultative elements mentioned.",True,True,True,proportional,Non-Life,Specialty
2003-915781-0000950134-03-004591-c75577a1exv10w14w3.txt,"The document is a ""Third Amendment to Credit Agreement"" between RTW, Inc. and U.S. Bank National Association. It amends an existing credit agreement by modifying definitions, financial covenants, and other terms related to borrowing and repayment. The document refers to financial metrics such as ""Consolidated Net Income"" and mentions reinsurance-related terms like ""loss portfolio transfer"" or ""adverse development cover reinsurance agreement"" only in the context of excluding certain fees from financial calculations. These references are incidental and do not indicate that the document itself is a reinsurance agreement.

The document is clearly a financial credit instrument—specifically an amendment to a loan agreement. According to the classification guidelines, bonds, loans, credit instruments, and similar financial agreements are explicitly **not** considered reinsurance agreements, even if they reference reinsurance activities.

Therefore, this document is not a reinsurance agreement, nor is it a main contract or ancillary agreement related to reinsurance. As a result, all downstream fields (is_main_contract, is_obligatory, etc.) must be set to None.",False,,,,,
2003-1065201-0000950131-03-002955-dex1017.txt,"The document is a reinsurance placement slip titled ""FIRST EXCESS CASUALTY REINSURANCE AGREEMENT"" between Professionals Direct Insurance Company and AmerInst Insurance Company, Ltd. It outlines the terms of reinsurance coverage for Lawyers Professional Liability, including retention, limits, exclusions, premium, and clauses typical of reinsurance contracts. This constitutes a reinsurance agreement under the provided definition, specifically an excess of loss reinsurance contract.

The placement slip contains all principal terms of the reinsurance agreement, including coverage, limits, premium, territory, and conditions. As such, it qualifies as a main contract under the criteria, as placement slips with full terms are considered main contracts.

The agreement is an excess of loss treaty covering a defined class of business (lawyers' professional liability), and it applies to all policies in the specified portfolio, making it an obligatory reinsurance agreement.

The structure of the reinsurance—$500,000 in excess of $500,000—is clearly non-proportional, as it involves a fixed layer of coverage above a retention, which is characteristic of Excess of Loss contracts.

The underlying insurance is Lawyers Professional Liability, which is a form of liability insurance and thus falls under Non-Life insurance. The class of business is Specialty, as professional liability for lawyers is typically categorized under Specialty lines in reinsurance.",True,True,True,non-proportional,Non-Life,Specialty
2003-775368-0000950123-03-012605-y91281exv10w5.txt,"The document titled ""List of Contents of Exhibits and Schedules to the RIC (Landmark) Administrative Services Agreement"" appears to be an exhibit to a larger agreement, specifically an Administrative Services Agreement. The listed exhibits and schedules reference reports and reinsurance security guidelines, and mention ""Administrator"" and third-party assignments, suggesting it relates to administrative oversight or management services. However, the document itself does not establish a reinsurance contract. It does not contain the terms of a reinsurance agreement, nor does it transfer insurance risk. Instead, it outlines administrative reporting and security guidelines, likely in support of a reinsurance arrangement. Therefore, it is ancillary and not a reinsurance agreement itself. Since it is not a reinsurance agreement, all subsequent reinsurance-specific classification fields must be set to None.",False,,,,,
2003-925600-0000925600-03-000013-doc12.txt,"The document is a Consulting Agreement between Goran Capital Inc. and Granite Reinsurance Company Ltd. (the ""Companies"") and AGS Capital Ltd. (the ""Consultant""). The agreement outlines the provision of consulting services by the Consultant to the Companies, particularly in relation to managing litigation, assisting in the run-off of crop insurance operations, and restructuring trust preferred securities. The Consultant is to be compensated annually and may receive bonuses tied to successful outcomes of specific projects.

Although Granite Reinsurance Company Ltd. is a party to the agreement and the Companies are described as being engaged in insurance and reinsurance, the agreement itself does not establish a reinsurance contract. Instead, it is a service agreement for consulting services. It does not transfer risk, set reinsurance terms, or define ceding, coverage, or claims handling typical of reinsurance agreements. It is not a treaty, slip, proposal, or any form of risk transfer instrument.

Therefore, this document is not a reinsurance agreement. It is a consulting or service agreement, which falls under the category of ancillary or non-reinsurance agreements as per the classification criteria. Since it is not a reinsurance agreement, all downstream fields related to reinsurance contract characteristics must be set to 'None'.",False,,,,,
2003-1041665-0000950159-03-000240-exhibit10-30.htm,"The document is explicitly titled ""FIRST AMENDMENT TO LETTER OF CREDIT AGREEMENT"" and describes amendments to a Credit Agreement between PMA CAPITAL CORPORATION (identified as the ""Applicant""), Co-Applicants, and Fleet National Bank (acting as Agent and Issuing Bank). The document contains standard provisions for a letter of credit agreement including definitions, removal of Caliber One Indemnity Company as a Material Subsidiary, ratification clauses, governing law, and execution details.

According to the provided classification criteria, ""Letters of credit"" are specifically listed under documents that are NOT considered reinsurance agreements. While the document does mention ""High Mountain Reinsurance, Ltd."" as one of the signatories, this merely indicates that a reinsurance company is a party to the agreement, not that the agreement itself is a reinsurance contract. The document is fundamentally a financial instrument (letter of credit) rather than a risk transfer agreement between insurers and reinsurers.

Since this is not a reinsurance agreement at all, all subsequent classification fields should be set to None as they only apply to actual reinsurance agreements.",False,,,,,
2003-1063574-0001015402-03-001823-doc36.txt,"The document is a Revolving Credit Agreement dated January 31, 2003, among WKI Holding Company, Inc., the lenders party to the agreement, and JPMorgan Chase Bank, acting as Administrative Agent and Collateral Agent. The agreement outlines the terms for a revolving credit facility, including commitments, loans, borrowings, interest rates, fees, representations and warranties, covenants, events of default, and other standard provisions related to a credit facility.

This document is a credit agreement, which is a financial instrument for borrowing funds. According to the provided definitions, reinsurance agreements include reinsurance and retrocession contracts, Reinstatement Premium Protection contracts related to reinsurance, Capital Maintenance agreements, Loss Portfolio Transfers, and other documents that modify existing reinsurance agreements. The list of documents that are not reinsurance agreements explicitly includes bonds, loans, and credit instruments.

Since this is a credit agreement for a revolving loan facility, it falls under the category of a loan or credit instrument. Therefore, it is not a reinsurance agreement.

As it is not a reinsurance agreement, all subsequent fields related to reinsurance characteristics (is_main_contract, is_obligatory, proportional_or_non_proportional, insurance_type, class_of_business) are not applicable and must be set to None.",False,,,,,
2003-886982-0000950123-03-004051-y85129exv10w1.htm,"The document provided is ""The Goldman Sachs Amended and Restated Stock Incentive Plan,"" which outlines a stock-based employee compensation program. It details the issuance of various equity awards such as stock options, restricted stock units (RSUs), stock appreciation rights (SARs), and other incentive instruments to employees, directors, and consultants of The Goldman Sachs Group, Inc. The plan governs the terms under which these awards are granted, exercised, and settled.

This document is not a reinsurance agreement. It does not involve the transfer of insurance risk from one insurer to another, nor does it reference any insurance or reinsurance contracts, retrocessions, risk-sharing mechanisms, or related insurance industry instruments. Instead, it is a corporate compensation plan related to equity incentives.

Because the document is unrelated to reinsurance or insurance risk transfer, all subsequent classification fields that pertain to reinsurance characteristics (such as whether it is a main contract, obligatory, proportional, etc.) are not applicable.",False,,,,,
2003-775368-0000950123-03-009385-y88779exv10w4.txt,"The document is titled ""QUOTA SHARE REINSURANCE AGREEMENT"" and is explicitly structured as a reinsurance contract between Royal Indemnity Company (Cedent) and Underwriters Reinsurance Company (Reinsurer). It contains standard reinsurance provisions such as cession of risk (Section 2.1), premium payments (Article III), accounting and settlement (Article V), and collateralization (Article IX). The agreement involves a 100% quota share of reinsurance liabilities, meaning the reinsurer assumes all risk related to the specified insurance contracts.

This qualifies as a reinsurance agreement under the provided criteria, specifically falling under ""Quota Share"" contracts, which are explicitly listed as proportional reinsurance. It is a main contract because it establishes the full reinsurance relationship and contains all principal terms (e.g., scope of coverage, payment obligations, duration, collateral). The contract is obligatory because it automatically reinsures all policies produced by RSUI under Cedent's name on or after the effective date, covering an entire portfolio rather than individual risks.

The reinsurance is proportional because it is a 100% quota share, where the reinsurer takes a fixed share of all premiums, losses, and expenses. The underlying business is property and casualty insurance, as Cedent is described as a ""property and casualty insurance company"" and the contracts are written in the U.S. and its territories (Section 14.17). The class of business is ""Specialty,"" as RSUI is referenced as ""Royal Specialty Underwriting, Inc."" and the agreement stems from an acquisition involving specialty underwriting assets. Therefore, the primary class of business is Specialty within the Non-Life category.",True,True,True,proportional,Non-Life,Specialty
2003-804328-0000936392-03-000045-a87070exv10w54.txt,"The document is an Amended and Restated Common Agreement among several Mexican telecommunications companies and financial institutions, primarily concerning credit facilities, security interests, and conditions related to financing. The agreement outlines provisions for debt repayment, liens, financial covenants, and events of default, and involves collateral agents, administrative agents, and intercreditor arrangements. It is a financial and credit agreement, not related to insurance or reinsurance. The terms and structure are typical of loan and security agreements in a corporate financing context, with no mention of risk transfer between insurers or reinsurers, retrocession, or any insurance-related mechanisms. Therefore, it is not a reinsurance agreement.",False,,,,,
2003-877355-0001002105-03-000202-ex101.htm,"The provided document is a ""Revolving Credit Agreement"" dated November 6, 2003, between LandAmerica Financial Group, Inc. (the Borrower), various lenders, and SunTrust Bank (as Administrative Agent). This agreement outlines a credit facility for borrowing funds, including terms related to loans, interest rates, fees, covenants, and conditions for default.

The document explicitly mentions that the purpose of the agreement is to establish a $200,000,000 revolving credit facility for the Borrower. It details provisions for revolving loans, swingline loans, letters of credit, and associated financial covenants. Additionally, the agreement includes representations and warranties, affirmative and negative covenants, events of default, and other standard clauses typical of a credit or loan agreement.

While the document references insurance subsidiaries (e.g., Commonwealth Land Title Insurance Company, Lawyers Title Insurance Corporation, Transnation Title Insurance Company) and includes representations related to reinsurance in Section 4.17, the core nature of the document is a financial credit arrangement, not a reinsurance contract. The mention of reinsurance pertains to the business operations of the Borrower’s subsidiaries and does not constitute the document itself being a reinsurance agreement.

According to the classification criteria, reinsurance agreements include contracts that transfer risk from insurers to reinsurers, retrocession agreements, and related risk transfer instruments. In contrast, financial instruments such as credit agreements, loans, and bonds (except for Insurance Linked Securities like catastrophe bonds) are explicitly excluded from being classified as reinsurance agreements.

Since this document is a credit agreement and not a risk transfer instrument between insurers and reinsurers, it does not meet the definition of a reinsurance agreement.",False,,,,,
2003-865937-0001021408-03-005175-dex109.txt,"This document is a commercial real estate loan agreement between Catellus Development Corporation (Borrower) and Teachers Insurance and Annuity Association of America (Lender). The agreement details a $166,880,000 loan for financing various real estate properties, with specific terms for disbursement, repayment, property releases, and substitutions.

Key indicators that this is not a reinsurance agreement:
1. The document is explicitly titled ""LOAN AGREEMENT (POOL B)"" and structured as a standard commercial loan with principal, interest, and repayment terms
2. It references a Promissory Note, Mortgages on properties as collateral, and standard loan covenants
3. It contains detailed provisions about property releases, substitutions, and disbursement schedules for real estate development
4. The lender happens to be an insurance company (Teachers Insurance and Annuity Association), but this doesn't make the agreement itself a reinsurance contract
5. There is no mention of risk transfer between insurers, ceding companies, reinsurers, or any standard reinsurance terminology
6. The Letter of Credit section (Section 3.4) is explicitly listed in the criteria as NOT being a reinsurance agreement

According to the classification criteria provided, ""Bonds, loans and credit instruments except for Catastrophe Bonds and other Insurance Linked Securities"" are NOT considered reinsurance agreements. This document falls squarely into the category of a standard commercial loan agreement, not a reinsurance contract.",False,,,,,
2003-913144-0000950136-03-000745-file002.txt,"The document is an employment agreement between RenaissanceRe Holdings Ltd. and James N. Stanard, outlining the terms of his employment as Chief Executive Officer and Chairman of the Board. It includes provisions on compensation, duties, termination, non-competition, and indemnification. There is no mention of risk transfer between insurers, ceding of insurance liabilities, or any reinsurance-specific terms such as ceded premiums, retention limits, or reinsurance coverage. Instead, the document pertains solely to executive employment terms.

Based on the definitions provided, reinsurance agreements involve contracts where one insurer (the reinsurer) assumes part of the risk from another insurer (the ceding company). This document does not meet that definition. It is not a reinsurance treaty, retrocession, portfolio transfer, or any other form of risk transfer agreement. It is also not an ancillary document modifying a reinsurance contract.

Therefore, the document is not a reinsurance agreement. As a result, all subsequent classification fields (is_main_contract, is_obligatory, etc.) must be set to None, as they only apply if the document is a reinsurance agreement.",False,,,,,
2003-910110-0000950159-03-000649-exhibit10-1.txt,"The document is titled ""CERTIFIED TERRORISM LOSS AGGREGATE QUOTA SHARE REINSURANCE AGREEMENT"" and explicitly establishes a reinsurance relationship between Penn America Insurance Company and Penn-Star Insurance Company (collectively, the ""Company"") and American Re-Insurance Company (the ""Reinsurer""). It outlines the terms under which the Reinsurer assumes 80% of the Company's Aggregate Ultimate Net Loss arising from insured losses under the Terrorism Risk Insurance Act of 2002. This constitutes a transfer of risk from the insurer to the reinsurer, which is the defining feature of a reinsurance agreement. The document contains standard reinsurance clauses such as Business Reinsured, Reinsurance Limits, Premium, Reports and Remittances, and Insolvency, confirming its nature as a reinsurance contract.

The agreement establishes a full reinsurance contract with all principal terms, including the parties, the business reinsured, the reinsurance limit, premium calculation, and reporting obligations. Therefore, it is a main contract and not merely an ancillary agreement.

The reinsurance is obligatory because it covers an 80% Quota Share of all eligible terrorism losses arising from policies written during the agreement term across specified lines of business, without requiring individual underwriting approval for each risk. This automatic, portfolio-wide risk transfer is characteristic of an obligatory treaty.

The agreement is explicitly a ""Quota Share"" reinsurance, which is a form of proportional reinsurance. The reinsurer participates in 80% of the premiums and 80% of the losses, which is the hallmark of a proportional arrangement.

The underlying insurance policies reinsured are not life insurance policies. The exclusions and business descriptions (e.g., property risks, liability business, Workers' Compensation, automobile liability) are all characteristic of property and casualty insurance, which falls under Non-Life insurance.

The primary coverage is for terrorism-related losses, which are typically embedded within standard Property and Casualty policies. The agreement specifically covers losses under ""all lines of business"" to which the Terrorism Risk Insurance Act applies, which includes both property damage and liability claims arising from terrorist acts. Given the broad nature of terrorism risk, which impacts physical assets (Property) and legal liabilities (Casualty), and the fact that the agreement is structured as an aggregate quota share covering ""all lines of business,"" the most accurate classification is ""Multi-Line,"" as it inherently combines both property and casualty elements.",True,True,True,proportional,Non-Life,Multi-Line
2003-1026655-0000950152-03-003766-l99239aexv10w5.txt,"The document is a Loan Agreement between Core Materials Corporation and KeyBank, National Association. It outlines the terms of a $7,500,000 revolving loan, including repayment terms, interest rates, security interests, covenants, and default provisions. The document explicitly refers to a promissory note, security agreements, mortgages, and other loan-related instruments. It also references ancillary financing arrangements such as a sale/leaseback, operating lease, and a standby letter of credit, but the primary subject is a loan facility.

This document is not a reinsurance agreement. According to the provided classification rules, reinsurance agreements include retrocession agreements, loss portfolio transfers, catastrophe bonds for risk transfer, and similar instruments. In contrast, the document is clearly a credit facility and falls under the category of ""bonds, loans and credit instruments,"" which are explicitly excluded from being considered reinsurance agreements unless they are Catastrophe Bonds or Insurance Linked Securities with risk transfer objectives—neither of which applies here.

Since it is not a reinsurance agreement, all subsequent fields that depend on reinsurance classification (is_main_contract, is_obligatory, proportional_or_non_proportional, insurance_type, class_of_business) must be set to None.",False,,,,,
2003-1044566-0000950137-03-002911-c77138exv10w1.txt,"The document is titled ""SURETY EXCESS OF LOSS REINSURANCE CONTRACT"" and explicitly refers to itself as a ""Contract"" throughout. It involves Western Surety Company and affiliated entities (the ""Company"") and Continental Casualty Company (the ""Reinsurer""), with mutual obligations to reinsure and accept reinsurance. These facts confirm this is a reinsurance agreement. Specifically, it is an excess of loss reinsurance contract covering surety bonds—clearly falling within the definition of a reinsurance agreement.

The document sets out the full terms of the reinsurance, including scope, business covered, retention and liability limits, premium, claims handling, and other standard contractual provisions. It is not merely an amendment or ancillary document, but a full contract. Therefore, it qualifies as a main contract.

The reinsurance applies to all surety business written or renewed during the term by the Company that meets the criteria in the contract (excess of $100 million retention). It does not require individual underwriting approval per risk. This automatic coverage of a defined portfolio indicates it is an obligatory reinsurance agreement.

The structure is clearly non-proportional: it covers losses in excess of a retention ($100 million) up to a limit ($50 million), which is characteristic of excess of loss (XOL) reinsurance, a classic non-proportional form.

The underlying insurance is surety bonds. Surety is a form of casualty insurance, which falls under Non-Life insurance. The class of business for surety is typically categorized under ""Specialty"" lines within Non-Life insurance.",True,True,True,non-proportional,Non-Life,Specialty
2003-947577-0000921895-03-000661-ex103to10k_06302003.htm,"The document is a Credit Agreement between NUCO2 INC. and various lenders, with BNP Paribas acting as the Administrative Agent. The agreement details the terms for various types of loans (A Term Loans, B Term Loans, Revolving Loans, and Swingline Loans), letters of credit, fees, and other financial arrangements. It includes provisions for interest rates, repayment schedules, covenants, and events of default.

The document is clearly a credit agreement, which is a financial instrument for lending money. According to the provided criteria, reinsurance agreements include reinsurance and retrocession contracts, Reinstatement Premium Protection contracts, Capital Maintenance agreements, Loss Portfolio Transfer, Adverse Development Cover, Reinsurance To Close, Portfolio Transfers in connection to mergers, acquisitions, sales, Catastrophe Bonds, Insurance pooling agreements, and government insurance schemes. The document does not contain any of these elements.

The document is also not ancillary to a reinsurance agreement. It is a standalone credit agreement that establishes a lending relationship, not a risk transfer mechanism between insurers or reinsurers.

Since the document is a credit agreement and does not involve any reinsurance or risk transfer activities, it does not meet any of the criteria for being classified as a reinsurance agreement.",False,,,,,
2003-276380-0001047469-03-011280-a2107194zex-10_15.txt,"The document is titled ""Renewal Rights and Assumption Reinsurance Agreement"" and involves the transfer of renewal rights and the assumption of insurance policies from South Carolina Insurance Company and Catawba Insurance Company (collectively SBG) to The Hartford Fire Insurance Company. The agreement explicitly references ""assumption reinsurance"" in Article IV, under which SBG cedes, assigns, transfers, and sells the Assumed Policies to Hartford, and Hartford accepts and assumes them via assumption reinsurance. This creates a novation, relieving SBG of future liabilities and substituting Hartford as the obligor, which is a hallmark of reinsurance agreements, specifically assumption reinsurance.

The document establishes a full reinsurance arrangement through assumption reinsurance, which qualifies as a reinsurance agreement under the provided definition. It is not merely an ancillary agreement (such as an endorsement or amendment), but rather a comprehensive agreement that transfers risk and liability, thus qualifying as a main contract.

The agreement includes both renewal rights (which relate to future policies) and assumption reinsurance (which transfers existing policies). The assumption reinsurance component constitutes a full transfer of risk and liability, making this an obligatory reinsurance agreement because it involves a portfolio of policies (the WYO Flood Business Book) and not just individual facultative risks.

Regarding the nature of the reinsurance, the agreement does not specify proportional or non-proportional terms. However, assumption reinsurance typically involves a novation where the assuming company takes over the entire liability of the ceding company, which is characteristic of non-proportional reinsurance (as it is not based on a shared percentage of premiums and losses, but rather a full transfer of policy liabilities). There is no mention of quota share, surplus, or other proportional mechanisms. Therefore, it is classified as non-proportional.

The underlying insurance is flood insurance, which falls under property coverage, and property insurance is part of Non-Life insurance. The class of business is Property, as flood insurance is a type of property insurance.",True,True,True,non-proportional,Non-Life,Property
2003-711039-0000891618-03-004296-f91666exv10w4.txt,"The document is a ""Second Amendment Agreement"" to a Receivables Loan and Security Agreement (RLSA). It amends various definitions and provisions related to a loan facility involving Maxtor Funding LLC, Maxtor Corporation, Merrill Lynch Commercial Finance Corp., and Radian Reinsurance Inc., which is referred to as the ""Facility Insurer."" The Facility Insurer provides credit enhancement for the loan facility, not risk transfer in the form of reinsurance. The agreement pertains to secured lending and receivables financing, not the transfer of insurance risk.

Although Radian Reinsurance Inc. is a party, its role here is as a credit insurer or guarantor of payment obligations under a financing arrangement, not as a reinsurer assuming insurance risk from an insurer. Such financial guarantees and credit enhancement instruments are explicitly excluded from the definition of reinsurance agreements.

Therefore, this document is not a reinsurance agreement. It is an amendment to a secured loan agreement with a credit insurance component. As such, all downstream classifications (main contract, obligatory, etc.) are not applicable.",False,,,,,
2003-1122211-0001169232-03-002580-d54969_ex10-77.txt,"The document is a letter confirming an understanding between National Indemnity Company (NICO) and Trenwick Managing Agents Limited regarding NICO's participation in Syndicate 839's 2003 Year of Account (YOA) at Lloyd's. It outlines two key reinsurance arrangements:

1. An option amendment for aviation business stamp capacity: This involves NICO providing stamp capacity for aviation business, but the terms are structured around an option that can be called under specific conditions. This is not a definitive reinsurance contract but rather a modification of an option agreement.

2. A Limited Liability Quota Share (LLQS) via Acorn Corporate Capital Limited (Acorn) for non-aviation business: This is explicitly a proportional reinsurance arrangement (Quota Share) where Acorn, through Syndicate 2750, provides £13.1 million of stamp capacity. The terms are defined, including retention and loss payment structure, and mirror the 2002 LLQS with adjusted profit commission and expense terms.

The document references definitive agreements being subject to final contract wordings and requires countersignature, indicating it is not yet fully executed. However, it contains principal terms of a reinsurance contract (LLQS), particularly for the non-aviation portion.

- It is a reinsurance agreement because it establishes a Quota Share reinsurance mechanism (proportional) for Syndicate 839’s non-aviation business.
- The document includes both an ancillary agreement (amendment to an option) and a main contract component (LLQS with defined terms), so it qualifies as a main contract.
- The LLQS is part of a broader syndicate participation and covers a portfolio of non-aviation business, making it an obligatory reinsurance agreement (covers a class of business, not named risks).
- The structure is clearly proportional (Quota Share), with a defined premium limit and proportional loss sharing above a retention.
- The business is non-life, as it relates to Syndicate 839’s general insurance operations at Lloyd’s.
- The class of business is ""Multi-Line"" because it covers non-aviation business broadly, which likely includes multiple lines (property, casualty, specialty), and the document excludes aviation as a separate segment.",True,True,True,proportional,Non-Life,Multi-Line
2003-822416-0000950124-03-003436-k80549exv10w1.txt,"The document provided is a Credit Agreement between Pulte Homes, Inc., as the borrower, and several lenders, with Bank One, NA, serving as the administrative agent. The agreement outlines the terms for a senior revolving credit facility with a total commitment of up to $850 million, which can be increased to $1 billion under certain conditions. This document is fundamentally a financial instrument that governs the lending of money, not a reinsurance agreement.

Reinsurance agreements are contracts between insurers or reinsurers where risk is transferred from one insurer to another. The key characteristics of reinsurance contracts include the transfer of insurance risk, the sharing of premiums, and the sharing of losses. The document in question does not involve the transfer of insurance risk or the sharing of insurance-related premiums or losses. Instead, it involves a direct loan from lenders to a borrower with clearly defined repayment terms, interest rates, and collateral arrangements.

Furthermore, the document explicitly references financial instruments such as ""Revolving Loans,"" ""Swingline Loans,"" and ""Facility LCs"" (Letters of Credit), which are typical in credit agreements but not in reinsurance agreements. The document also discusses financial covenants, interest calculations, and repayment schedules, all of which are standard in credit agreements but not in reinsurance contracts.

Given that the document is a credit agreement and not a reinsurance agreement, it does not meet the criteria for any of the reinsurance classifications provided in the prompt. Therefore, the document is not a reinsurance agreement, and none of the subsequent fields related to reinsurance characteristics are applicable.",False,,,,,
2003-890926-0000928385-03-000751-dex109.txt,"The document is an amendment to the Radian Group Inc. Pension Plan, which is a retirement plan for employees. It outlines changes to benefit calculations, distribution rules, definitions, and participating employers. The document is clearly related to employee benefits and pension plan administration, not to risk transfer between insurers and reinsurers. 

Pension plans, while involving long-term financial commitments and risk management, are direct arrangements between an employer and its employees or retirees, and do not constitute reinsurance agreements. They are not transferring insurance risk from one insurer to another, nor do they involve retrocession, catastrophe bonds, or any other form of reinsurance mechanism.

Therefore, this document is not a reinsurance agreement. As a result, all subsequent fields that depend on the document being a reinsurance agreement must be set to None.",False,,,,,
2003-945094-0001047469-03-018187-a2111037zex-10_7.txt,"The document is titled ""Modified Coinsurance Agreement"" and is explicitly described as a reinsurance agreement between two life insurance companies, GLENBROOK and ALLSTATE. It references an ""Original Reinsurance Agreement"" from 1993 and states that this document replaces and supersedes it, incorporating all prior amendments. Modified coinsurance is a form of reinsurance commonly used in the life insurance industry, where the reinsurer assumes a share of the liability and receives a share of the premiums, while the ceding company retains the policy assets.

The agreement establishes the terms under which GLENBROOK cedes its net liability for certain life insurance and annuity policies to ALLSTATE on a 100% modified coinsurance basis. It includes standard reinsurance provisions such as settlement of premiums and benefits, reserve adjustments, tax matters, insolvency provisions, arbitration, and termination. The agreement applies automatically to eligible policies, indicating it is obligatory in nature.

The document is a restatement and replacement of the original reinsurance contract, incorporating all prior amendments. As such, it constitutes a full and complete reinsurance contract, not merely an ancillary or modifying document. Therefore, it qualifies as a main contract.

The reinsurance is on a modified coinsurance basis, which is a form of proportional reinsurance used in life insurance. The reinsurer assumes a proportional share of the premiums, benefits, and reserves. The agreement does not exhibit features of non-proportional reinsurance such as excess layers or stop-loss triggers. Therefore, it is classified as proportional.

The policies covered include variable life insurance and variable annuity contracts, which are life insurance products. Therefore, the insurance type is Life. The class of business for variable life and annuity products falls under ""Other Life,"" as these are financial-oriented life insurance products that do not neatly fit into Mortality or Longevity categories.",True,True,True,proportional,Life,Other Life
2003-916085-0001047469-03-018109-a2110562zex-10_3.htm,"The document is a Network Access Agreement between Health Net Life Insurance Company (HNL) and SafeHealth Life Insurance Company. Its purpose is to provide SafeHealth with continued access to HNL's network of dental providers after a purchase and sale transaction. The agreement outlines how HNL will use commercially reasonable efforts to allow SafeHealth's subscribers access to dental providers under existing contracts, but it does not involve the transfer of insurance risk, ceding of premiums, or sharing of losses—key characteristics of reinsurance.

Although the document references an ""Assumption and Indemnity Reinsurance Agreement"" in the definitions section, this Network Access Agreement itself governs provider network access and administrative cooperation, not risk transfer between insurers. It focuses on operational logistics such as claims processing, credentialing, provider communications, and payment responsibilities for dental services rendered to subscribers.

This is not a reinsurance agreement because it lacks risk transfer, does not involve indemnification for insurance losses, and does not structure how one insurer assumes liability for the insurance liabilities of another. Instead, it is a service and access agreement related to healthcare provider networks.

Therefore, the document is not a reinsurance agreement, and all downstream classifications (main contract, obligatory, proportional, etc.) are inapplicable.",False,,,,,
2003-921082-0001193125-03-030626-dex10.htm,"The document provided is an Amended and Restated Credit Agreement, which is a financial contract between borrowers (Highwoods Properties, Inc., and related entities) and lenders (a group of banks led by Bank of America, N.A.). The agreement outlines the terms for a $250 million credit facility, including revolving loans, swingline loans, and letters of credit. It details covenants, representations, conditions for borrowing, and other provisions typical of a corporate credit agreement.

This document is clearly not a reinsurance agreement. It does not involve the transfer of insurance risk from one insurer (the ceding company) to another (the reinsurer). Instead, it is a loan agreement for corporate financing. The document is also not related to insurance in any way; it pertains to real estate investment and development, as indicated by the borrowers' business activities. Therefore, all subsequent fields related to reinsurance characteristics are not applicable.",False,,,,,
2003-923603-0000950134-03-011865-d08271exv10w31.txt,"The document is a Loan Facility Agreement between several entities and JPMorgan Chase Bank. It outlines the terms and conditions for a $200,000,000 loan, including interest rates, repayment terms, fees, collateral, and conditions for advances and prepayments. The agreement involves the use of properties as collateral, with detailed provisions for cash management, insurance, and conditions for release or substitution of collateral.

According to the provided criteria, reinsurance agreements include specific types of contracts such as reinsurance agreements, retrocession agreements, Reinstatement Premium Protection contracts, Capital Maintenance agreements, and others that pertain to risk transfer from insurance to reinsurance. This document is fundamentally a loan agreement, not a reinsurance or retrocession contract. It does not establish a risk transfer mechanism typical of reinsurance but rather a financial loan with real estate collateral.

Given that the document is a loan agreement and does not involve the transfer of insurance risk from one insurer to another, it does not meet the definition of a reinsurance agreement. Therefore, it is not a reinsurance agreement.

Since it is not a reinsurance agreement, the subsequent fields regarding whether it is a main contract, obligatory, proportional or non-proportional, insurance type, and class of business are not applicable and should be marked as None.",False,,,,,
2003-230557-0000950123-03-009293-y89162exv10w2.txt,"The document is an amendment to a promissory note and a letter agreement related to a revolving line of credit between State Street Bank and Trust Company and Selective Insurance Company of America and Selective Insurance Group, Inc. It modifies the terms of a loan facility, including reducing the credit line amount, extending the maturity date, adjusting interest rate terms, and revising financial covenants. The document pertains to a credit arrangement and does not involve the transfer of insurance risk from one insurer to another. Although it references insurance subsidiaries and regulatory capital, it is fundamentally a financial loan agreement. Therefore, it does not meet the definition of a reinsurance agreement. It is a financial instrument, specifically a loan amendment, which falls under the category of credit instruments and is explicitly excluded from being a reinsurance agreement.",False,,,,,
2003-1045829-0001045829-03-000009-exhibit10_6.txt,"The document is a contract amendment between the Arizona Health Care Cost Containment System (AHCCCS) and VHS Phoenix Health Plan, Inc. It modifies the capitation rates for the HIFA Parents population under an existing healthcare contract, effective January 1, 2003. The amendment adjusts payment rates for healthcare services based on enrollee demographics and notes that rates are adjusted for a $50,000 reinsurance deductible. However, this document does not establish a reinsurance agreement itself. Instead, it is a modification to a direct healthcare service contract involving capitated payments for medical coverage. The reference to a ""reinsurance deductible"" may indicate that reinsurance is used internally by the contractor, but the agreement itself is not a reinsurance or retrocession contract. It is also not a document that renews, amends, or modifies a reinsurance agreement directly. Rather, it pertains to a direct insurance or managed care arrangement with a government healthcare program. Therefore, it falls under the category of a direct insurance contract, which is explicitly excluded from being a reinsurance agreement.",False,,,,,
2003-1001604-0001001604-03-000002-exhibit10732.txt,"The provided document is a Loan Agreement between General Electric Capital Corporation, as the lender, and several limited liability companies collectively referred to as Borrowers. The agreement outlines the terms for a loan of up to $65,000,000 to finance senior housing facilities. Key elements of the agreement include the loan amount, interest rate, repayment terms, security interests (via mortgages and assignments of leases), representations and warranties, affirmative and negative covenants, events of default, and other standard loan agreement provisions.

The document is explicitly structured as a loan agreement, with defined terms such as ""LOAN,"" ""LENDER,"" ""BORROWER,"" ""NOTES,"" ""MORTGAGES,"" and ""LOAN DOCUMENTS."" It details financial obligations, collateral, and conditions precedent to funding. There is no mention of risk transfer between insurance entities, ceding of insurance liabilities, or any other elements characteristic of reinsurance. Instead, the document pertains to secured lending for real estate used in senior housing.

Given the definitions provided, reinsurance agreements involve risk transfer between insurers or reinsurers. This document does not involve insurance or reinsurance but rather a commercial loan secured by real property. Therefore, it does not meet the criteria for being classified as a reinsurance agreement.",False,,,,,
2003-3906-0000950133-03-001897-w85266exv10w31.txt,"The document is a Note Agreement for the issuance of $153,000,000 5.45% Senior Notes and $147,000,000 6.05% Senior Notes by Allied Capital Corporation. It outlines the terms of the debt issuance, including interest rates, payment schedules, covenants, events of default, and other conditions related to the notes. The document is clearly a financing agreement involving corporate debt securities.

The document does not contain any provisions related to the transfer of insurance risk, reinsurance, retrocession, or any similar risk-sharing arrangement between insurers or reinsurers. Instead, it is a standard private placement note agreement between a corporation and institutional investors (including several life and annuity insurance companies). The inclusion of insurance companies as purchasers does not transform the agreement into a reinsurance contract.

Furthermore, the agreement includes typical debt covenant provisions such as limitations on debt, interest coverage ratios, capital maintenance (Section 5.6), and reporting requirements—none of which pertain to reinsurance operations. The term ""reinsurance"" appears only in the signatory capacity of ""Employers Reinsurance Corporation"" and ""Swiss Re Life & Health America, Inc."", indicating they are investors, not parties to a reinsurance arrangement.

Therefore, this document is a corporate debt financing instrument, not a reinsurance agreement.",False,,,,,
2003-97196-0000097196-03-000003-convey101.htm,"The document is a General Conveyance and Assignment and Assumption Agreement involving the transfer of assets and liabilities from Voorhees Holdings and Olde City Holdings to Voorhees LLC, in exchange for membership interests and a cash contribution. While it references reinsurance treaties (e.g., ""Reinsurance Placing Slip No. 900404-02"" from Standard Security Life Insurance Company of New York) in Schedule 1.3(a), the primary purpose of this agreement is the corporate restructuring and asset transfer between entities, not the establishment of a reinsurance contract. The agreement includes contingent payment obligations tied to profit commissions from reinsurance treaties, but it does not itself constitute a reinsurance agreement. Instead, it is a transactional document facilitating the transfer of business assets, including rights under existing reinsurance arrangements, as part of a corporate reorganization.

The document does not establish the terms of reinsurance coverage, cede risks, or define treaty conditions such as limits, retentions, or premiums. Rather, it assumes the existence of prior reinsurance contracts and deals with the assignment of rights and obligations under them. Therefore, while it is related to reinsurance, it is not itself a reinsurance agreement.",False,,,,,
2003-900423-0001047469-03-010928-a2106476zex-10_7.txt,"The document is titled ""Modified Coinsurance Agreement"" and is explicitly described as a reinsurance agreement between Glenbrook Life and Annuity Company and Allstate Life Insurance Company. It references an ""Original Reinsurance Agreement"" and states that this document replaces and supersedes it, confirming the reinsurance nature of the agreement. Modified coinsurance is a well-known form of reinsurance in the life insurance industry, where the reinsurer assumes liability and receives premiums, while the ceding company retains the policy assets. This confirms it is a reinsurance agreement.

The document establishes the full terms of the reinsurance arrangement, including definitions, basis of reinsurance, liability, settlement, tax matters, reserve adjustments, and termination. It replaces the prior agreement and is not merely an amendment or ancillary document. Therefore, it qualifies as a main contract.

The agreement applies automatically to all eligible policies (variable life and annuity contracts) that meet the criteria in Exhibit A. The phrase ""GLENBROOK will automatically reinsure"" and the lack of underwriting discretion indicate that this is an obligatory reinsurance arrangement, as it covers all policies in a defined class without case-by-case approval.

Modified coinsurance is a form of proportional reinsurance, where the reinsurer assumes a proportional share of the premiums, benefits, and reserves. The settlement mechanics — including quarterly payments of gross premiums, benefit allowances, and reserve adjustments — are consistent with proportional reinsurance. There is no indication of excess layers or non-proportional risk transfer.

The policies covered are variable life insurance and variable annuity contracts, which are life insurance products. Therefore, the insurance type is Life.

The class of business for variable life and annuity contracts falls under life insurance. Within life insurance, these are primarily longevity-related products (annuities) and mortality-related (life insurance), but the dominant feature in modified coinsurance agreements like this is typically categorized under ""Other Life"" when not strictly mortality or longevity. However, given the mix and the nature of variable products, ""Other Life"" is the most appropriate classification.",True,True,True,proportional,Life,Other Life
2003-1079577-0000950168-03-000686-dex1017.htm,"The document is a Purchase and Sale Agreement between Teachers Insurance and Annuity Association of America (Seller) and Standard Insurance Company (Buyer) for the transfer of the Seller's group life and group disability insurance business (the ""Group Business""). The core of this transaction involves the sale of assets (including policyholder data and cash reserves) and the assumption of liabilities (the ""Coinsured Liabilities"") by the Buyer.

The key indicator that this is a reinsurance agreement is found in the ""WHEREAS"" clauses and Article VIII. Specifically, it states that the parties will enter into an ""Indemnity Reinsurance Agreement"" for the reinsurance by the Buyer on a ""one hundred percent (100%) indemnity coinsurance basis"" of the liabilities arising under the group policies. Article VIII, Section 8.3, explicitly confirms that the Buyer will reinsure these liabilities pursuant to this agreement.

This type of transaction, where an insurer transfers a block of in-force policies and the associated liabilities to another insurer via a 100% coinsurance agreement, is a standard form of portfolio transfer and is explicitly listed as a type of reinsurance agreement in the provided definition.

However, this document itself is the overarching purchase and sale agreement. It governs the entire transaction, including the reinsurance, but is not the reinsurance contract itself. The reinsurance contract is a separate document, referred to as the ""Indemnity Reinsurance Agreement"" (Exhibit D), which will be executed at the closing. Therefore, while this document establishes and governs a reinsurance transaction, it is an ancillary agreement that facilitates the main reinsurance contract.

Because the document is not the main reinsurance contract but the agreement that creates it, the subsequent fields for `is_obligatory`, `proportional_or_non_proportional`, `insurance_type`, and `class_of_business` cannot be definitively answered based on this document alone. The main contract, which is referenced but not included, would contain those specific details.",True,False,,,,
2003-947484-0001047469-03-036935-a2121850zex-10_2.htm,"The document is a ""Second Lease Modification Agreement"" between a landlord and a tenant, Arch Insurance Company. It modifies an existing lease for office space in One Liberty Plaza, New York. The agreement involves extending the lease term, adding new space on the 17th floor, adjusting rent, and allowing temporary occupancy of space on the 29th floor. The substance of the document is purely a real estate lease modification and contains no terms related to risk transfer, insurance, or reinsurance. Although the tenant is an insurance company, the document itself is not an insurance or reinsurance contract. It does not transfer insurance risk, set reinsurance terms, or involve ceding or assuming risk. Therefore, it does not meet any of the criteria for being classified as a reinsurance agreement.",False,,,,,
2003-790703-0001193125-03-048882-dex10aaq.htm,"The document is a ""Second Amended and Restated Participation Agreement"" involving Tech Data Corporation as the Lessee and SunTrust Equity Funding, LLC as the Lessor, along with various Lenders and agents. It outlines a financing arrangement for the acquisition of properties, equipment, and improvements. The agreement details loans, funding procedures, conditions for funding, representations and warranties, covenants, indemnifications, and other financial and operational terms.

The document does not mention any insurance or reinsurance activities. Instead, it is focused on a leasing and financing transaction involving real estate and equipment. The parties involved are not engaging in risk transfer typical of reinsurance agreements but are instead involved in a structured finance deal where the Lessor acquires properties through funding provided by Lenders, and the Lessee leases these properties.

Given that the document pertains to a leasing and financing arrangement rather than an agreement for the transfer of insurance risk, it does not meet the criteria for being classified as a reinsurance agreement. Therefore, none of the subsequent fields related to reinsurance characteristics are applicable.",False,,,,,
2003-941713-0001193125-03-035795-dex10.htm,"The document provided is an Amended and Restated Credit Agreement. This agreement is between Highwoods Properties, Inc., Highwoods Services, Inc., Highwoods Realty Limited Partnership, Highwoods/Tennessee Holdings, L.P., and Highwoods Finance, LLC (the Borrowers), and several lenders, with Bank of America, N.A. serving as the Administrative Agent. The document outlines the terms of a credit facility, including revolving loans, letter of credit subfacility, and swingline loan subfacility. It details the obligations of the borrowers, the rights and responsibilities of the lenders, and various financial covenants and conditions.

The document is clearly a credit agreement, which is a type of financial instrument used to establish a line of credit or loan between a borrower and a lender. It does not contain any elements of a reinsurance agreement, such as risk transfer from an insurer to a reinsurer, or any provisions related to insurance policies, claims, or underwriting.

Given the nature of the document, it is not a reinsurance agreement. Therefore, the subsequent questions about whether it is a main contract, obligatory, proportional or non-proportional, insurance type, and class of business are not applicable, as these questions are specific to reinsurance agreements.",False,,,,,
2003-1045829-0001045829-03-000019-exhibit10_18.htm,"The document is a solicitation amendment for a Request for Proposal (RFP) issued by the Arizona Health Care Cost Containment System Administration (AHCCCSA). It details changes to the original solicitation for acute care services for the upcoming contract year (CYE '04). The primary subject of the document is the procurement of health care services for Medicaid beneficiaries through a managed care system, which is a direct insurance contract.

The document discusses reinsurance in section 58, ""REINSURANCE,"" but this is not a reinsurance agreement itself. Instead, it describes a stop-loss program (reinsurance) that AHCCCSA provides to the Contractor (a health plan) for partial reimbursement of covered services for members with high-cost conditions above an annual deductible. This is a feature of the direct insurance contract being procured, where AHCCCSA, the state agency, is the primary insurer and the Contractor is the direct provider of health care services to members. The reinsurance program is a mechanism to manage the Contractor's risk and is funded by a deduction to capitation rates.

The core of the document is the establishment of a direct insurance contract for health care services. It covers the solicitation process for health plans to bid on providing acute care services, including capitation rates, network requirements, provider standards, and other operational and financial terms. The document is an amendment to an RFP, which is a preliminary step in forming a direct insurance contract, not a reinsurance agreement.

Therefore, this document is a solicitation for a direct insurance contract, not a reinsurance agreement. All other classifications are not applicable because the document is not a reinsurance contract.",False,,,,,
2003-947354-0000947354-03-000002-exh_103.txt,"The document is titled ""WHOLE ACCOUNT AGGREGATE EXCESS OF LOSS RETROCESSION REINSURANCE AGREEMENT"" and involves Employers Reinsurance Corporation, GE Reinsurance Corporation, and GE Frankona as the ceding companies and Underwriters Reinsurance Company (Barbados) Inc. as the reinsurer. This clearly indicates a reinsurance arrangement where the reinsurer agrees to indemnify the ceding companies for certain losses. The structure, language, and clauses (e.g., Business Covered, Retention, Coverage, Aggregate Limit) are standard in reinsurance contracts. It is a retrocession agreement, which is a type of reinsurance.

The document establishes the full terms of the reinsurance contract, including coverage layers, premiums, definitions, and reporting requirements. It is not an ancillary document like an endorsement or amendment, but rather the primary contract itself, as evidenced by its comprehensive structure and the presence of a signature block.

The agreement covers losses across all classes of business underwritten by the Company, and the coverage is structured as an Aggregate Excess of Loss, which is a non-proportional form of reinsurance. The coverage is triggered after an aggregate retention is exceeded, and it applies to cumulative losses over the term, not on a per-risk or pro rata basis. This confirms it is non-proportional.

The Business Covered clause states ""all classes of business underwritten by the Company,"" and Exhibit B lists numerous lines such as Property, Casualty, Aviation, Marine, and A&H (Accident & Health), indicating a multi-line portfolio. However, the exclusions explicitly state ""Life insurance and life reinsurance liability,"" confirming it pertains to Non-Life insurance. Given the wide variety of non-life classes (Property, Casualty, Specialty lines like Aviation and Marine), the most accurate classification is ""Multi-Line.""",True,True,True,non-proportional,Non-Life,Multi-Line
2003-1195933-0000950152-03-003749-l99910aexv10w4.txt,"The document is titled ""REINSURANCE AGREEMENT"" and is explicitly structured as a reinsurance contract between Windsor Insurance Company (Reinsurer) and Great American Insurance Company and Affiliates (Reassured). It contains standard reinsurance clauses such as business covered, reinsurance terms, definitions of loss, consideration, administration, and termination. The agreement reinsures 100% of the Reassured’s ultimate net liability for personal lines insurance, which confirms it is a reinsurance arrangement.

It establishes a full reinsurance contract, not merely an amendment or ancillary document, as it defines the scope of coverage, obligations, payments, and administration rights. Therefore, it is a main contract.

The agreement is obligatory because Article 3 states: ""The liability of Reinsurer with respect to all business reinsured under this Agreement is obligatory,"" and it covers a defined portfolio of personal lines insurance business going forward, including renewals. This fits the definition of an obligatory treaty.

The contract is proportional because it assumes 100% of the Reassured’s ""ultimate net liability"" and ""100% of the net premiums,"" with a ceding commission and fronting fee. This structure—where the reinsurer takes a full share of both premiums and losses—is characteristic of a 100% Quota Share, which is a proportional reinsurance form.

The insurance type is Non-Life because the agreement covers ""personal lines insurance,"" which typically includes auto, home, and other property and casualty lines. There is no mention of life, annuity, or long-term care products.

The class of business is ""Multi-Line"" because ""personal lines insurance"" generally encompasses both Property (e.g., homeowners) and Casualty (e.g., auto liability) coverage. Since the agreement does not specify a single line and personal lines typically bundle both, ""Multi-Line"" is the most accurate classification.",True,True,True,proportional,Non-Life,Multi-Line
2003-1056112-0000950152-03-007590-l02061aexv10w7.txt,"The document is a Credit Agreement between Werner Holding Co. (DE), Inc. and several lenders, including JPMorgan Chase Bank, Citigroup Global Markets Inc., and others. It outlines the terms for senior secured credit facilities amounting to $230,000,000, including Term Loans, Revolving Credit Commitments, and Swing Line Commitments. The agreement details the conditions for borrowing, repayment terms, interest rates, covenants, events of default, and other provisions typical of a credit or loan agreement.

The document does not contain any elements characteristic of a reinsurance agreement. Reinsurance agreements involve the transfer of risk from one insurer (the ceding company) to another (the reinsurer). The document here is clearly a financial instrument related to corporate lending and borrowing, not insurance or risk transfer between insurers. It lacks any mention of insurance policies, claims, underwriting, or any other insurance-specific terminology. Instead, it focuses on loan amounts, interest calculations, repayment schedules, and financial covenants.

Therefore, the document is not a reinsurance agreement. As it is not a reinsurance agreement, the subsequent questions regarding whether it is a main contract, obligatory, proportional or non-proportional, insurance type, and class of business are not applicable and should be answered with 'None'.",False,,,,,
2003-949156-0000950124-03-003646-k80662exv10w2.txt,"The document is a Purchase Agreement dated September 30, 2003, among Meadowbrook Insurance Group, Inc., Meadowbrook Capital Trust I, and Dekania CDO I, Ltd. It concerns the issuance and sale of $10,000,000 in Trust Preferred Securities. The proceeds from this sale would be used to purchase Junior Subordinated Notes issued by Meadowbrook Insurance Group.

This is a trust preferred securities transaction, which is a capital market instrument used by financial institutions (including insurance companies) to raise regulatory capital. The Preferred Securities are guaranteed by the Company, but this guarantee is a financial guarantee securing payment obligations, not a reinsurance arrangement.

According to the provided criteria, documents that are NOT considered reinsurance agreements include ""Bonds, loans and credit instruments except for Catastrophe Bonds and other Insurance Linked Securities."" This document describes a traditional trust preferred security issuance, not a Catastrophe Bond or Insurance Linked Security (which would have returns linked to insurance risk events). The interest rate is based on LIBOR plus 4.05%, with no linkage to insurance losses or risk transfer.

While the company has insurance subsidiaries mentioned (Star Insurance Company, Savers Property & Casualty, etc.), and there is a reference to reinsurance in Schedule 4(bb) regarding ""fronted premium that is ceded to commercial reinsurers,"" the document itself is not a reinsurance agreement. It's purely a capital-raising transaction.

The document does not transfer insurance risk between entities, which is the fundamental characteristic of reinsurance. It's a financing arrangement where the company is raising capital through a special purpose trust structure.

Therefore, this document is not a reinsurance agreement as defined by the criteria provided.",False,,,,,
2003-1171500-0000950123-03-003615-y84608kexv10w19.txt,"The document is a Capital Support Agreement between Platinum Underwriters Holdings, Ltd. and its subsidiary Platinum Re (UK) Limited. The agreement outlines the obligation of the parent company to provide financial support to the subsidiary in the event that the subsidiary's solvency margin falls below a specified threshold. This support takes the form of a subordinated, interest-free loan that must be repaid when the solvency margin exceeds the threshold.

This document is not a reinsurance agreement. Instead, it is a financial support mechanism designed to ensure regulatory capital adequacy. It does not transfer insurance risk from one insurer to another, nor does it establish terms for sharing premiums, losses, or underwriting risk—hallmarks of reinsurance. The agreement explicitly references Platinum Re UK's reinsurance business, but the agreement itself is not a reinsurance contract.

Because it is not a reinsurance agreement, the subsequent classification fields (main contract, obligatory, proportional status, insurance type, class of business) are not applicable and must be set to None.",False,,,,,
2003-1020265-0001047469-03-027653-a2116236zex-10_1a.htm,"The provided document is a ""Participation Agreement"" related to a leasing transaction involving Sabre Inc. as the Lessee, Sabre Holdings Corporation as the Lessee Guarantor, CSL Leasing Inc. as the Lessor, and various institutional investors as Purchasers. The agreement outlines the financing of the acquisition of property through a combination of advances by the Lessor and the sale of notes to the Purchasers. The transaction is structured as a lease, with the Lessor holding title to the property, which is then leased to the Lessee. The agreement includes provisions for the distribution of payments, representations and warranties, covenants, and indemnifications.

The document does not contain any language or structure typical of a reinsurance agreement. There is no mention of risk transfer between insurers or reinsurers, ceding of insurance risk, or any of the standard clauses found in reinsurance contracts such as retrocession, loss portfolio transfers, or catastrophe bonds. Instead, the document is focused on a financing and leasing arrangement for real property, which is fundamentally different from reinsurance.

Therefore, the document is not a reinsurance agreement, and consequently, it cannot be a main contract, obligatory, proportional or non-proportional, nor can it be classified under any insurance type or class of business.",False,,,,,
2003-823094-0001047469-03-018292-a2108684zex-10_c.txt,"The provided document is an ""Amended and Restated Credit Agreement"" among Sotheby's Holdings, Inc., Sotheby's, Inc., Oatshare Limited, Sotheby's, Sotheby's Global Trading GmbH, the Lenders named therein, and JPMorgan Chase Bank, acting as Administrative Agent, Collateral Agent, and Issuing Bank. The document establishes the terms for a credit facility, including the provision of Term Loans, Revolving Loans, and Letters of Credit. It outlines the commitments of the lenders, borrowing procedures, interest rates, covenants, representations, and conditions precedent.

The document is fundamentally a credit agreement, which is a type of loan contract. According to the provided classification rules, ""Bonds, loans and credit instruments"" are explicitly excluded from the definition of reinsurance agreements, except for specific instruments like Catastrophe Bonds. This document is a standard loan agreement and does not fall under any of the exceptions that would classify it as a reinsurance agreement. It does not involve the transfer of insurance risk from one insurer to a reinsurer, which is the core function of a reinsurance contract.

Therefore, the document is not a reinsurance agreement. Since it is not a reinsurance agreement, all subsequent fields that pertain to the characteristics of a reinsurance contract must be marked as 'None'.",False,,,,,
2003-1070412-0001193125-03-083897-dex1034.htm,"The provided document is ""AMENDMENT NO. 2 TO THE LOAN DOCUMENTS,"" which is an amendment to an existing credit agreement. It involves a borrower (CONSOL ENERGY INC.), lenders, and an agent, and it modifies certain terms of the loan agreement, such as definitions, covenants, and conditions for effectiveness. The document pertains to a financial loan arrangement and includes security agreements, but it does not involve the transfer of insurance risk from an insurer to a reinsurer. The document is a financial instrument related to debt financing and collateral security, not a reinsurance agreement as defined in the instructions. Therefore, it does not fall under the categories of reinsurance agreements, retrocession agreements, or other similar reinsurance-related contracts. It is specifically related to a loan and its amendment, which is outside the scope of reinsurance.",False,,,,,
2003-1001384-0001169232-03-003800-d55786_ex10-15.txt,"The document is an eleventh amendment and consent to a Holdings Guaranty related to a credit agreement. It involves amendments to reporting obligations concerning a potential loss portfolio transfer arrangement, but it does not establish or modify the terms of a reinsurance contract itself. Instead, it is a financial agreement involving banks, guarantors, and borrowers, focused on credit facilities and indemnities. The mention of a ""loss portfolio transfer arrangement"" refers to a contemplated transaction but does not constitute the reinsurance agreement or its modification. The document is part of a credit facility framework and includes consents and amendments related to financial reporting and liability releases, which are characteristic of credit instruments, not reinsurance contracts. Therefore, this document is not a reinsurance agreement.",False,,,,,
2003-947484-0001047469-03-011134-a2105700zex-10_67.htm,"The document is an ""Amended and Restated Restricted Share Agreement"" between Arch Capital Group Ltd. and an employee, Paul B. Ingrey. It outlines the terms of an award of restricted shares under the company's Long Term Incentive Plan for New Employees. The content is focused on equity compensation, vesting conditions, transfer restrictions, tax withholding, and related corporate governance matters. There is no mention of insurance or reinsurance risk transfer, ceding of liabilities, premiums, coverage terms, or any other elements characteristic of reinsurance agreements. Instead, this is a standard executive compensation agreement related to stock awards.

Given the definitions provided, this document does not fall under any category of reinsurance agreement. It is not a reinsurance treaty, retrocession, risk transfer instrument, or any ancillary document modifying such an agreement. It is also not related to insurance-linked securities, pooling arrangements, or any form of risk-sharing between insurers and reinsurers.

Therefore, the document is not a reinsurance agreement, and all subsequent classification fields that depend on it being a reinsurance contract must be set to 'None'.",False,,,,,
2003-1010247-0001169232-03-003694-d55550_ex-10vv.htm,"The document is a ""2003 Final Reinsurance Placement Slip"" for a casualty excess of loss reinsurance agreement. It explicitly outlines the terms of a reinsurance arrangement between FPIC Insurance Group and various reinsurers. The agreement covers losses arising from extra contractual obligations and excess limits liability under the company's medical professional liability, general liability, and lawyers' professional liability policies. The structure includes retention, limits, premium terms, exclusions, and detailed provisions typical of reinsurance contracts.

This is a placement slip that contains all principal terms of the reinsurance agreement, including coverage, retention, limits, premium, reporting, and key clauses. Therefore, it qualifies as a main contract under the definition provided, even though it is a slip, because it contains all essential terms.

The agreement is structured as an excess of loss treaty covering a portfolio of casualty risks (medical and legal professionals), meaning all policies within defined classes are automatically covered. This indicates an obligatory reinsurance treaty — risk is transferred from all insureds in specified portfolios without individual underwriting per risk.

The coverage is clearly non-proportional, as it is an excess of loss agreement with a specified retention and limit per occurrence. There is no indication of proportional risk sharing (e.g., quota share), and terms like ""90% of $10,000,000 ultimate net loss in excess of retention"" confirm a non-proportional structure.

The insurance type is Non-Life, as the underlying policies cover medical malpractice, general liability, and professional liability — all casualty lines of business.

The class of business is primarily Casualty, given the focus on professional liability for medical practitioners and lawyers, which falls under casualty insurance. While medical malpractice can sometimes be considered specialty, in this context, it is firmly within the casualty category due to its liability nature.",True,True,True,non-proportional,Non-Life,Casualty
2003-1171500-0000950123-03-009440-y89152exv10w3.txt,"The document is a ""Commutation and Release Agreement"" between two parties, Platinum Underwriters Reinsurance, Inc. (Retrocessionaire) and Mountain Ridge Insurance Company (Retrocedant), which references an underlying ""100% Quota Share Retrocession Agreement (Non-Traditional D-2)"" effective November 1, 2002. The agreement explicitly states that both parties are releasing each other from all rights, obligations, and liabilities arising from the underlying contract.

According to the classification rules, documents that ""commute, settle, amend, or otherwise modify the terms of an existing reinsurance agreement"" are considered reinsurance agreements. Since this is a commutation agreement related to a retrocession contract, it qualifies as a reinsurance agreement.

However, this document is not a main contract; it is a commutation agreement, which is explicitly listed as an ancillary agreement (e.g., commutations) that modifies an existing reinsurance contract. Therefore, it is not a main contract.

Because it is an ancillary agreement and not a full reinsurance contract, the attributes `is_obligatory`, `proportional_or_non_proportional`, `insurance_type`, and `class_of_business` cannot be determined from this document alone and should be set to `None`.

The underlying contract is a ""100% Quota Share Retrocession Agreement,"" which is a proportional reinsurance arrangement. However, since this document is not the main contract but a commutation of it, we do not classify the proportional nature at this level.

Similarly, although the underlying contract may pertain to a specific insurance type or class of business, this ancillary document does not provide enough information to determine those fields.",True,,,,,
2003-923603-0000950134-03-008140-d05903exv10w29.txt,"The provided document is a ""MEZZANINE LOAN AGREEMENT"" between FELCOR/JPM HOLDINGS, L.L.C. (Borrower) and JPMORGAN CHASE BANK (Lender). This document is a legally binding contract that establishes the terms for a loan, including interest rates, repayment schedules, collateral, and covenants. The document explicitly refers to itself as a loan agreement and contains standard provisions for such an agreement, such as definitions, payment terms, representations and warranties, covenants, and default provisions.

This document does not meet any of the criteria for being a reinsurance agreement. The listed examples of reinsurance agreements include reinsurance agreements, retrocession agreements, Reinstatement Premium Protection contracts, Capital Maintenance agreements, Loss Portfolio Transfers, Adverse Development Cover, Reinsurance To Close, and other retrospective reinsurance agreements. It also includes portfolio transfers related to corporate restructurings with reinsurance-like provisions, Catastrophe Bonds and other Insurance Linked Securities, and insurance pooling agreements.

The document in question is clearly a loan agreement, which is explicitly listed as not being a reinsurance agreement. The document contains no language related to risk transfer between insurance companies, sharing of insurance liabilities, or any other elements characteristic of reinsurance. Instead, it contains language typical of loan agreements, such as ""Loan Commitment,"" ""Interest,"" ""Loan Payments,"" ""Prepayments,"" ""Collateral,"" and ""Debt.""

Therefore, this document is not a reinsurance agreement and should be classified as such.",False,,,,,
2003-1171500-0000950123-03-009440-y89152exv10w2.txt,"The document is titled ""QUOTA SHARE RETROCESSION AGREEMENT"" and is explicitly described as such in the metadata and text. A retrocession agreement is a type of reinsurance agreement where a reinsurer cedes part of its risk to another reinsurer. This falls directly within the definition of a reinsurance agreement as provided in the instructions.

The agreement establishes a full contractual relationship between Platinum Underwriters Bermuda, Ltd. (Retrocessionaire) and Platinum Underwriters Reinsurance, Inc. (Retrocedant), outlining terms for the retrocession of reinsurance contracts. It includes core elements such as business covered, premiums, losses, territory, exclusions, and administration. Therefore, it is a main contract, not an ancillary agreement.

The agreement obligates both parties to accept and cede a fixed percentage (67% or 70%) of specified reinsurance contracts, which indicates it is an obligatory reinsurance treaty. The terms ""hereby obligates itself to retrocede"" and ""hereby obligates itself to accept"" confirm the binding nature of the agreement.

The structure of the agreement is quota share, where the Retrocessionaire assumes a fixed percentage of both premiums and losses. This is a classic proportional reinsurance mechanism. Although there is a per-occurrence limit for Property Catastrophe losses ($150 million), this does not convert the agreement into non-proportional, as minor non-proportional features (like loss ratio caps or per-occurrence limits) do not override the fundamentally proportional nature of quota share contracts.

The business covered includes ""Property Catastrophe"" and other reinsurance contracts underwritten by the Retrocedant. This clearly falls under Non-Life insurance. The primary class of business is Property, particularly catastrophe-related property risks, with a secondary component likely in Casualty or Specialty, but the dominant classification based on the explicit mention of ""Property Catastrophe"" is Property.

Therefore, all classification criteria are met based on the document content.",True,True,True,proportional,Non-Life,Property
2003-1102643-0001193125-03-080649-dex101.htm,"The document is a Credit Agreement among U.S.I. Holdings Corporation and various lending institutions. It outlines the terms for a $155,000,000 credit facility, including both term loans and revolving loans. The document details the obligations of the borrower, the commitments of the lenders, interest rates, fees, conditions precedent, representations and warranties, covenants, and events of default. It also includes provisions for letters of credit and security interests.

This document is a standard credit agreement in the financial industry and does not contain any elements of reinsurance. It is not a reinsurance agreement, retrocession agreement, or any other type of insurance-related contract. Instead, it is a financial instrument that establishes a lending relationship between a corporation and financial institutions.

The document is clearly a credit agreement and falls under the category of financial guarantees and credit instruments, which are explicitly listed as NOT being reinsurance agreements. Therefore, it cannot be classified as a reinsurance agreement.",False,,,,,
2003-1137067-0001019056-03-000526-ex10_14.txt,"The provided document is an ""Amended and Restated Credit Agreement"" between Galyan's Trading Company, Inc. (the Borrower) and various lenders, with JPMorgan Chase Bank acting as the administrative and collateral agent. This document outlines the terms for a credit facility, including loan commitments, interest rates, repayment terms, covenants, and conditions for borrowing. It is a standard credit agreement for a corporate borrower and does not contain any language or provisions related to insurance or reinsurance. The document is specifically a credit agreement, which is explicitly listed as not being a reinsurance agreement in the provided guidelines.",False,,,,,
2003-1122211-0001169232-03-003801-d55718_ex10-15.txt,"The document is an amendment and consent to a Holdings Guaranty related to a credit agreement. It involves financial institutions (Banks), a guarantor (Holdings), and a borrower. The document discusses a consent for reimbursement of due diligence expenses related to a potential loss portfolio transfer arrangement involving Lloyd's syndicate 839, but it does not itself establish or modify a reinsurance contract. Instead, it is a financial agreement tied to a credit facility, specifically amending a guaranty and granting limited consent regarding permissible payments.

Although it references a ""loss portfolio transfer arrangement"" — which, if it existed, would be a type of reinsurance agreement — the document itself is not that arrangement. Rather, it is an amendment to a guaranty under a credit agreement, which is used to secure lending obligations. Such financial guarantees securing payment obligations arising from insurance or reinsurance contracts are explicitly excluded from the definition of reinsurance agreements per the instructions.

Therefore, the document is not a reinsurance agreement, nor is it an ancillary agreement to one in the context defined. It is a credit-related financial instrument.",False,,,,,
2003-901119-0000950135-03-002098-b45694stexv10w10.txt,"The document provided is a ""Credit and Security Agreement"" between Signal Technology Corporation (the Borrower), Signal Technology Sales Corporation (the Guarantor), and Citizens Bank of Massachusetts (the Lender). It outlines a loan agreement, including the terms for revolving loans and a term loan, interest rates, repayment schedules, collateral, and covenants. The document is focused on lending and securing repayment through assets, not on transferring insurance risk.

This document is fundamentally a financial loan agreement. It does not contain any language related to insurance or reinsurance, risk transfer between insurers and reinsurers, or indemnification for insurance claims. Instead, it details the borrowing of funds, the creation of debt, and the granting of security interests in the Borrower's assets to secure that debt.

Given the nature of the document as a credit and security agreement for a loan, it does not meet any of the criteria for being classified as a reinsurance agreement. It is not a reinsurance contract, a retrocession agreement, a Reinstatement Premium Protection contract, a Capital Maintenance agreement, a Loss Portfolio Transfer, or any other form of risk transfer agreement between insurers. It is also not an ancillary agreement to such a contract.

Therefore, since it is not a reinsurance agreement, all subsequent questions regarding whether it is a main contract, obligatory, proportional, and its insurance type and class of business are not applicable and should be answered as None.",False,,,,,
2003-888793-0000892569-03-000818-a88364exv10w64.txt,"The document is a Master Services and Intellectual Property Agreement between Fidelity National Information Solutions, Inc. (FNIS) and Fidelity National Financial, Inc. (FNF). The agreement outlines the terms for FNIS to provide technology and information services to FNF, including software development, systems integration, telecommunications, and related services. It includes provisions for licensing of technology, ownership of intellectual property, payment terms, confidentiality, and other related services.

The document does not contain any language or provisions indicative of a reinsurance agreement. There is no mention of risk transfer, ceding of insurance liabilities, premiums, reinsurance treaties, or any other typical elements of a reinsurance contract. Instead, it is focused on IT services and intellectual property rights.

Therefore, the document is not a reinsurance agreement.",False,,,,,
2003-803027-0000950152-03-005453-l00406aexv10wc.txt,"The document is titled ""REINSURANCE POOLING AGREEMENT"" and is explicitly described as such in the metadata and within the text. It establishes a mutual reinsurance arrangement between two insurance companies, Merchants Insurance Company of New Hampshire, Inc. (MNH) and Merchants Mutual Insurance Company (MMIC), to pool their Traditional Insurance Business. The agreement involves cessions of 100% quota share by MNH to MMIC and reciprocal cessions by MMIC to MNH based on defined Pooling Percentages (e.g., 40% for MNH initially), which is a hallmark of proportional reinsurance.

The agreement includes detailed provisions for asset transfers, premium calculations, loss sharing, profit sharing, and retrospective commission adjustments based on loss and LAE ratios. The use of a ""quota share"" mechanism and the proportional allocation of net written premiums, losses, and expenses confirm that this is a proportional reinsurance arrangement. The ""Follow the Fortunes"" clause further supports its nature as a reinsurance contract, ensuring that the reinsurers follow the cedent’s underwriting decisions.

This is a main contract because it establishes the full terms of the pooling arrangement, including definitions, cessions, payments, administration, and termination. It is not merely an ancillary or modifying document. The agreement is obligatory because it automatically pools all Traditional Insurance Business from both companies without individual underwriting decisions per risk, characteristic of treaty reinsurance.

The Traditional Insurance Business is defined as commercial and personal lines of property, liability, and workers' compensation insurance, which are all Non-Life (property and casualty) lines. Therefore, the class of business is best classified as ""Multi-Line"" since it covers multiple Non-Life lines including Property and Casualty.

Thus, all classification criteria are met for a main, obligatory, proportional reinsurance agreement in the Non-Life sector covering multiple classes.",True,True,True,proportional,Non-Life,Multi-Line
2003-815838-0000950144-03-003522-g81253exv10w25.txt,"The provided document is a Transaction Agreement dated February 26, 2003, involving Noven Pharmaceuticals, Inc., Shire US Inc., and Shire Pharmaceuticals Group plc. The agreement outlines the sale of assets related to a transdermal methylphenidate drug delivery system (the ""Product"") from Noven to Shire, including intellectual property rights, regulatory applications, and trademark rights. The transaction also includes milestone payments based on future sales and provisions for regulatory approval.

The agreement explicitly refers to pharmaceutical development, manufacturing, and commercialization activities. It contains no language, clauses, or terms related to insurance or reinsurance, risk transfer between insurers, or retrocession. Instead, it is focused on the transfer of assets, licensing of technology, supply agreements, and indemnification related to product development and commercialization.

Given the definitions provided:
- The document is not a reinsurance agreement, as it does not involve the transfer of insurance risk from one insurer to another.
- It is not related to any form of insurance pooling, catastrophe bonds, or financial guarantees in an insurance context.
- The document is an asset purchase and licensing agreement in the pharmaceutical industry.

Therefore, it does not meet any of the criteria for being classified as a reinsurance agreement.",False,,,,,
2003-926866-0000950109-03-001378-dex1029.txt,"The provided document is a Loan Agreement dated February 19, 1998, between Innkeepers Financing Partnership IV, L.P., and other related entities (collectively ""Borrower"") and Nomura Asset Capital Corporation (""Lender""). The agreement outlines the terms of a loan, including the loan amount, interest rate, repayment schedule, covenants, conditions precedent, and remedies in the event of default. It also details the use of proceeds, collateral (including mortgages on properties), and various escrow and reserve funds.

This document is clearly a loan agreement and not a reinsurance agreement. It does not involve the transfer of insurance risk from one insurer to another, which is the defining characteristic of reinsurance. Instead, it is a financial arrangement where one party lends money to another, secured by real estate.

The list of documents considered reinsurance agreements includes reinsurance agreements, retrocession agreements, Reinstatement Premium Protection contracts, Capital Maintenance agreements, Loss Portfolio Transfers, Catastrophe Bonds, and other similar instruments. The list of documents NOT considered reinsurance agreements explicitly includes ""Bonds, loans and credit instruments except for Catastrophe Bonds and other Insurance Linked Securities.""

Since this is a standard loan agreement and not a Catastrophe Bond or other Insurance Linked Security, it falls squarely into the category of documents that are NOT reinsurance agreements.

Therefore, all subsequent classification fields (is_main_contract, is_obligatory, etc.) are not applicable and must be set to None.",False,,,,,
2003-921738-0001047469-03-010559-a2105300zex-10_66.htm,"The provided document is a Credit Agreement between Penn National Gaming, Inc. (the ""Borrower""), its subsidiary guarantors, and a group of lenders. The agreement outlines the terms for a $1 billion credit facility, including various types of loans (revolving, term, swingline), interest rates, repayment schedules, covenants, and conditions for disbursement. It establishes a debtor-creditor relationship where the lenders provide funds to the Borrower, who is obligated to repay the principal and interest according to the agreed terms.

This document is fundamentally a loan agreement, which is a financial instrument for borrowing and lending capital. It does not involve the transfer of insurance risk from one party (the cedant) to another (the reinsurer), which is the defining characteristic of a reinsurance agreement. The document makes no mention of insurance policies, underwriting, claims, or the sharing of insurance risk. Instead, it focuses on corporate finance, debt obligations, security interests in collateral, and financial covenants.

Since the document is not a reinsurance agreement, none of the subsequent classification questions (regarding main contract, obligatory nature, proportionality, insurance type, or class of business) are applicable.",False,,,,,
2003-890926-0000928385-03-000751-dex1036.txt,"The document is a ""First Amendment to Credit Agreement"" among Radian Reinsurance Inc., banks, and Deutsche Bank as agent. It amends specific terms of an existing credit agreement, including definitions, financial thresholds, and schedules. The document pertains to a credit facility and contains provisions typical of loan agreements, such as commitments, interest rates, representations, warranties, and conditions to effectiveness.

Although the borrower is a reinsurance company (Radian Reinsurance Inc.), the document itself is not a reinsurance agreement. Instead, it is a financial instrument related to debt financing. The document references reinsurance agreements only in passing—for example, in a certificate requirement where the borrower must disclose reinsurance arrangements covering insured obligations—but this does not make the document itself a reinsurance agreement.

According to the classification criteria, credit instruments such as loans, bonds, and credit agreements are explicitly excluded from the definition of reinsurance agreements, even if the party involved is a reinsurance company.

Therefore, the document is not a reinsurance agreement, and all subsequent fields that depend on it being a reinsurance contract must be set to None.",False,,,,,
2003-911421-0001193125-03-035971-dex102.htm,"The document is a ""Second Amendment to the Credit Agreement"" involving PartnerRe Ltd. and various subsidiary borrowers, lenders, and a financial agent. It amends an existing credit agreement by increasing the total commitment, adjusting letter of credit provisions, updating definitions, and modifying certain covenants and fees. The document pertains to a financial credit facility and includes standard loan and credit instrument provisions such as revolving loans, letters of credit, and lender commitments.

Although the borrower entities include names like ""Partner Reinsurance Company,"" the document itself does not establish or modify a reinsurance contract. Instead, it is a financial agreement governing credit and lending relationships. According to the classification rules, credit instruments such as loans, bonds, and letters of credit are explicitly excluded from being considered reinsurance agreements, even if the parties involved are reinsurance companies.

Therefore, this is not a reinsurance agreement, and all downstream fields related to reinsurance classification must reflect that.",False,,,,,
2003-803027-0000950152-03-009600-l03481aexv10wh.txt,"The document is titled ""PROPERTY CATASTROPHE EXCESS OF LOSS REINSURANCE AGREEMENT,"" which clearly indicates it is a reinsurance agreement. It establishes a contractual relationship between Merchants Mutual Insurance Company and various reinsurers for the purpose of transferring risk related to property catastrophe losses. This fits the definition of a reinsurance treaty, specifically an excess of loss contract, which is a standard form of non-proportional reinsurance.

The agreement outlines coverage terms, exclusions, loss occurrence definitions, reporting obligations, and financial arrangements, all of which are hallmarks of a main reinsurance contract. It is not merely an amendment or ancillary document, but a full agreement containing all principal terms, including multiple layers of coverage (Exhibits A, B, and C), premium calculations, and reinstatement provisions.

This is an obligatory reinsurance treaty because it applies to all property policies within defined classes written by the company during the term, without requiring case-by-case underwriting. It automatically covers all qualifying risks, which is characteristic of obligatory treaties.

The contract is non-proportional because it provides excess of loss coverage across three layers (first, second, and third), where the reinsurers are liable only after the ceding company’s retention is exceeded, up to specified limits. This structure is typical of non-proportional reinsurance and does not involve sharing premiums or losses on a proportional basis.

The coverage is explicitly for property insurance, including fire, homeowners, commercial multiple peril, earthquake, inland marine, and other property-related lines. It excludes casualty, health, and life-related lines. Therefore, it pertains to Non-Life insurance and falls under the ""Property"" class of business.",True,True,True,non-proportional,Non-Life,Property
2003-790703-0001193125-03-048882-dex10aar.htm,"The document is a ""Second Amended and Restated Lease Agreement"" between SunTrust Equity Funding, LLC (Lessor) and Tech Data Corporation (Lessee). It outlines the terms for leasing certain properties, including rent payments, maintenance responsibilities, insurance requirements, and procedures for termination or sale. The agreement also includes clauses related to default, remedies, and the financial and legal structure of the lease, which is intended to be treated as a financing arrangement for tax purposes.

This document does not contain any language or provisions related to reinsurance, retrocession, or risk transfer between insurance or reinsurance companies. It is a commercial lease agreement involving physical property and equipment, not an insurance or reinsurance contract. Therefore, it does not meet any of the criteria for being classified as a reinsurance agreement.",False,,,,,
2003-923603-0000950134-03-008140-d05903exv10w30.txt,"The provided document is a ""Junior Mezzanine Loan Agreement"" between DJONT/JPM Tenant Co., L.L.C., as Borrower, and JPMorgan Chase Bank, as Lender. It outlines the terms and conditions of a loan, including interest rates, repayment schedules, collateral, and various covenants and representations. The document is clearly a financial loan agreement and does not contain any provisions related to reinsurance, retrocession, or any other form of risk transfer between insurance or reinsurance companies.

The document establishes a loan and security interest in the borrower's assets, which is fundamentally different from a reinsurance agreement. It does not involve the transfer of insurance risk from one insurer to another, nor does it have any of the characteristics of the documents listed as reinsurance agreements in the provided criteria.

Therefore, the document is not a reinsurance agreement, and all subsequent fields related to reinsurance characteristics are not applicable.",False,,,,,
2003-926866-0000950109-03-001378-dex1027.txt,"The provided document is a Loan Agreement dated March 5, 1997, between several limited partnerships (collectively referred to as ""Borrower"") and Nomura Asset Capital Corporation (""Lender""). The document outlines the terms of a loan, including the loan amount, interest rate, repayment terms, conditions precedent, representations and warranties, covenants, and remedies in case of default. It also includes provisions for the use of loan proceeds, escrow arrangements, and other financial obligations.

The document does not contain any elements of reinsurance. It does not involve the transfer of insurance risk from one insurer to another, nor does it include any provisions typical of reinsurance agreements such as ceding commissions, reinsurance premiums, or loss sharing. Instead, it is a standard loan agreement where the Borrower receives funds from the Lender and agrees to repay the loan with interest over a specified period. The document also includes security interests in the form of mortgages on the Properties owned by the Borrower, but these are typical of loan agreements and not reinsurance agreements.

Given that the document is a loan agreement and does not involve any reinsurance activities, it is clear that it does not meet the criteria for being classified as a reinsurance agreement.",False,,,,,
2003-1127783-0001169232-03-003798-d55788_ex10-15.txt,"The document is an amendment and consent to a Holdings Guaranty related to a credit agreement. It involves a guaranty by Trenwick Group Ltd. in favor of banks that have extended credit to Trenwick America Corporation. The document references a potential loss portfolio transfer arrangement in connection with Lloyd's syndicate 839, which is a type of retrospective reinsurance. However, this document itself is not the reinsurance agreement but rather a consent and amendment to a financial guaranty under a credit facility. It does not establish the terms of any reinsurance contract, nor does it transfer insurance risk. Instead, it governs financial covenants and reporting obligations related to a corporate credit facility. Therefore, it is not a reinsurance agreement as defined in the instructions.",False,,,,,
2003-909109-0000893220-03-001916-w91619exv10w5.htm,"The document is titled ""Casualty Excess of Loss Reinsurance Contract"" and explicitly states it is a reinsurance agreement between Philadelphia Insurance Company and several reinsurers, including American Re-Insurance Company and Liberty Mutual Insurance Company. This clearly identifies it as a reinsurance agreement, falling under the category of non-proportional reinsurance due to its excess of loss structure.

The contract establishes the terms of reinsurance coverage for casualty, fidelity, professional liability, and fiduciary liability business written by the ceding company. It includes standard reinsurance provisions such as amount of coverage, retention, premium, exclusions, and loss settlement procedures. The document contains all principal terms of the reinsurance agreement, including the parties, coverage limits ($10 million in excess of $1 million retention), term (January 1, 2003 to January 1, 2004), and premium calculation (6.60% of gross net earned premium). This constitutes a main contract rather than an ancillary agreement.

The contract is an obligatory reinsurance agreement because it covers all casualty business written by the company that falls within the defined scope, rather than specific individual risks. This is evident from Article I which states the contract indemnifies the company for losses under ""any Policies in force at the effective time and date hereof or issued or renewed after that time and date by or on behalf of the Company and classified by the Company as Casualty, Fidelity, Professional Liability and/or Fiduciary Liability.""

The reinsurance is non-proportional, specifically an excess of loss contract, as it covers losses in excess of a specified retention ($1 million) up to a specified limit ($10 million). This is clearly stated in Article II: ""The Reinsurer will be liable for $10,000,000 of Ultimate Net Loss in respect of each Loss Occurrence, each Insured in excess of the Company's retention of $1,000,000 Ultimate Net Loss.""

The document pertains to Non-Life insurance, as it covers casualty, professional liability, and related lines of business, which are all non-life insurance products. The class of business is specifically identified as Casualty, with additional coverage for Professional Liability lines such as Directors and Officers, Errors and Omissions, and Employment Practices Liability. The title itself specifies ""Casualty Excess of Loss,"" and Article I confirms the coverage is for business classified as ""Casualty, Fidelity, Professional Liability and/or Fiduciary Liability.""",True,True,True,non-proportional,Non-Life,Casualty
2003-1045829-0001045829-03-000024-exhibit10_1.htm,"The document is a series of contract amendments between the Arizona Health Care Cost Containment System Administration (AHCCCS) and Phoenix Health Plan/Community Connection. The amendments revise capitation rates, adjust maternity delivery payments, incorporate changes from the Balanced Budget Act (BBA), and modify various sections of an underlying health care services contract. The contract pertains to the provision of acute care health services to state Medicaid beneficiaries.

The document is not a reinsurance agreement. Reinsurance involves an insurance company transferring portions of its risk portfolio to another insurer (the reinsurer) to reduce the likelihood of having to pay large obligations resulting from insurance claims. This document, however, governs the direct provision of health care services to individuals, including rate setting and service standards. It is a direct insurance or managed care contract between a government health program and a health plan.

Specifically:
- The amendments adjust capitation rates (a direct payment mechanism per member), revise definitions related to covered services, update quality management and utilization review standards, and modify network requirements.
- The mention of “reinsurance” in the tables refers to adjustments made to capitation rates based on a reinsurance deductible election by the health plan, which is part of the direct risk adjustment mechanism within the managed care framework, not a transfer of risk between insurers.
- The parties are a state Medicaid agency and a health maintenance organization (HMO), not two insurance or reinsurance entities.

Therefore, this is a direct health insurance/managed care contract, not a reinsurance agreement. Since it is not a reinsurance agreement, all subsequent fields related to reinsurance characteristics (main contract, obligatory, proportional, etc.) are not applicable and must be set to None.",False,,,,,
2003-910110-0000950159-03-000292-exhibit10-14iv.txt,"The document is a property catastrophe excess of loss reinsurance program between Penn-America Insurance Company and Penn-Star Insurance Company (the ""Company"") and various subscribing reinsurers. It clearly establishes a reinsurance contract by outlining the terms under which the reinsurers will cover losses in excess of the Company's retention across four layers of coverage. The contract specifies the reinsurers' liability, premium calculations, reinstatement provisions, and other standard reinsurance clauses.

The document qualifies as a reinsurance agreement because it is a property catastrophe excess of loss reinsurance contract, which falls under the definition of non-proportional reinsurance. It is not merely an ancillary agreement but the main contract itself, as it contains all principal terms including coverage, limits, retentions, premiums, and conditions. The structure and comprehensive nature of the document confirm it as a primary reinsurance contract.

It is an obligatory reinsurance agreement because it covers all losses arising from the Company's property policies in force or issued during the term, without requiring case-by-case underwriting approval. This is characteristic of a treaty reinsurance arrangement, which is obligatory for all qualifying risks.

The contract is non-proportional because it provides excess of loss coverage across multiple layers (1st, 2nd, 3rd, and 4th excess), where the reinsurer covers losses above specified retention levels up to defined limits. This structure is typical of non-proportional reinsurance, as opposed to proportional arrangements where the reinsurer shares a fixed percentage of all risks.

The insurance type is Non-Life, as the contract covers property insurance policies such as Fire and Allied Lines, Inland Marine, Commercial Multiple Peril (property coverages), and Automobile Physical Damage. These are all standard non-life (property and casualty) insurance products.

The class of business is Property, as the contract explicitly covers property-related risks including physical damage to property, businessowners property, and commercial automobile physical damage (excluding collision). The exclusions and definitions further confirm the focus on property catastrophe risks.",True,True,True,non-proportional,Non-Life,Property
2003-935007-0000950134-03-015339-d10581exv10w5.txt,"The document is a ""Fourth Amendment to Second Amended and Restated Credit Agreement."" It pertains to a credit agreement among Horizon Health Corporation, Horizon Mental Health Management, Inc., various banks, and JPMorgan Chase Bank as agent. The document outlines amendments to the existing credit agreement, including changes to definitions, financial covenants, and the addition of a new bank. It also includes a Deed of Trust, which is a security instrument securing the loan with real property.

This document is clearly a financial credit agreement and related security instrument. It does not contain any elements of a reinsurance agreement. The document is about corporate financing, debt obligations, and collateral, not about the transfer of insurance risk from one insurer to another.

Based on the provided definitions, this document is not a reinsurance agreement. It is a credit agreement, which falls under the category of ""bonds, loans and credit instruments"" that are explicitly listed as NOT being reinsurance agreements.

Since it is not a reinsurance agreement, all subsequent fields that pertain to characteristics of reinsurance contracts (main contract, obligatory, proportional, insurance type, class of business) must be 'None'.",False,,,,,
2003-910110-0000950159-03-000649-exhibit10-2.txt,"The document is titled ""GENERAL LIABILITY AND COMMERCIAL UMBRELLA LIABILITY QUOTA SHARE REINSURANCE AGREEMENT"" and is explicitly structured as a reinsurance agreement between Penn-America Insurance Company, Penn-Star Insurance Company (the ""Company""), and American Re-Insurance Company (the ""Reinsurer""). It contains standard reinsurance clauses such as cover, limits, exclusions, net loss, premium, commission, reports, claims, and termination. The use of the term ""quota share"" in the title and throughout the agreement confirms it as a proportional reinsurance arrangement. The agreement covers general liability and commercial umbrella liability policies, which are non-life insurance products. The document establishes the full terms of the reinsurance contract, including underwriting guidelines, policy forms, and financial terms, making it a main contract. It is obligatory because it applies to all eligible policies issued by the Company under specified conditions, not on a case-by-case facultative basis.",True,True,True,proportional,Non-Life,Casualty
2003-1063574-0001015402-03-001823-doc37.txt,"The provided document is a Credit Agreement dated January 31, 2003, among WKI Holding Company, Inc., the Lenders party hereto, and JPMorgan Chase Bank, acting as Administrative Agent and Collateral Agent. The document outlines the terms and conditions of a loan, including the amount of the loan, interest rates, repayment schedules, covenants, and events of default. It is a financial agreement focused on lending and borrowing money, with no mention of insurance or risk transfer mechanisms characteristic of reinsurance agreements. The document is clearly a credit or loan agreement, which falls under the category of financial instruments but is explicitly excluded from being a reinsurance agreement according to the provided criteria.",False,,,,,
2003-870069-0000950005-03-000416-p16839_ex10c28.txt,"This document is an Administrative Services Agreement between American National Insurance Company (an insurer) and Legacy Marketing Group (LMG), a California corporation. The agreement establishes that LMG will provide administrative, accounting, and contract service functions for American National's insurance policies.

Key observations:
1. The agreement describes LMG as providing administrative services including policy processing, underwriting support, premium accounting, policyholder service, and other back-office functions.
2. Section 5.1(e) explicitly states: ""American National shall be responsible for determining the benefits, premium rates, underwriting criteria, and claims payment procedures applicable to such coverage and for securing reinsurance, if any.""
3. Appendix C, section 1(m) mentions ""Administration of reinsurance on LMG policies; excluding the remission of premium to the appropriate reinsurance companies"" - indicating LMG only handles administrative aspects related to reinsurance, not the reinsurance itself.
4. Section 6.11 clarifies: ""Currently, LMG does not perform underwriting for American National"" and would only do so if granted specific authority.
5. Section 7.6 explicitly states: ""LMG is an independent contractor. Nothing contained in this Agreement shall be construed to create the relationship of employer and employee between American National and LMG...""
6. The fee structure is based on administrative services (processing fees, maintenance fees, termination fees), not risk transfer.

This document is clearly a third-party administrative services agreement, not a reinsurance agreement. It does not involve the transfer of insurance risk from one insurer to another, which is the defining characteristic of reinsurance. Instead, it's an agreement where LMG provides administrative support services to American National for policies that American National issues directly.

According to the classification guidelines provided, this document falls under the category of documents that are NOT considered reinsurance agreements - specifically similar to ""Referral Agreements, Underwriting Agency Agreements between reinsurance companies and reinsurance underwriting management companies or agents,"" though in this case it's between a direct insurer and an administrative services provider.

Since this is not a reinsurance agreement at all, all subsequent fields that depend on it being a reinsurance agreement should be set to None.",False,,,,,
2003-21175-0000950137-03-004184-c78799exv10w15.htm,"The document is an Executive Severance Agreement between Continental Casualty Company and Debra L. McClenahan, outlining the terms of severance benefits in the event of a ""Covered Termination"" of her employment. It includes provisions related to termination for cause, good reason, change in control, and associated compensation and benefits. The agreement also contains covenants on confidentiality, non-solicitation, and non-interference.

This document is not a reinsurance agreement. It does not involve the transfer of insurance risk from one insurer to another, nor does it contain terms typical of reinsurance contracts such as ceding of premiums, assumption of liabilities, coverage limits, or treaty terms. Instead, it is a human resources or employment contract focused on executive compensation and post-employment obligations.

Therefore, it does not meet any of the criteria for being classified as a reinsurance agreement, including retrocession, RPP, portfolio transfers, or any ancillary documents modifying reinsurance terms. It is unrelated to risk transfer between insurers.",False,,,,,
2003-1091748-0001125282-03-002350-b323566ex_10-46.txt,"The document is a promissory note, which represents a loan agreement between two entities: PXRE Corporation (the Maker) and PXRE Reinsurance (Barbados) Ltd. (the Payee). It outlines the terms of a $128,000,000 loan, including interest rate, repayment schedule, covenants, events of default, and subordination clauses. 

Although one of the parties is a reinsurance company, the document itself does not involve the transfer of insurance risk from an insurer to a reinsurer. Instead, it is a financial instrument evidencing indebtedness. According to the classification criteria, bonds, loans, and credit instruments are explicitly excluded from being considered reinsurance agreements, unless they are Catastrophe Bonds or Insurance Linked Securities that fulfill a risk transfer objective — which this is not.

Therefore, the document is not a reinsurance agreement. As a result, all subsequent fields related to reinsurance contract characteristics (main contract, obligatory, proportional/non-proportional, insurance type, class of business) must be set to 'None' because they are inapplicable.",False,,,,,
2003-1091748-0001125282-03-004680-b326106_ex10-12.txt,"The document is a Placement Agreement for the sale of Capital Securities by PXRE Capital Trust III, a statutory trust. The proceeds from the sale of these securities are to be used to purchase Subordinated Debt Securities issued by PXRE Group Ltd. The Capital Securities are financial instruments, specifically trust-preferred securities, which are a form of hybrid capital used by financial institutions, often insurance companies, to strengthen their capital base.

The document contains representations and warranties, covenants, and conditions typical of a securities offering, including opinions from legal counsel, conditions for closing, and indemnification clauses. It does not contain the terms of an insurance or reinsurance contract, such as ceding commissions, risk transfer mechanisms, or claims handling procedures. Instead, it outlines the terms of a capital raising transaction.

Although the document mentions ""reinsurance treaties"" in Section 1(a)(x), this is in the context of a representation that the company's subsidiaries are in compliance with their existing reinsurance agreements. This reference does not make the Placement Agreement itself a reinsurance agreement.

The document is related to the capital structure of an insurance holding company but is not itself a risk transfer agreement between insurers. It is a securities offering document, which falls under the category of capital instruments, not reinsurance.",False,,,,,
2003-911004-0000950123-03-009208-y89133exv10w1.txt,"The document is a First Amendment to an Amended and Restated Credit Agreement and Modification to Credit Documents. It involves financial institutions, a borrower (Friedman's Inc.), and its subsidiaries, amending a credit agreement to reflect a corporate reorganization. The document outlines amendments to definitions, adds new sections, modifies credit documents, and includes conditions precedent for the amendment's effectiveness.

The presence of ""Cougar Reinsurance Company Ltd."" in Exhibit B as a subsidiary of Friedman's Inc. might suggest a connection to reinsurance. However, the document itself does not pertain to a reinsurance agreement. Instead, it is focused on credit facilities, loan covenants, collateral, and corporate restructuring within a credit agreement framework. The document is a financial credit agreement amendment and not a reinsurance or risk transfer contract.

According to the classification rules, credit instruments such as loans, bonds, and credit agreements are explicitly not considered reinsurance agreements, even if a party involved has a reinsurance subsidiary. The document does not establish or modify a reinsurance contract but rather governs lending relationships and security interests.

Therefore, the document is not a reinsurance agreement. Since it is not a reinsurance agreement, all subsequent classification fields (is_main_contract, is_obligatory, etc.) must be set to None.",False,,,,,
2003-1064863-0001193125-03-032791-dex1039.txt,"This document is an Asset Purchase Agreement dated March 15, 2003 among Amerigroup Florida, Inc., AVMED, Inc., and SantaFe Healthcare, Inc. It details the sale and transfer of a Medicaid business from AVMED to Amerigroup.

The document describes the purchase of ""Special Intangible Medicaid Assets"" related to a Medicaid HMO operation in Florida. Key elements include:
- Transfer of members from AVMED's Medicaid plan to Amerigroup's Medicaid plan
- Assignment of provider contracts related to the Medicaid business
- Allocation of medical claim liabilities between pre- and post-transfer periods
- Purchase price calculation based on membership numbers
- Regulatory approvals needed from Florida agencies (AHCA, DFS)

This is clearly a direct insurance business transaction, not a reinsurance agreement. The document:
1. Is structured as a standard business asset purchase agreement between health insurance providers (HMOs)
2. Concerns the transfer of an entire Medicaid business operation, not risk transfer between insurers
3. Contains no reinsurance-specific provisions (ceding commissions, risk transfer percentages, retrocession terms)
4. Specifically states in Section 4.7(e)(ii) that the Designated Provider Contracts generally do NOT ""obligate Seller to purchase reinsurance for the provider or provide stop loss protection"" (with exceptions noted on Schedule 4.7(e))

While the document mentions ""stop loss protection"" in healthcare provider contracts, this refers to stop-loss insurance for healthcare providers, which is not the same as traditional reinsurance in the property/casualty or life insurance context.

The document does not meet any of the criteria for being classified as a reinsurance agreement. It is not:
- A reinsurance or retrocession agreement
- An RPP contract
- A loss portfolio transfer in the reinsurance sense
- An insurance pooling agreement like FHCF, NFIP, or CEA
- A modification of an existing reinsurance agreement

Instead, it is explicitly an asset purchase agreement for a direct insurance business (Medicaid HMO operations), which falls under the category of ""Insurance policies and other direct insurance contracts"" that are specifically listed as NOT being reinsurance agreements.

Since this is not a reinsurance agreement, all subsequent classification fields should be None.",False,,,,,
2003-1055564-0001133796-03-000029-k30276ex10_82.htm,"The provided document is a Second Amended and Restated Credit Agreement between Workflow Management, Inc., Data Business Forms Limited, various lenders, and Fleet National Bank acting as the Administrative Agent. The agreement outlines the terms for revolving loans, term loans, swingline loans, and letters of credit. It includes provisions for interest rates, repayment terms, covenants, events of default, and other conditions typical of a credit facility.

The document does not contain any language or clauses related to insurance or reinsurance. It does not transfer risk from an insurer to a reinsurer, nor does it involve the sharing of premiums, losses, or underwriting risks. Instead, it is a financial agreement where lenders provide credit to a borrower, and the borrower agrees to repay the loans with interest.

Based on the definitions provided, reinsurance agreements involve risk transfer between insurers and reinsurers. This document is a credit agreement, which is explicitly listed as not being a reinsurance agreement. Therefore, it does not meet any of the criteria for being classified as a reinsurance agreement.

Since the document is not a reinsurance agreement, the subsequent fields related to reinsurance (is_main_contract, is_obligatory, proportional_or_non_proportional, insurance_type, class_of_business) are not applicable and should be set to None.",False,,,,,
2003-803027-0000950152-03-003679-l99141aexv10wg.txt,"The document is titled ""PROPERTY PER RISK EXCESS OF LOSS REINSURANCE AGREEMENT"" and is explicitly structured as a reinsurance agreement between Merchants Mutual Insurance Company and American Re-Insurance Company. This clearly identifies it as a reinsurance contract. The agreement outlines terms such as retention, limits, reinstatement, exclusions, and definitions related to property insurance risks, which are standard in reinsurance contracts.

It establishes a full reinsurance contract with detailed terms including coverage, territory, limits, and claims handling, indicating it is a main contract and not merely an ancillary or modifying document. The agreement is obligatory in nature as it applies to all risks meeting certain criteria (property business within defined classes) without requiring individual underwriting approval per risk, which aligns with treaty-style (obligatory) reinsurance.

The contract is non-proportional because it is an excess of loss agreement, where the reinsurer covers losses above a specified retention ($500,000 per risk) up to a limit. This structure is characteristic of non-proportional reinsurance.

The insurance type is Non-Life, as it covers property insurance such as homeowners, commercial multiple peril, inland marine, and automobile physical damage. The class of business is Property, as explicitly stated in the title and defined in Article VI under ""Property Business,"" which includes fire, allied lines, multiple peril policies, and other property-related coverages.

Therefore, all classification criteria are met based on the document’s content.",True,True,True,non-proportional,Non-Life,Property
2003-355429-0000355429-03-000102-ex10m2plc.htm,"The document is a ""Second Amendment to Investment and Participation Agreement"" involving Protective Life Insurance Company, Wachovia Capital Investments, Inc., and two banks as Lease Participants. It amends a prior agreement related to investment and leasing activities, specifically modifying the definition of ""Lien"" to align with another credit agreement. The document references an ""Investment Agreement,"" a ""Lease,"" and ""Operative Documents,"" indicating it is part of a financial or leasing arrangement, likely involving equipment or asset financing.

Crucially, the document explicitly excludes reinsurance arrangements from the definition of ""Lien,"" stating: ""the term 'Lien' shall not include (i) obligations or arrangements arising out of or related to reinsurance arrangements..."" This suggests that the underlying agreement is not a reinsurance contract, but rather a financial or lease agreement where reinsurance is mentioned only for exclusionary purposes.

The document is an amendment to an investment and participation agreement, which falls under financial arrangements (e.g., lease financing), not risk transfer between insurers and reinsurers. It does not establish or modify a reinsurance contract, nor does it contain typical reinsurance terms such as ceding commissions, layers of coverage, or loss sharing mechanisms.

Therefore, this document is not a reinsurance agreement. As such, all subsequent reinsurance-specific classification fields must be set to None or False accordingly.",False,,,,,
2003-1022820-0000892569-03-000849-a88117exv10w37.txt,"The document is a Loan Agreement between Candlewood Portfolio I, LLC, Candlewood Jersey City-Urban Renewal, L.L.C., Candlewood Jersey City, NJ, LLC (collectively, ""Borrower"") and GMAC Commercial Mortgage Corporation (""Lender""). The agreement outlines the terms for a loan of $55,000,000.00 to refinance ten Candlewood Hotel properties. The document details the loan amount, interest rates, repayment terms, collateral (the hotel properties), covenants, representations, warranties, and remedies in case of default.

The document contains no language or clauses related to the transfer of insurance risk from one party to another, which is the fundamental characteristic of a reinsurance agreement. Instead, it is focused on the financial terms of a commercial loan secured by real estate. The document mentions insurance in the context of the borrower maintaining property insurance for the hotels, but this is a standard requirement in loan agreements to protect the lender's collateral, not an indication of a reinsurance contract.

The document is explicitly identified as a ""LOAN AGREEMENT"" and contains standard loan covenants such as repayment schedules, interest calculations, collateral descriptions, and default provisions. The metadata confirms it is filed as an exhibit (EX-10.37) to a 10-K form, which is consistent with a financial agreement rather than a reinsurance contract.

Therefore, the document is a commercial loan agreement and does not meet any of the criteria for being classified as a reinsurance agreement.",False,,,,,
2003-836658-0000836658-03-000075-exhc10k_galoo-12312002.txt,"The document is a Services Agreement between ING North America Insurance Corporation, Inc. (the Service Provider) and Golden American Life Insurance Company (the Company). It outlines the provision of various administrative, management, professional, advisory, consulting, and other services to be performed by the Service Provider for the Company. The services are detailed in multiple exhibits, including underwriting, policy administration, actuarial, legal, human resources, marketing, tax, and reinsurance management services.

Although Exhibit A-10 specifically mentions ""Reinsurance Management and Administration Services,"" the services described are advisory and administrative in nature—such as advising on retention limits, supporting treaty negotiations, and managing reinsurer relationships. These are support functions related to reinsurance, not the actual transfer of insurance risk via a reinsurance contract. The agreement does not establish a reinsurance contract; it does not involve risk transfer, ceding of liabilities, or any reinsurance terms such as cession, premium, coverage limits, or claims payment obligations.

Therefore, this is not a reinsurance agreement but rather a service agreement for operational and administrative support, including services that support reinsurance activities.",False,,,,,
2003-742112-0000742112-03-000022-notes2003.txt,"The document is a Note Purchase Agreement between Invacare Corporation and several purchasers for the issuance and sale of Senior Notes. It outlines the terms for the sale of three series of notes with specific interest rates and maturity dates. The document includes covenants, representations, and conditions related to the debt issuance, but it does not involve the transfer of insurance risk. The entities involved, including GE Reinsurance Corporation, are listed as purchasers using funds from their general accounts, but the agreement itself is a debt financing instrument, not a reinsurance contract. Therefore, the document is a bond issuance agreement, which is explicitly listed as not being a reinsurance agreement.",False,,,,,
2003-909109-0000893220-03-001916-w91619exv10w4.htm,"The document is titled ""PROPERTY EXCESS OF LOSS AGREEMENT OF REINSURANCE"" and explicitly identifies itself as a reinsurance agreement between Philadelphia Indemnity Company, Philadelphia Insurance Company, and Swiss Reinsurance America Corporation. It outlines the terms under which the reinsurer accepts reinsurance for property risks, including limits, retention, definitions, exclusions, premium calculations, claims management, and other standard reinsurance clauses. This confirms it is a reinsurance agreement.

The document establishes a full reinsurance contract with all principal terms, including scope, parties, limits, premiums, and claims handling, and is not merely an amendment or ancillary document. Therefore, it is a main contract.

The agreement is obligatory because it applies automatically to all eligible property business written by the ceding company (as stated in Article VI: ""The obligations... are mandatory""), which is characteristic of a treaty reinsurance arrangement.

The structure of the agreement is excess of loss (paying for losses above a $10 million retention up to certain limits), which is a classic non-proportional reinsurance form. There is no indication of proportional sharing of premiums or losses. Thus, it is non-proportional.

The subject matter is clearly property insurance (fire, inland marine, commercial multiple peril, etc.), which falls under Non-Life insurance. The class of business is Property, as it covers physical property risks such as buildings, contents, and related perils like fire, windstorm, and terrorism-related property damage.",True,True,True,non-proportional,Non-Life,Property
2003-1083750-0001083750-03-000024-bestplcmntagrmnt.txt,"The document is a Placement Agreement related to the issuance and sale of InCapS (SM) (Capital Securities) by Chandler Capital Trust I. The Capital Securities are part of a capital structure where the proceeds are used to purchase subordinated debt securities issued by the company. The document outlines the terms of the placement, representations, warranties, covenants, and conditions related to the offering, and involves entities such as the Trust, the Company (Chandler (U.S.A.), Inc.), and the Placement Agent (Sandler O'Neill & Partners, L.P.). It also references various operative documents such as the Declaration, Guarantee Agreement, and Indenture.

The document does not establish a reinsurance or retrocession agreement. Instead, it pertains to the issuance of capital securities and subordinated debt, which are financial instruments used for capital raising and are not risk transfer mechanisms in the context of insurance or reinsurance. The document also references the Insurance Subsidiary's financial statements and reinsurance treaties in the representations and warranties section, but this is for disclosure purposes and does not make the Placement Agreement itself a reinsurance agreement.

Therefore, the document is not a reinsurance agreement as defined by the criteria provided. It is a financial placement agreement related to capital securities and subordinated debt issuance.",False,,,,,
2003-1091748-0001125282-03-004680-b326106_ex10-5.txt,"The document is a Placement Agreement for the issuance of Capital Securities by PXRE Capital Statutory Trust II and the sale of Debentures by PXRE Group Ltd. The Capital Securities are guaranteed by PXRE Group Ltd. and are supported by the purchase of Debentures, which are subordinated debt instruments. This structure is typical of a capital raising transaction in the financial sector, particularly common in the insurance and reinsurance industry to strengthen capital bases. However, the document itself does not establish a reinsurance or retrocession contract. It is an agreement related to the placement of securities and does not contain terms typical of reinsurance agreements such as ceding of insurance risk, premium payments, or claims handling. Therefore, it is not a reinsurance agreement.",False,,,,,
2003-1013609-0000898430-03-002251-dex1071.txt,"The document is a Guarantee Agreement where SCPIE Holdings Inc. (the Guarantor) guarantees the obligations of SCPIE Indemnity Company and related entities (the Company) under a reinsurance agreement and related documents (collectively, the Transaction Agreements). The actual reinsurance contract — a quota share retrocession — is referenced in Schedule 1 as the ""Reinsurance Agreement"" but is not included in this document. This document solely provides a guarantee of performance by the Company under those agreements.

According to the classification criteria:
- This document is **not** itself a reinsurance agreement. Instead, it is a financial guarantee securing the payment obligations arising from reinsurance contracts.
- The criteria explicitly exclude ""Financial guarantees and other agreements that secure the payment obligations arising from insurance or reinsurance contracts"" from being classified as reinsurance agreements.
- Therefore, it does not meet the definition of a reinsurance agreement, even though it supports one.
- Because it is not a reinsurance agreement, all subsequent fields that depend on the existence of a reinsurance contract (is_main_contract, is_obligatory, etc.) must be set to None.",False,,,,,
2003-1051628-0000893220-03-000638-w85495exv10w46.txt,"The document is titled ""RETROCESSION AGREEMENT LROOOO2A00"" and explicitly refers to a retrocession arrangement between Annuity and Life Reassurance Ltd. (the Retrocessionaire) and XL Mid Ocean Reinsurance Ltd. Retrocession is defined as reinsurance of a reinsurance contract, which is specifically listed in the classification criteria as a type of reinsurance agreement. The document contains a complete retrocession agreement with recitals, master agreement terms, definitions, and schedules including the underlying Reinsurance Agreement (Schedule 1), Security Agreement (Schedule 2), and Retrocession Premiums (Schedule 3). It establishes the full terms of the retrocession arrangement rather than being an ancillary document like an endorsement or amendment.

The agreement is for a closed book of immediate annuity policies, with the Retrocessionaire taking a fixed 35% share of the benefit payments as defined in the document (""Retrocessionaire's Share"" is explicitly defined as 35%). This represents a proportional risk-sharing arrangement. The document describes a treaty arrangement where XL Mid Ocean accepts 100% reinsurance of the Business Covered (the closed portfolio of immediate annuity policies), and then retrocedes 35% of that risk to the Retrocessionaire. The obligatory nature is evident from language such as ""XL Mid Ocean agrees to cede and the Retrocessionaire agrees to accept the Business Covered"" without facultative underwriting discretion.

The subject matter is clearly life insurance, specifically immediate annuities, which are life-contingent products. Annuities primarily involve longevity risk (the risk that annuitants live longer than expected), making ""Longevity"" the appropriate class of business classification rather than Mortality (which would relate to death benefits) or Health.",True,True,True,proportional,Life,Longevity
2003-929455-0001193125-03-033177-dex101.txt,"The provided document is a Loan Agreement between several golf club entities (Borrowers) and GMAC Commercial Mortgage Corporation (Lender). The agreement outlines the terms for a $30,000,000 loan to refinance existing debt and fund improvements on the golf club properties. It details the loan terms, covenants, conditions, representations, warranties, and remedies in case of default. The document includes provisions related to the use of loan proceeds, repayment, insurance, collateral, and various financial and operational covenants.

This document is clearly a financial loan agreement secured by real estate and related assets, not a reinsurance agreement. The document does not contain any language related to the transfer of insurance risk, indemnification for insurance claims, or any other elements characteristic of a reinsurance contract. Instead, it is a standard commercial real estate loan agreement with provisions for collateral, interest, repayment schedules, and borrower covenants.

Therefore, the document is not a reinsurance agreement, and all subsequent fields related to reinsurance characteristics are not applicable.",False,,,,,
2003-1102643-0000898430-03-002165-dex1045.txt,"The document is an employment agreement between USI Insurance Services Corp. and Robert S. Schneider. It outlines the terms of employment, including position, responsibilities, compensation, confidentiality, non-solicitation, non-competition, and termination conditions. There is no mention of any reinsurance or insurance risk transfer arrangement. Instead, the document pertains to the employment relationship of an executive within an insurance services company. Therefore, it does not qualify as a reinsurance agreement or any related contract. It is a standard employment contract and falls under the category of personnel agreements, not insurance or reinsurance contracts.",False,,,,,
2003-866873-0000950149-03-000561-f88425exv10w1.txt,"The provided document is a credit agreement between SKF Foods Inc. (to be known as Del Monte Corporation) and various financial institutions, including Bank of America, N.A., as the administrative agent, and other lenders. The agreement outlines the terms for loans totaling $1.245 billion, including Term A, Term B, and Revolving Credit Facilities. It details the conditions for borrowing, repayment terms, interest rates, fees, and other covenants.

The document does not contain any provisions related to reinsurance. It is focused on a credit facility and does not involve the transfer of risk from an insurer to a reinsurer. The document is a loan agreement, which is explicitly listed as not being a reinsurance agreement.

Therefore, the document is not a reinsurance agreement.",False,,,,,
2003-775368-0000950123-03-012605-y91281exv10w2.txt,"The document is titled ""RIC (LANDMARK) QUOTA SHARE REINSURANCE AGREEMENT"" and is explicitly described as a reinsurance agreement between Landmark American Insurance Company (Cedent) and Royal Indemnity Company (Reinsurer). It outlines the cession of 100% of all Reinsured Liabilities from the Cedent to the Reinsurer on a quota share basis, which is a form of proportional reinsurance. This satisfies the definition of a reinsurance agreement under the provided criteria.

The agreement establishes the full terms of the reinsurance contract, including definitions, cession, premiums, indemnification, duration, and termination. It is not merely an ancillary document such as an endorsement or amendment but constitutes the entire reinsurance contract. Therefore, it qualifies as a main contract.

The reinsurance is obligatory because it covers all liabilities arising from a defined portfolio of policies (Reinsured Contracts) on a 100% quota share basis, meaning the Cedent automatically cedes and the Reinsurer automatically assumes all risks in that portfolio. This is characteristic of an obligatory treaty.

The contract is explicitly a ""Quota Share"" agreement, which is a type of proportional reinsurance. The Cedent cedes 100% of the premiums, losses, and expenses, and the Reinsurer assumes 100% in return. There is no indication of non-proportional terms such as excess layers or stop-loss features, so the agreement is purely proportional.

The Cedent, Landmark American Insurance Company, is described as a ""property and casualty insurance company"" in the document. The Reinsurer is also a property and casualty insurer. The Reinsured Contracts include policies issued prior to the Closing Date, excluding Company Insurance Contracts, and are governed by a property-casualty context. Therefore, the insurance type is Non-Life.

The class of business is best classified as ""Casualty"" because the document references general liability, extra-contractual liabilities, and administrative handling typical of casualty lines. While ""Property"" or ""Multi-Line"" could be plausible, the emphasis on liability-related terms (e.g., Extra Contractual Liabilities, producer compensation, claims handling) aligns most closely with Casualty.",True,True,True,proportional,Non-Life,Casualty
2003-887733-0001193125-03-031979-dex109.txt,"The document provided is a Credit Agreement between Central Garden & Pet Company (the Borrower), various Lenders, and the Administrative Agent. The agreement outlines the terms for a loan, including the amount, interest rates, repayment schedules, and other financial obligations. It also includes provisions for letters of credit, covenants, events of default, and other standard clauses found in a credit agreement.

The document does not contain any elements that would classify it as a reinsurance agreement. Reinsurance agreements are contracts between insurance companies where one company (the reinsurer) agrees to cover part of the risk underwritten by another company (the ceding company). The provided document is a credit agreement, which is a financial contract for a loan, not a reinsurance contract.

Since the document is not a reinsurance agreement, it cannot be a main contract, an obligatory reinsurance agreement, or have any proportional or non-proportional characteristics. Additionally, it does not pertain to Life or Non-Life insurance, and it does not fall into any of the specified classes of business for reinsurance.

Therefore, the document is not a reinsurance agreement, and all related fields are set to `None` or `False` as appropriate.",False,,,,,
2003-1023031-0000950144-03-011019-g85011exv10w31.txt,"The document is a Stock Purchase Agreement for the sale of all outstanding shares of New York Life & Health Insurance Company from NYLCare Health Plans, Inc. to Direct General Corporation. The agreement outlines the terms for the purchase and sale of the company's stock, representations and warranties, covenants, conditions to closing, indemnification, tax matters, and other related provisions.

Although the document references reinsurance agreements in Section 2.29 and Schedule 2.29, it does not itself establish a reinsurance contract. Instead, it is a corporate acquisition agreement focused on the transfer of ownership of an insurance company. The document's primary purpose is the sale of stock, not the transfer of insurance risk.

Because this is not a reinsurance agreement but rather a stock purchase agreement, all subsequent reinsurance-specific classification fields should be None.",False,,,,,
2003-890926-0000928385-03-000751-dex1012.txt,"The document is an amendment to the Radian Group Inc. Savings Incentive Plan, which is a retirement savings plan for employees. It outlines changes to contribution limits, catch-up contributions, distribution rules, and other plan provisions in accordance with tax laws such as EGTRRA and IRS regulations. The document pertains to employee benefits and retirement savings and does not involve risk transfer between insurers and reinsurers. It is not a reinsurance agreement, retrocession, or any type of insurance-linked security. It is also not related to any reinsurance treaty, contract, or ancillary agreement. Therefore, it falls outside the scope of reinsurance agreements entirely.",False,,,,,
2003-888919-0000950129-03-001610-h03402exv10w7.txt,"The document is titled ""Third Amendment to Loan Agreement"" and is explicitly described as an amendment to a loan agreement among HCC Insurance Holdings, Inc., lenders, and an administrative agent. It modifies certain terms of the existing loan agreement, particularly related to unsecured indebtedness, and includes provisions for fees, ratification of the original agreement, and expense reimbursements. The parties involved are the borrower (an insurance holding company), lenders, and agents in a financial lending context.

The document pertains to a loan agreement and involves financial indebtedness and credit facilities. According to the classification criteria, loan agreements and credit instruments are explicitly excluded from the definition of reinsurance agreements, even if the borrower is an insurance company. The presence of subsidiaries such as ""LDG Reinsurance Corporation"" does not transform the loan amendment into a reinsurance agreement, as the substance of the document is financial in nature and does not involve risk transfer from insurance underwriting.

Therefore, the document is not a reinsurance agreement. As a result, all subsequent fields that depend on it being a reinsurance contract (is_main_contract, is_obligatory, proportional_or_non_proportional, insurance_type, class_of_business) must be set to None.",False,,,,,
2003-947484-0001047469-03-036935-a2121850zex-10_5.htm,"The document is an ""Amended and Restated Letter of Credit and Reimbursement Agreement"" between several entities, including reinsurance companies (Arch Reinsurance Ltd., Arch Reinsurance Company, Alternative Re Limited) and an insurance company (Arch Insurance Company), and a bank (Fleet National Bank), acting as agent and issuing lender. The core purpose of this agreement is to establish a facility under which the bank will issue standby letters of credit on behalf of the Obligors (the reinsurance and insurance companies). These letters of credit serve as financial guarantees, likely to support the Obligors' obligations to third parties, such as regulatory requirements or reinsurance cessions.

The key determination is whether this document is itself a reinsurance agreement. According to the provided definitions, reinsurance agreements are contracts where risk is transferred from one insurer (the ceding company) to another (the reinsurer). This document, however, is a credit agreement. It governs the issuance of financial instruments (letters of credit) by a bank to secure the Obligors' existing obligations. While the Obligors are reinsurance companies and the letters of credit may be used for reinsurance-related purposes (as noted in Section 3.2(g) for Arch Insurance), the agreement itself is between the Obligors and a financial institution (the Lenders), not between an insurer and a reinsurer. The Obligors are not transferring their insurance risk to the bank; they are securing their own payment obligations with collateral.

The document explicitly states in Section 1.1 that ""Indebtedness"" includes ""obligations of such Person in respect of letters of credit or similar instruments issued or accepted by banks and other financial institutions for account of such Person."" This confirms that the letters of credit are a form of debt or secured obligation for the Obligors, not a mechanism for transferring insurance risk.

Therefore, this is a financial instrument, specifically a letter of credit facility, which is explicitly listed in the ""NOT considered reinsurance agreements"" category as ""Letters of credit."" Consequently, it is not a reinsurance agreement, and all subsequent questions about its nature as a reinsurance contract are inapplicable.",False,,,,,
2003-1171500-0000950123-03-003615-y84608kexv10w22.txt,"The document is an Option Agreement between Platinum Underwriters Holdings, Ltd. (the ""Company""), St. Paul Reinsurance Company Limited (the ""Optionee""), and The St. Paul Companies, Inc. (""St. Paul""). It grants the Optionee the right to purchase a specified number of common shares in the Company at a defined exercise price, subject to certain conditions and restrictions. The agreement outlines terms for exercise, transfer restrictions, adjustments due to corporate events, regulatory approvals, and other provisions typical of a securities option agreement.

This document does not involve the transfer of insurance risk from one insurer to another. Instead, it pertains to equity ownership rights and corporate governance matters related to a public offering. It does not contain any provisions related to reinsurance such as ceding premiums, assuming losses, coverage limits, or risk sharing related to insurance underwriting.

Therefore, this is not a reinsurance agreement or any type of insurance risk transfer instrument. It is a corporate securities agreement related to stock options.",False,,,,,
2003-1041665-0000950159-03-000240-exhibit10-31.htm,"The document is titled ""Second Amendment to Letter of Credit Agreement"" and explicitly refers to amending a credit agreement involving letters of credit, banks, and financial covenants. It outlines definitions and modifications related to financial obligations, indebtedness, and credit terms. Although the term ""reinsurance"" is mentioned in the definition of ""Contingent Obligation"" as an exclusion (indicating that reinsurance agreements are not considered part of certain guarantees), the document itself does not establish or modify a reinsurance contract. Instead, it is a financial instrument related to credit and liquidity, specifically a letter of credit agreement, which is explicitly listed in the instructions as **not** a reinsurance agreement. Therefore, the document is not a reinsurance agreement.

Since it is not a reinsurance agreement, all subsequent fields that depend on that classification (is_main_contract, is_obligatory, proportional_or_non_proportional, insurance_type, class_of_business) must be set to None.",False,,,,,
2003-929455-0001193125-03-033177-dex102.txt,"The provided document is a Loan Agreement between several country club entities and a lender, GMAC Commercial Mortgage Corporation. It outlines the terms and conditions of a $31,000,000 loan to refinance existing debt and fund improvements on the properties owned by the borrowers. The document includes provisions related to loan disbursement, borrower covenants, collateral (the properties), insurance, default, and remedies.

This document is clearly a commercial loan agreement secured by real estate and does not contain any elements of risk transfer from an insurer to a reinsurer. It is not related to the insurance or reinsurance industry.

Therefore, it does not meet any of the criteria for being classified as a reinsurance agreement.",False,,,,,
2003-906110-0000950152-03-003639-l99824aexv10w5.txt,"The document is a Financing Agreement between real estate entities (The Town and Country Trust, The TC Operating Limited Partnership, and The TC Property Company II) and a bank (The First National Bank of Maryland). It establishes a revolving line of credit facility of $50,000,000 to be used for financing the acquisition or refinancing of multi-family apartment properties. The agreement includes provisions for advances, interest, covenants, collateral (including deeds of trust and assignments of leases), and remedies in case of default.

This document is fundamentally a loan agreement and a credit facility. It involves the lending of money secured by real property and the creation of financial obligations, which are the hallmarks of a financing or lending arrangement. There is no mention of insurance, risk transfer from an insurer to a reinsurer, or any other element characteristic of a reinsurance agreement. The document does not involve the transfer of insurance risk, which is the core function of reinsurance.

Therefore, the document is clearly a financing agreement and not a reinsurance agreement.",False,,,,,
2003-800082-0000950131-03-002940-dex102.txt,"The document is a Subscription Agreement related to the purchase of Series A Mandatory Convertible Preferred Stock by HCC Insurance Holdings, Inc. in Argonaut Group, Inc. It outlines the terms of the stock subscription, representations and warranties by both parties, conditions to closing, and ancillary agreements. While the document references two agreements that are reinsurance-related — a ""Reinsurance Advisory Agreement"" (Section 4.q) and a ""Quota Share Treaty Agreement"" (Section 4.r) — these are not the subject of the document itself. Instead, they are conditions to the closing of the stock subscription and are described only in passing, with no substantive terms provided. The main subject of the document is the equity investment and associated corporate and securities law matters. Therefore, the document itself is not a reinsurance agreement. Since it is not a reinsurance agreement, all downstream fields related to reinsurance classification must be set to None.",False,,,,,
2003-1171500-0000950123-03-009440-y89152exv10w1.txt,"The document is a Trust Agreement established among Platinum Underwriters Bermuda, Ltd. (the Grantor), Platinum Underwriters Reinsurance, Inc. (the Beneficiary), and State Street Bank and Trust Company (the Trustee). The purpose of the trust is to secure payments owed by the Grantor to the Beneficiary under a Quota Share Retrocession Agreement, which is referenced in the document and attached as Exhibit A.

The Trust Agreement itself is not a reinsurance contract. Instead, it is a security arrangement designed to support the performance of obligations under an existing reinsurance agreement (the Retrocession Agreement). It governs the deposit, management, and withdrawal of assets in a trust account to ensure the Beneficiary can access funds if the Grantor fails to meet its reinsurance payment obligations. The document explicitly references and is dependent upon the Retrocession Agreement but does not establish the terms of risk transfer itself.

According to the classification rules, financial guarantees, trust agreements, and other instruments that secure payment obligations arising from reinsurance contracts are not considered reinsurance agreements. Therefore, while the Trust Agreement is closely related to reinsurance, it is ancillary and not a reinsurance agreement in its own right.

Since it is not a reinsurance agreement, all subsequent classification fields (is_main_contract, is_obligatory, etc.) must be set to None.",False,,,,,
2003-1171500-0000950123-03-003615-y84608kexv10w32.txt,"The document is a ""U.K. BUSINESS TRANSFER AGREEMENT"" between St. Paul Reinsurance Company Limited (the Transferor), Platinum Re (UK) Limited (the Transferee), and St. Paul Management Limited (the Employer). It governs the transfer of business assets, including goodwill, intellectual property, and reinsurance contracts, from the Transferor to the Transferee. The agreement explicitly references reinsurance activities throughout, including the transfer of reinsurance treaties and agreements.

Key elements confirming this as a reinsurance agreement include:
- Clause 1.1 defines ""BUSINESS"" as the reinsurance business of the Transferor.
- Clause 1.1 defines ""REINSURANCE AGREEMENTS"" as copies of all reinsurance agreements entered into by the Transferor on or after 1st January 2002, retroceded to Platinum Reinsurance Inc.
- Clause 2.1 confirms the transfer of the business as a going concern, specifically involving reinsurance operations.
- Clause 12.1(A) restricts the Transferor from offering or promoting ""contracts, treaties or agreements of reinsurance of the same type as the Reinsurance Agreements.""
- The agreement is part of a corporate restructuring (an initial public offering of Platinum Underwriters Holdings, Ltd.) involving the transfer of a reinsurance business.

This fits the definition of a reinsurance agreement under the provided criteria because it is a portfolio transfer in connection with a corporate restructuring that includes provisions similar to standard reinsurance agreements.

Regarding whether it is a main contract: The document transfers an entire reinsurance business, including assets, goodwill, renewal rights, and intellectual property. It is not merely an addendum or endorsement to an existing contract but establishes the framework for the continuation of the business by the Transferee. Therefore, it is a main contract.

For obligatoriness: While the document itself is not the reinsurance treaty, it facilitates the operation of obligatory reinsurance arrangements. However, as a transfer agreement, it does not itself impose risk transfer obligations. Therefore, the question of whether it is an obligatory reinsurance agreement is not applicable.

Regarding proportional or non-proportional: The document refers to 100% quota share retrocession agreements (e.g., Clause 1(E) and 1(F)), which are proportional. However, the transfer agreement itself is not a reinsurance contract that defines risk-sharing mechanics. Therefore, this classification does not apply.

For insurance type: The business being transferred includes underwriters for Casualty, Property, and other lines. This is clearly Non-Life (General Insurance) business.

For class of business: The staff listed include International Underwriters for Casualty and Property, and there is no indication of Life or Health underwriting. The business includes multiple lines, but the primary focus appears to be Property and Casualty, with specific mention of underwriting models for property catastrophe and casualty. However, the agreement does not limit to a single class. Given the mix, ""Multi-Line"" is the most accurate classification.",True,True,,,Non-Life,Multi-Line
2003-1091748-0001125282-03-004680-b326106_ex10-13.txt,"The document is an employment agreement between PXRE Group Ltd. and Jeffrey L. Radke, outlining the terms of his employment as President and Chief Executive Officer. It includes provisions related to compensation, benefits, termination, confidentiality, and non-compete obligations. Although the company operates in the reinsurance industry (as indicated by the mention of ""reinsurance products and services"" in Section 7.1.1), the document itself is not a reinsurance agreement. Instead, it is a contract for executive employment.

Since this is not a reinsurance agreement, all subsequent classification fields related to reinsurance (main contract, obligatory, proportional/non-proportional, insurance type, class of business) are not applicable and should be set to None.",False,,,,,
2003-1036960-0000950135-03-004351-b47134crexv10w1.txt,"The document is a Credit Agreement between Fairchild Semiconductor International, Inc., Fairchild Semiconductor Corporation, various lenders, and Deutsche Bank Trust Company Americas, acting as the Administrative Agent. It outlines the terms and conditions for a credit facility, including the commitment of lenders to provide loans, the issuance of letters of credit, and the repayment terms. The agreement includes provisions for interest rates, fees, covenants, and events of default.

The document is not a reinsurance agreement because it does not involve the transfer of risk from one insurer to another. Instead, it is a financial agreement for the provision of credit and loans. The document does not contain any terms or conditions related to insurance or reinsurance, such as risk transfer, premium payments, or claims handling. It is focused on the financial obligations and rights of the parties involved in the credit facility.

Since the document is not a reinsurance agreement, the subsequent fields for `is_main_contract`, `is_obligatory`, `proportional_or_non_proportional`, `insurance_type`, and `class_of_business` are not applicable and should be set to `None`.",False,,,,,
2003-913144-0000950136-03-000745-file007.txt,"The document is a ""FIRST AMENDMENT AGREEMENT"" dated September 22, 2000, which amends a Credit Agreement dated October 5, 1999. It involves RENAISSANCERE HOLDINGS LTD. as the ""Borrower,"" various banks as ""Lenders,"" and is structured as a financial credit facility amendment.

Key observations:
- The document is explicitly an amendment to a Credit Agreement, not a reinsurance contract
- It contains financial covenants, pricing grids, and ratio calculations typical of loan agreements
- While it references ""Catastrophe Bonds"" and ""Reinsurance Agreements"" in the definition of ""Excess Catastrophe Losses,"" this is only in the context of how these instruments affect the borrower's financial position
- The document mentions ""RenRe Catastrophe-Linked Securities"" but is itself a credit facility amendment, not one of these instruments

According to the classification criteria, this document falls under ""Bonds, loans and credit instruments"" which are explicitly NOT considered reinsurance agreements (with the exception of Catastrophe Bonds and Insurance Linked Securities themselves). Since this is merely a credit agreement amendment that references reinsurance concepts but does not itself constitute a risk transfer agreement, it is not a reinsurance agreement.

The metadata confirms this is filed as form type EX-10.10 (exhibit to a 10-K), which typically contains material contracts, and the description ""FIRST AMENDMENT AGREEMENT"" aligns with our analysis.",False,,,,,
2003-923603-0000950134-03-008140-d05903exv10w28.txt,"The provided document is a Loan Agreement between FELCOR/JPM HOTELS, L.L.C. (Borrower) and JPMORGAN CHASE BANK (Lender). This document details the terms and conditions for a loan, including the loan amount, interest rates, repayment schedule, and various covenants and representations. The document is clearly a financial agreement related to a loan and does not pertain to any form of reinsurance. The document is a loan agreement and not a reinsurance agreement.",False,,,,,
2003-1078820-0000909518-03-000558-mv8-5_ca.txt,"The provided document is a Credit Agreement dated July 9, 2003, among Building Materials Corporation of America (the ""Borrower""), various lenders, and Citicorp USA, Inc. as the administrative and collateral monitoring agent. The agreement outlines the terms and conditions for a $350,000,000 credit facility, including revolving credit advances, letters of credit, and swing line advances. The document specifies the obligations of the Borrower, the rights and responsibilities of the lenders, and the conditions for the extension of credit.

The document is not a reinsurance agreement. Reinsurance agreements involve the transfer of risk from one insurance company to another, typically to spread risk and reduce the potential for large losses. The provided document, however, is a credit agreement that deals with the lending of money and the creation of debt obligations. It does not involve the transfer of insurance risk or the sharing of insurance claims.

The document is a main contract, as it establishes the primary terms and conditions for the credit facility. It is not an ancillary agreement, which would be a supplementary document that modifies or adds to an existing contract.

The document is not an obligatory reinsurance agreement, as it is not a reinsurance agreement at all. Obligatory reinsurance contracts are those that automatically transfer risk from all insureds in one or more specific portfolios, but this document does not involve any such risk transfer.

Since the document is not a reinsurance agreement, it cannot be classified as proportional or non-proportional. Proportional reinsurance involves sharing a fixed percentage of premiums and losses, while non-proportional reinsurance involves paying claims above a certain threshold. The document does not contain any such provisions.

The document does not pertain to either Life or Non-Life insurance, as it is a credit agreement and not an insurance contract. Therefore, it cannot be classified as either Life or Non-Life insurance.

The document does not pertain to any specific class of business in the insurance industry, as it is not an insurance contract. The classes of business listed in the query (Property, Casualty, Specialty, Multi-Line, Health, Longevity, Mortality, Other Life) are all related to insurance, and the document does not fall into any of these categories.

In summary, the document is a credit agreement, not a reinsurance agreement. It is a main contract, but it is not an obligatory reinsurance agreement, and it cannot be classified as proportional or non-proportional, Life or Non-Life insurance, or any specific class of business in the insurance industry.",False,True,,,,
2003-354190-0001193125-03-023443-dex108.txt,"The document is a Credit Agreement dated July 21, 2003, among Arthur J. Gallagher & Co., various banks, and Harris Trust and Savings Bank acting as agent. It establishes a revolving credit facility, including provisions for loans, swing line loans, and letters of credit. The agreement outlines terms for borrowing, interest rates, fees, covenants, and conditions precedent, which are all typical of a credit or loan agreement. There is no mention of risk transfer between insurers and reinsurers, retrocession, or any other element characteristic of a reinsurance agreement. Instead, the document deals with corporate financing and banking arrangements. Therefore, it does not meet any of the criteria for being classified as a reinsurance agreement.",False,,,,,
2003-927314-0001047469-03-010526-a2105978zex-10_14.htm,"The document is a Consolidated and Restated Credit Agreement between Building Materials Corporation of America (the Borrower), various lenders, and The Bank of New York, acting as Administrative Agent. It outlines the terms for revolving credit loans, swing line loans, and letters of credit, including definitions, conditions, covenants, representations, and default provisions. The agreement is fundamentally a loan and credit facility document, establishing financial obligations and lending terms between the Borrower and the Lenders.

This document is not a reinsurance agreement. It does not involve the transfer of insurance risk from one insurer to another (reinsurance) or from a reinsurer to another reinsurer (retrocession). Instead, it is a credit agreement involving the lending of money, repayment obligations, interest rates, and security interests in collateral. The listed categories of documents that are considered reinsurance agreements (e.g., retrocession agreements, RPP contracts, catastrophe bonds for risk transfer, etc.) do not apply. This is explicitly a credit and loan instrument, which falls under the category of financial guarantees and credit instruments, which are specifically excluded from being reinsurance agreements.

Since it is not a reinsurance agreement, the subsequent questions about whether it is a main contract, obligatory, proportional, and its insurance type and class of business are not applicable.",False,,,,,
2003-54681-0001169232-03-002990-d55214_ex10-18.txt,"The provided document is a Loan Agreement dated January 31, 2003, between Katy Industries, Inc., Woods Industries (Canada) Inc., Contico Manufacturing Limited, and Fleet Capital Corporation, among others. The document details a credit facility of $110,000,000, including various types of loans, interest rates, fees, and other financial arrangements. It also includes provisions for collateral, representations and warranties, covenants, conditions precedent, and events of default.

The document does not contain any elements characteristic of a reinsurance agreement. It does not involve the transfer of insurance risk from one insurer to another, nor does it include terms related to reinsurance such as ceding commissions, reinsurance recoverables, or specific reinsurance clauses. Instead, it is a financial agreement focused on lending and borrowing money, with detailed provisions for loan administration, interest calculations, and repayment terms.

Given the nature of the document, it is clearly a loan agreement and not a reinsurance agreement. Therefore, it does not meet any of the criteria for being classified as a reinsurance agreement, and all subsequent fields related to reinsurance characteristics are not applicable.",False,True,,,,
2003-1204560-0000950150-03-000900-a92206exv10w9.txt,"The provided document is a Loan Agreement between Maguire Properties - 555 W. Fifth, LLC and Maguire Properties - 808 S. Olive, LLC (collectively, the Borrower) and Bank of America, N.A. (the Lender). The agreement outlines the terms and conditions for a loan of $250,000,000.00, including interest rates, repayment terms, covenants, and other financial and legal provisions. The document is structured as a standard loan agreement and does not contain any provisions related to reinsurance, retrocession, or risk transfer mechanisms typical of reinsurance agreements. It is a direct financial instrument for borrowing and lending, not for insurance or reinsurance purposes.",False,,,,,
2003-1013609-0000898430-03-002251-dex1065.htm,"The document is titled ""MEDICAL MALPRACTICE SHORTFALL EXCESS OF LOSS REINSURANCE AGREEMENT"" and explicitly refers to itself as a ""reinsurance agreement"" throughout. It involves SCPIE Holdings, Inc. and affiliated entities (the ""Company"") transferring risk to one or more ""Subscribing Reinsurer(s)."" The structure, language, and clauses (e.g., Ultimate Net Loss, Reinsurer liability, Excess of Loss coverage, Reporting, Arbitration, and Insolvency) are standard in reinsurance contracts. Therefore, this is clearly a reinsurance agreement.

The document establishes the full terms of the reinsurance contract, including business covered, limits, premiums, and conditions. It includes Exhibits A and B with detailed terms (Limits of Cover, Premium, Reinstatement), indicating it is a complete and binding contract. It is not merely an ancillary document like an endorsement or commutation. Therefore, it is a main contract.

The agreement is on an excess of loss basis (i.e., the Reinsurer covers losses above a specified retention), which is a hallmark of non-proportional reinsurance. The structure involves a retention ($2M or $20M), followed by layers of coverage with defined limits, and includes reinstatement premiums—common features in non-proportional (excess of loss) treaties. There is no indication of proportional risk sharing (e.g., quota share). Therefore, it is non-proportional.

The coverage pertains to medical malpractice claims for physicians, surgeons, hospitals, and managed care organizations. These are liability risks arising from professional services in the healthcare sector. This falls under casualty insurance, which is part of Non-Life insurance. The primary class of business is ""Casualty,"" as it involves professional liability (a subset of casualty), not health insurance per se (which would cover medical expenses). Medical malpractice liability is a standard casualty line.",True,True,True,non-proportional,Non-Life,Casualty
2003-914156-0001104659-03-018399-a03-1915_1ex10d31.htm,"The document is an Industrial Lease Agreement between a landlord and a tenant for the rental of office/warehouse space. It details the terms of the lease, including rent, maintenance responsibilities, insurance requirements, and other conditions related to the use and occupancy of the premises. There is no mention of reinsurance, retrocession, or any risk transfer mechanism between insurance entities. Instead, the document pertains to real estate leasing, which is explicitly excluded from the definition of reinsurance agreements. Therefore, this is not a reinsurance agreement.",False,,,,,
2003-1171500-0000950123-03-003615-y84608kexv10w37.txt,"The document is a Transfer Restrictions, Registration Rights and Standstill Agreement between Platinum Underwriters Holdings, Ltd. and RenaissanceRe Holdings Ltd. It governs the sale and transfer of common shares in Platinum Underwriters Holdings, Ltd., registration rights for those shares, and standstill provisions limiting ownership stakes and acquisition attempts. The document is related to corporate equity investment and securities regulation, not to insurance or reinsurance risk transfer.

The agreement does not establish any form of reinsurance or retrocession contract. It does not involve the transfer of insurance risk from one insurer to another, nor does it contain any terms related to underwriting, claims, premiums, or coverage typical of reinsurance agreements. Instead, it focuses on securities law compliance, share transfer restrictions, pre-emptive rights, and corporate governance issues.

Therefore, this document is not a reinsurance agreement, and all subsequent classification fields that depend on it being a reinsurance contract must be set to 'None'.",False,,,,,
2003-913144-0000950136-03-000745-file010.txt,"The document is a ""Fourth Amendment Agreement"" related to a Credit Agreement among RenaissanceRe Holdings Ltd., lenders, and a financial agent. It amends certain definitions and covenants in the underlying credit facility, such as updating subsidiary names and adjusting accounting treatment for certain entities (e.g., DaVinciRe Holdings Ltd. and DaVinci Reinsurance Ltd.). Although the term ""Reinsurance Agreements"" is mentioned within a definition (""Insurance Subsidiary""), this is only for definitional context and does not indicate that the document itself is a reinsurance agreement.

The document is a financial amendment to a credit facility and pertains to loan covenants, investment restrictions, and financial reporting. It is not a reinsurance or retrocession contract, nor does it establish or modify the terms of a reinsurance agreement. Instead, it is a loan document (specifically labeled as a ""Loan Document"" in Section 8) that governs credit obligations.

Therefore, this document is not a reinsurance agreement. As a result, all downstream classification fields (main contract, obligatory, proportional status, insurance type, class of business) must be set to None.",False,,,,,
2003-914475-0000936392-03-001519-a94182exv10w6.txt,"The provided document is a ""STANDARD FORM OF AGREEMENT BETWEEN OWNER AND CONTRACTOR"" for the construction of two buildings for Neurocrine Biosciences. It details the relationship, work scope, payment terms, and responsibilities between the Owner (Peony Acquisitions, LLC) and the Contractor (Ledcor Petty Construction, L.P.). This is a standard construction contract, specifically an AIA Document A111, which is a common form for owner-contractor agreements in the building industry. It contains no language related to the transfer of insurance risk from one insurer to another, which is the defining characteristic of a reinsurance agreement. Instead, it includes provisions for general liability and property insurance that the contractor must carry, which are typical for direct construction contracts. Therefore, this document is a direct insurance contract (specifically, a construction contract) and not a reinsurance agreement.",False,,,,,
2003-1060279-0001169232-03-006665-d57487_ex10-14.txt,"The provided document is an ISDA Master Agreement between Wachovia Bank, National Association and Phoenix Color Corp., PCC Express, Inc., Technigraphix, Inc., Phoenix (MD) Realty, LLC, and Phoenix Color Fulfillment, Inc. This type of agreement is a standardized framework used in over-the-counter derivatives transactions, such as interest rate swaps, currency swaps, and other financial derivatives. It outlines the terms and conditions governing multiple transactions between the parties, including events of default, termination events, payment obligations, and netting provisions.

The agreement explicitly references financial transactions such as swaps, options, and foreign exchange (FX) transactions, and incorporates definitions from the 2000 ISDA Definitions and the 1998 FX and Currency Option Definitions. These are hallmarks of financial derivatives contracts, not insurance or reinsurance arrangements.

Reinsurance agreements involve the transfer of insurance risk from one insurer (the ceding company) to another (the reinsurer). The document contains no language related to insurance policies, underwriting, claims, premiums for risk coverage, or any other typical features of reinsurance contracts. Instead, it focuses on payment obligations, credit events, set-off rights, and termination for financial derivatives.

Therefore, this document is not a reinsurance agreement but rather a financial derivatives master agreement governed by ISDA standards.",False,,,,,
2003-1178717-0001047469-03-010337-a2106381zex-10_18.txt,"The document is a Credit Agreement among several corporations and financial institutions, detailing the terms of a loan arrangement. It includes provisions for term loans, revolving loans, swingline loans, and letters of credit. The document outlines the obligations of the borrowers, the roles of the lenders and agents, interest rates, repayment terms, covenants, and other financial details. It does not contain any elements characteristic of a reinsurance agreement, such as risk transfer from one insurer to another, ceding commissions, or claims handling procedures. Instead, it is clearly a loan agreement, which falls under the category of financial guarantees and credit instruments, which are explicitly stated as not being reinsurance agreements in the provided criteria.",False,,,,,
2003-894353-0000950134-03-004451-c75473exv10wd.txt,"The document is titled ""HEALTHCARE LIABILITY EXCESS OF LOSS REINSURANCE CONTRACT"", which clearly indicates it is a reinsurance agreement. It is established between Midwest Medical Insurance Company (the ""Company"") and subscribing reinsurers, outlining the terms under which the reinsurers will cover excess liability arising from the Company's healthcare liability insurance policies. This fits the definition of a reinsurance agreement as it transfers risk from the insurer to the reinsurer.

The document establishes the full terms of the reinsurance contract, including classes of business reinsured, retention and limits, premium, claims handling, and termination clauses. It is not merely an ancillary document like an endorsement or amendment, but a complete reinsurance contract. Therefore, it qualifies as a main contract.

The contract covers a broad portfolio of healthcare liability policies written by the Company, including professional liability, general liability, and managed care liability. It is structured as an excess of loss treaty covering multiple insureds within defined classes of business, rather than being limited to specific individual risks. This indicates it is an obligatory reinsurance agreement, as the Company cedes all qualifying risks automatically under the treaty terms.

The reinsurance is structured as an excess of loss agreement, where the reinsurer covers losses above the ceding company's retention up to specified limits. This is a non-proportional form of reinsurance, as the reinsurer's liability is triggered only after the ceding company's retention is exhausted, and the payout is not based on a fixed percentage of the loss.

The policies reinsured relate to healthcare liability for physicians, surgeons, dentists, healthcare facilities, and managed care organizations. These are liability coverages for medical professionals and institutions, which fall under the Non-Life insurance category.

The primary class of business is healthcare liability, which encompasses professional liability (malpractice), general liability, and directors and officers liability for healthcare providers. This falls under the ""Health"" category in reinsurance classifications, as it specifically pertains to medical and healthcare-related risks.",True,True,True,non-proportional,Non-Life,Health
2003-1004980-0001047469-03-007123-a2103978zex-10_9.htm,"The document is an ""Amended and Restated Credit Agreement"" between GenHoldings I, LLC (the Borrower) and various financial institutions (the Banks, CP Conduits, Related Banks, etc.). It details the terms of a credit facility, including loan amounts, interest rates, fees, conditions for borrowing, and covenants. The agreement involves the provision of funds for construction and working capital, secured by collateral, and includes mechanisms like letters of credit for specific project-related obligations.

The provided list of documents considered reinsurance agreements includes items like reinsurance agreements, retrocession agreements, and insurance pooling agreements. The list of documents NOT considered reinsurance agreements explicitly includes ""Bonds, loans and credit instruments"" and ""Letters of credit,"" which are the core components of this document.

Therefore, this document is a credit agreement and a loan facility, which are financial instruments and not reinsurance contracts.",False,,,,,
2003-1095073-0001095073-03-000015-supplementalindenture.htm,"The document is a First Supplemental Indenture related to the issuance of ""7.85% Junior Subordinated Debt Securities"" by Everest Reinsurance Holdings, Inc. These securities are debt instruments issued under an indenture with a trustee, JPMorgan Chase Bank. The document outlines terms such as interest payments, redemption rights, deferral provisions, and subordination to senior debt. It also references a trust (Everest Re Capital Trust) that issued preferred securities and used the proceeds to invest in these subordinated debt securities.

Despite the involvement of a reinsurance company (Everest Reinsurance Holdings, Inc.) and references to reinsurance in the corporate name, the document itself is a financing agreement, specifically a debt issuance governed by an indenture. It does not involve the transfer of insurance risk from one insurer to another, nor does it contain terms typical of reinsurance contracts such as ceded premiums, risk coverage, policy limits, or claims settlement procedures.

According to the classification criteria provided, reinsurance agreements include treaties, retrocessions, loss portfolio transfers, and related risk-transfer instruments. This document, however, is a capital market instrument — a subordinated debt security — and falls under the category of financial instruments excluded from reinsurance, such as bonds, loans, and credit instruments (except for Insurance Linked Securities, which this is not).

Therefore, the document is not a reinsurance agreement. As a result, all subsequent fields that depend on it being a reinsurance contract (main contract, obligatory, proportional/non-proportional, insurance type, class of business) must be set to None.",False,,,,,
2003-929008-0000950128-03-000386-j9926301exv10w26.txt,"The document is a Loan Agreement between WESCO REAL ESTATE IV, LLC (Borrower) and BEAR STEARNS COMMERCIAL MORTGAGE, INC. (Lender). It outlines the terms for a commercial mortgage loan, including disbursement, interest rates, repayment terms, prepayment conditions, defeasance, cash management, reserves, insurance, casualty, condemnation, and various covenants and conditions. The document includes schedules detailing the properties, rent roll, required repairs, organizational chart, and operations and maintenance agreements. It also includes provisions for default, remedies, and miscellaneous legal clauses.

This document is fundamentally a loan agreement secured by real property, involving standard commercial mortgage terms. It does not involve the transfer of insurance risk from one insurer (ceding company) to another (reinsurer). The document does not contain any language or structure typical of reinsurance contracts, such as ceding commissions, retrocession, risk sharing between insurers, or agreements related to insurance liabilities. Instead, it is a standard commercial mortgage agreement with provisions for property insurance as collateral protection, which is common in real estate financing.

Therefore, this is not a reinsurance agreement but a standard commercial loan agreement secured by real estate.",False,,,,,
2003-1171500-0000950123-03-003615-y84608kexv10w23.txt,"The document is an Option Agreement between Platinum Underwriters Holdings, Ltd. (""the Company"") and The St. Paul Companies, Inc. (""St. Paul""). It grants St. Paul the right to purchase a specified number of common shares in the Company at a fixed exercise price. The agreement outlines terms related to the exercise of the option, adjustments to the number of shares and exercise price in the event of corporate actions (such as stock splits, dividends, mergers), transfer restrictions, regulatory approvals, and other standard provisions for equity options.

The document does not involve the transfer of insurance risk from one insurer to another. Instead, it pertains to corporate equity and shareholder rights. There is no mention of reinsurance, retrocession, risk transfer, ceded premiums, claims settlement, or any other elements typical of reinsurance contracts. It is a financial instrument related to corporate ownership and control, not an insurance or reinsurance agreement.

Therefore, this document is not a reinsurance agreement. As a result, all subsequent classification fields that depend on it being a reinsurance contract must be set to None.",False,,,,,
2003-815838-0000950144-03-003801-g81253a1exv10w25.txt,"The provided document is a Transaction Agreement between Noven Pharmaceuticals, Inc., Shire US Inc., and Shire Pharmaceuticals Group plc. The agreement outlines the sale of certain assets related to the development and sale of a transdermal methylphenidate drug delivery system, including intellectual property rights, regulatory applications, and trademarks. It also details the assumption of certain liabilities by the purchaser and includes provisions for milestone payments based on future sales.

The document does not contain any language or provisions that relate to insurance or reinsurance. There is no mention of risk transfer between insurers, ceding of insurance policies, or any other elements typical of reinsurance contracts. Instead, it is focused on the transfer of assets and rights related to a pharmaceutical product.

Based on the content and purpose of the document, it is clear that this is not a reinsurance agreement. It is a commercial asset purchase agreement in the pharmaceutical industry.",False,,,,,
2003-1179755-0001169232-03-005213-d56652_ex10-1.txt,"The document is an ""AMENDED AND RESTATED CREDIT AGREEMENT"" dated August 13, 2002 and amended and restated as of August 8, 2003, between Endurance Specialty Holdings Ltd. (a Bermuda-based insurance/reinsurance holding company), various subsidiary borrowers, lending institutions, and JPMorgan Chase Bank as Administrative Agent. This is clearly a credit facility agreement establishing a $500,000,000 lending relationship.

According to the classification criteria, this document is not a reinsurance agreement because:
1. It is explicitly a credit agreement that establishes lending terms, interest rates, repayment schedules, and other loan-related provisions
2. Under the ""NOT considered reinsurance agreements"" category, it falls under ""Bonds, loans and credit instruments except for Catastrophe Bonds and other Insurance Linked Securities""
3. While the borrower is an insurance/reinsurance company (as evidenced by references to ""Regulated Insurance Companies"" and mentions of reinsurance in Section 6.18), the document itself does not transfer insurance risk between parties - it establishes a debtor-creditor relationship
4. The letters of credit mentioned in the document are part of the credit facility structure, not reinsurance-related instruments

Since this is not a reinsurance agreement at all, all other classification fields (is_main_contract, is_obligatory, proportional_or_non_proportional, insurance_type, and class_of_business) should be None.",False,,,,,
2003-1163710-0000836658-03-000076-exhb_rnyoo-12312002.txt,"The document is a Management Services Agreement between two affiliated insurance companies, ReliaStar Life Insurance Company of New York (RLNY) and ReliaStar Life Insurance Company (ReliaStar Life). The agreement outlines the provision of various administrative, management, and support services between the two parties, such as underwriting, claims processing, financial management, actuarial services, and information services. 

Although one of the services listed (Attachment A, Exhibit A-5) is ""Reinsurance Management and Administration Services,"" the document does not establish a reinsurance contract. Instead, it provides consulting and administrative support related to reinsurance, such as advice on retention limits, treaty negotiations, and reinsurer relationships. This is a service arrangement for managing reinsurance activities, not a reinsurance agreement itself.

The document does not transfer any insurance risk between the parties. It does not contain terms typical of reinsurance contracts such as ceding commissions, coverage limits, premiums for risk transfer, or indemnity clauses. Instead, it focuses on cost allocation for shared services and operational support.

Therefore, the document is not a reinsurance agreement but rather a service agreement between affiliated insurers for the sharing of administrative functions.",False,,,,,
2003-75488-0001047469-03-007124-a2104540zex-10_9.htm,"The document is an ""Amended and Restated Credit Agreement"" between GenHoldings I, LLC (the Borrower) and various financial institutions (the Banks, Arrangers, and Lender Groups) for a credit facility. This agreement outlines the terms for construction loans, working capital loans, and letter of credit facilities. It details loan amounts, interest rates, repayment terms, conditions for borrowing, covenants, events of default, and related provisions. This is a financial lending agreement, not a reinsurance agreement.

Based on the definitions provided in the instructions, this document is not a reinsurance agreement because it does not involve the transfer of insurance or reinsurance risk. Instead, it is a standard credit agreement where a borrower receives loans from financial institutions. The document does not contain any elements of risk transfer from an insurer to a reinsurer, which is the fundamental characteristic of a reinsurance agreement.

Additionally, the document is not a letter of credit, bond, loan, or credit instrument in the general sense (though it governs loans), but rather the agreement that establishes the terms for those loans. Among the excluded documents listed in the instructions, this most closely resembles a ""Credit Agreement"" which is not considered a reinsurance agreement.",False,,,,,
2003-1095073-0001095073-03-000009-ex1032.txt,"The document is an employment agreement between Everest Reinsurance (Bermuda) Ltd. and Mr. Peter J. Bennett for the position of Managing Director and Chief Executive Officer. It outlines terms of employment such as salary, benefits, termination conditions, confidentiality, and governing law. The document does not contain any provisions related to the transfer of insurance risk between insurers and reinsurers. Instead, it pertains to an individual's employment relationship with a reinsurance company. Therefore, it is not a reinsurance agreement. Since it is not a reinsurance agreement, all subsequent classification fields are not applicable.",False,,,,,
2003-310826-0000310826-03-000018-ex10gplc.htm,"The document is a Credit Agreement between Protective Life Corporation and several lenders, establishing a $200,000,000 revolving credit facility. It outlines the terms for borrowing, interest rates, covenants, conditions precedent, and other financial arrangements. The agreement is explicitly for general corporate purposes, including working capital, stock repurchases, and acquisitions. It contains no language or clauses related to the transfer of insurance risk, reinsurance, retrocession, or any other risk-sharing mechanism typical of reinsurance contracts. Instead, it is a standard financial credit facility governed by loan and lending terms. Therefore, it does not meet the definition of a reinsurance agreement as defined in the instructions. Since it is not a reinsurance agreement, all subsequent fields related to reinsurance classification must be set to None or False as appropriate.",False,,,,,
2003-1171500-0000950123-03-003615-y84608kexv10w55.txt,"The document is a ""100% QUOTA SHARE RETROCESSION AGREEMENT,"" which is explicitly listed as a type of reinsurance agreement. The agreement details the transfer of 100% of liabilities and premiums from the Retrocedant (St. Paul Reinsurance Company Limited) to the Retrocessionaire (Platinum Re (UK) Limited), which is characteristic of a proportional reinsurance arrangement. The contract establishes the main terms of the retrocession, including coverage, premiums, loss and loss expenses, and administration, indicating it is a main contract. It is obligatory as it covers all reinsurance contracts entered into by the Retrocedant on or after the Effective Date under specific clauses, transferring risk from all insureds in the specified portfolios. The proportional nature is evident from the 100% quota share of liabilities and premiums. The document does not specify whether it pertains to Life or Non-Life insurance, nor does it specify the class of business, as it covers reinsurance contracts in general without specifying the underlying insurance types.",True,True,True,proportional,,
2003-875159-0000930413-03-002466-c28973_ex10-64.htm,"The document is a ""364-Day Credit Agreement"" between XL Capital Ltd, its subsidiaries, the Lenders, and JPMorgan Chase Bank as the Administrative Agent. It details a credit facility providing for the issuance of letters of credit and making of loans up to $2.5 billion. The agreement outlines the terms for Syndicated Letters of Credit, Non-Syndicated Letters of Credit, Participated Letters of Credit, and Alternative Currency Letters of Credit, as well as provisions for loans, fees, interest, covenants, and events of default. The primary subject is a financial credit arrangement, not a risk transfer agreement between insurers and reinsurers. Although the parties include insurance and reinsurance companies (like XL Insurance and XL Re), the document itself is a credit agreement for corporate financing, not a reinsurance contract. It does not contain terms typical of reinsurance such as ceding commissions, loss ratios, or reinsurance coverage for specific insurance policies. Therefore, it falls under the category of financial guarantees and credit instruments, which are explicitly excluded from being considered reinsurance agreements.",False,,,,,
2003-1171500-0000950123-03-003615-y84608kexv10w65.txt,"The document is a Security Agreement between Platinum Underwriters Bermuda, Ltd. (the Debtor) and Platinum Re (UK) Limited (the Secured Party). It explicitly references a ""Quota Share Retrocession Agreement"" dated the same day, which is a type of reinsurance agreement. The Security Agreement is entered into pursuant to Article 14(C) of that Retrocession Agreement and is designed to secure the obligations under it. Therefore, while this document itself is not a reinsurance contract, it is directly tied to and modifies the terms of an underlying reinsurance (retrocession) agreement. According to the provided classification rules, documents that modify the terms of an existing reinsurance agreement are considered reinsurance agreements.

However, this Security Agreement is ancillary to the main reinsurance contract (the Retrocession Agreement). It does not establish the reinsurance terms but rather secures performance under them. Therefore, it is not a ""main contract"" as defined.

Since it is an ancillary agreement securing a reinsurance contract, but not the reinsurance contract itself, it cannot be classified as obligatory or non-obligatory, nor can it be categorized as proportional or non-proportional, nor can insurance type or class of business be determined from this document alone.",True,False,,,,
2003-1013609-0000898430-03-002251-dex1066.htm,"The document is titled ""FIRST-FOURTH EXCESS OF LOSS REINSURANCE AGREEMENT"" and is explicitly structured as a reinsurance contract between SCPIE Holdings, Inc. and/or affiliated companies (the ""Company"") and one or more subscribing reinsurers. It outlines the terms under which the Reinsurer agrees to reimburse the Company for losses above certain attachment points, which is a hallmark of non-proportional reinsurance. The agreement covers specific classes of insurance related to healthcare professional liability, hospital liability, and managed care organizations, all of which are forms of liability insurance.

The document establishes a full reinsurance contract with clearly defined terms, including limits, premiums, exclusions, and claims procedures. It is not an ancillary agreement like an endorsement or amendment, but rather a comprehensive contract that creates the foundational reinsurance relationship. Therefore, it qualifies as a main contract.

The structure of the agreement—covering losses in excess of specific attachment points (e.g., $1.25 million, $5 million, etc.) up to defined limits—confirms it is an excess of loss reinsurance contract, which is non-proportional by nature. There are multiple layers (first through fourth), but all are structured on a non-proportional basis. No proportional mechanisms (e.g., quota share) are present, and reinstatement premiums are charged after losses, typical in non-proportional treaties.

The classes of insurance covered—physicians' professional liability, hospital liability, directors and officers liability for healthcare entities—are all forms of liability insurance arising from healthcare services. These fall under the Non-Life category and are specifically categorized as Health (for medical professional liability) or Specialty (for D&O and E&O), but the dominant and clearly primary class is medical malpractice/liability in the healthcare sector, which is best classified as ""Health"" within the given options.

Thus, the document is a reinsurance agreement, a main contract, obligatory (as it automatically covers all qualifying claims within the defined portfolio), non-proportional, pertaining to Non-Life insurance, and in the ""Health"" class of business.",True,True,True,non-proportional,Non-Life,Health
2003-1040441-0000950134-03-004787-d03650exv10w66.txt,"The document is an amendment to a credit agreement and pledge agreement between Beverly Enterprises, Inc. (the Borrower), various banks, and JPMorgan Chase Bank as Administrative Agent. It outlines amendments to loan terms, definitions, covenants, and conditions related to debt obligations, collateral, and financial ratios. The document does not involve risk transfer from an insurer to a reinsurer, nor does it reference any reinsurance or retrocession terms. It is a financial credit instrument, specifically an amendment to a credit and pledge agreement, which falls under the category of credit instruments.

According to the provided classification rules, bonds, loans, and credit instruments are not considered reinsurance agreements unless they are Catastrophe Bonds or other Insurance Linked Securities with a risk transfer objective similar to reinsurance. This document is a standard credit agreement amendment and does not fulfill such a risk transfer purpose. Therefore, it is not a reinsurance agreement.

Since it is not a reinsurance agreement, all subsequent fields related to reinsurance classification (is_main_contract, is_obligatory, etc.) must be set to None.",False,,,,,
2003-97196-0000097196-03-000003-operating102.htm,"The document is a Limited Liability Company Agreement for Voorhees Risk Management LLC, which outlines the governance, capital contributions, profit and loss allocations, management structure, and transfer rights among the members (including insurance entities like Independence American Insurance Company and American Independence Corp.). The stated business purpose of the company is ""to engage in any business necessary or incidental to the provision of employer medical stop loss insurance coverage.""

Stop loss insurance is a form of health insurance that protects self-insured employers against large or unexpected claims. While this involves insurance risk, the document itself is not a reinsurance agreement. It is an operating agreement that establishes the internal structure and operational rules of an LLC. It does not transfer risk from an insurer to a reinsurer, nor does it contain terms typical of reinsurance contracts such as ceding commissions, reinsurance premiums, or coverage limits for assumed risks.

The agreement governs ownership, management, and financial arrangements among members but does not constitute a risk transfer mechanism between insurance entities. Therefore, it does not meet the definition of a reinsurance agreement, nor is it an ancillary document to one. It is a corporate governance document for an entity involved in the insurance space, but not a reinsurance contract.",False,,,,,
2003-909109-0000893220-03-001374-w89051exv10w1.htm,"The document is a Reimbursement Contract between Philadelphia Indemnity Insurance Company and the Florida Hurricane Catastrophe Fund (FHCF), administered by the State Board of Administration of Florida. 

According to the classification guidelines, ""Insurance pooling agreements and government insurance schemes that fulfill a risk transfer objective similar to standard reinsurance, like the FHCF, NFIP, CEA in the US"" are considered reinsurance agreements. The FHCF is explicitly listed as an example in the guidelines, making this a reinsurance agreement despite the document stating it ""does not provide or extend insurance or reinsurance coverage.""

This is a main contract because it contains the complete terms of the reinsurance arrangement, not just amendments or ancillary provisions. It includes comprehensive sections on scope, definitions, exclusions, payment terms, reporting requirements, and other standard contract elements.

The agreement is obligatory because it automatically covers all of the insurer's qualifying policies (as defined by ""Covered Policies"") without individual underwriting. Article I requires the company to report all business that fits the Covered Policy definition, indicating automatic coverage for the entire portfolio of qualifying policies.

The structure is non-proportional reinsurance. Article IV specifies that the FHCF reimburses ""the Reimbursement Percentage elected... times the amount of Ultimate Net Loss paid by the Company in excess of the Company's Retention."" This describes an Excess of Loss structure with percentage participation above the retention level, which is characteristic of non-proportional reinsurance.

The insurance type is Non-Life because the contract covers property insurance (residential structures and contents) against hurricane damage, as defined in Article V(10) which specifies ""Covered Policy"" as policies insuring ""real or personal property located in the State of Florida.""

The class of business is Property, as the contract specifically covers residential property insurance against hurricane-related damage to structures and contents, with explicit references to property valuation, dwelling coverage, and property-related losses throughout the document.",True,True,True,non-proportional,Non-Life,Property
2003-1171500-0000950123-03-003615-y84608kexv10w29.txt,"The document is titled ""UK RUN-OFF SERVICES AGREEMENT"" and is entered into between St. Paul Reinsurance Company Limited and Platinum Re (UK) Limited. It outlines the provision of administrative and operational services by Platinum Re UK to St. Paul Re UK for the administration of certain insurance and reinsurance contracts in run-off. These contracts, referred to as ""UK Run-off Contracts,"" include reinsurance contracts written by St. Paul Re UK and certain surplus lines insurance contracts. However, the agreement itself does not establish a reinsurance contract; instead, it governs the provision of services (e.g., claims management, actuarial reserving, contract writing) related to existing reinsurance and insurance contracts that are no longer being actively underwritten.

The document is ancillary in nature, as it supports the administration of reinsurance contracts but does not transfer risk or define the terms of reinsurance coverage. It is more akin to a service-level agreement or outsourcing arrangement between two entities following a corporate separation, as referenced in the Formation Agreement. Therefore, while reinsurance contracts are referenced as the subject matter of the services, the document itself is not a reinsurance agreement.

Because it is not a reinsurance agreement, the downstream classification fields (main contract, obligatory, proportional, insurance type, class of business) are not applicable and should be set to 'None'.",False,,,,,
2003-315293-0001047469-03-010294-a2106480zex-10_z.txt,"The provided document is a 364-Day Credit Agreement between Aon Corporation (the borrower), several lenders, and Bank One, NA (as agent). It outlines the terms for a $337,500,000 loan, including the commitments of the lenders, interest rates, fees, covenants, and conditions for borrowing and repayment. The document is a standard credit facility agreement and does not involve the transfer of insurance risk from one insurer to another. Instead, it is a financial instrument for corporate borrowing. Therefore, it does not meet the criteria for a reinsurance agreement as defined in the instructions.",False,,,,,
2003-355948-0000355948-03-000038-exhibit10v1.htm,"The document is a Directors and Officers (D&O) insurance policy issued by Chubb to Richardson Electronics, Ltd. It provides coverage for claims made against the company's directors and officers for wrongful acts committed in their insured capacities. The policy includes various coverage sections such as Executive Liability and Indemnification, Fiduciary Liability, Crime Insurance, and Employment Practices Liability.

This is a direct insurance policy, not a reinsurance agreement. Reinsurance agreements involve one insurer (the reinsurer) assuming part of the risk of another insurer (the ceding company). This document is a primary insurance contract between Chubb (the insurer) and Richardson Electronics (the insured), covering the company's directors and officers against claims.

The document contains the main policy terms, declarations, and multiple endorsements that modify the original policy. However, since it is not a reinsurance agreement at all, the subsequent classification questions about whether it's a main contract, obligatory, proportional or non-proportional, etc., are not applicable.",False,,,,,
2003-775368-0000950123-03-012605-y91281exv10w4.txt,"The document is titled ""RIC (Landmark) Administrative Services Agreement"" and is an agreement between Royal Indemnity Company and Landmark American Insurance Company. The purpose of the agreement is for Royal Indemnity Company to provide administrative services related to reinsurance contracts and liabilities previously underwritten by Landmark American Insurance Company. The document repeatedly references a separate ""RIC (Landmark) Quota Share Reinsurance Agreement"" as the foundational reinsurance contract (e.g., in the recitals and in Section 13.4). This administrative services agreement outlines the performance of administrative tasks such as claims handling, regulatory compliance, reporting, and record-keeping for the reinsurance activities governed by the quota share agreement.

However, the document itself does not establish a reinsurance contract. It does not transfer risk, define coverage terms, or set reinsurance premiums. Instead, it delegates administrative duties and defines service standards, access to records, and indemnification related to services. According to the classification guidelines, referral agreements, underwriting agency agreements, and service agreements like this one are explicitly excluded from being reinsurance agreements.

Therefore, while the document is related to reinsurance (specifically a quota share reinsurance contract), it is not itself a reinsurance agreement. It is an ancillary service agreement supporting the administration of an underlying reinsurance contract. Consequently, all subsequent fields dependent on the document being a reinsurance agreement (is_main_contract, is_obligatory, etc.) must be set to None.",False,,,,,
2003-1223037-0001193125-03-098171-dex1032.txt,"The provided document is an ""AMENDED AND RESTATED CREDIT AGREEMENT"" between Star Gas Propane, L.P., and several financial institutions. It outlines the terms of a credit facility, including loan commitments, interest rates, fees, covenants, and conditions for borrowing. The document explicitly states that it is a credit agreement and details the financial arrangements between the borrower and the lenders. 

According to the provided classification rules, reinsurance agreements include specific types of risk transfer contracts such as reinsurance agreements, retrocession agreements, and certain catastrophe bonds. This document, however, is a standard credit agreement for a loan, which is explicitly listed as not being a reinsurance agreement under the ""NOT"" category (e.g., ""Bonds, loans and credit instruments except for Catastrophe Bonds""). Therefore, it does not meet any criteria for being classified as a reinsurance agreement. As a result, all subsequent fields related to reinsurance characteristics (main contract, obligatory, proportional, insurance type, class of business) are not applicable and must be set to None.",False,,,,,
2003-896159-0000950131-03-001690-dex1061.txt,"The document is a credit agreement between ACE Guaranty Re Inc. and several banks, with ABN AMRO Bank N.V. acting as the administrative agent. It outlines a $100,000,000 364-day revolving credit facility. The purpose of this agreement is to provide a credit line for the borrower to use for general corporate purposes, as stated in the document.

The document does not establish a reinsurance agreement. Instead, it is a financial instrument that provides credit to the borrower. The definitions and terms within the document, such as ""Revolving Credit Loans,"" ""Bid Loans,"" and ""Facility Fees,"" are indicative of a credit or loan agreement, not a reinsurance contract.

Although the borrower, ACE Guaranty Re Inc., is likely involved in reinsurance (as suggested by its name and references to reinsurance coverage in Section 5.01(h)(C)), the document itself is not a reinsurance agreement. It is a credit agreement that may support the operations of a reinsurance company but does not transfer insurance risk from one insurer to another.

Therefore, based on the content and structure of the document, it is clear that this is a credit agreement and not a reinsurance agreement.",False,,,,,
2003-916085-0001047469-03-018109-a2110562zex-10_1.htm,"The document is a Purchase and Sale Agreement between Safeguard Health Enterprises, Inc. (Purchaser) and Health Net, Inc. (Seller). Its primary purpose is the sale of shares in Health Net Dental, Inc. and the transfer of dental insurance business assets. While it mentions an ""Assumption and Indemnity Reinsurance Agreement"" (Reinsurance Agreement) as one of the transaction documents (Exhibit A), the main document itself is not the reinsurance contract. It is an agreement governing the sale of a business and related transactions, including the requirement to enter into a separate reinsurance agreement. Therefore, the document in question is not a reinsurance agreement but a corporate acquisition agreement that references one.",False,,,,,
2003-944695-0000927016-03-001434-dex1054.txt,"The provided document is an ""Asset Transfer and Acquisition Agreement"" between Allmerica Financial Life Insurance and Annuity Company, First Allmerica Financial Life Insurance Company (collectively, ""Sellers""), and John Hancock Life Insurance Company (""Purchaser""). The agreement details the transfer of specific assets and liabilities related to fixed universal life insurance policies from the Sellers to the Purchaser.

Key points from the document that confirm its nature as a reinsurance agreement include:
1.  The Recitals state: ""Sellers wish to sell, and Purchaser wishes to acquire, certain of the assets and liabilities associated with the fixed universal life insurance policies... At the Closing, each Seller and Purchaser will enter into a Coinsurance Agreement... relating to the coinsurance by Purchaser of the Coinsured Contracts.""
2.  The definition of ""Coinsured Contracts"" in Section 1.01 specifies that these are individual and group fixed universal life insurance policies.
3.  Section 2.02(b) explicitly states: ""Upon the terms and subject to the conditions of this Agreement, on the Closing Date, Purchaser shall reinsure the General Account Liabilities, net of any reinsurance recoverables under the Unassigned Outward Reinsurance Agreements, pursuant to the Indemnity Coinsurance Agreements, as appropriate.""
4.  Section 5.08 mandates: ""At the Closing, each Seller and Purchaser shall execute and deliver to each other an Indemnity Coinsurance Agreement, which shall be effective as of the Effective Date.""

This agreement is a portfolio transfer in connection to a corporate restructuring (an acquisition) that includes the transfer of insurance liabilities and the establishment of a coinsurance arrangement, which is explicitly listed as a type of reinsurance agreement in the provided guidelines.

The Ancillary Agreements, which include the ""Indemnity Coinsurance Agreements,"" are referenced throughout the document (e.g., in the definition of ""Ancillary Agreements"" in Section 1.01 and in the closing conditions in Article VI and VII). The main agreement establishes the overarching transaction, but the actual reinsurance contract is the ""Indemnity Coinsurance Agreement"" that is to be executed at closing. Therefore, the main agreement is the document that establishes the reinsurance contract in the context of the larger asset transfer, making it a main contract.

The reinsurance is described as ""100% coinsurance"" in the Recitals. Coinsurance is a form of proportional reinsurance where the ceding company and the reinsurer share both the premiums and the losses in a fixed proportion. Since the entire liability is being ceded on a 100% basis, this is a proportional agreement.

The document pertains to life insurance, specifically ""fixed universal life insurance policies,"" which are a type of life insurance product. Therefore, the insurance type is ""Life.""

The class of business for fixed universal life insurance policies falls under ""Mortality,"" as it is a core life insurance product that covers the risk of death.",True,True,True,proportional,Life,Mortality
2003-29915-0001047469-03-015647-a2109542zex-10_s.htm,"The document is a Summary Plan Description (SPD) for life insurance plans offered by The Dow Chemical Company, specifically covering Company-Paid Life Insurance, Employee-Paid Life Insurance, and Dependent Life Insurance. It outlines eligibility, coverage amounts, enrollment procedures, benefit payments, funding, and claims processes. The insurance is provided through a group policy underwritten by Metropolitan Life Insurance Company (MetLife), with a joint insurance arrangement involving Dorinco Reinsurance Company.

Although the document mentions a reinsurance-like arrangement between MetLife and Dorinco (where Dorinco assumes a percentage of the risk), this is structured as a ""Joint Insurance Arrangement"" approved under ERISA, not as a separate reinsurance or retrocession agreement. The arrangement describes co-insurance or risk-sharing between two insurers for regulatory compliance and financial security, not a reinsurance contract where one insurer transfers risk to another. The primary purpose is to ensure claims payment even if one insurer becomes insolvent.

According to the classification guidelines, direct insurance contracts (including group life insurance policies) are not considered reinsurance agreements. The document is an SPD for an employee benefit plan, not a contract that establishes a reinsurance relationship. Therefore, it is not a reinsurance agreement.

Since it is not a reinsurance agreement, the subsequent fields (is_main_contract, is_obligatory, etc.) must be set to None.",False,,,,,
2003-896159-0001193125-03-036448-dex102.txt,"The document is a Credit Agreement, which is a financial contract for a revolving credit facility between a borrower (ACE Guaranty Corp. and ACE Guaranty (UK) Ltd.) and a group of banks. It details the terms for loans, interest rates, fees, covenants, and other financial obligations. It does not involve the transfer of insurance risk from one insurer (ceding company) to another (reinsurer). Instead, it is a standard debt financing instrument. Therefore, it is not a reinsurance agreement or any of the specified types of reinsurance contracts, such as retrocession agreements or risk transfer instruments like catastrophe bonds. It falls under the category of ""bonds, loans and credit instruments,"" which are explicitly listed as NOT being reinsurance agreements. Consequently, all subsequent classification questions are irrelevant as the document is not a reinsurance agreement.",False,,,,,
2003-1012569-0000950129-03-005891-h10885exv10w31.txt,"The document is a Contribution Agreement between La Grange Energy, L.P., Heritage Propane Partners, L.P., and U.S. Propane, L.P. The agreement outlines the contribution of ownership interests in certain subsidiaries of La Grange to Heritage MLP in exchange for cash and equity consideration. The document details representations, warranties, covenants, conditions, and other provisions related to the transaction.

This document does not pertain to a reinsurance agreement. It is a corporate transaction involving the transfer of ownership interests in energy-related businesses, specifically natural gas and natural gas liquids. The document does not mention any insurance or reinsurance activities, risk transfer between insurers, or any of the specific types of agreements listed as reinsurance agreements in the provided definitions.

Therefore, the document is not a reinsurance agreement, and all subsequent fields related to reinsurance characteristics are not applicable.",False,,,,,
2003-1223037-0001193125-03-098171-dex1033.txt,"The document is a ""Parity Debt Credit Agreement"" dated September 23, 2003, between Star Gas Propane, L.P., and various lenders. It outlines the terms for a $25,000,000 credit facility, including the commitment to make loans, interest rates, repayment terms, covenants, and events of default. This is a standard credit agreement for a loan between a borrower and lenders, which is a common financial instrument for corporate financing.

The document does not contain any elements of a reinsurance agreement. It does not transfer insurance risk from one insurer to another, nor does it involve the ceding of insurance policies or the assumption of insurance liabilities. The document is solely focused on the provision of credit and the repayment of that credit, which is characteristic of a loan agreement. The listed exclusions for reinsurance agreements include ""Bonds, loans and credit instruments,"" which directly applies to this document. Therefore, this document is not a reinsurance agreement.

Since the document is not a reinsurance agreement, all subsequent fields that pertain to the characteristics of a reinsurance contract are not applicable and should be marked as 'None'.",False,,,,,
2003-879215-0000899243-03-000863-dex1031.txt,"The document is a ""Credit Agreement"" dated April 1, 2003, between Dynegy Holdings Inc. (the Borrower), Dynegy Inc. (the Parent Guarantor), and several banks and lenders. It outlines the terms for a credit facility, including loans, letters of credit, interest rates, fees, covenants, and conditions precedent. The document details the obligations of the Borrower and the rights of the Lenders, including repayment terms, collateral, and events of default.

The document does not contain any language related to the transfer of insurance risk from an insurer (ceding company) to a reinsurer. It does not mention reinsurance, retrocession, risk transfer of insurance policies, or any other terms associated with reinsurance agreements. Instead, it is focused entirely on a financial credit arrangement.

Therefore, this document is not a reinsurance agreement. It is a standard credit agreement, which falls under the category of financial guarantees and credit instruments, which are explicitly excluded from being reinsurance agreements.

Since it is not a reinsurance agreement, the subsequent fields (is_main_contract, is_obligatory, etc.) must be None.",False,,,,,
2003-1051628-0000893220-03-000638-w85495exv10w45.txt,"The document is titled ""RETROCESSION AGREEMENT LROOOO1A00"" and is explicitly identified as a retrocession agreement between Annuity and Life Reassurance Ltd. (the Retrocessionaire) and XL Re Ltd. Retrocession is a form of reinsurance where a reinsurer transfers part of its risk to another reinsurer. The agreement outlines the terms under which XL Re retrocedes a portion of its reinsurance business to the Retrocessionaire. This fits squarely within the provided definition of reinsurance agreements, which includes retrocession agreements.

The agreement establishes the main terms of the retrocession contract, including definitions, the scope of business covered, asset management, actuarial valuations, capital requirements, and dispute resolution. It is not merely an ancillary document like an endorsement or amendment; it is the core contract itself. Therefore, it is a main contract.

The agreement involves the transfer of a closed portfolio of immediate annuity policies, which is a standard, ongoing block of life insurance business. This type of arrangement, where the reinsurer automatically accepts all risks in a defined portfolio, is characteristic of an obligatory reinsurance contract.

The agreement is non-proportional. This is determined by the structure of the financial arrangements. The Retrocessionaire's liability is not a fixed percentage of the premiums and losses. Instead, its financial position is determined by periodic actuarial valuations that compare the value of the segregated assets (the ""Assets"") against the value of the liabilities (""Liability Outgo""). If the liabilities exceed the assets, the Retrocessionaire must pay a ""Further Capital Requirement."" If the assets exceed the liabilities, the Retrocessionaire may receive a ""Distributable Surplus."" This mechanism of periodic capital adjustments based on the performance of the underlying portfolio is a hallmark of non-proportional, or excess-of-loss, reinsurance, rather than a proportional treaty.

The underlying business being retroceded is a portfolio of immediate annuity policies, which are a type of life insurance product. Therefore, the insurance type is Life.

The specific class of business for annuity products is ""Mortality,"" as it pertains to the risk associated with the lifespan of the annuitants.",True,True,True,non-proportional,Life,Mortality
2003-1102643-0000898430-03-002165-dex1048.txt,"The document is an employment agreement between USI Insurance Services Corp. and Jeffrey L. Jones. It outlines the terms of employment, including position, compensation, confidentiality, non-solicitation, non-competition, and termination provisions. The document does not involve any transfer of insurance risk between insurers and reinsurers. Although it references insurance-related services provided by the company (such as reinsurance and excess stop loss placement), the document itself is not a reinsurance agreement. It is a contract for executive employment and contains no provisions related to reinsurance, retrocession, or risk transfer between insurance entities. Therefore, it does not meet any of the criteria for being classified as a reinsurance agreement.",False,,,,,
2003-1051628-0000893220-03-001454-w89252exv10w2.txt,"The document is an employment agreement between Annuity and Life Re (Holdings), Ltd., its subsidiary Annuity and Life Reassurance, Ltd., and Robert Reale. It outlines the terms of employment, including duties, compensation, benefits, termination conditions, non-compete clauses, and confidentiality agreements. While the company is involved in life and annuity reinsurance, the document itself does not establish or modify a reinsurance contract. Instead, it governs the employment relationship with an executive. Therefore, it is not a reinsurance agreement, nor is it an ancillary document to one. It falls under the category of corporate/executive contracts, which are explicitly excluded from the definition of reinsurance agreements. As such, all downstream classifications related to reinsurance are not applicable.",False,,,,,
2003-11544-0000950123-03-009001-y89010exv10w2.txt,"The document is a Restricted Stock Unit Agreement between W. R. Berkley Corporation and an employee (the Grantee). It outlines the terms under which the Grantee will receive notional rights to shares of the company's stock, subject to vesting conditions and restrictions. The agreement is related to employee compensation and equity incentives, not to any insurance or reinsurance transaction. It does not involve risk transfer between insurers and reinsurers, nor does it contain terms typical of reinsurance contracts such as ceding of premiums, coverage of losses, or treaty terms.

Therefore, this document is not a reinsurance agreement. It is a corporate compensation instrument. As such, all subsequent fields related to reinsurance classification are not applicable.",False,,,,,
2003-1010247-0001169232-03-002363-d54670_ex10tt.htm,"The document is titled ""MEDICAL MALPRACTICE LIABILITY EXCESS OF LOSS REINSURANCE AGREEMENT"" and clearly establishes a reinsurance relationship between FPIC Insurance Group (the ""Company"") and multiple reinsurers. It contains all principal terms of a reinsurance agreement including effective dates, business covered, retention and limits (with two distinct layers), premium calculations, ceding commission, reporting requirements, and standard reinsurance clauses (arbitration, service of suit, etc.). The agreement covers medical malpractice liability for healthcare providers, structured as an excess of loss treaty that applies to all eligible business written by the company during the policy period rather than specific named insureds. As an excess of loss agreement, it is non-proportional reinsurance. The coverage pertains to medical professional liability, which falls under Non-Life insurance and specifically the Specialty class of business (as medical malpractice is a specialized form of professional liability insurance, not standard property/casualty or health insurance for patients).",True,True,True,non-proportional,Non-Life,Specialty
2003-1168165-0001047469-03-009677-a2105664zex-10_2.htm,"The provided document is a Credit and Reimbursement Agreement, which is a financial loan agreement. It involves a borrower (Sithe Boston Generating, LLC) receiving credit facilities from a group of lenders, with BNP Paribas as the administrative agent. The agreement outlines the terms for the loan, including the use of proceeds, interest rates, repayment schedules, and security interests in the form of liens on the borrower's and project companies' assets. It also includes provisions for letters of credit issued by LC Issuers for specific project-related security and payment obligations.

The document does not pertain to the transfer of insurance risk from one entity to another, which is the core function of a reinsurance agreement. Instead, it is a standard credit agreement for project financing in the energy sector. The document contains no mention of insurance policies, ceding companies, reinsurers, or the cession of risk. It also does not reference any of the specific types of reinsurance agreements listed as examples, such as retrocession agreements, Reinstatement Premium Protection contracts, or Catastrophe Bonds.

Therefore, the document is a credit agreement and not a reinsurance agreement.",False,,,,,
2003-1091748-0001125282-03-002350-b323566ex_10-45.txt,"The document is a Demand Note, which is a financial instrument where one party (PXRE Reinsurance (Barbados) Ltd.) promises to pay a specified sum of money to another party (PXRE Group Ltd.) on demand. It outlines terms for repayment, interest, default, and governing law, but does not involve the transfer of insurance risk from one insurer to another. 

According to the classification criteria, reinsurance agreements involve risk transfer between insurers and reinsurers, including treaties, facultative agreements, retrocessions, and related instruments. In contrast, financial instruments such as demand notes, loans, bonds, and credit instruments are explicitly excluded from being reinsurance agreements, unless they are Insurance-Linked Securities like Catastrophe Bonds — which this is not.

The document does not contain any language regarding insurance portfolios, ceding of risk, claims settlement, premiums, or any other typical provisions of a reinsurance contract. Instead, it functions purely as a debt obligation.

Therefore, this document is not a reinsurance agreement. As a result, all subsequent classification fields that depend on it being a reinsurance contract (main contract, obligatory nature, proportional status, insurance type, class of business) must be set to 'None'.",False,,,,,
2003-1141719-0000950130-03-002179-dex1012.htm,"The provided document is a ""Second Amended and Restated Letter of Credit Reimbursement Agreement."" It establishes a financial facility whereby a group of lenders, coordinated by a fronting bank and an administrative agent, agree to issue letters of credit on behalf of Max Re Ltd. (the Borrower).

The agreement explicitly states that these letters of credit are used to ""support the Borrower's obligations under Reinsurance Agreements"" (see WHEREAS clauses). However, the document itself is not a reinsurance agreement. Instead, it is a financing instrument that secures the Borrower's existing reinsurance obligations. It governs the terms of a loan, the issuance of letters of credit as a form of security, and the reimbursement obligations of the Borrower to the lenders if the letters of credit are drawn upon.

The document contains typical loan covenants, representations, warranties, conditions for drawing, and provisions for default and termination. It is fundamentally a credit agreement and falls squarely into the category of a ""Letter of credit"" as defined in the list of documents that are NOT considered reinsurance agreements.

Since it is not a reinsurance agreement, none of the subsequent classification fields (is_main_contract, is_obligatory, etc.) can apply to a reinsurance contract.",False,,,,,
2003-775368-0000950123-03-009385-y88779exv10w13.txt,"The document provided is a list of contents for exhibits and schedules to an ""Administrative Services Agreement"" for Royal Surplus Lines Insurance Company. It references several exhibits, including one titled ""RSA Reinsurance Security Guidelines"" and a schedule related to ""Levels of Treaty Reinsurance."" However, the document itself is not a reinsurance agreement but rather an administrative services agreement that may support or relate to reinsurance operations. It does not establish a reinsurance contract, nor does it contain the terms of risk transfer between insurers and reinsurers. Instead, it pertains to administrative services and associated intellectual property or reporting requirements.

Because the document is an administrative agreement and not a reinsurance or retrocession contract—or any of the enumerated types of reinsurance agreements such as treaty renewals, commutations, or risk transfer instruments—it does not qualify as a reinsurance agreement under the provided definitions. Ancillary items like security guidelines or reporting forms do not elevate an administrative services agreement to the status of a reinsurance agreement.

Therefore, the document is not a reinsurance agreement, and all subsequent fields that depend on reinsurance classification are set to None.",False,,,,,
2003-714560-0000931763-03-001588-dex105.txt,"The document is a Loan Agreement dated March 31, 2003, between US Airways, Inc. (the Borrower), US Airways Group, Inc., subsidiary guarantors, several lenders, a loan administrator, an agent, a KHFC administrative agent, a collateral agent, and the Air Transportation Stabilization Board. The agreement outlines a $1,000,000,000 multi-tranched term loan. The primary purpose of the document is to establish the terms and conditions for this loan, including the loan amount, repayment schedule, interest rates, fees, covenants, and events of default. The document also includes various collateral agreements and guarantees.

This document is not a reinsurance agreement. Reinsurance agreements involve one insurance company (the reinsurer) assuming part of the risk from another insurance company (the ceding company). The document in question is a loan agreement, which is a financial instrument used to borrow money. It does not involve the transfer of insurance risk from one insurer to another. Instead, it is a debt financing arrangement where the borrower (US Airways, Inc.) receives funds from lenders and agrees to repay the loan with interest over a specified period.

The document is also not an ancillary agreement to a reinsurance contract. Ancillary agreements in the context of reinsurance include endorsements, extensions, addenda, commutations, novations, and other documents that modify the terms of an existing reinsurance agreement. The document in question is a standalone loan agreement and does not modify or relate to any reinsurance contract.

Therefore, the document is neither a reinsurance agreement nor an ancillary agreement to a reinsurance contract. It is a loan agreement, which is a financial instrument used for borrowing money.",False,,,,,
2003-896159-0000950131-03-001690-dex1063.txt,"The provided document is a ""Letter of Credit Facility Agreement"" between ACE Limited, as the account party, and a group of banks, with Citibank International plc acting as the agent and security trustee. The core purpose of this agreement is to establish a financial facility for the issuance of letters of credit. These letters of credit are specifically intended to support the ""Funds at Lloyd's,"" which is a requirement for underwriting members of Lloyd's of London to demonstrate their financial capability.

The document meticulously details the terms for the issuance, extension, and substitution of these letters of credit, the conditions precedent, the financial covenants the account party must maintain, and the rights and obligations of all parties involved. It includes provisions for fees, interest, collateral (in the form of a charged portfolio), and events of default.

The key indicator that this is not a reinsurance agreement is the nature of the financial instrument being created. A letter of credit is a bank's promise to pay a beneficiary (in this case, Lloyd's) on behalf of a customer (ACE Limited) if certain conditions are met. It is a credit instrument, a form of financial guarantee, and a method of securing a payment obligation. While reinsurance agreements are mentioned in the document's definition of ""Debt"" as an exception, the document itself is not a reinsurance contract. It is a credit agreement for a specific type of financial instrument.

Furthermore, the list of documents that are NOT considered reinsurance agreements explicitly includes ""Letters of credit."" This document is the definitive agreement for a letter of credit facility, which places it squarely outside the definition of a reinsurance agreement.",False,,,,,
2003-1017440-0001104659-03-026276-a03-5284_1ex10d1.htm,"The document is an ""Indemnity and Contribution Agreement"" between Precis Inc. and one of its officers or directors. It outlines the terms under which the company agrees to indemnify the individual (the ""Indemnitee"") for expenses, liabilities, and losses incurred in connection with their role as a director or officer, including legal costs from investigations, lawsuits, or other proceedings. The agreement also covers advancement of expenses, contribution in cases where indemnification is not available, and protections in the event of a change in control.

This document pertains to corporate governance and director/officer liability protection. It is not a contract transferring insurance risk from one insurer to another or from an insurer to a reinsurer. Instead, it is a private contractual arrangement for indemnifying corporate fiduciaries.

According to the provided classification criteria, reinsurance agreements include retrocession, risk transfer instruments like catastrophe bonds, pooling arrangements, and documents that modify such agreements. This document does not involve any transfer of insurance or reinsurance risk. It is not an insurance policy, nor does it resemble any form of reinsurance contract.

Therefore, this is not a reinsurance agreement. As a result, all subsequent fields that depend on the document being a reinsurance agreement must be set to 'None'.",False,,,,,
2003-1069202-0000950134-03-015150-d10077exv10w1.txt,"The document is an Amended and Restated Revolving Credit Facility Agreement, which is a type of loan agreement between a borrower (Lennox International Inc.) and a group of lenders. It outlines the terms and conditions under which the lenders will provide a revolving line of credit to the borrower. This document does not contain any elements of a reinsurance agreement, such as the transfer of insurance risk from one insurer (ceding company) to another (reinsurer), terms like premiums, cessions, or clauses related to claims settlement or loss sharing. Instead, it details financial covenants, interest rates, loan commitments, and other credit facilities that are typical of a corporate loan agreement. Therefore, it is not a reinsurance agreement.",False,,,,,
2003-1069996-0001116502-03-001940-exhibit1027.txt,"The document is an addendum to a reinsurance agreement, specifically a ""PRIVATE PASSENGER AUTOMOBILE QUOTA SHARE TREATY."" Addenda that modify the terms of an existing reinsurance agreement are explicitly considered reinsurance agreements under the provided definition. Therefore, the document qualifies as a reinsurance agreement.

However, this document is not a main contract but an ancillary agreement, as it modifies an existing treaty (the Quota Share Treaty) by amending specific articles (Cover, Excess of Policy Limits, Extra Contractual Obligations, and Salvage and Subrogation). It does not establish the full terms of a reinsurance contract on its own but instead supplements a pre-existing agreement.

Because the underlying treaty is a Quota Share treaty, which is a form of proportional reinsurance, and the addendum reinforces proportional terms (e.g., the Reinsurer accepts a 70% share of losses and related obligations), the reinsurance is clearly proportional.

The agreement references ""Private Passenger Automobile"" insurance, which falls under Non-Life insurance and specifically under the Casualty class of business, as automobile liability and physical damage coverage are standard Casualty lines.

The original treaty is an obligatory reinsurance contract (Quota Share treaties are inherently obligatory), and this addendum modifies that treaty. Since the addendum relates to an obligatory treaty and does not change its fundamental nature, the reinsurance remains obligatory.",True,False,True,proportional,Non-Life,Casualty
2003-886982-0000950123-03-002099-y83718exv10w14.htm,"The document is an award agreement for stock options granted under The Goldman Sachs 1999 Stock Incentive Plan. It outlines the terms and conditions of an option award to purchase shares of Common Stock, including vesting schedules, exercisability, expiration, and other employment-related provisions. The document is related to employee compensation and equity incentives, not to risk transfer between insurance or reinsurance entities.

There is no mention of insurance, reinsurance, retrocession, risk pooling, or any mechanism for transferring underwriting risk. Instead, the document pertains to corporate stock options and employment conditions. Therefore, it does not meet any of the criteria for being classified as a reinsurance agreement.

Since it is not a reinsurance agreement, all subsequent classification fields related to reinsurance (main contract, obligatory, proportional/non-proportional, insurance type, class of business) must be set to 'None'.",False,,,,,
2003-1171500-0000950123-03-003615-y84608kexv10w38.txt,"The document is an ""Option Agreement"" between Platinum Underwriters Holdings, Ltd. and RenaissanceRe Holdings Ltd. It grants RenaissanceRe the right to purchase a specified number of common shares in Platinum Underwriters following its initial public offering. The agreement outlines terms such as exercise price, exercise period, transfer restrictions, adjustments for corporate events, and regulatory approvals.

This document does not involve the transfer of insurance risk from one insurer to another. Instead, it is a financial instrument related to equity ownership and corporate investment. It contains no provisions typical of reinsurance agreements, such as ceding premiums, assuming losses, coverage limits, or treaty terms. Rather, it is focused on share purchase rights, securities law compliance, and corporate governance issues.

Therefore, this is not a reinsurance agreement. It is a securities option agreement tied to an investment relationship between two companies in the insurance sector, but it does not constitute risk transfer through reinsurance.",False,,,,,
2003-79282-0000079282-03-000021-cals.htm,"The document is an ""Amended and Restated Asset Purchase Agreement"" between Brown & Brown, Inc. (Buyer) and several entities collectively known as Sellers (including Cal-Surance Associates, Inc., United Network of Insurance Services, Inc., Sterling Reinsurance Intermediaries, Inc., Lancer Claims Services, Inc., and Chartered Financial Services Corporation), along with the Martin Trust and Donald E. Martin.

The agreement outlines the sale and purchase of specific assets, primarily the ""Purchased Book of Business,"" which includes the Sellers' insurance program and managing general agency business, as well as their retail insurance agency business in California. The assets being transferred are related to property and casualty insurance (both personal and commercial lines).

The document is a corporate acquisition agreement where one company (Brown & Brown) is purchasing the business operations, customer lists, contracts, and other assets of another group of companies. It is not an agreement for the transfer of insurance risk from an insurer to a reinsurer.

The presence of ""Sterling Reinsurance Intermediaries, Inc."" in the list of Sellers might suggest a connection to reinsurance, but the agreement itself is for the purchase of their entire business as an intermediary, not for a reinsurance contract. The document does not contain any terms related to risk transfer, ceding commissions, reinsurance premiums, or any other standard provisions of a reinsurance agreement.

Therefore, this document is an asset purchase agreement for an insurance agency business, which falls under the category of direct insurance contracts being sold, not a reinsurance agreement.",False,,,,,
2003-909815-0000950123-03-008636-y88670exv10w1.txt,"The document is a Credit Agreement between IPCRe Limited, as the borrower, and a group of lenders, with Bank One, NA serving as the Agent. The agreement outlines the terms for a $200,000,000 credit facility, including the commitments of the lenders, interest rates, repayment terms, covenants, and other conditions related to the loan. It is a financial instrument designed to provide funding to the borrower for general corporate needs.

The document does not contain any provisions related to risk transfer from one insurer or reinsurer to another, which is the hallmark of a reinsurance agreement. Instead, it governs a loan and the relationship between a borrower and lenders. Although the borrower, IPCRe Limited, is likely involved in the reinsurance business (as suggested by its name and references to ""reinsurance"" in covenants like Section 6.21), the document itself is not a reinsurance contract. It is a credit agreement, which falls under the category of financial guarantees and credit instruments.

According to the provided definitions, credit agreements are explicitly not considered reinsurance agreements. The document is a loan contract, not a risk transfer agreement between insurers or reinsurers.",False,,,,,
2003-1090061-0001193125-03-066687-dex101.htm,"The document is a Credit Agreement dated May 28, 2003, between OMNOVA SOLUTIONS INC. (the ""Borrower""), various financial institutions as lenders, and Bank One, NA as the Agent. This is clearly a standard corporate credit facility agreement that establishes a revolving line of credit for the Borrower.

Key observations:
1. The document is explicitly titled ""CREDIT AGREEMENT"" and outlines terms for loans, letters of credit, interest rates, covenants, security arrangements, and repayment terms.
2. There is no mention of reinsurance, retrocession, risk transfer between insurers, or any standard reinsurance terminology throughout the document.
3. The borrower (OMNOVA SOLUTIONS INC.) appears to be a manufacturing company based on schedules that reference ""Decorative Products"" and ""Performance Chemicals"" divisions.
4. The document contains standard loan provisions including revolving loans, letters of credit (which are standard bank instruments, not reinsurance-related), financial covenants, and collateral arrangements.
5. While the document does include insurance requirements (Section 7.5), these are standard loan covenants requiring the borrower to maintain insurance on its assets, not reinsurance arrangements.

According to the classification guidelines provided:
- This document falls under ""Bonds, loans and credit instruments"" which are explicitly NOT considered reinsurance agreements (except for Catastrophe Bonds and Insurance Linked Securities, which this is not).
- The document does not meet any of the criteria for documents that ARE considered reinsurance agreements (reinsurance agreements, retrocession agreements, etc.).

Since this is not a reinsurance agreement at all, all subsequent classification fields (is_main_contract, is_obligatory, proportional_or_non_proportional, insurance_type, class_of_business) should be None.",False,,,,,
2003-1011746-0000950129-03-001503-h03365exv10w24.txt,"The document is a Term Loan Agreement between Citgo Petroleum Corporation and various lenders, led by Credit Suisse First Boston. It outlines the terms of a $200,000,000 loan, including repayment schedules, interest rates, covenants, and security interests. The document is clearly a financial loan agreement, not an insurance or reinsurance contract. It does not involve risk transfer between insurers or reinsurers, nor does it cover insurance-related obligations. Instead, it establishes a debt obligation from the borrower to the lenders. As such, it does not meet any of the criteria for being classified as a reinsurance agreement.",False,,,,,
