filename,reasoning,is_reinsurance,is_main_contract,is_obligatory,proportional_or_non_proportional,insurance_type,class_of_business
2006-909109-0000893220-06-002390-w26495exv10w5.txt,"The document is a ""Commutation and Release Agreement"" between Trenwick America Reinsurance Corporation (the ""REINSURER"") and Philadelphia Consolidated Holding Corporation (the ""COMPANY""). The recitals state that the parties have entered into various reinsurance arrangements, referred to collectively as the ""Reinsurance Agreements,"" and that this agreement is intended to fully and finally terminate, release, settle, commute, and extinguish all obligations and liabilities under those Reinsurance Agreements.

This document is explicitly a commutation agreement, which is listed in the definition of reinsurance agreements as a document that modifies or terminates an existing reinsurance agreement. Therefore, it qualifies as a reinsurance agreement under the provided criteria.

However, it is not a main reinsurance contract, but rather an ancillary agreement that commutes and releases obligations under prior reinsurance contracts. It does not establish a new reinsurance contract but settles existing ones. Thus, it is not a main contract.

Because it is not a full reinsurance contract but a commutation of one, it cannot be classified as obligatory or facultative, nor can it be categorized as proportional or non-proportional. Similarly, while the underlying reinsurance agreements likely pertain to Non-Life (given the corporate structure and claim context such as ""M&F Fishing v. Sea Pac""), the current document does not specify the insurance type or class of business directly, and as a commutation, it is not itself a full reinsurance contract. Therefore, these fields should be marked as 'None'.",True,,,,,
2006-86312-0001104659-06-051107-a06-15227_1ex10d1.htm,"The document is an ""Assurance of Discontinuance"" entered into between The St. Paul Travelers Companies, Inc. and multiple state Attorneys General and the New York Superintendent of Insurance. It outlines findings related to improper business practices in the insurance and reinsurance sectors, such as contingent commission agreements, bid rigging in excess casualty insurance, and misuse of finite reinsurance. However, the document itself is not a reinsurance agreement. Instead, it is a regulatory settlement addressing misconduct, including aspects of reinsurance practices, but it does not establish or modify a reinsurance contract. It references reinsurance in the context of investigations and reporting obligations (e.g., SSAP 62 compliance), but these references are supervisory, not contractual. Therefore, the document is not a reinsurance agreement under the provided definitions.",False,,,,,
2006-874977-0001193125-06-052382-dex1033.htm,"The document is titled ""PROPERTY CATASTROPHE OVERLYING EXCESS OF LOSS REINSURANCE CONTRACT"" and is explicitly structured as a reinsurance agreement between multiple insurance companies (collectively referred to as the ""Company"") and State Auto Property and Casualty Insurance Company (the ""Reinsurer""). The contract outlines the terms under which the Reinsurer will indemnify the Company for losses exceeding a specified retention, up to a defined limit, which is characteristic of a reinsurance arrangement. It includes standard reinsurance clauses such as Ultimate Net Loss, Territory, Exclusions, Notice of Loss, Arbitration, and Insolvency, confirming its nature as a reinsurance contract. Therefore, it qualifies as a reinsurance agreement.

The document establishes the full terms of the reinsurance contract, including business covered, exclusions, limits, premium, and conditions. It is not merely an amendment or ancillary document but constitutes the entire agreement. Thus, it is a main contract.

The contract covers excess of loss reinsurance on a catastrophe basis, triggered after the ceding company sustains a loss in excess of $120 million per occurrence. This is a non-proportional form of reinsurance, as the Reinsurer pays only after a significant retention is exceeded, and the payout is not based on a proportional share of premiums or losses. There is no indication of proportional components, so it is classified as non-proportional.

The coverage applies to property-related policies such as Fire, Allied Lines, Homeowners, Farmowners, Commercial Multiple Peril (property coverages), Ocean Marine, Inland Marine, and Automobile Physical Damage. These are all Non-Life insurance lines. There is no indication of Life insurance coverage.

The primary class of business is Property, as the contract explicitly covers property damage from perils like windstorm, hail, fire, earthquake, etc., and excludes casualty and other lines. While some marine and physical damage coverages are included, they are all property-centric, so the dominant class is Property.",True,True,True,non-proportional,Non-Life,Property
2006-896159-0001193125-06-056531-dex108.htm,"The document is a credit agreement between ACE European Holdings No.2 Limited (the Borrower), ACE Limited (the Guarantor), and several banks, including The Royal Bank of Scotland plc and HSBC Securities (USA) Inc. The agreement outlines the terms for a £100,000,000 term loan facility, including the purpose of the loan (general corporate purposes), repayment terms, interest rates, and various covenants and conditions. The document does not mention any reinsurance or retrocession agreements, nor does it involve the transfer of insurance risk from one insurer to another. Instead, it is a financial instrument designed to provide funding to the Borrower. Therefore, it is not a reinsurance agreement.",False,,,,,
2006-1095996-0001193125-06-053793-dex1050.htm,"The document is a Borrowing Base Revolving Line of Credit Agreement between William Lyon Homes, Inc. and Wachovia Financial Services, Inc. This is a financing agreement for the development of residential subdivisions and construction of residential units. It is not a reinsurance agreement as defined in the instructions. The document outlines loan terms, collateral, interest rates, and covenants, which are typical of a credit agreement in the real estate development sector. It does not involve risk transfer between insurance companies, which is the hallmark of reinsurance. Therefore, it does not meet any of the criteria for being classified as a reinsurance agreement.",False,,,,,
2006-54480-0000950137-06-005644-c04856exv10w1.htm,"The document provided is an ""Amended and Restated Credit Agreement"" between The Kansas City Southern Railway Company and various lenders, including The Bank of Nova Scotia, Morgan Stanley, and others. It outlines the terms of a $371,134,375 million credit facility, including provisions for advances, letters of credit, interest rates, repayment terms, covenants, and conditions precedent to lending. The agreement also includes guaranty provisions by the parent company and subsidiary guarantors.

This document is clearly a financial credit agreement and not a reinsurance agreement. Reinsurance agreements involve the transfer of insurance risk from one insurer (the ceding company) to another (the reinsurer). The document does not mention any insurance or reinsurance activities, risk transfer between insurers, or any of the typical elements of reinsurance contracts such as ceding commissions, reinsurance premiums, or claims settlement procedures between insurers.

The document is specifically a credit agreement, which falls under the category of financial guarantees and credit instruments that are explicitly excluded from being considered reinsurance agreements according to the provided guidelines. It establishes a lending relationship between a borrower and lenders, with provisions for repayment, interest, and collateral, which is fundamentally different from a reinsurance relationship.

Therefore, this document is not a reinsurance agreement, and all subsequent fields that depend on it being a reinsurance agreement should be marked as None.",False,,,,,
2006-1049442-0001104659-06-074604-a06-21913_1ex10d2.htm,"The provided document is a Fixed Asset Credit Agreement, which is a loan agreement between borrowers (Pliant Corporation Pty Ltd., Pliant Corporation of Canada Ltd., Pliant Film Products GmbH, and Aspen Industrial, S.A. de C.V.) and lenders (with Merrill Lynch Bank USA as the Administrative Agent). This agreement outlines the terms for a revolving credit facility secured by the borrowers' fixed assets.

The document details loan amounts, interest rates, repayment terms, covenants, representations, and other conditions typical of a credit agreement. It includes definitions of terms, conditions for borrowing, events of default, and security interests in collateral.

This document is fundamentally a credit and loan agreement. It does not involve the transfer of insurance risk from one insurer (ceding company) to another (reinsurer). Instead, it is a financial instrument for corporate borrowing, secured by the borrowers' assets.

Based on the classification criteria provided:
- The document is not a reinsurance agreement. It is a credit agreement.
- Since it is not a reinsurance agreement, all subsequent fields related to reinsurance characteristics (main contract, obligatory, proportional/non-proportional, insurance type, class of business) are not applicable and should be None.",False,,,,,
2006-1064863-0000950133-06-000979-w17973exv10w32w2.txt,"The document is an amendment to a contract between the Health & Human Services Commission (HHSC) of Texas and Amerigroup Texas, Inc. for providing health services to the Medicaid STAR Program in the Harris Service Delivery Area. This is a direct agreement between a government agency and a health maintenance organization (HMO) for the provision of healthcare services to Medicaid beneficiaries. The contract outlines administrative requirements, scope of services, reporting requirements, and payment provisions based on capitation rates. It does not involve the transfer of insurance risk from one insurer to another, which is the hallmark of reinsurance. Instead, it is a direct healthcare service contract funded by the state. Therefore, it is not a reinsurance agreement. Since it is not a reinsurance agreement, all subsequent fields related to reinsurance characteristics are not applicable and should be set to None.",False,,,,,
2006-1267238-0001193125-06-051258-dex1015.htm,"The document is a Change in Control Severance Agreement between Assurant, Inc. and an executive, Bruce Camacho. It outlines the compensation and benefits the executive will receive in the event of a termination of employment following a change in control of the company. This type of agreement is a standard executive employment contract and is designed to secure executive retention during corporate transitions.

The document does not involve the transfer of insurance risk from one insurer to another or from a reinsurer to another reinsurer. It contains no provisions related to insurance or reinsurance, such as ceding premiums, assuming losses, coverage limits, or risk-sharing mechanisms. Instead, it focuses entirely on severance payments, welfare benefits, tax gross-ups, and conditions for termination.

Therefore, this document is not a reinsurance agreement as defined in the criteria. It is not related to any form of risk transfer in the context of insurance or reinsurance. It is also not an ancillary agreement to a reinsurance contract. As such, none of the downstream classifications (main contract, obligatory, proportional, insurance type, class of business) apply.",False,,,,,
2006-1272957-0001275287-06-004291-bw6698ex101.htm,"The provided document is a Credit Agreement between Bristol West Holdings, Inc. (the ""Borrower""), several lenders, and ING Capital LLC as the Administrative Agent. It outlines the terms under which the Lenders will provide credit to the Borrower in the form of Term Loans and Revolving Credit Loans, and the issuance of Letters of Credit.

The document defines several financial instruments and obligations, including ""Indebtedness,"" ""Guaranty Obligations,"" and ""Financial Reinsurance Agreements."" However, it does not establish or modify a reinsurance agreement. Instead, it is a financial loan agreement where the Borrower receives funds from lenders, which are to be repaid with interest.

The document does reference ""Regulated Insurance Companies"" and includes definitions for ""Insurance Contract,"" ""Reinsurance Agreement,"" and ""Retrocession Agreement,"" indicating that the Borrower operates in the insurance industry. However, this agreement itself is not a reinsurance contract. It is a credit facility for corporate financing, used to refinance existing debt, pay related expenses, and for general corporate purposes.

Therefore, the document is not a reinsurance agreement, nor does it modify one. It is a standard credit agreement, which falls under the category of financial guarantees or credit instruments, which are explicitly excluded from being considered reinsurance agreements.",False,,,,,
2006-1289592-0001157523-06-008047-a5201679ex10_6.txt,"The document is a ""Commutation and Release Agreement"" between Tower Insurance Company of New York and PXRE Reinsurance Company. It explicitly references a prior ""Quota Share Reinsurance Agreement"" effective January 1, 2003, which is attached as Exhibit A. The current document serves to terminate and fully settle all obligations under that reinsurance agreement. According to the classification rules, documents that commute or otherwise modify the terms of an existing reinsurance agreement are considered reinsurance agreements. Therefore, this is a reinsurance agreement.

However, this document is not a main contract; it is a commutation agreement, which is an ancillary document that terminates an existing reinsurance contract. It does not establish a new reinsurance contract but instead finalizes and releases obligations under one.

Because it is a commutation of a prior reinsurance agreement and not a full reinsurance contract itself, downstream classifications such as ""obligatory"", ""proportional_or_non_proportional"", ""insurance_type"", and ""class_of_business"" cannot be meaningfully applied to this document — these attributes pertain to active reinsurance contracts, not their termination agreements. The underlying contract was a Quota Share (proportional) treaty, but since the document in question is not itself a reinsurance contract but a commutation of one, these fields should be set to 'None'.",True,False,,,,
2006-1064863-0000950133-06-000979-w17973exv10w32w3.txt,"The document is an amendment to a contract between the Health & Human Services Commission (HHSC) of Texas and Amerigroup Texas, Inc. for health services under the Medicaid STAR Program. The contract outlines provisions related to capitation payments, reporting requirements, and service delivery, which are typical of a managed care health insurance arrangement. The document does not establish or modify a reinsurance agreement. Instead, it pertains to direct health services provided to Medicaid beneficiaries, including payment structures (capitation rates), reporting of medical and administrative expenses, and service obligations. The mention of ""reinsurance premiums"" and ""reinsurance recoveries"" in the reporting instructions (Appendix I) refers to the HMO’s own reinsurance activities, not the nature of the contract itself. The contract is between a state agency and a health maintenance organization (HMO) to deliver direct healthcare services, which falls under direct insurance, not reinsurance. Therefore, the document is not a reinsurance agreement.",False,,,,,
2006-1013609-0001193125-06-061942-dex1081.htm,"The document is a Termination Agreement relating to a ""Reinsurance to Close"" (RITC) Administration and Management Agreement originally dated 18 December 2003. The preamble (Recital A) explicitly states that the parties are terminating the December 2003 Agreement, which is a Reinsurance to Close (RITC) agreement. RITC agreements are explicitly listed in the instructions as a type of reinsurance agreement, falling under ""retrospective reinsurance agreements."" Therefore, this document is an ancillary agreement that terminates an existing reinsurance agreement.

As such, it is not a main reinsurance contract itself but rather a document that terminates one. Hence, while it is related to reinsurance, it is ancillary in nature. Since it is not a full reinsurance contract, attributes such as obligation type, proportionality, insurance type, and class of business cannot be determined from this termination document alone, even though the underlying RITC was likely non-proportional (common for RITC arrangements in Lloyd’s market), and likely Non-Life (given the context of syndicate underwriting at Lloyd’s). However, the termination agreement does not establish the terms of the reinsurance itself.

Therefore, the document is a reinsurance-related agreement (specifically, a termination of a reinsurance agreement), but not a main contract, and further classification is not possible.",True,False,,,,
2006-920760-0001193125-06-025438-dex1017.htm,"The provided document is a Second Amended and Restated Warehousing Credit and Security Agreement. This is a financing agreement where lenders provide short-term credit to borrowers to fund mortgage loans. The agreement outlines the terms for advances, interest, principal payments, collateral, conditions precedent, representations and warranties, affirmative and negative covenants, defaults, remedies, and other related matters.

The document is not a reinsurance agreement. It does not involve the transfer of insurance risk from one insurer to another, which is the core characteristic of reinsurance. Instead, it is a credit agreement for warehousing mortgage loans, which is a form of secured lending. The collateral for the loan includes mortgage loans and related assets, but the agreement itself is not a reinsurance contract.

Since the document is not a reinsurance agreement, the subsequent fields (is_main_contract, is_obligatory, proportional_or_non_proportional, insurance_type, class_of_business) are not applicable and should be set to None.",False,,,,,
2006-1049442-0001104659-06-074604-a06-21913_1ex10d1.htm,"The provided document is a ""Working Capital Credit Agreement"" dated July 18, 2006, among Pliant Corporation, its subsidiary borrowers, the lenders party to the agreement, and Merrill Lynch Bank USA as the administrative agent. This agreement outlines the terms for a revolving credit facility, including commitments, loans, interest rates, fees, and various covenants and conditions. It is a financial agreement related to borrowing and lending of funds, secured by collateral, and is typical of corporate credit facilities. It does not contain any terms or conditions related to the transfer of insurance risk from an insurer to a reinsurer, which is the defining characteristic of a reinsurance agreement. The document is clearly a credit agreement, which is explicitly listed as not being a reinsurance agreement. Therefore, it is not a reinsurance agreement, and all subsequent fields that depend on it being a reinsurance agreement are not applicable.",False,,,,,
2006-1071739-0001193125-06-038095-dex105.htm,"The document is a Managed Care Contract between the Texas Health and Human Services Commission (HHSC) and Superior HealthPlan, Inc. (HMO). This contract establishes a direct relationship where the HMO agrees to provide comprehensive health care services to qualified recipients under the Medicaid STAR and CHIP programs. The contract outlines the terms, conditions, and financial arrangements, including capitation payments, for the provision of these services. This is a direct insurance policy and not a reinsurance agreement, as it involves the direct provision of health care services to members rather than the transfer of risk from one insurer to another.",False,True,True,proportional,Non-Life,Health
2006-912898-0001266454-06-000088-glimcher_10k-ex1090.txt,"The document provided is a Term Loan Agreement between GM Olath, LLC and Glimcher Properties Limited Partnership, as borrowers, and KeyBank National Association, as the administrative agent and lead arranger, along with several lenders. The agreement outlines the terms for a $30 million term loan to refinance existing debt secured by a mall property in Olathe, Kansas. The document includes provisions related to loan disbursement, interest rates, repayment terms, covenants, representations and warranties, and collateral.

The document is clearly a loan agreement, not a reinsurance agreement. Reinsurance agreements involve the transfer of insurance risk from one insurer (the ceding company) to another (the reinsurer). This document, however, is a financial loan agreement between borrowers and lenders, with real estate as collateral. It contains no language related to insurance, risk transfer between insurers, or any of the elements characteristic of reinsurance contracts.

The document establishes a credit facility with repayment obligations, interest calculations, and collateral security—all hallmarks of a loan agreement. It includes typical loan covenants about financial reporting, use of proceeds, and conditions precedent to funding. The collateral is a commercial real estate property (a mall), not insurance policies or risk portfolios.

Since this is not a reinsurance agreement, the subsequent classification questions about main contracts, obligatory nature, proportionality, insurance type, and class of business are not applicable.",False,,,,,
2006-1355795-0000950123-06-013603-y26433exv10w48w2.txt,"The document is a Trust Agreement established among Darwin National Assurance Company (Grantor), Capitol Specialty Insurance Corporation (Beneficiary), and The Bank of New York (Trustee). Its purpose is to secure payments under existing reinsurance agreements listed in Exhibit A. The agreement governs the deposit, withdrawal, and management of assets in a trust account to secure obligations arising from those reinsurance agreements.

Although the Trust Agreement references reinsurance agreements and is intended to secure performance under them, it is not itself a reinsurance agreement. Instead, it functions as a security arrangement or collateral trust to support the financial obligations under the underlying reinsurance contracts. According to the classification criteria, financial guarantees and instruments that secure payment obligations arising from reinsurance contracts (such as letters of credit, bonds, and trust agreements) are explicitly excluded from being considered reinsurance agreements.

Because this is not a reinsurance agreement, all downstream fields that depend on the existence of a reinsurance contract (is_main_contract, is_obligatory, proportional_or_non_proportional, insurance_type, class_of_business) must be set to None.",False,,,,,
2006-899866-0001193125-06-230487-dex102.htm,"The provided document is a Loan and Security Agreement between Alexion Manufacturing LLC (Borrower) and iSTAR FINANCIAL INC. (Lender). The document outlines the terms of a $26,000,000 loan, the use of proceeds for acquiring and redeveloping property for biopharmaceutical manufacturing, and the security interests granted to the Lender. The document includes standard provisions for loan agreements such as interest rates, repayment terms, covenants, events of default, and remedies. It does not contain any language related to insurance, risk transfer, or reinsurance. The document is clearly a financial loan agreement secured by real and personal property, not a reinsurance agreement. Therefore, it does not meet any of the criteria for being classified as a reinsurance agreement.",False,,,,,
2006-1163710-0000837276-06-000166-rny_exhibit10b.htm,"The document is titled ""Amendment XXVI"" to an ""Automatic Reinsurance Agreement"" between two life insurance companies, indicating it modifies an existing reinsurance agreement. The amendment updates reinsurance rates for specific TermSmart life insurance products. Since it is an amendment to a reinsurance agreement, it qualifies as a reinsurance agreement under the definition provided, which includes documents that modify existing reinsurance contracts.

However, this document is not a main contract but an ancillary agreement, as it amends an existing reinsurance agreement rather than establishing a new one. It only updates rates for certain products and does not contain all principal terms of a reinsurance contract.

The underlying agreement is described as an ""Automatic Reinsurance Agreement,"" which implies that cessions are obligatory—i.e., the ceding company is required to cede and the reinsurer to accept certain risks. The amendment relates to TermSmart (term life) products, which are life insurance products, so the insurance type is Life. The class of business for term life insurance is best categorized under ""Mortality,"" as it primarily involves risk related to death benefits.

The reinsurance method is likely proportional, as it refers to reinsurance premiums calculated as percentages of a mortality table, which is typical in proportional life reinsurance (e.g., coinsurance). Since the document only modifies rates within what appears to be a coinsurance or proportional treaty, the structure is proportional.

Therefore, the document is a reinsurance agreement, ancillary in nature, obligatory, proportional, related to Life insurance, and in the Mortality class of business.",True,False,True,proportional,Life,Mortality
2006-1352713-0000950123-06-010371-y24108exv10w13.htm,"The document is a Restricted Share Unit Award Agreement under the RAM Holdings Ltd. 2006 Equity Plan. It outlines the terms of a grant of restricted share units (RSUs) to an employee, including vesting conditions, settlement procedures, and related provisions. This is an equity-based compensation agreement and does not involve any insurance or reinsurance risk transfer. It is not a reinsurance agreement or any type of insurance contract. Instead, it is a corporate compensation instrument related to employee incentives.

Therefore, it does not meet any of the criteria for being classified as a reinsurance agreement. It is unrelated to risk transfer between insurers and reinsurers, and it does not amend, renew, or modify any reinsurance contract. It is also not an ancillary agreement to a reinsurance contract. As such, all downstream classifications (main contract, obligatory, proportional/non-proportional, insurance type, class of business) are not applicable.",False,,,,,
2006-874977-0001193125-06-104642-dex1066.htm,"The document is an addendum to a reinsurance contract, specifically a ""Property Catastrophe Overlying Excess of Loss Reinsurance Contract."" Addenda that modify existing reinsurance agreements are explicitly considered reinsurance agreements under the provided definition. Therefore, the document qualifies as a reinsurance agreement. However, it is not a main contract but an ancillary agreement, as it modifies terms (specifically the arbitration clause) of an existing reinsurance contract without establishing a new or full reinsurance contract. Because it is not a full contract, the attributes of being obligatory, proportional or non-proportional, insurance type, and class of business cannot be determined from this ancillary document alone. Thus, these fields are set to None.",True,False,,,,
2006-913144-0000950136-06-003418-file2.htm,"The document is the ""Fifth Amendment to First Amended and Restated Reimbursement Agreement"" among several reinsurance companies (including Renaissance Reinsurance Ltd. and Renaissance Reinsurance of Europe), RenRe Holdings, lenders, and banks. It amends terms such as the Expiration Date, Total Commitment, and L/C Commitments under a secured letter of credit facility.

Despite the involvement of reinsurance entities, the document itself is a reimbursement agreement related to a secured letter of credit facility. It governs financial arrangements between lenders and reinsurance companies, and functions as a credit facility to support obligations — likely related to collateral or regulatory requirements.

According to the classification guidelines, the following are NOT considered reinsurance agreements: Letters of credit, Bonds, loans and credit instruments, Financial guarantees, and other agreements that secure payment obligations arising from insurance or reinsurance contracts.

Therefore, this is a financial instrument securing payment obligations, not a reinsurance agreement. Since it is not a reinsurance agreement, all subsequent fields that depend on reinsurance classification (main contract, obligatory, proportional, insurance type, class of business) must be set to None.",False,,,,,
2006-911576-0001193125-06-119270-dex1024.htm,"The provided document is a Stock Purchase Agreement between American Founders Financial Corporation (Seller) and Sagicor USA, Inc. (Buyer) for the sale of all issued and outstanding shares of Laurel Life Insurance Company, which owns all shares of American Founders Life Insurance Corporation. The agreement outlines the terms and conditions for the sale, including the purchase price, closing procedures, representations and warranties, covenants, indemnification, and other transactional details.

This document is not a reinsurance agreement. Instead, it is a corporate acquisition agreement involving the transfer of ownership of insurance company stock. The document does not establish a contract for the transfer of insurance risk from one insurer to another, which is the defining characteristic of a reinsurance agreement. Rather, it governs the purchase and sale of corporate equity in an insurance entity.

Since the document is not a reinsurance agreement, the subsequent classification fields (is_main_contract, is_obligatory, proportional_or_non_proportional, insurance_type, class_of_business) are not applicable and should be set to None as per the instructions.",False,,,,,
2006-86312-0001104659-06-051107-a06-15227_1ex10d2.htm,"The document is a stipulation between The St. Paul Travelers Companies, Inc. and the New York State Insurance Department, resolving an investigation into bid-rigging, steering of insurance business, and improper use of reinsurance for accounting manipulation. It outlines monetary payments, business reforms, and ongoing reporting obligations, particularly regarding reinsurance practices.

While the document discusses reinsurance—specifically in the context of controls on finite and non-traditional reinsurance, reporting requirements, and cooperation with regulators—it does not itself establish a reinsurance contract. Instead, it is a regulatory settlement agreement. It references reinsurance in a supervisory and compliance context but does not contain the terms of a reinsurance agreement, nor does it transfer risk between insurers. Therefore, it is not a reinsurance agreement.

Because it is not a reinsurance agreement, the subsequent fields related to the nature of the reinsurance (main contract, obligatory, proportional, etc.) must be set to None.",False,,,,,
2006-7286-0000950153-06-000633-p71939exv10w96.txt,"The document is a ""Senior Notes Uncommitted Master Shelf Agreement"" between Pinnacle West Capital Corporation and various purchasers, including Prudential and several insurance companies. It outlines the terms for the issuance and sale of up to $200,000,000 in senior promissory notes. The document details the purchase process, conditions for closing, covenants, events of default, and other provisions typical of a debt financing agreement.

The document is a financing instrument where the company raises capital by issuing debt securities (senior notes) to investors. It does not involve the transfer of insurance risk from one insurer (the ceding company) to another (the reinsurer). Instead, it is a direct borrowing arrangement.

The document explicitly states it is a ""Senior Notes"" agreement and refers to the issuance of ""senior promissory notes."" The parties involved are the issuing corporation (Pinnacle West Capital Corporation) and financial institutions/investors purchasing the debt. There is no mention of insurance policies, ceding commissions, reinsurance premiums, or any other elements characteristic of a reinsurance contract.

Therefore, this document is a debt financing agreement, not a reinsurance agreement.",False,,,,,
2006-1308606-0000950144-06-002655-g00357exv10w57.txt,"The provided document is a Loan Agreement between COLE MT SPRING TX, LP (Borrower) and BEAR STEARNS COMMERCIAL MORTGAGE, INC. (Lender). The agreement outlines the terms for a loan secured by a commercial property. It includes definitions, conditions for the loan, covenants, insurance requirements, default provisions, and other standard clauses typical of a commercial mortgage loan. 

This document is explicitly a loan agreement and contains no language related to the transfer of insurance risk from an insurer to a reinsurer. The key elements of a reinsurance agreement, such as ceding commissions, risk transfer, retrocession, or clauses about losses and claims, are entirely absent. Instead, the document focuses on loan disbursement, interest rates, repayment schedules, collateral (the mortgaged property), and borrower covenants.

According to the classification guidelines, loan agreements are specifically listed as NOT being reinsurance agreements. The document is clearly a financial instrument for real estate financing, not a risk transfer mechanism between insurance entities.

Since the document is not a reinsurance agreement, all subsequent fields related to reinsurance characteristics (main contract, obligatory nature, proportional status, insurance type, and class of business) must be set to None.",False,,,,,
2006-1002517-0000950135-06-003380-b60616ncexv10w1.txt,"The document is a Credit Agreement dated March 31, 2006, between Nuance Communications, Inc. (the ""Borrower"") and various lenders for a $430 million credit facility consisting of Term Loans ($355 million) and Revolving Facility Loans ($75 million). The document contains standard loan agreement provisions including interest rates, repayment terms, covenants, security provisions, and default provisions.

This is clearly a corporate financing arrangement, not an insurance or reinsurance agreement. While the document does contain sections requiring the Borrower to maintain insurance (Section 3.21 and Section 5.02), these are standard provisions in commercial loan agreements to protect the collateral - they do not make the document itself an insurance or reinsurance agreement.

According to the provided classification criteria, this document falls under the category of ""Bonds, loans and credit instruments"" which are explicitly listed as NOT being reinsurance agreements (except for Catastrophe Bonds and other Insurance Linked Securities, which this is not). The document is a standard commercial loan agreement for corporate financing purposes with no connection to insurance operations, risk transfer from insurance activities, or reinsurance business.

Since this is not a reinsurance agreement at all, all other classification fields should be set to None.",False,,,,,
2006-1165880-0000950123-06-013750-y26777exv10w37.htm,"The document is a separation agreement between an employee (C. Russell Fletcher III) and Montpelier Reinsurance Ltd. regarding the termination of his employment and directorships. It outlines the terms of his departure, including payment of certain benefits, forfeiture of stock incentives, resignation from directorships, and confidentiality and non-solicitation obligations. While the company involved is a reinsurance entity, the document itself does not establish or modify a reinsurance contract. Instead, it is a personal employment-related agreement. Therefore, it does not meet any of the criteria for being classified as a reinsurance agreement, such as risk transfer, proportional or non-proportional terms, or coverage related to insurance portfolios. It is not a reinsurance treaty, retrocession, or any ancillary reinsurance document. As such, it falls outside the scope of reinsurance agreements entirely.",False,,,,,
2006-1320092-0001193125-06-172602-dex1021.htm,"The document is a Managing General Agency Agreement between insurance companies (collectively ""Company"") and FirstComp Underwriters Group, Inc. (""General Agent""). The agreement outlines the appointment of the General Agent to perform various functions on behalf of the Company, including underwriting, policy issuance, claims handling, and reporting. The General Agent acts as an independent contractor and is compensated via commissions.

Although the document references reinsurance agreements (e.g., Affiliated Reinsurance Agreements, Quota Share Reinsurance Agreement, and Excess of Loss Reinsurance Agreement) in several places (e.g., Article 2, Article 22), it does not itself constitute a reinsurance agreement. Instead, it governs the relationship and responsibilities of a managing general agent in producing and servicing direct insurance business—specifically Workers' Compensation and Employer's Liability insurance, as defined in the Schedule of Business Addendum.

According to the classification guidelines, documents such as ""Referral Agreements, Underwriting Agency Agreements between reinsurance companies and reinsurance underwriting management companies or agents"" are explicitly excluded from being considered reinsurance agreements. This document falls squarely into the category of an Underwriting Agency Agreement (specifically a Managing General Agency Agreement), which is ancillary to any reinsurance that may be in place but is not itself a reinsurance contract.

Therefore, the document is not a reinsurance agreement, and all downstream fields related to reinsurance classification (main contract, obligatory, proportional status, insurance type, class of business) are set to None.",False,,,,,
2006-1308606-0000950144-06-002655-g00357exv10w49.txt,"The document is a commercial mortgage loan agreement dated February 6, 2006 between Cole MT Denver CO, LLC (Borrower) and Bear Stearns Commercial Mortgage, Inc. (Lender). It details a $12,025,000 loan secured by a retail property (shopping center), with standard commercial mortgage provisions including interest rates, payment terms, collateral requirements, insurance requirements, and covenants.

This is clearly not a reinsurance agreement. According to the classification criteria provided:

1. The document falls under ""Bonds, loans and credit instruments"" which are explicitly excluded from being considered reinsurance agreements (except for Catastrophe Bonds and other Insurance Linked Securities that fulfill a risk transfer objective similar to standard reinsurance).

2. While Section 6 of the agreement requires the borrower to maintain certain insurance policies on the property (as is standard for commercial mortgage loans to protect the collateral), this does not make the loan agreement itself a reinsurance agreement.

3. The document is a standard commercial mortgage loan agreement for real estate financing, not a risk transfer agreement between insurance or reinsurance companies.

4. The metadata confirms this is from Cole Credit Property Trust II Inc, which appears to be a real estate investment trust (REIT), not an insurance or reinsurance company.

Since this is not a reinsurance agreement at all, all subsequent classification questions about reinsurance-specific attributes (main contract, obligatory status, proportional/non-proportional, insurance type, class of business) are not applicable and should be set to None.",False,,,,,
2006-1301611-0000950144-06-007050-g02538exv10w7.htm,"The document is a ""Repurchase Agreement"" between HCA Inc. and LifePoint Hospitals, Inc., dated June 30, 2006. It outlines the terms under which LifePoint may require HCA to repurchase ownership interests in certain Acquired Entities if specific regulatory conditions (specifically, the loss of a Certificate of Need, or CON) are not met. The agreement involves the sale and potential repurchase of corporate ownership interests in hospital entities, focusing on corporate transactions, regulatory approvals, financial adjustments, indemnifications, and closing conditions.

There is no mention of risk transfer from an insurer to a reinsurer, nor are there any terms characteristic of reinsurance such as ceding commissions, loss ratios, reinsurance premiums, or coverage layers. The only tangential reference to insurance is in Section 6.11, which discusses a potential reinsurance agreement for physician malpractice insurance. However, this section only outlines that such an agreement *will be executed* as part of the closing process—it is not the agreement itself, and the Repurchase Agreement does not contain the terms of any reinsurance contract.

Therefore, the document is a corporate repurchase agreement related to a healthcare asset transaction, not a reinsurance agreement.",False,,,,,
2006-896159-0001193125-06-101973-dex102.htm,"The document is a Credit Agreement between ACE Limited (the Borrower), ACE Bermuda Insurance Ltd., ACE Tempest Reinsurance Ltd., and ING Bank, N.V., London Branch. It outlines the terms under which the Bank will provide loans to the Borrower, including definitions, loan availability, interest rates, repayment terms, covenants, events of default, and a guaranty by the two ACE subsidiaries. The agreement involves financial lending and borrowing, with provisions typical of a loan or credit facility, such as interest calculations based on LIBOR, commitment fees, drawdown requests, and repayment schedules.

The document does not involve the transfer of insurance risk from one insurer to another. Instead, it is a financial instrument designed to provide short-term liquidity to the Borrower by covering net debit positions in cash pooling accounts. Although one of the guarantors has ""Reinsurance"" in its name (ACE Tempest Reinsurance Ltd.), the agreement itself is not a reinsurance contract. It does not contain any terms related to ceding risk, reinsurance premiums, loss sharing, or coverage of insurance liabilities.

According to the classification criteria provided, credit agreements, loans, and credit instruments are explicitly excluded from the definition of reinsurance agreements unless they are Catastrophe Bonds or Insurance-Linked Securities fulfilling a risk transfer purpose — which this document is not. Therefore, this is not a reinsurance agreement.

Since it is not a reinsurance agreement, all subsequent reinsurance-specific fields must be set to None.",False,,,,,
2006-20171-0000950123-06-005830-y20073exv10w3.txt,"The document is a Performance Share Award Agreement between The Chubb Corporation and a participant under the company's Long-Term Stock Incentive Plan (2004). It outlines the terms for granting performance-based shares tied to the company's shareholder return relative to the S&P 500. The agreement includes vesting conditions, payment terms, termination rules, and restrictive covenants. However, it is not related to risk transfer between insurance entities. Instead, it is a stock compensation agreement, which falls under employee incentive plans. Therefore, it does not qualify as a reinsurance agreement or any related contract. It is unrelated to insurance risk transfer, treaties, or retrocessions.",False,,,,,
2006-1064863-0000950133-06-000979-w17973exv10w32w9.txt,"The provided document is a ""Uniform Managed Care Contract Terms & Conditions"" between the Texas Health and Human Services Commission (HHSC) and a Health Maintenance Organization (HMO). The purpose of this contract is to establish the terms for the HMO to provide comprehensive health care services to Medicaid and CHIP (Children's Health Insurance Program) recipients through a managed care delivery system.

The document outlines a risk-based contract where HHSC pays the HMO a fixed monthly capitation payment for each enrolled member, and in return, the HMO is responsible for arranging or providing a defined set of covered health care services. The HMO assumes the financial risk that its expenses for providing these services may exceed the capitation payments received.

This is a direct insurance contract, also known as a managed care agreement, between a government agency and a health insurer. It is not a reinsurance agreement, which would involve one insurer transferring a portion of its risk to another insurer. The document explicitly states it is a ""Risk-based contract"" (Section 1.02), but in the context of health care, this refers to the HMO bearing the risk of its own costs, not a reinsurance transaction.

The document is a main contract, as it establishes the primary agreement for the provision of managed care services. It is an obligatory contract for the HMO, as it is required to provide services to all eligible individuals who enroll in its plan. The payment structure is non-proportional, as it is based on a fixed capitation rate per member, not a proportional share of the insurer's overall risk portfolio. The insurance type is Non-Life, and the class of business is Health.",False,True,True,non-proportional,Non-Life,Health
2006-899629-0000950116-06-000805-ex10-50.txt,"The document provided is a Revolving Loan Agreement, which is a financial agreement between a borrower and lenders for a line of credit. The agreement details the terms under which the lenders will extend credit to the borrower, including the loan amount, interest rates, repayment terms, and conditions for advances. It also includes provisions for collateral, covenants, and events of default.

This document does not contain any elements of a reinsurance agreement. Reinsurance agreements are contracts between insurance companies where one company (the reinsurer) agrees to cover part of the risk or liability of another company (the ceding company). The document in question is a loan agreement, which is fundamentally different from a reinsurance agreement. It involves the extension of credit rather than the transfer of insurance risk.

Since the document is not a reinsurance agreement, the subsequent questions about whether it is a main contract, obligatory, proportional or non-proportional, insurance type, and class of business are not applicable. These questions are specific to reinsurance agreements and do not pertain to loan agreements.",False,,,,,
2006-811612-0000950156-06-000175-cgi-x1039.htm,"The document is a 2006 Incentive Award Agreement between The Commerce Group, Inc. and a director, outlining a cash-based incentive compensation plan tied to company performance metrics such as earnings per share (EPS) and direct written premiums. It includes provisions for payment calculations, settlement dates, and conditions related to employment status, retirement, or change in control. The document does not involve risk transfer between insurers and reinsurers, nor does it establish any reinsurance or retrocession arrangement. Instead, it is a corporate compensation agreement. Therefore, it does not meet the definition of a reinsurance agreement under any of the listed categories.",False,,,,,
2006-1214816-0001104659-06-015328-a06-5894_1ex10d12.htm,"The document is an employment contract between AXIS Re Limited and Dr. Karl Josef Mayr for the position of Chief Executive Officer (CEO) and President of the Zurich Branch. It outlines terms of employment, including job responsibilities, compensation, benefits, confidentiality, non-compete clauses, and applicable law. The document pertains to human resources and employment terms within a reinsurance company but does not establish or modify any reinsurance agreement, treaty, or risk transfer arrangement. It is not a reinsurance contract, nor does it relate to any risk transfer mechanism between insurers and reinsurers. Therefore, it does not meet any of the criteria for being classified as a reinsurance agreement.",False,,,,,
2006-909109-0000893220-06-001096-w20583exv10w6.txt,"The document is titled ""Reinsurance Commutation and Release Agreement"" and explicitly references an underlying ""Whole Account Net Quota Share Reinsurance Contract"" effective April 1, 2003, and an addendum effective January 1, 2004. It involves Philadelphia Insurance Company and Swiss Reinsurance America Corporation, and its purpose is to cancel and fully settle obligations under the 2004 contract year of that reinsurance treaty. 

According to the classification rules, any document that terminates, commutes, or otherwise modifies an existing reinsurance agreement is considered a reinsurance agreement. Therefore, this is a reinsurance agreement.

However, this document is not a main contract but an ancillary agreement, as it serves to commute an existing reinsurance treaty rather than establish a new reinsurance contract. It modifies and finalizes the termination of an existing agreement.

Because it is a commutation of a proportional quota share treaty (as stated: ""Whole Account Net Quota Share Reinsurance Contract"" and ""55.0% share""), the underlying contract was proportional. However, this commutation document itself is not a full reinsurance contract but a modification agreement, so attributes like obligatoriness, proportionality, insurance type, and class of business are not applicable to the document itself.

Thus, fields such as is_obligatory, proportional_or_non_proportional, insurance_type, and class_of_business should be set to None, as the document is not a full reinsurance contract but a commutation of one.",True,False,,,,
2006-896159-0001193125-06-056531-dex105.htm,"The document is an ""Amendment and Waiver of Stock Purchase Agreement"" that modifies a prior stock purchase agreement among ACE INA International Holdings, Ltd., Century Indemnity Company, and Randall & Quilter Investment Holdings Limited. It includes amendments related to conditions for closing, representations and warranties, and the addition of new sections and exhibits.

Notably, Section 4.1.10 requires the execution of a reinsurance agreement between AARe (as ceding company) and an affiliate of ACE or another qualified reinsurer, referencing an attached reinsurance slip (Exhibit G). However, the document itself does not establish the reinsurance agreement—it only mandates that one be entered into as a condition of the stock purchase. The reinsurance agreement is referenced but not contained in full; it is merely referenced via a slip (Annex 1), which is likely a term sheet or proposal.

Therefore, while the document relates to reinsurance and contemplates a reinsurance agreement, it is not itself a reinsurance agreement. It is an amendment to a stock purchase agreement—an ancillary corporate transaction document. It does not establish a reinsurance contract but rather imposes an obligation to enter into one.

Because it is not a reinsurance agreement, all downstream classification fields (main contract, obligatory, etc.) must be None.",False,,,,,
2006-1049442-0001104659-06-021383-a06-2506_1ex10d19.htm,"The provided document is an ""Amended and Restated Credit Agreement"" dated November 21, 2005. This document is a financial contract that establishes a credit facility between Pliant Corporation (the Parent Borrower), Uniplast Industries Co. (the Canadian Subsidiary Borrower), other domestic subsidiary borrowers, the lenders (including General Electric Capital Corporation and Morgan Stanley Senior Funding, Inc.), and the agents (Domestic A Agent, Administrative Agent, Collateral Agent, and Domestic B Agent).

The agreement details the terms of loans, commitments, interest rates, fees, covenants, events of default, and other provisions related to borrowing and lending money. It is fundamentally a credit and loan agreement, which is a type of financial instrument.

According to the provided classification rules, reinsurance agreements include contracts like reinsurance, retrocession, and certain risk transfer instruments. The document in question is explicitly a ""Credit Agreement"" and pertains to corporate borrowing and lending. It is not related to insurance or risk transfer between insurers. Therefore, it does not meet any of the criteria for being classified as a reinsurance agreement. Since it is not a reinsurance agreement, the subsequent questions about it being a main contract, obligatory, proportional, insurance type, or class of business are not applicable.",False,,,,,
2006-1289592-0001157523-06-008047-a5201679ex10_5.txt,"The document is a Commutation and Release Agreement between Tower Insurance Company of New York and PXRE Reinsurance Company. It explicitly references a prior Quota Share Reinsurance Agreement effective December 1, 2001, which is attached as Exhibit A. The current document serves to terminate and fully settle all obligations under that reinsurance agreement. According to the classification criteria, documents that commute, terminate, or otherwise modify the terms of an existing reinsurance agreement are considered reinsurance agreements. Therefore, this document qualifies as a reinsurance agreement.

However, it is not a main contract because it does not establish a new reinsurance contract; rather, it is an ancillary agreement that commutes an existing one. As such, it modifies the terms of an existing reinsurance agreement and does not contain the principal terms of a new reinsurance arrangement.

Because it is not a full reinsurance contract but a commutation of one, attributes such as whether it is obligatory, proportional or non-proportional, the insurance type, and class of business cannot be meaningfully applied to this document itself — these characteristics belong to the underlying reinsurance agreement being commuted. The commutation document merely reflects the existence of such a contract but does not embody its risk-transfer structure or coverage terms.",True,False,,,,
2006-1039828-0001104659-06-032241-a06-9193_1ex10d23.htm,"The document is titled ""Amendment I to the Reinsurance Agreement"" and explicitly references an existing reinsurance agreement between American Equity Investment Life Insurance Company and Hannover Life Reassurance Company of America. It modifies the terms of the original agreement by amending Exhibit B-2, specifically relating to the ""Waiver of Surrender Charge on Death"" for reinsured policies. Since it modifies an existing reinsurance agreement, it falls under the category of documents that renew, amend, or otherwise modify reinsurance agreements, which are considered reinsurance agreements per the definition provided.

However, this document is not a main contract but an ancillary agreement, as it only amends a portion of an existing reinsurance agreement and does not establish a new or full reinsurance contract. Therefore, it is not a main contract.

Because it is an amendment and not a full contract, classifications for obligation type, proportionality, insurance type, and class of business cannot be reliably determined from this document alone. The mention of ""Reinsured Policies"" and ""Automatic YRT"" (Yearly Renewable Term) suggests life reinsurance, and YRT is typically a non-proportional form of reinsurance. However, since this amendment does not establish the core terms of the contract (such as ceding percentages, limits, or attachment points), it is not sufficient to classify the contract type definitively. Thus, those fields are set to 'None'.",True,False,,,Life,Mortality
2006-909109-0000893220-06-002390-w26495exv10w2.txt,"The document is titled ""Addendum No. 3 to the 3rd and 4th Property Excess of Loss Reinsurance Agreement"" and explicitly references an underlying reinsurance agreement (No. TP1600E,F). It amends key terms of the agreement, including definitions (e.g., Adjustment Expense, Losses in Excess of Policy Limits), premium rates, participation shares, and includes provisions on loss occurrence during expiration. These are all modifications to an existing reinsurance contract.

Because it is an addendum that modifies an existing reinsurance agreement, it falls under the category of documents that ""renew, cancel, novate, terminate, settle, commute, amend, or otherwise modify the terms of an existing reinsurance agreement,"" which are considered reinsurance agreements per the definition.

However, it is not a main contract because it is an ancillary agreement—an addendum—modifying an existing contract rather than establishing a new or full reinsurance contract. It references an existing agreement and does not stand alone as a complete contract.

The underlying agreement is an Excess of Loss reinsurance contract, which is non-proportional. The addendum confirms this by defining layers (First and Second Excess) and specifying 50% participation in each, which is typical in non-proportional excess of loss treaties. The premium is calculated as a rate applied to earned premium, which is common in non-proportional contracts. There is no indication of proportional risk sharing (e.g., quota share), so it is classified as non-proportional.

The agreement covers Property insurance, as indicated by the title ""Property Excess of Loss Reinsurance Agreement."" Therefore, the class of business is Property, and since Property is a Non-Life line of business, the insurance type is Non-Life.

The agreement is obligatory because it applies to a defined portfolio of policies (policies in force and new/renewal policies effective from January 1, 2006) and covers all risks under those policies falling within the excess layers. This is characteristic of an obligatory treaty rather than facultative placements.",True,False,True,non-proportional,Non-Life,Property
2006-1078706-0000909518-06-001048-mv10-31_aarca.txt,"The document is a credit agreement between Building Materials Corporation of America and various lenders, outlining terms for a $450,000,000 credit facility. It includes provisions for advances, letters of credit, interest rates, covenants, and other financial arrangements. This is a standard credit and loan agreement in the corporate finance context.

The document does not contain any elements of reinsurance. It does not involve risk transfer from an insurer to a reinsurer, does not mention insurance policies, claims, premiums, or any other reinsurance-specific terms. Instead, it is focused on lending, borrowing, and secured financing.

This is clearly a credit agreement, which is explicitly listed in the ""NOT considered reinsurance agreements"" category as ""Bonds, loans and credit instruments"". The document establishes a lending relationship, not an insurance or reinsurance relationship.",False,,,,,
2006-1057436-0001193125-06-228461-dex1012.htm,"The provided document is a ""Mezzanine Loan and Security Agreement"" between SHR Scottsdale Mezz X-1, L.L.C. and SHR Scottsdale Mezz Y-1, L.L.C. (the ""Mezzanine Borrower"") and Citigroup Global Markets Realty Corp. (the ""Mezzanine Lender""). This agreement outlines the terms of a $90,000,000 loan secured by a pledge of the Mezzanine Borrower's membership interest in the Mortgage Borrower, which owns a hotel property. The document details the loan disbursement, interest payments, prepayment terms, covenants, representations, warranties, default conditions, and remedies. It also includes provisions for cash management, insurance, environmental matters, and assignments.

This is a financial loan agreement, not a reinsurance contract. The document does not contain any terms related to the transfer of insurance risk from an insurer (ceding company) to a reinsurer. Instead, it is a standard real estate financing agreement secured by a pledge of equity interests in a property-owning entity. The listed exclusions for reinsurance agreements explicitly state that ""Bonds, loans and credit instruments"" are not considered reinsurance agreements.

Since it is not a reinsurance agreement, all subsequent classification fields (is_main_contract, is_obligatory, etc.) are irrelevant and must be set to None.",False,,,,,
2006-1300514-0000950153-06-002124-p72720exv10w1.htm,"The provided document is a ""Credit Agreement"" dated May 25, 2006, between VML US Finance LLC (the Borrower), Venetian Macau Limited (the Company), and several financial institutions (the Lenders). It outlines the terms for a senior secured credit facility, including various types of loans, interest rates, repayment terms, covenants, and conditions precedent. The document explicitly states that it is a ""Credit Agreement"" and details the financial obligations and security arrangements between the parties involved.

The document does not contain any provisions related to reinsurance. It does not mention the transfer of risk from an insurer to a reinsurer, nor does it describe any agreements for the sharing of insurance risks. Instead, it focuses on the provision of credit and the security interests granted by the Borrower and the Company to the Lenders.

Based on the definition provided, reinsurance agreements involve the transfer of risk from an insurer to a reinsurer. The document in question is a credit agreement, which is a financial instrument for lending money, not for transferring insurance risk. Therefore, it does not meet the criteria for being a reinsurance agreement.

Additionally, the document is not related to insurance policies or any form of risk transfer that would be characteristic of a reinsurance contract. It is a standard credit agreement, which is excluded from the definition of reinsurance agreements.",False,,,,,
2006-919134-0001188112-06-002518-ex10-79.txt,"The document is a Loan Agreement between MENDOCINO BREWING COMPANY, INC. and GRAND PACIFIC FINANCING CORPORATION. It outlines the terms for a loan of up to $3,000,000 for purposes including refinancing existing debt and financing working capital. The agreement includes provisions for repayment, interest, covenants, default, and remedies, and is secured by a Deed of Trust on real property. 

The document is clearly a financial loan agreement, not a reinsurance agreement. According to the classification rules, loan agreements and credit instruments are explicitly excluded from the definition of reinsurance agreements unless they are Catastrophe Bonds or Insurance-Linked Securities, which this is not.

Since the document is not a reinsurance agreement, all subsequent fields that depend on it being a reinsurance contract must be set to None or False as appropriate.",False,,,,,
2006-1171218-0000950124-06-004459-k06864exv10w1.txt,"The document provided is a ""Second Amended and Restated Credit Agreement"" between North Pointe Holdings Corporation, Comerica Bank (as Agent), and other financial institutions (Banks). The agreement outlines the terms for a revolving credit facility, including interest rates, repayment terms, covenants, and conditions for borrowing. It also includes provisions related to letters of credit, security interests, and other financial arrangements.

The document does not contain any language or clauses that indicate it is a reinsurance agreement. Instead, it is clearly a financial credit agreement focused on lending and borrowing arrangements, with no mention of risk transfer between insurers and reinsurers, ceding of insurance liabilities, or any other reinsurance-specific terms.

Given that the document is a credit agreement and not related to insurance or reinsurance in any way, it does not meet the criteria for being classified as a reinsurance agreement. Therefore, all subsequent classification fields related to reinsurance (such as is_main_contract, is_obligatory, etc.) are not applicable and should be set to None.",False,,,,,
2006-874977-0001193125-06-227667-dex1069.htm,"The document is titled ""PROPERTY CATASTROPHE OVERLYING EXCESS OF LOSS REINSURANCE CONTRACT"" and explicitly identifies itself as a reinsurance contract. It is issued between multiple insurance companies (collectively referred to as the ""Company"") and a ""Subscribing Reinsurer,"" State Auto Property and Casualty Insurance Company. The structure, language, and clauses (e.g., indemnification for ""Ultimate Net Loss,"" retention and limit amounts, notice of loss, arbitration, etc.) are standard for reinsurance agreements. It covers losses arising from property insurance policies, including fire, homeowners, commercial multiple peril (property), and marine coverages, which confirms its nature as a reinsurance arrangement.

The contract establishes the full terms of a reinsurance agreement, including scope of coverage, exclusions, limits, premium, and claims procedures, indicating it is a main contract rather than an ancillary or modifying document. It is an excess of loss treaty covering catastrophe events, which is a standard form of non-proportional reinsurance. The retention is $135 million per occurrence with a $100 million limit, and it applies on an ""overlying"" basis, meaning it sits above underlying reinsurance layers.

The coverage is obligatory because it applies to all qualifying losses from the specified property lines across the ceding companies’ portfolios, without requiring individual risk-by-risk underwriting approval. This is characteristic of treaty reinsurance, specifically an excess of loss treaty.

The reinsurance is clearly non-proportional, as it covers losses in excess of a high retention ($135 million) up to a defined limit ($100 million), which is the hallmark of non-proportional arrangements such as excess of loss.

The underlying insurance covers property risks such as fire, homeowners, commercial property, and marine — all of which fall under Non-Life insurance. The class of business is Property, as the coverage is explicitly limited to property-related perils and excludes casualty, health, and life lines.",True,True,True,non-proportional,Non-Life,Property
2006-1064863-0000950133-06-004977-w26714exv10w32w9.htm,"The document is a Uniform Managed Care Contract Terms & Conditions between the Texas Health and Human Services Commission (HHSC) and a Health Maintenance Organization (HMO). It outlines the terms for the HMO's participation in one or more of the HMO Programs administered by HHSC, such as the STAR, CHIP, and STAR+PLUS programs. The HMO is responsible for providing comprehensive health care services to qualified recipients through a managed care delivery system.

The document specifies that this is a ""Risk-based contract"" (Section 1.02), where HHSC pays the HMO a fixed monthly capitation payment for each enrolled member, and the HMO assumes the risk of providing covered services. The HMO must provide the services and deliverables described in the contract in exchange for the capitation payments. This risk transfer from the state to the HMO for the health care services provided to the members is a key characteristic of a reinsurance agreement.

The contract includes provisions for experience rebates (Section 10.11 and 10.11.1), where the HMO must pay a portion of its net income before taxes back to HHSC if it exceeds certain thresholds. This sharing of profits based on the HMO's performance is similar to the profit-sharing mechanisms found in reinsurance agreements.

The document also includes various mechanisms for modifying the contract, such as changes in capitation rates (Section 10.04), amendments and modifications (Article 8), and termination rights (Article 12). These provisions are typical of reinsurance contracts, which often need to be flexible to accommodate changes in laws, regulations, or business conditions.

The insurance type is Non-Life, as the contract pertains to health care services, which are part of the Non-Life insurance category. The class of business is Health, as the contract specifically deals with health care services for the members.

Based on the risk-based nature of the contract, the transfer of risk from HHSC to the HMO, and the profit-sharing mechanisms, this document is classified as a reinsurance agreement. It is a main contract as it establishes the reinsurance contract between HHSC and the HMO. It is an obligatory reinsurance agreement, as it transfers risks from all insureds in the specified portfolios (STAR, CHIP, and STAR+PLUS programs). The contract does not specify a proportional or non-proportional structure, but the use of fixed capitation payments based on member enrollment suggests a non-proportional structure, as the HMO's payment is not directly proportional to the actual claims incurred.",True,True,True,non-proportional,Non-Life,Health
2006-1262959-0000950134-06-021481-h41103exv10w4.htm,"The provided document is a Credit Agreement between Hines REIT 3100 McKinnon Street LP, Hines REIT 1900/2000 Alameda de Las Pulgas LLC, Hines REIT 321 North Clark Street LLC, and other Borrowing Base Subsidiaries (collectively the ""Borrowers""), Hines REIT Properties, L.P. (the ""Sponsor""), HSH Nordbank AG, New York Branch, and other Lenders. The agreement details the terms for a credit facility of up to $500,000,000 to be used for the general corporate purposes of the Borrowers. The document outlines the commitments, loans, interest rates, repayment terms, covenants, events of default, and other provisions related to the credit facility.

The document does not contain any terms or provisions related to reinsurance. It is a financial agreement for a credit facility, not a reinsurance agreement. The document does not establish a reinsurance or retrocession contract, nor does it involve risk transfer between insurers or reinsurers. The document is a credit agreement, which is not considered a reinsurance agreement according to the provided list of documents that are not reinsurance agreements, such as bonds, loans, and credit instruments.

Therefore, the document is not a reinsurance agreement, and the subsequent fields related to reinsurance characteristics are not applicable.",False,,,,,
2006-1358164-0000930413-06-006737-c44219_ex10-2.txt,"The document is a Tax Indemnity Agreement among XL Capital Ltd, X.L. America, Inc., Security Capital Assurance Ltd (SCA), SCA Holdings US Inc., and XL Financial Assurance Ltd. It addresses the allocation of tax liabilities between the parties in connection with a public offering and corporate separation. The agreement outlines indemnification obligations related to taxes, control over tax audits, refunds, interest, and cooperation on tax matters. 

There is no mention of risk transfer, insurance, or reinsurance mechanisms. The document does not contain terms related to ceding premiums, reinsurance coverage, layers of loss, retention, or any other typical reinsurance provisions. Instead, it focuses exclusively on tax liabilities and indemnifications arising from a corporate restructuring.

This document is not a reinsurance agreement, nor does it modify or relate to one in the manner of renewals, novations, or commutations. It is not a reinsurance contract or ancillary to one. Therefore, all subsequent classification fields related to reinsurance are not applicable.",False,,,,,
2006-949156-0000950124-06-001186-k02499exv10w38.txt,"The document is titled ""Inter-Company Reinsurance Agreement"" and is explicitly structured as a reinsurance contract between affiliated insurance companies under a holding system. It involves the ceding and assuming of 100% of liabilities and expenses related to insurance policies written by the Affiliated Companies, which is a hallmark of reinsurance. The agreement outlines cessions, premiums, reserves, and mutual reinsurance obligations, confirming its nature as a reinsurance treaty. It also includes standard reinsurance clauses such as credit for reinsurance, insolvency provisions, arbitration, and accounting — all typical of reinsurance contracts.

The document establishes a full reinsurance contract between the parties, including all principal terms such as cession percentages (Appendix A), scope of coverage, effective date, and governance. It is not merely an amendment or ancillary document, but a complete agreement, including renewal and run-off provisions for a prior agreement, confirming it as a main contract.

The agreement is obligatory because it cedes 100% of the liabilities and expenses of the Affiliated Companies’ portfolios, indicating automatic risk transfer for all policies within the defined scope, without individual underwriting approval per risk. This aligns with the definition of obligatory reinsurance, such as treaty reinsurance.

The reinsurance is proportional because it involves ceding 100% of liabilities and expenses, and the assuming company (Star) takes a fixed percentage share (e.g., 100% of ceded business), while the Affiliated Companies also reinsure Star in return according to their ""Respective Percentages"" (e.g., 56.6%, 10.0%, etc.). This mutual proportional sharing of premiums and losses indicates a proportional (specifically, quota share) structure.

The Recitals state that the parties are engaged in ""property, casualty, medical malpractice, commercial auto and workers' compensation insurance"" — all of which fall under Non-Life insurance. There is no mention of life, annuity, or pension products, so the insurance type is clearly Non-Life.

The class of business includes multiple lines such as property, casualty, and workers’ compensation. Medical malpractice and commercial auto are typically classified under Casualty or Specialty. Given the diversity, and the absence of a single dominant line, the most appropriate classification is ""Multi-Line,"" which is used when multiple non-life classes are covered under one agreement.",True,True,True,proportional,Non-Life,Multi-Line
2006-899629-0000950116-06-000805-ex10-53.txt,"The provided document is a Loan Agreement between RD Elmwood Associates, L.P. (Borrower) and Bear Stearns Commercial Mortgage, Inc. (Lender). The document outlines the terms and conditions of a loan, including loan disbursement, interest rates, payment terms, default provisions, and various covenants and representations. It is clear from the content and structure of the document that it pertains to a financial loan secured by a mortgage on a property, not to any form of reinsurance or risk transfer agreement between insurance entities. The document explicitly refers to loan commitments, interest rates, debt service, and mortgage security, which are characteristic of a commercial loan agreement. Therefore, this document is not a reinsurance agreement.",False,,,,,
2006-1233426-0000950144-06-005018-g01562exv10w1.htm,"The document is Amendment Number 2 to a Strategic Agreement between Connecticut General Life Insurance Company (CIGNA), United States Pharmaceutical Group, LLC (USPG), and NationsHealth, Inc. The agreement relates to services provided in connection with CIGNA's activities as a Medicare Part D Prescription Drug Plan sponsor. It outlines compensation arrangements, servicing procedures, information access, and termination provisions. Notably, the document explicitly states under the ""No Intent to Create Reinsurance"" section that the arrangement ""does not give rise to a contract for reinsurance against an underwriting loss by CIGNA."" This is a clear disclaimer that the parties do not intend the agreement to function as reinsurance.

The agreement focuses on service delivery, cost-sharing, and operational transition mechanisms (e.g., source code escrow, backup site setup, personnel continuity), which are characteristic of a service or strategic partnership agreement rather than a risk transfer mechanism. There is no indication of ceding of insurance risk, premium sharing based on losses, or indemnification for claims—hallmarks of reinsurance.

Given this, the document is not a reinsurance agreement. It is an amendment to a strategic services agreement involving a life insurer but does not transfer insurance risk. Therefore, all downstream classifications (main contract, obligatory, proportional, insurance type, class of business) are not applicable.",False,,,,,
2006-1091748-0001125282-06-001680-b412207ex10_4.htm,"The document is an annex to an ""Aggregate Excess of Loss Agreement"" and explicitly refers to the termination of this reinsurance agreement. The term ""Aggregate Excess of Loss"" is a well-known form of non-proportional reinsurance. The fact that it is an annex to a reinsurance agreement and addresses the termination of obligations confirms that the underlying agreement is a reinsurance contract. Therefore, this document is classified as a reinsurance agreement because it modifies the terms (specifically, terminates) an existing reinsurance contract, which falls under the definition provided.

However, this document is not a main contract, as it is an annex that terminates an existing agreement rather than establishing a new reinsurance contract or containing all principal terms. It is ancillary in nature.

Because the underlying agreement is an Aggregate Excess of Loss treaty, which is a form of non-proportional reinsurance, and because such treaties are typically obligatory (covering a portfolio of risks automatically), the agreement is considered obligatory. The document confirms the existence of such a treaty, even though it only addresses termination.

The reinsurance type is non-proportional, as Aggregate Excess of Loss is a classic non-proportional structure.

The document does not specify whether the underlying insurance is Life or Non-Life. However, Aggregate Excess of Loss agreements are far more common in Non-Life (property and casualty) contexts, especially given the company’s known operations in property catastrophe reinsurance. Thus, it is reasonable to infer Non-Life.

The class of business is likely Property or Casualty, but the document does not provide enough detail to determine whether it is Property, Casualty, or Specialty. However, ""Aggregate Excess of Loss"" is frequently used in Property catastrophe reinsurance. Given the lack of explicit detail, but with a strong contextual link to property risks, ""Property"" is the most appropriate classification.",True,False,True,non-proportional,Non-Life,Property
2006-1279363-0001279363-06-000100-exhibit_10-16.htm,"The document is a contract between the Centers for Medicare & Medicaid Services (CMS) and Home Owners / WellCare PFFS Insurance, Inc. for the operation of a Medicare Advantage Private Fee-For-Service Plan. This agreement outlines the terms under which the MA Organization will provide healthcare benefits to Medicare beneficiaries, including benefit provision, enrollment, beneficiary protections, provider protections, quality requirements, compliance, and payment structures. The document also includes addenda related to prescription drug benefits and employer-only group plans.

This is a direct insurance contract between a government agency (CMS) and an insurance organization to provide healthcare coverage to Medicare beneficiaries. It does not involve the transfer of insurance risk from one insurer to another, which is the defining characteristic of reinsurance. Instead, it establishes a direct provider-payer relationship for healthcare services under the Medicare program.

Therefore, this document is not a reinsurance agreement but rather a direct health insurance contract governing the provision of Medicare Advantage benefits.",False,,,,,
2006-912898-0001266454-06-000186-glimcher_10q-ex10106.txt,"The document is a Loan Agreement between Tulsa Promenade, LLC (Borrower) and Charter One Bank, N.A. (Lender). It outlines the terms for a $50,000,000 loan to finance the acquisition of additional retail space and improvements to a shopping mall. The agreement includes provisions for disbursements, covenants, conditions for draws, and borrower obligations, secured by a mortgage on the property.

This document is a financial instrument (a loan agreement) and not a reinsurance agreement. It does not involve the transfer of insurance risk from one insurer to another, nor does it mention any insurance or reinsurance terms, cessions, premiums, or coverage related to insurance liabilities. Instead, it pertains to real estate financing.

Therefore, it falls under the category of financial guarantees and credit instruments, which are explicitly excluded from being reinsurance agreements, as per the provided definitions.",False,,,,,
2006-1282543-0000950134-06-007070-d34129exv10w19.htm,"The document is titled ""Addendum No. 1 to the Non Standard Private Passenger Automobile Quota Share Reinsurance Contract"", which clearly indicates it is an amendment to an existing reinsurance agreement. The content modifies key terms of the original contract, such as the definition of underwriting year, cession percentages, retention rules, sliding scale commission, reporting requirements, and tax provisions. These are all typical modifications to a reinsurance treaty. Since it amends an existing reinsurance contract, it qualifies as a reinsurance agreement under the definition provided, which includes documents that modify the terms of an existing reinsurance agreement.

The document is not a standalone main contract but an ancillary agreement (an addendum) that modifies an existing contract. Therefore, it is not a main contract.

The original contract is a quota share reinsurance treaty, which is inherently obligatory—meaning the ceding company must cede, and the reinsurer must accept, all risks within the defined portfolio. The addendum does not change this obligatory nature, as it only adjusts cession percentages and commission structures based on volume and performance. Thus, the agreement remains obligatory.

The underlying reinsurance is a ""Quota Share"" contract, which is a form of proportional reinsurance. The addendum does not introduce non-proportional elements that would change this classification. Therefore, the reinsurance is proportional.

The subject matter is ""Private Passenger Automobile"" insurance, which falls under Non-Life (property and casualty) insurance. Automobile insurance is a casualty line of business.

The class of business for private passenger automobile insurance is typically classified under Casualty, as it involves liability and physical damage coverage for vehicles, which are core casualty lines.",True,False,True,proportional,Non-Life,Casualty
2006-877355-0000877355-06-000029-ex10-1creditagr.htm,"The document provided is a ""Revolving Credit Agreement"" dated July 28, 2006, between LandAmerica Financial Group, Inc. (the Borrower), and several financial institutions (the Lenders), with SunTrust Bank serving as the Administrative Agent. The agreement outlines the terms for a $200,000,000 revolving credit facility, including provisions for loans, letters of credit, and swingline loans.

The document contains standard definitions and covenants typical of a credit agreement, such as definitions of ""Indebtedness,"" ""Leverage Ratio,"" and ""Interest Coverage Ratio,"" as well as representations and warranties, affirmative and negative covenants, and events of default. It also includes financial covenants and conditions precedent to the loans and letters of credit.

Although the Borrower has subsidiaries that are insurance underwriters (referred to as ""Insurance Subsidiaries""), and the agreement mentions reinsurance in Section 4.17, the document itself is not a reinsurance agreement. Section 4.17 states that the Insurance Subsidiaries cede and assume reinsurance on specific title risks pursuant to standard facultative reinsurance agreements, but this is merely a representation about the activities of the subsidiaries, not the subject of the agreement itself.

The document is clearly a credit agreement, which is explicitly listed as not being a reinsurance agreement in the provided guidelines. It does not establish a reinsurance or retrocession contract, nor does it modify such a contract. Instead, it governs the lending relationship between the Borrower and the Lenders.

Therefore, the document is not a reinsurance agreement, and all subsequent fields related to reinsurance characteristics are not applicable.",False,,,,,
2006-1017022-0000950123-06-003992-y18864exv10w95.txt,"The provided document is a Mezzanine Loan and Security Agreement. This type of document is a financing agreement where a lender (Mezzanine Lender) provides a loan to a borrower (Mezzanine Borrower) and takes a security interest in the borrower's assets, which in this case is an equity interest in another entity. The document outlines the terms of the loan, including interest rates, repayment schedules, covenants, and remedies in case of default. It also details the security interests and collateral assignments.

None of the characteristics of a reinsurance agreement are present in this document. It does not involve the transfer of insurance risk from one insurer (the ceding company) to another (the reinsurer). Instead, it is a secured loan agreement, which falls under the category of financial instruments and is explicitly listed as not being a reinsurance agreement in the provided definitions. The document is related to real estate financing and not to the insurance or reinsurance industry.

Therefore, the document is not a reinsurance agreement, and since it is not a reinsurance agreement, the subsequent questions about whether it is a main contract, obligatory, proportional or non-proportional, and the type of insurance and class of business are not applicable.",False,,,,,
2006-822416-0000950124-06-004170-k07420exv10wxby.txt,"The provided document is a Sixth Amended and Restated Revolving Credit Agreement between Pulte Mortgage LLC, various lenders, and JPMorgan Chase Bank, N.A., acting as the administrative agent. The agreement outlines the terms for a revolving credit facility used for residential mortgage loan origination, acquisition, mortgage servicing origination, and other general corporate purposes. It includes provisions related to commitments, advances, interest rates, fees, covenants, representations, and remedies in case of default. The document is fundamentally a loan agreement and does not involve the transfer of insurance risk from one insurer or reinsurer to another. It pertains to secured lending and financial arrangements, not reinsurance. Therefore, it does not meet any of the criteria for being classified as a reinsurance agreement.",False,,,,,
2006-1017022-0000950123-06-003992-y18864exv10w93.txt,"The document provided is a ""Mezzanine Loan and Security Agreement"" between CNL Resort Sub Senior Mezz, LP, as Mezzanine Borrower, and German American Capital Corporation, as Mezzanine Lender. This document outlines the terms and conditions of a mezzanine loan, including loan disbursement, interest rates, repayment terms, covenants, representations and warranties, and remedies in case of default. The agreement involves real estate properties such as hotels and resorts and is secured by various collateral, including pledges and security interests.

The document does not contain any elements related to reinsurance agreements. It lacks the specific language, structure, and context that would be present in a reinsurance agreement, such as the transfer of risk from an insurer to a reinsurer, the terms of reinsurance coverage, or the details of claims and loss sharing. Instead, it is a financial loan agreement focused on real estate financing, which is fundamentally different from a reinsurance agreement.

Therefore, the document is not a reinsurance agreement.",False,,,,,
2006-1339553-0000950144-06-003063-g00536exv10w27.txt,"The document is a contract between the Centers for Medicare & Medicaid Services (CMS) and Texas HealthSpring I, LLC for the operation of a Voluntary Medicare Prescription Drug Plan (PDP) under the Medicare Part D program. It outlines the responsibilities of the PDP Sponsor in providing prescription drug benefits to Medicare beneficiaries, including enrollment, benefit provision, quality assurance, appeals, compliance, reporting, and other administrative functions. The agreement is governed by federal regulations (42 CFR Part 423) and is focused on direct provision of health care benefits to individuals.

This is a direct insurance or health plan agreement, not a reinsurance agreement. It does not involve the transfer of insurance risk from one insurer to another, which is the hallmark of reinsurance. Instead, it establishes a direct contractual relationship between a government agency and a private entity to deliver prescription drug benefits to Medicare enrollees. There is no mention of risk transfer between insurers, retrocession, or any reinsurance mechanisms.

Therefore, it does not meet any of the criteria for being classified as a reinsurance agreement. It is not a treaty, facultative agreement, or any form of risk transfer between insurers. It is also not an ancillary document to a reinsurance agreement. As such, all downstream classifications related to reinsurance (main contract, obligatory, proportional, etc.) are not applicable.",False,,,,,
2006-1017022-0000950123-06-003992-y18864exv10w97.txt,"The document is a ""Mezzanine Loan and Security Agreement,"" which is a financing agreement between a borrower (CNL Resort Sub Intermediate Mezz, LP) and a lender (German American Capital Corporation). This type of agreement is a credit instrument used to secure a loan, primarily involving the pledge of equity interests in a property-owning entity as collateral. 

The provided list of documents considered reinsurance agreements explicitly excludes ""Bonds, loans and credit instruments"" except for specific exceptions like Catastrophe Bonds and Insurance Linked Securities. Since this document is a standard mezzanine loan agreement and not a Catastrophe Bond or similar instrument, it does not qualify as a reinsurance agreement.

Therefore, because the document is not a reinsurance agreement, all subsequent classification fields related to the nature of a reinsurance contract (main contract, obligatory, proportional, insurance type, class of business) are not applicable and must be set to 'None'.",False,,,,,
2006-1017022-0000950123-06-003992-y18864exv10w91.txt,"The document is a ""Mezzanine Loan and Security Agreement,"" which is a financing contract between a borrower (CNL Resort Senior Mezz, LP) and a lender (German American Capital Corporation). It outlines the terms of a $115 million loan, including interest rates, repayment schedules, collateral (such as a pledge of partnership interests), covenants, and default remedies. The document also references related agreements like the ""Loan and Security Agreement (Mortgage)"" and discusses insurance, cash management, and environmental matters in the context of securing the loan.

This is clearly a debt financing agreement, not a reinsurance contract. The document does not involve the transfer of insurance risk from one insurer (cedent) to another (reinsurer). Instead, it is a secured loan agreement, which falls under the category of financial guarantees or credit instruments. According to the provided definitions, such instruments are explicitly excluded from being considered reinsurance agreements.

Therefore, the document is not a reinsurance agreement, and all subsequent fields related to reinsurance classification (is_main_contract, is_obligatory, etc.) are not applicable and must be set to None.",False,,,,,
2006-1035443-0001035443-06-000051-exh10-1.htm,"The document is a Purchase and Sale Contract for real property, specifically a leasehold interest in a commercial property located in Cambridge, Massachusetts. It outlines the terms under which TECHNOLOGY SQUARE FINANCE, LLC (Seller) agrees to sell, and ARE-MA REGION NO. 31, LLC (Buyer) agrees to purchase, certain real estate assets, including buildings, leases, personal property, and development rights. The transaction involves the assumption of existing loan documents and various agreements related to property management and utilities.

This document is clearly a real estate transaction agreement and does not involve any form of risk transfer between insurers or reinsurers. It does not contain any terms related to insurance, reinsurance, retrocession, or any other risk-sharing mechanism typical of reinsurance contracts. Instead, it is focused entirely on the sale of real estate and related assets.

Therefore, it does not meet any of the criteria for being classified as a reinsurance agreement. It is not a reinsurance treaty, retrocession, RPP, catastrophe bond, pooling agreement, or any ancillary document modifying such an agreement. It is also not an insurance policy or any financial instrument typically excluded from the definition of reinsurance.

Since it is not a reinsurance agreement at all, all subsequent classification fields (main contract, obligatory, proportional status, insurance type, class of business) must be set to None.",False,,,,,
2006-1289728-0001193125-06-076909-dex1018.htm,"The document provided is a Credit Agreement dated November 18, 2005, involving EPL Finance Corp., EPL Intermediate, Inc., Merrill Lynch Capital Corporation, Bank of America, N.A., and other lenders. The agreement outlines the terms for a term loan and revolving loans, including commitments, credit extensions, interest rates, fees, and conditions for borrowing. It also includes provisions for collateral security, guaranties, and events of default.

Based on the provided definitions:
- Reinsurance agreements include reinsurance and retrocession agreements, Reinstatement Premium Protection contracts, Capital Maintenance agreements, Loss Portfolio Transfer, Adverse Development Cover, Reinsurance To Close, and other retrospective reinsurance agreements, Portfolio Transfers in connection to mergers, acquisitions, sales and other corporate restructurings, Catastrophe Bonds and other Insurance Linked Securities, Insurance pooling agreements and government insurance schemes, and all documents that renew, cancel, novate, terminate, settle, commute, amend, or otherwise modify the terms of an existing reinsurance agreement.
- The document is not a reinsurance agreement because it is a credit agreement for loans and does not involve the transfer of insurance risk from one insurer to another.
- Since the document is not a reinsurance agreement, the subsequent fields regarding main contract, obligatory nature, proportionality, insurance type, and class of business are not applicable.

Therefore, the document is not a reinsurance agreement.",False,,,,,
2006-1064863-0000950133-06-000979-w17973exv10w32w1.txt,"The document is Amendment 14 to a contract between the Health & Human Services Commission (HHSC) of Texas and Amerigroup Texas, Inc. for health services under the Medicaid STAR Program. The agreement outlines the provision of health services to Medicaid recipients in the Dallas Service Delivery Area. It includes modifications to administrative requirements, scope of services, reporting, and payment provisions, with payments based on capitation rates.

The document is fundamentally a managed care service agreement between a state agency and a health maintenance organization (HMO). It does not involve the transfer of insurance risk from one insurer to another, which is the hallmark of reinsurance. While the document mentions ""reinsurance premiums"" and ""reinsurance recoveries"" in the context of financial reporting (e.g., Part 4, Line 11 and 12), these are in reference to the HMO obtaining reinsurance for its own risk exposure — they do not make the contract itself a reinsurance agreement.

Therefore, this is a direct health services contract (i.e., an insurance-type arrangement between a government and a managed care organization), not a reinsurance agreement. As such, it falls under the category of direct insurance contracts, which are explicitly excluded from being considered reinsurance agreements.",False,,,,,
2006-947484-0001104659-06-016208-a06-4988_1ex10d13d7.htm,"The document is a Non-Qualified Stock Option Agreement between Arch Capital Group Ltd. and an employee, Marc Grandisson. It outlines the terms under which the employee may purchase company shares. This is a corporate compensation agreement related to equity incentives and does not involve the transfer of insurance risk between insurers and reinsurers. It does not contain any provisions typical of reinsurance agreements such as ceding premiums, assuming liabilities, coverage limits, or risk-sharing mechanisms. Instead, it deals with stock options, exercise prices, vesting schedules, and tax withholding—matters entirely unrelated to reinsurance.

Therefore, this document is not a reinsurance agreement, nor is it any type of ancillary reinsurance document. It is a standard equity-based employee compensation agreement.",False,,,,,
2006-875159-0000930413-06-007751-c44996_ex10-4.txt,"The provided document is an Employment Agreement between XL Capital Ltd, X.L. Global Services, Inc., and Michael C. Lobdell. It outlines the terms and conditions of employment, including position, duties, compensation, benefits, termination clauses, non-compete and confidentiality provisions, and other employment-related matters. The document does not contain any provisions related to risk transfer between insurers and reinsurers, nor does it resemble any form of reinsurance or retrocession agreement. It is clearly a contract for personal services, not an insurance or reinsurance contract. Therefore, it does not meet any of the criteria for being classified as a reinsurance agreement.",False,,,,,
2006-40545-0000040545-06-000009-ex10gg.htm,"The provided document is a Transaction Agreement between Swiss Reinsurance Company and General Electric Company (GE). The agreement outlines the purchase and sale of equity and assets related to GE's insurance and reinsurance business, which is referred to as the ""Business"" in the document. The Business includes property and casualty insurance and reinsurance, life and health reinsurance, and risk management services. The document details the transfer of assets, assumption of liabilities, and payment of the purchase price.

Although the document mentions reinsurance and retrocession agreements as part of the assets being transferred (e.g., ""Polaris Companies Reinsurance Agreements"" and ""Polaris Companies Retrocession Agreements""), the primary purpose of this document is not to establish a reinsurance contract. Instead, it is a corporate acquisition agreement that facilitates the transfer of an entire business, including its reinsurance contracts, from GE to Swiss Re. This is a portfolio transfer in connection with a corporate restructuring (sale of a business unit), which, according to the instructions, is considered a reinsurance agreement only if it ""includes provisions similar to standard reinsurance agreements."" However, the core nature of this document is a sale of a business, not a reinsurance contract.

The document is not a reinsurance agreement itself but rather an agreement that transfers existing reinsurance contracts as part of a larger asset sale. It does not define the terms of risk transfer between ceding and assuming companies for specific insurance policies. Therefore, it does not meet the definition of a reinsurance agreement as per the provided criteria.",False,,,,,
2006-1296884-0001144204-06-033830-v049531_ex10-18.htm,"The document provided is a Loan and Security Agreement dated June 30, 2006, between several Michigan LLCs (Borrowers) and Citigroup Global Markets Realty Corp. (Lender). The agreement outlines the terms of a loan of $40,725,000 secured by real estate properties. It includes details on interest rates, repayment terms, conditions for loan funding, borrower covenants, events of default, and remedies available to the lender.

This document is clearly a loan agreement, which is a financial instrument where one party borrows money from another with the obligation to repay it with interest. The agreement establishes a creditor-debtor relationship between the parties, with the lender providing funds to the borrowers who pledge real estate as collateral.

The document does not contain any provisions related to insurance or reinsurance. It does not transfer risk from an insurer to a reinsurer, nor does it involve the sharing of premiums or losses between insurance companies. The agreement is focused entirely on the loan transaction, including security interests, repayment obligations, and default provisions.

According to the classification criteria provided, reinsurance agreements include reinsurance contracts, retrocession agreements, Reinstatement Premium Protection contracts, Capital Maintenance agreements, Loss Portfolio Transfer, Adverse Development Cover, and other retrospective reinsurance agreements. The document in question does not fall into any of these categories.

Furthermore, the document is explicitly identified in the metadata as form type ""EX-10.18,"" which is a standard SEC filing for material contracts, specifically loan agreements in this context.

Therefore, this document is not a reinsurance agreement but rather a standard commercial loan agreement secured by real estate.",False,,,,,
2006-1339553-0000950144-06-003063-g00536exv10w29.txt,"The document is a contract between the Centers for Medicare & Medicaid Services (CMS) and HealthSpring, Inc. d/b/a HealthSpring of Illinois for the operation of a Voluntary Medicare Prescription Drug Plan (PDP) under the Medicare Part D program. It outlines the responsibilities of the PDP Sponsor in providing prescription drug benefits to Medicare beneficiaries, including enrollment, benefit provision, quality assurance, appeals, compliance, reporting, and coordination with other programs.

This is a direct health insurance contract between a government agency and a private entity to provide prescription drug coverage to individuals. It does not involve risk transfer from an insurer to a reinsurer. Instead, it establishes the terms under which a private company will administer a public health benefit program.

According to the classification criteria, reinsurance agreements involve risk transfer from one insurer to another (or to a retrocessionaire), including treaties, facultative arrangements, and related instruments. This document does not contain any reinsurance provisions, does not reference an underlying insurance contract being reinsured, and does not involve ceding risk from one insurer to another.

Therefore, this is not a reinsurance agreement. It is a direct healthcare service contract or insurance contract between a government entity and a private plan sponsor.

Since it is not a reinsurance agreement, all subsequent reinsurance-specific classification fields (is_main_contract, is_obligatory, proportional_or_non_proportional, insurance_type, class_of_business) must be set to None.",False,,,,,
2006-1279363-0001279363-06-000100-exhibit_10-14.htm,"The document is a contract between the Centers for Medicare & Medicaid Services (CMS) and Stone Harbor Insurance Company, an entity referred to as a Medicare Advantage (MA) Organization. The contract outlines the terms for operating a Medicare Advantage Private Fee-For-Service Plan(s) under the Social Security Act, specifically sections 1851 through 1859. It includes provisions for benefits, enrollment, provider protections, quality requirements, compliance, payments, and other regulatory obligations related to Medicare Advantage plans.

The contract also includes addenda related to Part D prescription drug benefits and employer/union-only group MA-PD plans, which further specify operational requirements under the Medicare program.

This document is clearly a direct insurance or managed care contract between a government agency (CMS) and a private insurer to deliver health benefits to Medicare beneficiaries. It does not involve the transfer of insurance risk from one insurer to another, which is the defining characteristic of reinsurance. Instead, it establishes the terms under which the MA Organization directly provides healthcare coverage to individuals enrolled in Medicare Advantage plans.

Therefore, this is not a reinsurance agreement, but rather a direct health insurance/managed care contract with a government entity.",False,,,,,
2006-1035185-0000950144-06-001975-g99946exv10w39.htm,"The document is a ""Final Bound Proposal"" for a Workers Compensation/Employers Liability insurance program between AIG Risk Management, Inc. and Gevity HR, Inc. It outlines coverage terms, premiums, retentions, loss handling, and collateral arrangements. The document establishes a direct insurance arrangement where AIG provides coverage to Gevity HR, including a deductible buy-back policy and a hybrid RCAMP (Retained Casualty Alternative Market Program) structure.

Key indicators:
- It is a direct insurance binder issued by AIG Risk Management, Inc., a member of American International Group, Inc.
- It covers Workers' Compensation and Employers' Liability, which are direct insurance lines.
- The structure includes a captive insurance arrangement (Gevity’s captive) reinsuring its own liabilities, and AIG reinsuring the captive — but the primary agreement itself is not a reinsurance contract; it is a direct insurance policy with alternative risk financing features.
- The document references reinsurance (e.g., ""Reinsurance Quota Share Agreement"") and collateral arrangements involving the captive, but these are ancillary to the main direct insurance relationship.

Therefore:
- This is **not a reinsurance agreement** as defined; it is a direct insurance policy with captive and reinsurance components.
- Since it is not a reinsurance agreement, all downstream reinsurance-specific fields (is_main_contract, is_obligatory, proportional_or_non_proportional, insurance_type, class_of_business) must be set to None.",False,,,,,
2006-745732-0001206774-06-002502-rs101600ex102.htm,"The provided document is a ""Note Purchase Agreement"" between Ross Stores, Inc. and several purchasers (primarily insurance companies) for the issuance of two series of Senior Notes. This is a financial instrument related to corporate debt financing, not insurance or risk transfer.

The document details the terms for the sale and purchase of $150,000,000 in Senior Notes, including interest rates, maturity dates, covenants, representations, and conditions for closing. The metadata confirms this is an exhibit (EX-10.2) to a 10-Q filing, which is a standard financial report.

The list of purchasers includes several life insurance companies (e.g., The Guardian Life Insurance Company of America, United of Omaha Life Insurance Company). While these are insurance entities, they are acting as investors in a debt financing agreement, not as parties to an insurance or reinsurance contract.

Based on the provided definitions, reinsurance agreements involve the transfer of insurance risk from one insurer (the ceding company) to another (the reinsurer). This document does not involve the transfer of insurance risk. Instead, it is an agreement for the purchase of corporate debt securities. It is classified as a ""Note Purchase Agreement"" and falls under the category of ""bonds, loans and credit instruments,"" which are explicitly excluded from the definition of reinsurance agreements.

Therefore, this is not a reinsurance agreement. Since it is not a reinsurance agreement, the subsequent fields (is_main_contract, is_obligatory, etc.) should be set to None.",False,,,,,
2006-1266700-0001193125-06-234873-dex1024.htm,"The document is an Amended and Restated Credit Agreement, which is a financial contract for a credit facility. It involves a borrower (Broder Bros., Co.) and lenders, with Bank of America acting as the administrative and collateral agent. The agreement outlines terms for loans, letters of credit, and other financial obligations, including interest rates, fees, covenants, and conditions for credit extensions.

This document is not a reinsurance agreement. Reinsurance agreements involve the transfer of risk from one insurer (the ceding company) to another (the reinsurer). The listed document is a credit agreement, which is a loan arrangement between a borrower and lenders. It does not involve the transfer of insurance risk, and thus does not meet any of the criteria for being a reinsurance agreement. It is explicitly a credit agreement, which is listed as not being a reinsurance agreement in the provided guidelines.

Since it is not a reinsurance agreement, the subsequent fields (is_main_contract, is_obligatory, proportional_or_non_proportional, insurance_type, class_of_business) are not applicable and should be set to None.",False,,,,,
2006-1064863-0000950133-06-002369-w20799exv10w29w1.htm,"This document is an appendix to a contract between the State of New York Department of Health and CarePlus, LLC, modifying Contract Number C020429 with approved capitation payment rates for Medicaid Managed Care services. The document explicitly states ""Reinsurance: No"" in the header section, confirming it is not a reinsurance agreement. It establishes a direct healthcare services arrangement where CarePlus, LLC provides managed care services to Medicaid beneficiaries in exchange for capitation payments based on demographic categories. This is a direct insurance/healthcare services contract between a government agency and a healthcare provider, not an agreement between insurance companies transferring risk. According to the classification guidelines, direct insurance contracts (including government healthcare programs like Medicaid) are specifically excluded from being considered reinsurance agreements. Since this is not a reinsurance agreement at all, all subsequent classification fields should be set to None.",False,,,,,
2006-1064863-0000950133-06-003558-w23723exv10w6w11.htm,"The document is an agreement between the State of New Jersey, Department of Human Services, Division of Medical Assistance and Health Services (DMAHS), and Amerigroup New Jersey, Inc. to provide Health Maintenance Organization (HMO) services. It outlines the terms and conditions for providing managed care services to Medicaid and NJ FamilyCare enrollees, including benefit packages, provider networks, financial provisions, quality assurance, and compliance requirements.

The document is not a reinsurance agreement as it does not involve risk transfer between insurance entities. Instead, it is a direct service agreement between a state agency and a healthcare provider to deliver managed care services to beneficiaries. The document establishes a direct insurance or healthcare service contract, not a reinsurance contract.

Therefore, this document is not a reinsurance agreement, and all subsequent fields that depend on it being a reinsurance agreement should be marked as None or False accordingly.",False,,,,,
2006-888919-0000950134-06-023686-h42298q2exv10w3.htm,"The document is a Master Agreement for the transfer of assets and liabilities related to a health reinsurance and excess loss insurance business from Allianz Life Insurance Company of North America and Allianz Life Insurance Company of New York to HCC Life Insurance Company. The agreement includes the transfer of reinsurance contracts, stop loss policies, and other health insurance products.

The agreement is not itself a reinsurance contract but rather a corporate transaction agreement that includes the transfer of reinsurance contracts. The actual reinsurance contracts are referenced as ""Related Agreements"" that will be entered into at closing, specifically the ""Quota Share Reinsurance Agreement -- North America"" and ""Quota Share Reinsurance Agreement -- New York"" (referenced in Exhibit H and I).

Since the document is a master agreement for a corporate transaction that includes the transfer of reinsurance contracts, it is considered a reinsurance agreement under the definition provided, as it is a document that renews, cancels, novates, terminates, settles, commutes, amends, or otherwise modifies the terms of existing reinsurance agreements through a corporate restructuring.

The document establishes the framework for the transfer of reinsurance contracts but is not itself the main reinsurance contract. The main reinsurance contracts are the separate Quota Share Reinsurance Agreements that are to be executed at closing.

The reinsurance being transferred is described as quota share reinsurance, which is a proportional reinsurance arrangement.

The insurance type is Non-Life, as the document pertains to health reinsurance and excess loss insurance, which are non-life products.

The class of business is Health, as the agreement specifically mentions ""health reinsurance and excess loss insurance products and services.""",True,,,proportional,Non-Life,Health
2006-1279363-0001279363-06-000100-exhibit_10-17.htm,"The document is a ""Provider Agreement for Managed Care Plan"" between the Ohio Department of Job and Family Services (ODJFS) and WellCare of Ohio, Inc. (MCP). It outlines the terms under which the MCP will provide comprehensive health care services to Medicaid recipients in Ohio.

The document establishes that the MCP will assume the risk of loss for providing these services. This is explicitly stated in the ""General"" section of the agreement: ""...MCP agrees to provide comprehensive medical services through the managed care program as provided in Chapter 5101:3-26 of the Ohio Administrative Code, assuming the risk of loss...""

However, this agreement is a direct contract between a state agency and a health plan to provide primary health insurance coverage to a specific population (Medicaid recipients). It is not a contract between an insurance company and a reinsurer to transfer risk from one insurer to another.

The document's purpose, structure, and content are those of a standard insurance or managed care contract, not a reinsurance agreement. It details provider networks, covered services, reimbursement rates, and member obligations—elements typical of a direct insurance policy, not a reinsurance treaty.

Therefore, while the MCP is assuming risk, it is the primary risk for providing health services, not a secondary risk assumed through a reinsurance arrangement.",False,,,,,
2006-1017022-0000950123-06-003992-y18864exv10w89.txt,"The document is a ""Loan and Security Agreement"" between CNL Resort Hotel, LP, and other borrower entities, and German American Capital Corporation as the Lender. The agreement details a $1,000,000,000 loan secured by hotel properties located in various states. The document outlines the terms of the loan, repayment terms, interest rates, security instruments, and covenants, among other financial and legal provisions.

The document does not contain any characteristics of a reinsurance agreement. Instead, it is a loan agreement secured by real estate, which is a direct financing arrangement. The document is not related to the transfer of risk from an insurer to a reinsurer, nor does it resemble any of the documents listed as reinsurance agreements (e.g., retrocession agreements, reinsurance contracts, or insurance linked securities fulfilling a risk transfer objective).

Therefore, the document is not a reinsurance agreement and is a standard loan and security agreement in the real estate financing sector.",False,,,,,
2006-1057436-0001193125-06-044029-dex1051.htm,"The document is an ""Amended and Restated Credit Agreement"" between Strategic Hotel Funding, L.L.C. (the Borrower), various financial institutions (the Lenders), Deutsche Bank Trust Company Americas (the Administrative Agent), and Wachovia Bank, National Association (the Syndication Agent). The agreement outlines a $125,000,000 revolving credit facility, detailing the terms for borrowing, repayment, interest, fees, covenants, and events of default.

The document is a standard credit agreement in the financial industry, governing a loan between a borrower and lenders. It does not involve the transfer of insurance risk from an insurer to a reinsurer, which is the defining characteristic of a reinsurance agreement. Instead, it is a direct financial instrument for corporate borrowing.

Therefore, based on the content and the provided definitions, this document is not a reinsurance agreement.",False,,,,,
2006-913144-0000950136-06-006234-file2.htm,"The document is a ""Second Amendment Agreement"" related to a Credit Agreement among RenaissanceRe Holdings Ltd., lenders, and a financial agent. It amends certain terms of an existing credit facility, including adding a definition for ""SPV Restrictions"" that references reinsurance or retrocession agreements in the context of capital structure limitations. However, the document itself is not a reinsurance agreement but rather a financial amendment to a credit agreement. It does not establish any reinsurance or retrocession contract, nor does it transfer insurance risk. Instead, it is a loan document related to corporate financing. Therefore, it falls under the category of credit instruments, which are explicitly excluded from being reinsurance agreements.",False,,,,,
2006-1038217-0000950134-06-021164-d40952exv10w16.htm,"The document is titled ""LOAN AGREEMENT"" and is between borrowers (real estate entities), lenders, and General Electric Capital Corporation as Administrative Agent. It details a $391 million loan for financing a portfolio of apartment complexes across multiple states. The document contains standard loan provisions including interest rates, repayment terms, security arrangements (mortgages on properties), covenants, insurance requirements for the properties, and default provisions.

This is clearly a commercial real estate loan agreement, not an insurance or reinsurance agreement. The document contains no language about insurance policies, risk transfer from insurance operations, reinsurance contracts, or any other elements characteristic of reinsurance arrangements. While Section 4 does require borrowers to maintain property insurance on the collateral properties, this is standard for real estate loans and does not make the document itself an insurance or reinsurance agreement.

According to the provided definitions, the document falls under ""Bonds, loans and credit instruments"" which are explicitly excluded from being considered reinsurance agreements (except for Catastrophe Bonds and Insurance Linked Securities that fulfill risk transfer objectives similar to standard reinsurance, which this is not).

Since this is not a reinsurance agreement at all, all subsequent classification questions about reinsurance contract types, proportionality, insurance types, and classes of business are not applicable.",False,,,,,
2006-1289592-0001157523-06-008047-a5201679ex10_10.txt,"The document is a Novation and Transfer Agreement involving a reinsurance contract. It explicitly references a ""Reinsurance Agreement"" between State National Insurance Company, Inc. and PXRE Reinsurance Company, which is listed in Exhibit A. The current document novates that original agreement by substituting Tower Insurance Company of New York as the reinsurer in place of PXRE for 100% of PXRE's share. According to the classification guidelines, any document that novates an existing reinsurance agreement is itself considered a reinsurance agreement. Therefore, this document qualifies as a reinsurance agreement.

However, this document is not a main contract because it does not establish a new reinsurance contract; rather, it modifies an existing one through novation. It is an ancillary agreement that transfers obligations from one reinsurer to another. Thus, it is not a main contract.

Because it is a novation of a reinsurance treaty (specifically a Quota Share Reinsurance Agreement, which is a proportional treaty), and because treaties are typically obligatory, the underlying contract is obligatory. The novation preserves the original terms, so the obligatory nature carries over. Therefore, the reinsurance is obligatory.

The underlying reinsurance contract is a Quota Share agreement, which is a form of proportional reinsurance. Since the novation does not change the proportional nature of the original contract, the reinsurance is classified as proportional.

The document does not specify the type of insurance (Life or Non-Life), but the original contract is a Quota Share Reinsurance Agreement effective from 2003, and the companies involved (State National, PXRE, Tower) are primarily engaged in property and casualty insurance. Additionally, Quota Share agreements in this context are more commonly associated with Non-Life insurance. There is no mention of life, annuities, or pensions. Therefore, it is reasonable to infer that the insurance type is Non-Life.

Given that it is Non-Life and the original contract is a quota share likely covering general insurance lines, and considering the parties' typical business focus, the most probable class of business is Casualty, which is common in such reinsurance arrangements involving U.S. insurers and quota share treaties.",True,False,True,proportional,Non-Life,Casualty
2006-854662-0000854662-06-000051-exhibit101.htm,"The document is a Credit Agreement between MAF Bancorp, Inc. (the Borrower), several lenders, and Harris N.A. as the Administrative Agent. It outlines the terms for a term loan and revolving credit facility, including interest rates, repayment schedules, covenants, and conditions for default. The agreement involves the extension of credit and borrowing of funds, which is characteristic of a loan or credit arrangement.

Credit agreements are explicitly listed in the ""NOT considered reinsurance agreements"" category. Specifically, the document states that ""Bonds, loans and credit instruments"" are not reinsurance agreements. This document is clearly a credit instrument, establishing loan commitments and repayment terms between the borrower and lenders.

Since it is not a reinsurance agreement, all subsequent fields related to the nature of the reinsurance contract (such as whether it is a main contract, obligatory, proportional, etc.) must be set to 'None'.",False,,,,,
2006-1163710-0000837276-06-000166-rny_exhibit10c.htm,"The document is an amendment to an existing Automatic Reinsurance Agreement between two life insurance companies, specifically ReliaStar Life Insurance Company and ReliaStar Life Insurance Company of New York. It modifies the reinsurance rates for permanent life insurance products effective June 1, 2006. Since it amends an existing reinsurance agreement, it falls under the category of documents that modify reinsurance terms and is therefore a reinsurance agreement as defined.

The document is not a standalone reinsurance contract but rather an amendment to an existing agreement, meaning it is an ancillary agreement. Thus, it is not a main contract. Because it is an amendment, it does not establish a new reinsurance contract but modifies an existing one.

The original agreement is described as an ""Automatic Reinsurance Agreement,"" which indicates that it is obligatory, as automatic or treaty reinsurance typically involves the ceding of entire blocks of policies without individual selection. This amendment applies to that obligatory framework, so the reinsurance remains obligatory.

The reinsurance premiums are expressed as percentages of the 2001 Valuation Basic Table, which is typical for coinsurance or proportional reinsurance in the life insurance context. The fact that reinsurance is calculated as a percentage of the underlying valuation basis strongly suggests a proportional arrangement, specifically coinsurance, which is a form of proportional reinsurance.

The coverage pertains to permanent life insurance products (e.g., super preferred, standard, tobacco/non-tobacco classes), which are life insurance products. Therefore, the insurance type is Life.

The class of business for permanent life insurance products, which transfer mortality risk and are long-term in nature, falls under ""Mortality"" for life reinsurance, as it deals with death benefits and associated risks.",True,False,True,proportional,Life,Mortality
2006-909109-0000893220-06-000532-w18434exv10w80.txt,"The document titled ""PROFESSIONAL LIABILITY INSURANCE QUOTA SHARE CONTRACT"" is a reinsurance agreement between Philadelphia Insurance Company and Philadelphia Indemnity Insurance Company (collectively ""PIC"") and CUMIS Insurance Society, Inc. (""CUMIS""). The agreement explicitly states that CUMIS will indemnify PIC for 50% of PIC's ""Net Loss"" on each Certificate, which refers to professional liability insurance policies issued by PIC. This risk-sharing arrangement is a hallmark of reinsurance.

The contract establishes the terms of reinsurance, including definitions of key terms such as ""Loss,"" ""Allocated Loss Expense,"" ""Net Loss,"" and ""Net Retained Line,"" and outlines premium cessions, reporting requirements, claims handling procedures, and dispute resolution mechanisms. The presence of a quota share structure (50% of gross net premium ceded and 50% of net loss indemnified) confirms this is a proportional reinsurance contract.

The document is a main contract because it contains all principal terms of the reinsurance arrangement, including coverage, exclusions, premium, claims settlement, and termination clauses. It is not merely an ancillary document like an endorsement or addendum.

The contract is obligatory because it applies to all professional liability certificates issued under a general agent agreement during the contract term, without case-by-case selection. This is not a facultative arrangement limited to specific named risks.

The reinsurance is proportional, as it involves a fixed 50% cession of both premiums and losses, which is characteristic of a quota share arrangement. There are no indications of non-proportional features such as excess layers or stop-loss provisions that would make it hybrid or non-proportional.

The underlying insurance is professional liability, which falls under the casualty segment of non-life insurance. Professional liability is a type of errors and omissions (E&O) coverage, which is typically classified as casualty or specialty lines. Given that professional liability is often grouped under ""Casualty"" in reinsurance classifications, and considering the broader category, ""Casualty"" is the most appropriate class of business.",True,True,True,proportional,Non-Life,Casualty
2006-1029786-0001193125-06-161053-dex103.htm,"The document is a Guarantee Agreement made by Nationwide Financial Services, Inc. in favor of Wachovia Bank, National Association. It guarantees the obligations of NF Reinsurance Ltd. under a Credit Agreement related to a facility for issuing intercompany standby letters of credit. The guarantee ensures payment of obligations under the Credit Agreement and Letters of Credit but does not itself establish a reinsurance contract. 

According to the classification rules, financial guarantees and other agreements that secure payment obligations arising from insurance or reinsurance contracts are explicitly excluded from being considered reinsurance agreements. Although NF Reinsurance Ltd. is involved, the document does not transfer insurance risk, set reinsurance terms, or constitute a reinsurance contract. Instead, it functions as a credit support mechanism.

Therefore, this document is not a reinsurance agreement. As a result, all subsequent fields that depend on the document being a reinsurance agreement must be set to None.",False,,,,,
2006-20171-0000950123-06-005830-y20073exv10w2.txt,"The document is a Performance Share Award Agreement between The Chubb Corporation and an employee (the Participant) under the company's Long-Term Stock Incentive Plan. It outlines the terms for granting performance-based stock awards tied to the company's shareholder return relative to a peer group over a defined performance cycle. The agreement includes provisions on vesting, payment, deferral, termination of employment, change in control, and restrictive covenants.

This document is not a reinsurance agreement. It is a stock compensation agreement, which falls under employee benefits and executive compensation. It does not involve the transfer of insurance risk from one insurer to another, nor does it contain any terms typical of reinsurance such as ceding, retention, premiums, or claims settlement. Instead, it governs the award and payout of performance shares based on corporate performance metrics.

Because it is not a reinsurance agreement, all downstream fields related to reinsurance classification (main contract, obligatory, proportional, insurance type, class of business) must be set to None.",False,,,,,
2006-1273813-0001104659-06-013292-a06-5644_1ex10d5.htm,"The document is a separation agreement between Pierre Samson and Assured Guaranty Re Ltd., Assured Guaranty Ltd., and related entities. It outlines the terms of his resignation, including payment, benefits continuation, release of claims, confidentiality, non-solicitation, and other post-employment obligations. The document does not contain any terms related to the transfer of insurance risk from one insurer to another, nor does it reference any reinsurance or retrocession arrangements. Instead, it is a standard executive severance and release agreement.

Given the nature of the document — focused solely on employment separation, compensation, and confidentiality — it does not meet any of the criteria for being classified as a reinsurance agreement. It is not a reinsurance contract, nor does it amend, renew, or modify such a contract. It is also not an ancillary agreement to a reinsurance contract.

Therefore, the document is not a reinsurance agreement, and all downstream classifications (main contract, obligatory, etc.) are not applicable.",False,,,,,
2006-51434-0001193125-06-105632-dex103.htm,"The document is a Purchase Agreement for the sale and purchase of timberlands, related assets, and rights. It details the transfer of ownership from International Paper Company and other selling parties to TimberStar Southwest Parent LLC and other buying parties. The agreement covers the sale of real property, leasehold interests, minerals, licenses, contracts, personal property, and other assets related to timber operations. It also includes provisions for the allocation of purchase price, closing procedures, indemnifications, and various ancillary agreements.

This document is not a reinsurance agreement. Reinsurance agreements involve the transfer of risk from one insurer to another (a reinsurer). The listed document, however, is a straightforward asset purchase agreement involving the sale of physical property and related rights, not the transfer of insurance risk. The document does not mention insurance policies, claims, risk transfer, or any other elements typical of reinsurance contracts.

Since the document is not a reinsurance agreement, the subsequent classification fields (is_main_contract, is_obligatory, etc.) are not applicable and should be set to None.",False,,,,,
2006-1064863-0000950133-06-000979-w17973exv10w32w4.txt,"The document is an amendment to a contract between the Health & Human Services Commission (HHSC) of Texas and Amerigroup Texas, Inc. for the provision of health services to the Medicaid STAR program. This is a direct agreement between a government agency and a health maintenance organization (HMO) for the delivery of healthcare services to Medicaid beneficiaries. The document outlines modifications to administrative requirements, scope of services, reporting requirements, and payment provisions, including capitation rates and supplemental payments for deliveries.

The agreement involves direct health service provision and reimbursement based on capitation payments, which is characteristic of a managed care contract, not a reinsurance agreement. Reinsurance involves one insurer transferring a portion of its risk to another insurer, whereas this document pertains to the direct provision of healthcare services to enrollees under a state Medicaid program.

Furthermore, the document explicitly refers to ""Capitation Payment"" made to the HMO for enrolled members, reporting requirements for medical and administrative expenses, and value-added services—all of which are features of a direct insurance or managed care contract, not reinsurance.

Therefore, this document is not a reinsurance agreement, but rather a direct healthcare services agreement under a public health program.",False,,,,,
2006-909109-0000893220-06-002390-w26495exv10w4.txt,"The document is titled ""Endorsement No. 4"" and is explicitly attached to and made a part of ""Agreement of Reinsurance No. 9034"" between Philadelphia Indemnity Company, Philadelphia Insurance Company (collectively, the ""Company""), and General Reinsurance Corporation (the ""Reinsurer""). This establishes that it is an amendment to an existing reinsurance agreement, which falls under the definition of a reinsurance agreement as per the instructions (ancillary agreements that modify the terms of an existing reinsurance agreement are considered reinsurance agreements).

The endorsement amends key terms of the reinsurance agreement, including the liability of the reinsurer, definitions (e.g., Company Retention, Net Loss), exclusions, reinsurance premium, and other reinsurance provisions. It also renews Exhibit B for terrorism cover. These are all modifications to an existing reinsurance contract.

Because it is an endorsement (i.e., an amendment) to an existing reinsurance agreement and not a standalone contract that establishes the full terms of a reinsurance relationship (such as a treaty or contract slip), it is classified as an ancillary agreement, not a main contract.

The reinsurance is obligatory, as stated in Section 6: “The obligations of the Company to reinsure business falling within the scope of this Exhibit and of the Reinsurer to accept such reinsurance are mandatory.” This indicates a treaty-style, obligatory arrangement.

The structure of the coverage—excess of loss layers (First and Second Excess Cover) with defined retentions and limits—confirms this is a non-proportional reinsurance agreement. The premium is calculated as a percentage of subject earned premium, which is common in excess of loss treaties, but the risk transfer is clearly non-proportional (i.e., coverage above a retention up to a limit).

The class of business is explicitly stated as ""Property Business"" in the Schedule of Reinsurance. This falls under Non-Life insurance. Therefore, the insurance type is Non-Life and the class of business is Property.",True,False,True,non-proportional,Non-Life,Property
2006-1289592-0001157523-06-008047-a5201679ex10_9.txt,"The document is a Novation and Transfer Agreement involving a reinsurance contract. It explicitly references a prior ""Reinsurance Agreement"" between State National Insurance Company, Inc. and PXRE Reinsurance Company, which is listed in Exhibit A. The current agreement effects a novation, substituting Tower Insurance Company of New York as the reinsurer in place of PXRE for 100% of PXRE's share of the original reinsurance contract. According to the classification rules, any document that novates or modifies the terms of an existing reinsurance agreement is considered a reinsurance agreement. Therefore, this document qualifies as a reinsurance agreement.

However, this document is not a main contract; it is a novation agreement, which is explicitly listed as an ancillary agreement (e.g., novations) that modifies an existing reinsurance agreement. Thus, it does not establish a new reinsurance contract but modifies the parties to an existing one.

Because it is an ancillary document (a novation), it is not a full reinsurance contract on its own, and therefore attributes such as whether it is obligatory, proportional or non-proportional, insurance type, and class of business cannot be determined from this document alone. These characteristics would pertain to the underlying reinsurance agreement (referenced in Exhibit A), but the novation itself does not establish those terms. Therefore, all downstream classification fields are set to 'None'.",True,False,,,,
2006-1279363-0001279363-06-000100-exhibit_10-15.htm,"The document is a contract between the Centers for Medicare & Medicaid Services (CMS) and Advance / WellCare PFFS Insurance, Inc., an eligible Medicare Advantage Organization. The contract governs the operation of a Medicare Advantage Private Fee-For-Service Plan(s) under sections 1851 through 1859 of the Social Security Act. This is a direct agreement for providing healthcare benefits to Medicare beneficiaries, outlining terms related to benefits, enrollment, provider payments, quality requirements, and compliance.

This is not a reinsurance agreement because it does not involve the transfer of insurance risk from one insurer (the ceding company) to another (the reinsurer). Instead, it is a direct insurance contract between a government agency (CMS) and a private insurer to deliver healthcare coverage to Medicare beneficiaries. The document establishes the operational and regulatory framework for a Medicare Advantage plan, which falls under direct health insurance, not risk transfer between insurers.

Since the document is not a reinsurance agreement, all subsequent classification fields related to reinsurance (main contract, obligatory status, proportional/non-proportional, insurance type, class of business) are not applicable and should be set to None.",False,,,,,
2006-922621-0000950152-06-001383-j1821601exv10w85.htm,"The document is titled ""AGGREGATE EXCESS OF LOSS REINSURANCE ADDENDUM NO. 5 TERMINATION ADDENDUM"" and explicitly amends a reinsurance contract between Erie Insurance Company and Erie Indemnity Company. It refers to the termination of an existing reinsurance contract effective December 31, 2005, in accordance with Article 18 – Termination. This qualifies as a document that modifies the terms of an existing reinsurance agreement, which falls under the definition of a reinsurance agreement per the provided criteria.

However, this document is not a main contract; it is an addendum that terminates an existing reinsurance contract. Therefore, it is an ancillary agreement rather than a full reinsurance contract. Because it is not a main contract, attributes such as whether it is obligatory, proportional or non-proportional, insurance type, and class of business cannot be determined from this document alone. The title mentions ""Aggregate Excess of Loss,"" which is a form of non-proportional reinsurance, but since this is only an addendum to terminate such a contract and does not establish its terms, we cannot confirm the full nature of the underlying contract with certainty. Thus, these fields should be marked as 'None'.",True,False,,,,
2006-803352-0000950144-06-010743-g03768exv10w2.htm,"The provided document is a Management Services Agreement and an Amendment to a Primary Care Provider Services Agreement between Vista Healthplan, Inc. (VHP), Vista Insurance Plan, Inc. (VIP), collectively referred to as ""VISTA,"" and Miami Dade Health Centers, Inc. (the ""Provider"" or ""PCP""). The agreement outlines the terms under which the Provider will deliver healthcare services to members of VISTA's health plans.

The agreement details the responsibilities of the Provider, including providing primary care services, adhering to VISTA's policies, coordinating benefits, and maintaining confidentiality. It also covers compensation, termination procedures, and compliance with federal and state regulations, including HIPAA and Medicare requirements. The document includes provisions for dispute resolution, record-keeping, and insurance obligations.

This document is not a reinsurance agreement. It is a contract between a healthcare provider and a health maintenance organization (HMO) for the delivery of healthcare services to members. The agreement does not involve the transfer of insurance risk from one insurer to another, which is the defining characteristic of reinsurance. Instead, it governs the operational and financial relationship between a healthcare provider and an HMO.

Since the document is not a reinsurance agreement, the fields related to reinsurance (is_main_contract, is_obligatory, proportional_or_non_proportional, insurance_type, class_of_business) are not applicable and should be set to None.",False,,,,,
2006-1171218-0000950124-06-001367-k02899exv10w28.txt,"The document provided is an ""Amended and Restated Trust Agreement"" for NP Capital Trust I, established among North Pointe Holdings Corporation (the ""Depositor""), LaSalle Bank National Association (the ""Property Trustee""), Christiana Bank & Trust Company (the ""Delaware Trustee""), and the Administrative Trustees. The primary purpose of this trust, as stated in Section 2.4, is to issue and sell trust securities (specifically, Common and Preferred Securities) and use the proceeds to acquire ""Floating Rate Junior Subordinated Notes"" issued by the Depositor under a separate ""Junior Subordinated Indenture"" (referred to as the ""Notes"").

The trust acts as a financing vehicle. It raises capital by selling Preferred Securities to investors. The proceeds from this sale, combined with the purchase price for the Common Securities (which are held by the Depositor), are used to buy the Notes from the Depositor. The trust then receives interest and principal payments on these Notes and uses that cash flow to make distributions and repayments to the holders of the Preferred and Common Securities. The agreement outlines the rights of security holders, the duties of the trustees, and the procedures for distributions, redemption, and liquidation.

This structure is characteristic of a ""trust preferred securities"" (TruPS) offering, a form of hybrid debt/equity financing commonly used by banks and insurance holding companies. The document is fundamentally a trust indenture that governs the relationship between the trust, its trustees, the security holders, and the underlying debt instrument (the Notes). It is not an agreement for the transfer of insurance risk from one insurer to another, which is the core function of a reinsurance contract.

Therefore, while the document is related to a financial entity in the insurance sector (the Depositor), the agreement itself is a trust indenture for a debt financing vehicle and does not establish a reinsurance relationship.",False,,,,,
2006-896159-0001193125-06-056531-dex106.htm,"The document is a Letter of Credit Facility Agreement. It establishes a facility whereby banks issue letters of credit to support the Funds at Lloyd's for the underwriting activities of the Applicants, which are subsidiaries of ACE Limited. The agreement outlines the terms for issuing, utilizing, terminating, and substituting letters of credit, as well as the obligations of the Account Party and the Guarantors.

Letters of credit are financial instruments used to guarantee payment, not to transfer insurance risk. The document explicitly states its purpose is to support Funds at Lloyd's, which are capital requirements for underwriting members at Lloyd's of London, an insurance and reinsurance market. While the ultimate purpose of the funds is related to insurance activities, the agreement itself is a credit facility secured by a charge over a portfolio of assets, not a contract for sharing insurance risk.

According to the provided definitions, ""Letters of credit"" are explicitly listed as NOT being reinsurance agreements. The document does not contain terms typical of reinsurance contracts, such as ceding commissions, retrocession, or risk-sharing based on losses. Instead, it deals with financial commitments, interest rates, commissions, and security interests.

Therefore, this is a financial credit agreement, specifically a letter of credit facility, and not a reinsurance agreement.",False,,,,,
2006-1163710-0000837276-06-000076-rny_exhibit-10n.htm,"The document is titled ""Amendment XXIV"" to an ""Automatic Reinsurance Agreement"" between ReliaStar Life Insurance Company and ReliaStar Life Insurance Company of New York, effective from November 1, 2005. It explicitly amends an existing reinsurance agreement by adding new product lines (TermSmart) to the agreement, including updated reinsurance rates and adding the products to Exhibit III (Plans of Insurance). The document references an underlying reinsurance contract originally effective April 1, 1984, and functions as a formal amendment to that agreement.

According to the classification guidelines, any document that modifies the terms of an existing reinsurance agreement—such as amendments, renewals, or addenda—is considered a reinsurance agreement. Therefore, this document qualifies as a reinsurance agreement.

However, it is an amendment and not a standalone reinsurance contract. It does not establish a new reinsurance contract but instead modifies an existing one. Thus, it is an ancillary agreement, not a main contract.

Because it is an amendment to an existing automatic reinsurance agreement, and the original is described as ""Automatic,"" this implies that cessions are obligatory for the ceding company under the original treaty. The amendment adds new products to that structure, so the obligation likely extends to those as well. Therefore, it is part of an obligatory reinsurance arrangement.

The reinsurance rates are expressed as percentages of a mortality table (1975-1980 Select and Ultimate Mortality Table), which is typical for proportional reinsurance in the life sector, where the reinsurer takes a fixed percentage of the risk and premium. This indicates a proportional structure.

The products involved (TermSmart 10, 15, 20, 30) are term life insurance products, which are life insurance products. Therefore, the insurance type is Life.

The class of business for term life insurance is primarily related to mortality risk. Hence, the appropriate classification is ""Mortality.""",True,False,True,proportional,Life,Mortality
2006-1045829-0001045829-06-000005-exhibit10_7.txt,"The document is a contract amendment between the Arizona Health Care Cost Containment System (AHCCCS) and Phoenix Health Plan, a healthcare contractor. It modifies an existing contract by updating capitation rates, clarifying definitions related to Medicare Part D drug coverage, adding requirements for homeless clinics, and revising reinsurance audit procedures.

Although the document references ""reinsurance"" in Section D, Paragraph 57, this is in the context of medical audits for reinsurance cases within a managed care program. The term ""reinsurance"" here appears to refer to internal risk-sharing or cost-reimbursement mechanisms within a state Medicaid managed care framework, not a traditional reinsurance agreement where one insurer transfers risk to another insurer. The document does not establish or modify a reinsurance or retrocession contract between insurers. Instead, it is an amendment to a direct healthcare service contract between a state agency and a health plan.

Therefore, this is not a reinsurance agreement as defined in the guidelines. It is a modification of a direct healthcare services contract under a public insurance program (Medicaid), which falls under direct insurance, not reinsurance. As such, all downstream fields related to reinsurance classification (main contract, obligatory, proportional, etc.) must be set to None.",False,,,,,
2006-1355795-0000950123-06-013603-y26433exv10w48w1.txt,"The document is a Trust Agreement established among Darwin National Assurance Company (Grantor), Capitol Indemnity Corporation (Beneficiary), and The Bank of New York (Trustee). It secures payments under existing reinsurance agreements listed in Exhibit A. The Trust Agreement itself does not establish a reinsurance contract but serves to secure obligations arising from separate reinsurance agreements. Therefore, it is ancillary to the actual reinsurance contracts.

Although the document references reinsurance agreements and secures their performance, it is not itself a reinsurance agreement as defined in the guidelines. It is a financial security arrangement (a trust) used to collateralize obligations under reinsurance contracts. According to the provided definitions, such trust agreements are not reinsurance agreements, even if they reference or secure reinsurance obligations.

Since it is not a reinsurance agreement, all subsequent fields that depend on the existence of a reinsurance contract (is_main_contract, is_obligatory, proportional_or_non_proportional, insurance_type, class_of_business) must be set to None.",False,,,,,
2006-1057436-0001193125-06-044029-dex1050.htm,"The document is a ""Second Amended and Restated Indenture"" for public company notes. It details a loan agreement between issuers (owners of several hotel properties) and a note trustee for the benefit of noteholders. The core of the document outlines the terms of a debt instrument, including the principal amount ($350,000,000), interest rates, repayment schedules, prepayment options, and conditions for default. It includes security for the loan, such as mortgages on the hotel properties and assignments of leases and agreements. The document also covers conditions precedent for funding, representations and warranties by the issuers, affirmative and negative covenants, and the rights and duties of the note trustee.

This document is a standard corporate finance agreement, specifically an indenture for a bond or note issuance. It is not related to the transfer of insurance risk. The listed exclusions in the classification guidelines explicitly state that ""Bonds, loans and credit instruments"" are not considered reinsurance agreements. Therefore, this document is a loan agreement secured by real estate, not a reinsurance agreement.",False,,,,,
2006-1057436-0001193125-06-228461-dex1010.htm,"The provided document is a Loan and Security Agreement between SHR Scottsdale X, L.L.C. and SHR Scottsdale Y, L.L.C. (the Borrower) and Citigroup Global Markets Realty Corp. (the Lender). This agreement outlines the terms of a loan, including the disbursement of funds, interest rates, repayment schedules, and security interests. It also includes provisions for cash management, representations and warranties, covenants, insurance, and default remedies.

The document does not contain any elements that would classify it as a reinsurance agreement. Reinsurance agreements involve the transfer of risk from one insurance company to another, and the document in question does not mention any such risk transfer. Instead, it is a financial agreement between a borrower and a lender, focusing on the terms of a loan and the security provided by the borrower.

Given that the document is a loan agreement and not a reinsurance agreement, it cannot be a main contract, an obligatory reinsurance agreement, or any type of reinsurance contract. Therefore, the fields related to reinsurance, such as `is_main_contract`, `is_obligatory`, `proportional_or_non_proportional`, `insurance_type`, and `class_of_business`, are not applicable and should be set to `None`.",False,,,,,
2006-1283709-0001193125-06-167667-dex1034.htm,"The document is a Loan Agreement between 515/555 Flower Associates, LLC (Borrower) and Citigroup Global Markets Realty Corp. (Agent), along with LaSalle Bank National Association as Collateral Agent and other Lenders. The agreement details the terms for a loan of $420,000,000, to be used primarily for refinancing a real estate property and paying related fees and expenses. The loan is secured by a mortgage on the property, various financial accounts, and other collateral. The document outlines the conditions for the loan, covenants, representations and warranties, events of default, and remedies available to the lenders.

The document does not contain any provisions related to risk transfer from an insurer to a reinsurer. It is not a reinsurance agreement, retrocession agreement, Reinstatement Premium Protection contract, Capital Maintenance agreement, Loss Portfolio Transfer, Adverse Development Cover, Reinsurance To Close, Portfolio Transfer in connection to corporate restructurings, Catastrophe Bond, Insurance Linked Security, Insurance pooling agreement, or government insurance scheme. It also does not renew, cancel, novate, terminate, settle, commute, amend, or otherwise modify the terms of an existing reinsurance agreement.

The document is a loan agreement, which is a financial instrument for borrowing money, secured by real estate and other assets. It is not related to the insurance or reinsurance industry's risk transfer mechanisms. Therefore, it is not a reinsurance agreement.",False,,,,,
2006-701221-0000950159-06-001059-ex10-2.htm,"The document is an ""Amended and Restated Revolving Credit and Letter of Credit Agreement"" between CIGNA Corporation and a group of banks, with Citibank, N.A. serving as the Administrative Agent. It outlines a credit facility of $1,750,000,000 for general corporate purposes, including commercial paper backstop and payment of obligations related to letters of credit.

The document primarily deals with a revolving credit line, the issuance of letters of credit, and the associated financial covenants, fees, and conditions. While it mentions ""Arbor Reinsurance Company, Limited"" and ""Connecticut General Life Insurance Company,"" these references are in the context of beneficiaries of letters of credit, not as parties to a reinsurance contract. The letters of credit are financial instruments used to provide security or enable statutory reserve credit, not agreements for the transfer of insurance risk.

The document does not contain any terms characteristic of a reinsurance agreement, such as ceding commissions, loss sharing, retrocession, or any mechanism for transferring insurance risk from one insurer to another. Instead, it is a standard syndicated loan agreement with provisions for letters of credit.

Therefore, this document is not a reinsurance agreement but a financial credit agreement.",False,,,,,
2006-859139-0000893220-06-000555-w18435exv10w19.txt,"The document is a Stock Option Award Agreement, which grants an executive the right to purchase shares of Delphi Financial Group, Inc. based on performance metrics related to the Pre-Tax Operating Income of Reliance Standard Life Insurance Company and its subsidiaries. The agreement outlines vesting conditions, termination provisions, transferability, and a contingent payment clause in the event of a change in ownership. It also includes definitions related to employment termination and arbitration procedures.

This document is not a reinsurance agreement. It is an executive compensation agreement involving stock options and performance-based vesting. It does not involve the transfer of insurance risk from one insurer to another, nor does it contain terms typical of reinsurance such as ceding, retention, limits, premiums, or claims settlement between ceding and reinsuring companies. Instead, it is a corporate incentive plan document related to equity compensation.

Because it is not a reinsurance agreement, all subsequent fields that depend on reinsurance classification (is_main_contract, is_obligatory, proportional_or_non_proportional, insurance_type, class_of_business) must be set to None.",False,,,,,
2006-1320092-0001193125-06-068740-dex1014.htm,"The document is an ""Amended and Restated Managing General Agency Agreement"" between several insurance companies (collectively ""Company"") and Texas General Agency, Inc. (""General Agent""). The agreement outlines the appointment of the General Agent to act on behalf of the insurance companies in underwriting, policy issuance, claims handling, and other operational functions. It specifies commission structures, reporting requirements, claims authority limits, and compliance obligations.

Although the document references reinsurance in Article 9 (""All of the business... shall be reinsured under certain Quota Share Reinsurance Agreements...""), it does not itself constitute a reinsurance agreement. Instead, it is an agreement governing the relationship between an insurer and a managing general agent. According to the classification rules provided, ""Underwriting Agency Agreements between reinsurance companies and reinsurance underwriting management companies or agents"" are explicitly excluded from being considered reinsurance agreements. This document falls squarely into the category of an underwriting agency agreement.

Because it is not a reinsurance agreement, all downstream fields related to reinsurance (main contract, obligatory status, proportional/non-proportional classification, insurance type, and class of business) must be set to None.",False,,,,,
2006-1006868-0000891092-06-001610-e24299ex10_8.txt,"The document is titled ""REINSURANCE AGREEMENT"" and is explicitly structured as a reinsurance contract between Allianz Life Insurance Company of New York (the reinsurer) and MDNY Healthcare (the ceding entity). It outlines terms for the cession of risk related to health care expenses incurred by members, including attachment points, percentage payable, premium calculations, claims procedures, and termination clauses. This fits squarely within the definition of a reinsurance agreement, specifically a stop-loss or excess-of-loss type arrangement in the health insurance context.

The agreement establishes a full reinsurance contract, not merely amending or modifying an existing one (though it supersedes a prior agreement, it is a complete and standalone contract). It contains all principal terms such as coverage, premiums, limits, and conditions, making it a main contract.

The reinsurance is non-obligatory because it appears to reinsure specific risks on a member-by-member basis above an attachment point, typical of specific or facultative-type stop-loss coverage in the healthcare context, rather than automatically covering an entire portfolio of risks. The structure suggests case-by-case risk transfer rather than automatic, obligatory cession of all risks in a defined book.

The arrangement is non-proportional because it covers losses above a specified attachment point ($1,000,000 per member) up to a maximum, with a fixed percentage (70%) payable—this is characteristic of an excess-of-loss structure, not a proportional quota share.

The subject matter involves health care expenses for members of a healthcare plan, which falls under Non-Life insurance. The class of business is clearly ""Health,"" as it pertains to medical expenses, HMO and POS plans, and related health services.",True,True,False,non-proportional,Non-Life,Health
2006-896159-0001193125-06-056531-dex107.htm,"The document is a credit agreement for an A$100,000,000 term loan facility between ACE Australia Holdings Pty Limited (the borrower), ACE Limited (the guarantor), and a group of banks, including The Royal Bank of Scotland plc and HSBC Securities (USA) Inc. as lead arrangers. The agreement outlines the terms for borrowing, repayment, interest, covenants, and other financial arrangements. It does not involve any transfer of insurance or reinsurance risk between insurers and reinsurers. Instead, it is a standard financing instrument involving loans and credit facilities.

According to the provided definitions, reinsurance agreements include instruments like reinsurance contracts, retrocession agreements, catastrophe bonds with risk transfer objectives, and related ancillary documents. However, the list of documents not considered reinsurance explicitly includes ""Bonds, loans and credit instruments except for Catastrophe Bonds and other Insurance Linked Securities as described above.""

Since this document is a standard credit agreement involving a term loan and does not qualify as a catastrophe bond or insurance-linked security with a risk transfer function, it is not a reinsurance agreement.

Accordingly:
- It is not a reinsurance agreement.
- All downstream fields (main contract, obligatory, proportional, etc.) that depend on it being a reinsurance agreement are set to None or False.",False,,,,,
2006-81362-0001193125-06-052033-dex10nnn.htm,"The document is a settlement agreement between Quaker Chemical Corporation, SB Decking, Inc., and Hartford Accident & Indemnity Company (Hartford A&I) to resolve disputes over insurance coverage for asbestos-related claims. The agreement involves the release of claims under existing insurance policies issued by Hartford A&I to SB Decking and/or Quaker. The document references insurance policies (labeled as ""Policies"") and settles disputes over coverage, including defense and indemnity obligations. However, it does not establish a reinsurance contract; rather, it settles obligations under direct insurance policies for asbestos claims.

The document is not a reinsurance agreement because it does not involve one insurer transferring risk to another (reinsurer), which is the fundamental characteristic of reinsurance. Instead, it is a settlement between an insurer (Hartford A&I) and its insureds (SB Decking and Quaker) regarding coverage under direct liability policies. The agreement includes releases, payment terms into a Claims Account, indemnification clauses, and confidentiality, all typical of insurance claim settlements—not reinsurance.

Since it is not a reinsurance agreement, the remaining fields related to reinsurance characteristics (main contract, obligatory, proportional, insurance type, class of business) do not apply and must be set to None.",False,,,,,
2006-1358164-0000930413-06-006737-c44219_ex10-19.txt,"The document is titled ""Amendment No. 1 to Excess of Loss Reinsurance Agreement"" and explicitly refers to an existing ""Excess of Loss Reinsurance Agreement"" (XOL Agreement) entered into between XL Financial Assurance Ltd. (Ceding Company) and XL Insurance (Bermuda) Ltd (Reinsurer). It amends key terms of the original reinsurance agreement, including the Annual Reinsurance Premium, termination rights, and premium adjustment mechanisms. 

According to the classification rules, any document that modifies the terms of an existing reinsurance agreement—such as amendments, renewals, or novations—is considered a reinsurance agreement. Therefore, this document qualifies as a reinsurance agreement.

However, this is not a main contract but an ancillary agreement because it solely amends an existing reinsurance contract and does not establish the principal terms of a new or standalone reinsurance arrangement. It references the original XOL Agreement as Exhibit A and modifies specific clauses, which aligns with the definition of an ancillary agreement (e.g., an amendment).

Because it is an amendment to a reinsurance treaty (specifically an excess of loss agreement), and excess of loss contracts are inherently non-proportional, the underlying contract is non-proportional. There is no indication of proportional components, so the classification remains non-proportional.

The document does not contain sufficient information to determine whether the reinsurance is obligatory or facultative (i.e., whether it covers a portfolio of risks automatically or on a case-by-case basis). While ""excess of loss"" treaties are typically obligatory, the nature of this particular agreement’s cession mechanism is not detailed in the amendment. Hence, we cannot definitively classify it as obligatory.

Similarly, the document does not specify the type of insurance (Life or Non-Life) or the class of business. Although XL Financial Assurance Ltd. was historically involved in financial guarantee insurance (a Non-Life, Specialty line), the amendment itself contains no explicit references to the underlying insured risks. Without clear indications in the text, we cannot reliably assign insurance type or class of business.",True,False,,non-proportional,,
2006-909109-0000893220-06-002390-w26495exv10w9.txt,"The document is titled ""FLORIDA HURRICANE CATASTROPHE FUND REIMBURSEMENT CONTRACT"" and is explicitly described as a contract between Liberty American Insurance Company and the State Board of Administration of Florida (SBA), which administers the Florida Hurricane Catastrophe Fund (FHCF). The preamble states that the contract is subject to Florida Statute Section 215.555, which governs the FHCF. According to the classification guidelines, insurance pooling agreements and government insurance schemes that fulfill a risk transfer objective similar to standard reinsurance—such as the FHCF, NFIP, and CEA—are considered reinsurance agreements. The contract provides for reimbursement to the insurer for ""Ultimate Net Loss on Covered Policies in excess of the Company's Retention"" arising from hurricane-related loss occurrences, which constitutes a transfer of insurance risk from the insurer (ceding company) to a centralized fund, consistent with reinsurance. Therefore, this document qualifies as a reinsurance agreement.

The document establishes the full terms of the reinsurance arrangement, including scope, definitions, liability, reporting, and payment mechanisms. It includes elections (e.g., reimbursement percentage) and is executed by both parties. It is not merely an endorsement or amendment but a complete contractual framework. Therefore, it is a main contract.

The contract is obligatory because it automatically covers all qualifying hurricane losses from the insurer’s portfolio of Covered Policies—without individual underwriting per risk. It applies to all Loss Occurrences from Covered Policies during the contract year, based on the insurer’s exposure and elected coverage level. Obligatory reinsurance includes treaties and other portfolio-wide risk transfers, which this contract represents.

The reimbursement is based on a percentage (45%, 75%, or 90%) of losses exceeding a retention. This structure—where the ceding company pays a fixed retention and the reinsurer pays a fixed percentage of excess losses—is characteristic of non-proportional reinsurance, such as excess of loss. Although the reimbursement percentage is proportional in form, the attachment at a retention level and the excess-of-loss structure align with non-proportional reinsurance. Moreover, the FHCF operates as a catastrophe fund that reimburses after a retention (based on company premium and exposure), which is typical of non-proportional arrangements. Therefore, it is classified as non-proportional.

The coverage applies to property insurance policies (e.g., homeowners, fire, farmowners, commercial multiple peril) covering residential structures in Florida. These are clearly non-life (property) insurance products. There is no indication of life, health, or annuity coverage.

The class of business is Property, as the contract covers residential and certain commercial property losses due to hurricanes. The exclusions also reinforce this, as they pertain to property-related coverages (e.g., ALE, structures, contents). The FHCF is a property catastrophe fund.",True,True,True,non-proportional,Non-Life,Property
2006-1163710-0000837276-06-000166-rny_exhibit10a.htm,"The document is titled ""Amendment XXV"" to an ""Automatic Reinsurance Agreement"" between two life insurance companies: ReliaStar Life Insurance Company (Reinsurer) and ReliaStar Life Insurance Company of New York (Company). It explicitly refers to modifying an existing reinsurance agreement, specifically correcting a prior amendment (Amendment XXIV) by adding missing language. The amendment modifies Article I Paragraph 2 regarding how the company cedes and the reinsurer accepts risks in excess of the company's retention, which is a core term in reinsurance contracts.

Since this document amends an existing reinsurance agreement, it falls under the category of documents that ""renew, cancel, novate, terminate, settle, commute, amend, or otherwise modify the terms of an existing reinsurance agreement,"" as specified in the definition of reinsurance agreements. Therefore, it is a reinsurance agreement.

However, it is an amendment — an ancillary document — that modifies an existing contract rather than establishing a new reinsurance contract. Thus, it is not a main contract. The original agreement (the Automatic Reinsurance Agreement) would be the main contract.

The term ""automatic"" in ""Automatic Reinsurance Agreement"" and the language stating that the Reinsurer ""shall automatically accept"" the excess over the Company's retention indicates this is an obligatory reinsurance arrangement, where the reinsurer is contractually bound to accept cessions that meet the agreement's criteria. Therefore, the underlying contract (and by extension, this amendment) pertains to an obligatory reinsurance agreement.

The document does not specify whether the reinsurance is proportional or non-proportional. However, references to ceding the ""excess over the Company's designated maximum retention"" and ""maximum automatic binding limits"" are typical of facultative-obligatory or automatic treaties, which are commonly non-proportional (e.g., excess of loss). However, without explicit mention of layers, attachment points, or proportional sharing (like quota share), and given that automatic agreements in life insurance can sometimes be proportional, the lack of detail prevents a definitive classification. Therefore, proportional or non-proportional cannot be determined from this amendment alone.

The names of the parties — ""ReliaStar Life Insurance Company"" and ""ReliaStar Life Insurance Company of New York"" — and the nature of the agreement (life insurance reinsurance) suggest the underlying insurance is life insurance. The amendment does not mention health, property, or casualty coverage, and life insurance companies typically deal with mortality, longevity, and annuity risks.

Given the focus on life insurance and the absence of non-life indicators, the insurance type is Life. The class of business for life reinsurance typically falls into ""Mortality,"" ""Longevity,"" or ""Other Life."" Since the document does not specify annuities, pensions, or long-term care, but refers to ceding excess retention on life policies, the most appropriate class is ""Mortality,"" as it pertains to risk of death coverage.",True,False,True,,Life,Mortality
2006-874977-0001193125-06-104642-dex1067.htm,"The document is an endorsement to an existing reinsurance contract, specifically a ""Property Catastrophe Overlying Excess of Loss Reinsurance Contract."" Endorsements that modify the terms of an existing reinsurance agreement are considered reinsurance agreements under the provided definition, as they are part of the reinsurance documentation and directly affect the terms of the underlying reinsurance contract.

However, this document is not a main contract; it is an ancillary agreement (an endorsement) that modifies an existing contract by adding a provision related to arbitration for one of the ceding companies. It does not establish a new reinsurance contract or contain all the principal terms of a reinsurance agreement.

Because it is an amendment to an existing treaty and refers to an ""Excess of Loss"" contract, which is a non-proportional form of reinsurance, the underlying contract is non-proportional. The endorsement itself does not change the nature of the contract, so the classification as non-proportional remains valid.

The contract pertains to property catastrophe coverage, which falls under Non-Life insurance. The class of business is Property, as it explicitly covers property catastrophe risks.

The original contract is a treaty-style excess of loss agreement covering a portfolio of risks, which indicates it is obligatory—meaning the ceding company is obligated to cede, and the reinsurer is obligated to accept, all risks within the defined scope. This characteristic is not altered by the endorsement, so the agreement remains obligatory.",True,False,True,non-proportional,Non-Life,Property
2006-814898-0001193125-06-102174-dex109.htm,"The document is a Credit Agreement dated April 26, 2006, among Hilb Rogal & Hobbs Company (the ""Borrower""), Bank of America as Administrative Agent, and various lenders. It establishes a credit facility with term loans, revolving loans, swing line loans, and letters of credit. 

This is clearly a standard commercial credit agreement, not a reinsurance agreement. The document:
- Sets forth lending terms, interest rates, and repayment schedules
- Contains financial covenants and restrictions typical of credit facilities
- Establishes administrative agent responsibilities
- Defines events of default for the loan agreement

While the Borrower (Hilb Rogal & Hobbs Company) appears to be an insurance-related company (with references to insurance in section 5.10 and ""HRH Reinsurance Brokers Limited"" listed among Designated Subsidiaries), this particular document is purely a credit agreement between the company and its lenders.

The document does not contain any provisions related to risk transfer between insurers, ceding commissions, treaty terms, or other standard reinsurance elements. It falls squarely under the category of ""Bonds, loans and credit instruments"" which are explicitly listed as NOT being reinsurance agreements in the classification guidelines.

Since this is not a reinsurance agreement at all, all subsequent classification questions (is_main_contract, is_obligatory, proportional_or_non_proportional, insurance_type, and class_of_business) should be answered with None.",False,,,,,
2006-1294632-0000950144-06-011647-g04573exv10w24.htm,"The provided document is Amendment No. 15 to a contract between the Arizona Health Care Cost Containment System Administration (AHCCCSA) and Health Choice Arizona. The amendment modifies an existing contract by updating various sections, including reinsurance provisions, capitation rates, and network standards. The document explicitly references and amends ""Section D-57 -- Reinsurance,"" which establishes a stop-loss program where AHCCCSA reimburses the contractor for covered services incurred above a specified deductible level. This qualifies as a non-proportional reinsurance agreement, specifically an Excess of Loss treaty, as it covers losses above a certain threshold rather than a proportional share of all losses. The document is an amendment, which is an ancillary agreement that modifies the terms of an existing main contract, not the main contract itself. Since it modifies an obligatory treaty that transfers risk for an entire portfolio of members, the underlying reinsurance is obligatory. The subject matter pertains to Non-Life insurance, specifically health insurance, and falls under the class of business ""Health.""",True,False,True,non-proportional,Non-Life,Health
2006-1289592-0001157523-06-008047-a5201679ex10_4.txt,"The document is a Commutation and Release Agreement between Tower Insurance Company of New York and PXRE Reinsurance Company. It explicitly references an underlying ""Aggregate Excess of Loss Reinsurance Agreement"" effective July 1, 2001, which is attached as Exhibit A. The current document serves to terminate and fully settle all obligations under that reinsurance agreement.

According to the classification criteria, documents that ""commute, novate, terminate, amend, or otherwise modify the terms of an existing reinsurance agreement"" are considered reinsurance agreements. Therefore, this commutation agreement qualifies as a reinsurance agreement.

However, it is not a main contract because it does not establish a new reinsurance contract; rather, it is an ancillary agreement that terminates an existing one. Thus, it is not a main contract.

Since it is a commutation of an existing reinsurance treaty (specifically an Aggregate Excess of Loss agreement), the underlying contract was obligatory (treaty-level risk transfer). However, the commutation itself is not a full reinsurance contract, so the question of whether it is obligatory does not apply — the document is not a reinsurance contract in force.

The underlying reinsurance agreement is ""Aggregate Excess of Loss,"" which is a form of non-proportional reinsurance. However, since the current document is a commutation and not the main contract itself, the proportional/non-proportional classification does not apply.

The underlying reinsurance agreement is not explicitly described in terms of life or non-life, but ""Aggregate Excess of Loss"" is typically associated with non-life (property and casualty) lines. The company names and context (Tower Insurance Company of New York, PXRE — a known property/casualty reinsurer) support a non-life classification. However, since the commutation document itself does not contain sufficient detail about coverage and is not the main contract, insurance type and class of business cannot be definitively classified from this document alone.

Therefore, for all fields beyond ""is_reinsurance,"" the appropriate response is ""None"" because the document is ancillary and not a full reinsurance contract.",True,,,,,
2006-1006868-0000891092-06-001610-e24299ex10_7.txt,"The document is titled ""REINSURANCE AGREEMENT"" and is explicitly structured as a reinsurance contract between Allianz Life Insurance Company of New York (the reinsurer) and MDNY Healthcare (the ceding entity). It outlines terms for reinsurance coverage, including attachment points, percentages payable, eligible expenses, premium payments, claims procedures, and termination clauses. These are all hallmarks of a reinsurance agreement.

The agreement covers health care expenses incurred by members of MDNY Healthcare, indicating it is a reinsurance arrangement for health insurance risks. The ceding company retains primary liability for members, while Allianz Life of NY agrees to reimburse a percentage of eligible expenses above specified attachment points—characteristic of a stop-loss or excess-of-loss reinsurance structure.

The document establishes a full reinsurance contract with detailed terms, including coverage, premiums, claims, and termination. It is not merely an ancillary agreement such as an endorsement or amendment, although it includes an endorsement (Out of Area Conversion Provision), which does not negate its status as a main contract.

The reinsurance is non-proportional because it covers losses that exceed a specified attachment point (per member), up to certain maximums, which is typical of excess-of-loss arrangements. There is no indication of proportional risk-sharing based on premiums or exposure.

The insurance type is Non-Life, as it pertains to health care services and medical expenses, not life, annuity, or pension products. The class of business is Health, as the coverage relates to medical expenses, hospital care, transplants, and related health services for members of a healthcare plan.

Therefore, all classification criteria are met based on the document’s content and structure.",True,True,True,non-proportional,Non-Life,Health
2006-1064863-0000950133-06-002369-w20799exv10w31w1.htm,"The document is an addendum to a Medicare Managed Care contract for the operation of a Voluntary Medicare Prescription Drug Plan (Part D) by AMERI Group Texas, Inc. (MA-PD Sponsor) in agreement with the Centers for Medicare & Medicaid Services (CMS). It outlines the terms under which the sponsor will provide prescription drug benefits to Medicare beneficiaries, including enrollment, benefit provision, payment, compliance, reporting, and termination procedures.

This is a direct agreement between a healthcare provider organization and a government agency to deliver health benefits under the Medicare program. It pertains to the administration of prescription drug coverage for Medicare beneficiaries and does not involve the transfer of insurance risk from one insurer to another. Therefore, it does not meet the definition of a reinsurance agreement, which requires risk transfer between insurers or reinsurers.

The document is an ancillary agreement (an addendum) to a primary healthcare service contract and relates to government insurance program participation, not reinsurance. It is not a reinsurance treaty, retrocession, or any form of risk transfer instrument between insurers. It also does not fall under any of the categories listed as reinsurance agreements (e.g., retrocession, catastrophe bonds, pooling agreements with risk transfer, etc.), even though it involves a government insurance scheme—because its purpose is direct service provision, not risk assumption by a third-party reinsurer.

Since it is not a reinsurance agreement, all subsequent classification fields (is_main_contract, is_obligatory, etc.) must be set to None.",False,,,,,
2006-949156-0000950124-06-002530-k04988exv10w1.txt,"The document is titled ""INTER-COMPANY REINSURANCE AGREEMENT"" and is executed between Star Insurance Company and several affiliated insurance companies. The agreement explicitly states that the affiliated companies will cede 100% of their liabilities and expenses to Star, and Star will reinsure those obligations (Article II). This constitutes a clear transfer of insurance risk from one insurer to another, which is the defining characteristic of reinsurance. Therefore, the document qualifies as a reinsurance agreement.

The document establishes the full terms of the reinsurance arrangement, including cession, premium, reserves, accounting, claims handling, and other operational details. It also includes Appendix A with specific participation percentages. As such, it is not merely an ancillary document (like an endorsement or amendment) but constitutes a complete and binding reinsurance contract. Hence, it is a main contract.

The agreement covers 100% of the liabilities and expenses of the affiliated companies for all risks written by them, which indicates an automatic and mandatory cession of an entire portfolio of risks. This is characteristic of an obligatory reinsurance treaty, not a facultative arrangement limited to specific named risks.

The reinsurance is structured as a 100% cession of liabilities and premiums, with the assuming company (Star) taking on all risk and premium. This is a clear indication of proportional reinsurance, specifically a 100% quota share arrangement. The reciprocal reinsurance by Star to the affiliated companies based on ""Respective Percentages"" also follows proportional lines.

The recitals mention that the parties are engaged in ""property, casualty, medical malpractice, commercial auto and workers' compensation insurance."" These are all non-life (property and casualty) lines of business. There is no mention of life, annuity, or health insurance products typically associated with life insurance. Thus, the agreement pertains to Non-Life insurance.

The primary lines of business referenced include property, casualty, workers' compensation, and commercial auto. Medical malpractice is a specialty line. Given the mix, but with a strong emphasis on traditional property and casualty lines, the most accurate classification is ""Multi-Line,"" as it encompasses both Property and Casualty, and potentially Specialty risks under a single reinsurance agreement.",True,True,True,proportional,Non-Life,Multi-Line
2006-1001604-0001001604-06-000024-exhibit10864loanagreement.htm,"The document is a loan agreement between EMERITUS PROPERTIES-ARKANSAS, LLC (Borrower) and GENERAL ELECTRIC CAPITAL CORPORATION (Agent and Lender) for a loan amount of $15,930,000. The agreement outlines the terms and conditions of the loan, including disbursements, interest rates, payments, maturity, prepayment, insurance, covenants, and other financial obligations. It also includes provisions for the use of proceeds, security, and default remedies. The document is clearly a financial loan agreement and not a reinsurance agreement. It does not contain any provisions related to risk transfer from an insurer to a reinsurer, nor does it involve the sharing of insurance risks. Therefore, it does not meet the criteria for being a reinsurance agreement as defined in the instructions.",False,,,,,
2006-898174-0000950137-06-008663-c07350exv10w1.txt,"The document is an amendment to a credit agreement involving Reinsurance Group of America and several of its subsidiaries, along with various banks and The Bank of New York as Administrative Agent. The amendment modifies certain definitions (""Permitted Lien"" and ""Permitted Restrictive Covenant"") in the existing credit agreement and includes acknowledgments and representations related to financial transactions. The mention of ""Alternative Reserve Agreement"" and ""Captive Subsidiary"" does not transform this document into a reinsurance agreement; rather, these are financial arrangements likely related to capital or reserve management.

The document is clearly a financial credit agreement amendment, which falls under the category of credit instruments. According to the classification rules, bonds, loans, and credit instruments are explicitly excluded from being considered reinsurance agreements, unless they are Catastrophe Bonds or Insurance Linked Securities fulfilling a risk transfer objective — which this is not.

Therefore, this is not a reinsurance agreement. It is a financial amendment to a credit facility. Since it is not a reinsurance agreement, all subsequent fields related to reinsurance classification (main contract, obligatory, proportional, insurance type, class of business) must be set to None.",False,,,,,
2006-909109-0000893220-06-002390-w26495exv10w1.txt,"The document is a ""CASUALTY EXCESS OF LOSS REINSURANCE AGREEMENT"" between Philadelphia Indemnity Insurance Company and Philadelphia Insurance Company (the ""Company"") and Swiss Reinsurance America Corporation (the ""Reinsurer""). The agreement clearly establishes a reinsurance contract where the Reinsurer indemnifies the Company on an excess of loss basis for Ultimate Net Losses paid by the Company. This fits the definition of a reinsurance agreement as it transfers risk from the insurer to the reinsurer under defined terms.

The document establishes the main reinsurance contract, as it contains all principal terms including business covered, effective date, limits and retentions, premium, claims handling, and termination clauses. It is not merely an ancillary agreement like an endorsement or amendment.

The agreement is obligatory because it applies to all casualty insurance policies issued by the Company that meet certain criteria (e.g., limits over $1,000,000), covering entire portfolios of business rather than individual risks. This is evident from Article I, which states the reinsurance applies to the Company's Ultimate Net Loss for policies in force and new/renewal policies.

The reinsurance is non-proportional, as it is structured as an excess of loss agreement with specific retentions and limits (e.g., $2M retention with $3M limit for Part I). The Reinsurer only pays if losses exceed the Company's retention, which is characteristic of non-proportional reinsurance.

The insurance type is Non-Life, as the agreement covers casualty insurance including automobile liability, general liability, and professional liability - all non-life insurance products.

The class of business is Casualty, as explicitly stated in the title ""CASUALTY EXCESS OF LOSS REINSURANCE AGREEMENT"" and confirmed by the coverage of liability lines such as automobile liability, general liability, and commercial umbrella liability.",True,True,True,non-proportional,Non-Life,Casualty
2006-1358164-0000930413-06-006737-c44219_ex10-22.txt,"The document is titled ""First Amended and Restated Facultative Master Certificate"" and is executed between XL Reinsurance America Inc. (the ""Reinsurer"") and XL Capital Assurance Inc. (the ""Company""). It establishes a framework for facultative reinsurance of financial guaranty insurance policies. The document references reinsurance submissions, reinsurance certificates, and the cession of losses and loss adjustment expenses from the Company to the Reinsurer, which are hallmarks of a reinsurance agreement. It also outlines premium payments, reporting obligations, loss settlement procedures, and other standard reinsurance terms.

This document is a master agreement that governs the issuance of individual reinsurance certificates. Article II states that a Reinsurance Certificate will be executed for each accepted cession, and such certificates are incorporated by reference. The Master Certificate controls in case of conflict, but specific amendments may be made in individual certificates. Since this document establishes the overarching reinsurance terms and governs the facultative reinsurance relationship, it functions as a main contract, even though individual risks are accepted facultatively.

The reinsurance is facultative, meaning the Reinsurer has the right to accept or reject each proposed cession (Article II.A). This makes it non-obligatory, as the Reinsurer is not bound to accept all risks. The document itself does not impose automatic acceptance; instead, it gives the Reinsurer discretion, which is characteristic of facultative (non-obligatory) reinsurance.

Article III states that each Reinsurance Certificate will specify whether the cession is on a ""quota share or excess of loss basis."" This indicates that the underlying reinsurance can be either proportional (quota share) or non-proportional (excess of loss). Since the Master Certificate governs both types of arrangements depending on the individual certificate, the overall agreement is best classified as ""hybrid.""

The insurance type is Non-Life, as financial guaranty insurance is a form of credit insurance, which falls under Non-Life insurance. It is not related to life, annuity, or health insurance products.

The class of business is ""Specialty,"" as financial guaranty insurance (e.g., bond insurance) is a specialized line of non-life insurance, often categorized under Specialty risks, which include credit and surety, financial institutions, and other niche coverages.",True,True,False,hybrid,Non-Life,Specialty
2006-915781-0000950134-06-006265-c03761exv10w9w5.htm,"The document describes a reinsurance agreement between ACIC, BCIC, and General Reinsurance Corporation for the year 2006. It outlines the liability of the reinsurer for losses in excess of certain retentions, specifically for Workers' Compensation and Employers' Liability Business. This structure—where the reinsurer covers losses above a retention up to specified limits—is characteristic of an excess of loss reinsurance contract, which is a standard form of non-proportional reinsurance. The contract applies to all qualifying policies effective from January 1, 2006, indicating it is an obligatory treaty covering a portfolio of risks rather than individual facultative placements. The metadata confirms this is a description of a reinsurance agreement filed as an exhibit to a 10-K, further supporting its classification.

The document establishes the principal terms of the reinsurance arrangement, including coverage layers, premium terms, commencement, and termination, indicating it is a main contract rather than an ancillary agreement. The business covered is Workers' Compensation and Employers' Liability, which fall under Non-Life insurance and specifically within the Casualty class of business. The reinsurance is structured as excess layers with no indication of proportional sharing of premiums or losses, confirming it as non-proportional. There is no mention of hybrid structures or multiple contract types within the document.",True,True,True,non-proportional,Non-Life,Casualty
2006-1289592-0001157523-06-008047-a5201679ex10_3.txt,"The document is a ""Commutation and Release Agreement"" between Tower Insurance Company of New York and PXRE Reinsurance Company. It explicitly references a prior ""Quota Share Reinsurance Agreement"" effective January 1, 2001, and states that the purpose of this document is to terminate and commute that agreement. According to the classification guidelines, documents that commute or otherwise modify the terms of an existing reinsurance agreement are considered reinsurance agreements. Therefore, this document qualifies as a reinsurance agreement.

However, this document is not a main contract; it is a commutation agreement, which is an ancillary agreement that terminates and settles an existing reinsurance contract. Thus, it does not establish a new reinsurance contract but modifies the conclusion of an existing one.

Because it is an ancillary agreement and not a full reinsurance contract, questions about whether it is obligatory, proportional or non-proportional, insurance type, and class of business do not apply. These attributes pertain to the underlying reinsurance contract (the Quota Share Reinsurance Agreement), not the commutation document itself.",True,False,,,,
2006-915781-0000950134-06-006265-c03761exv10w10.htm,"The document is titled ""Reinsurance Agreement"" and is explicitly described as such in the text. It establishes a formal agreement between the Workers' Compensation Reinsurance Association and a Member (insurer or self-insurer) to reinsure Minnesota workers' compensation liabilities. The agreement outlines the terms under which the Association will indemnify the Member for losses exceeding its retention limit, which is a core feature of reinsurance. It references statutory authority (Minnesota Statutes §§ 79.34–79.40), incorporates a Plan of Operation and Operating Rules, and covers key reinsurance elements such as premiums, claims management, and dispute resolution.

This falls under the category of a government insurance scheme that fulfills a risk transfer objective similar to standard reinsurance (e.g., like NFIP or CEA in the U.S.), as specified in the definition of reinsurance agreements. Therefore, it qualifies as a reinsurance agreement.

The document establishes the full reinsurance contract, including scope, coverage, retention, premiums, and claims procedures. It is not an ancillary document like an endorsement or amendment, but rather the main contract itself, as it defines the foundational terms of the reinsurance relationship.

The contract is obligatory because it mandates that all members of the Association must cede their Minnesota workers' compensation liabilities to the Association, and the Association must accept them—this is a treaty-style, compulsory arrangement under state law.

The reinsurance is non-proportional because it provides indemnification for ultimate losses in excess of the Member's retention limit (i.e., it kicks in only after a loss exceeds a certain threshold), which is characteristic of excess-of-loss (non-proportional) reinsurance. There is no indication of proportional sharing of premiums or losses.

The insurance type is Non-Life, as workers' compensation is a form of casualty insurance covering workplace injuries and related liabilities.

The class of business is Casualty, as workers' compensation falls under this category, which includes liability coverage for employee injuries and employer obligations under statutory schemes.",True,True,True,non-proportional,Non-Life,Casualty
2006-874977-0001193125-06-052382-dex1034.htm,"The document is an endorsement that amends the terms of an existing reinsurance agreement, specifically a Property Catastrophe Overlying Excess of Loss Reinsurance Contract. Endorsements are considered ancillary agreements that modify existing reinsurance contracts, and such documents are explicitly included in the definition of reinsurance agreements. Therefore, this document qualifies as a reinsurance agreement.

However, it is not a main contract because it does not establish a new reinsurance agreement but instead modifies an existing one (specifically Article V regarding limits and retention). It is an ancillary document, such as an addendum or endorsement.

Since it relates to an excess of loss contract — a form of non-proportional reinsurance — and no proportional components are mentioned, the reinsurance type is non-proportional.

The agreement covers property catastrophe risk, which falls under Non-Life insurance and specifically the ""Property"" class of business.

The original contract appears to be obligatory (as catastrophe excess of loss treaties typically cover all risks in a defined portfolio), and endorsements to such treaties inherit the nature of the underlying contract. Therefore, the agreement is classified as obligatory.",True,False,True,non-proportional,Non-Life,Property
2006-911576-0001193125-06-119270-dex1021.htm,"The document is an endorsement to a Quota Share Reinsurance Agreement, specifically modifying the terms of an existing reinsurance contract (V-003/04). Endorsements that modify the terms of a reinsurance agreement are explicitly considered reinsurance agreements under the provided definition. Therefore, this document qualifies as a reinsurance agreement.

However, it is not a main contract because it is an ancillary agreement—an endorsement—that amends an existing reinsurance agreement rather than establishing a new or full reinsurance contract. It does not stand alone but modifies the original agreement.

Since it is an amendment to a Quota Share agreement (a proportional treaty), and Quota Share treaties are inherently obligatory (they automatically reinsure a portion of a portfolio), the underlying agreement is obligatory. As the endorsement modifies an obligatory treaty, it pertains to an obligatory reinsurance arrangement.

The reinsurance is clearly proportional, as it involves a quota share arrangement where the reinsurer takes a fixed percentage (50% for Coverage A and 25% for Coverage B) of premiums and losses.

The business covered is Residential Property and Casualty insurance in multiple U.S. states, including coverage for Fire, Allied Lines, Inland Marine, Earthquake, and Homeowners Multiple Peril—these are all Non-Life (property) lines of business. The class of business is primarily Property, though Casualty may also be involved. However, the main focus is on property perils (e.g., earthquake, fire), and the states listed are known for property risk exposure, so ""Property"" is the dominant class.",True,False,True,proportional,Non-Life,Property
2006-1289592-0001157523-06-008047-a5201679ex10_7.txt,"The document is a ""Novation and Transfer Agreement"" that effects a full novation of an existing reinsurance contract. It explicitly references a prior ""Reinsurance Agreement"" and addenda (listed in Exhibit A), under which State National Insurance Company (the cedant) and PXRE Reinsurance Company (the original reinsurer) were parties. The current document transfers all rights, duties, and obligations of PXRE under that reinsurance agreement to Tower Insurance Company of New York. 

Per the classification guidelines, documents that ""renew, cancel, novate, terminate, settle, commute, amend, or otherwise modify the terms of an existing reinsurance agreement"" are considered reinsurance agreements. This is clearly a novation of an existing reinsurance contract, thus qualifying as a reinsurance agreement.

However, this document is not a main contract; it is an ancillary agreement because it does not establish a new reinsurance contract but rather modifies the parties to an existing one (novation). It assumes the terms of the original contract, which remains unchanged in all other respects.

Because it is an ancillary agreement modifying an existing contract, it is not a full reinsurance contract on its own. Therefore, downstream fields such as is_obligatory, proportional_or_non_proportional, insurance_type, and class_of_business cannot be determined from this document alone, as they pertain to the nature of the main contract, not the novation. Although Exhibit A references an ""Excess of Loss Reinsurance Agreement"" (which would be non-proportional, Non-Life, likely Casualty or Specialty), the novation document itself does not contain sufficient detail to independently classify those attributes, and the task requires assessment based on the document provided, not solely on referenced exhibits.

Thus, while the underlying contract is reinsurance, this document is ancillary and not self-contained as a main contract.",True,,,,,
2006-1297568-0000950137-06-002589-c02975exv10w1w49.htm,"The document is a Partner Agent Program Agreement between Specialty Underwriters' Alliance, Inc. (the ""Company"") and American Patriot Insurance Agency, Inc. (the ""Partner Agent""). It outlines the terms under which the Partner Agent will solicit, bind, and service commercial lines insurance policies on behalf of the Company. The agreement details the Partner Agent's responsibilities, including underwriting, premium collection, claims reporting, and compliance with Company guidelines. It also specifies compensation through commissions and profit sharing.

Crucially, Section I.H explicitly states: ""Partner Agent has no authority to solicit, negotiate or place any reinsurance on behalf of Company."" This confirms the document does not involve reinsurance.

The agreement is between an insurer and an agency for the distribution of direct insurance (specifically commercial general liability and commercial auto for roofing contractors), not for the transfer of risk between insurers. The presence of terms like ""ceded facultative reinsurance"" in Exhibit B refers to the underlying insurance program’s reinsurance activities, not the nature of this agreement itself. This agreement governs agency operations, not reinsurance.

Therefore, this is not a reinsurance agreement, but rather an underwriting agency agreement for direct insurance business.",False,,,,,
2006-743532-0001193125-06-228357-dex101.htm,"The document is a ""Plan of Conversion"" for Virginia Mutual Insurance Company (VMIC), detailing its conversion from a mutual insurance company to a stock insurance company through a statutory merger with a subsidiary of Alfa Corporation. The primary purpose of the document is to outline the corporate restructuring, including the merger, the distribution of cash consideration to policyholders in exchange for their membership interests, and the subsequent ownership of VMIC by Alfa Corp.

The document mentions a ""Quota Share Reinsurance Treaty"" (referred to as the ""Quota Share Agreement"") between VMIC and Alfa Mutual Fire Insurance Company, which is noted to continue until the end of 2006 and is expected to be replaced by VMIC's participation in Alfa's reinsurance pooling arrangement. However, this reinsurance agreement is only referenced in the context of existing arrangements that will be superseded after the conversion. The Plan of Conversion itself does not establish, amend, or modify the terms of a reinsurance contract. Instead, it is a corporate transaction document focused on demutualization and acquisition.

Therefore, while reinsurance is mentioned, the document is not itself a reinsurance agreement or an ancillary document that modifies such an agreement. It is a corporate conversion plan governed by Virginia insurance law, involving a merger and capital restructuring, not a risk transfer agreement between insurers.",False,,,,,
2006-911576-0001193125-06-119270-dex1025.htm,"The provided document is a Stock Purchase Agreement between Vesta Insurance Group, Inc., Vesta Fire Insurance Corporation (the Sellers), and New Affirmative LLC (the Purchaser), dated as of June 14, 2005. The agreement outlines the purchase and sale of shares of common stock in Affirmative Insurance Holdings, Inc. The document includes standard representations, warranties, covenants, conditions, and other provisions typical of a stock purchase transaction.

Although the document references ""Reinsurance Contracts"" in Section 3.5 and related financial obligations in Sections 6.3(h) and 6.3(i), these are mentioned only in the context of existing agreements between the Sellers and the Company (Affirmative Insurance Holdings, Inc.). The agreement itself does not establish, modify, or renew any reinsurance contract. Instead, it governs the transfer of equity ownership and includes ancillary provisions related to regulatory approvals, indemnification, and closing conditions.

Therefore, the document is not a reinsurance agreement, nor does it function as a main or ancillary reinsurance contract. It is a corporate transaction agreement for the sale of stock, which falls outside the defined scope of reinsurance agreements.",False,,,,,
2006-1091748-0001125282-06-001680-b412207ex10_6.htm,"The document is titled ""PROPERTY CATASTROPHE EXCESS OF LOSS REINSURANCE AGREEMENT"" and is between two reinsurance companies, PXRE Reinsurance Ltd. (the Company) and PXRE Reinsurance Company (the Reinsurer). It clearly establishes a reinsurance arrangement where the Reinsurer agrees to indemnify the Company for excess liabilities arising from its reinsurance business, specifically for losses exceeding $110,000,000 per loss occurrence, up to a limit of $100,000,000 per occurrence. This structure is characteristic of a non-proportional reinsurance agreement, specifically an excess of loss (XOL) treaty.

The agreement includes standard reinsurance provisions such as definitions of ""Ultimate Net Loss,"" ""Loss Occurrence,"" premium calculations, reporting obligations, arbitration, and insolvency clauses. It also explicitly supersedes and replaces a prior reinsurance agreement, indicating it is a full and comprehensive contract. The document is not an ancillary agreement like an endorsement or amendment, but rather a full reinsurance contract that establishes the principal terms of the risk transfer.

The coverage is focused on property catastrophe risks, which falls under Non-Life insurance. The class of business is clearly Property, given the nature of the perils covered (e.g., windstorms, earthquakes, fire, freeze) and the territorial scope tied to property contracts.

Since the agreement covers all losses from qualifying catastrophe events across the Company's portfolio (not specific named risks), it is an obligatory reinsurance treaty. The structure is non-proportional, as it provides coverage for losses in excess of a retention, not a proportional share of all risks.",True,True,True,non-proportional,Non-Life,Property
2006-1355795-0000950123-06-013603-y26433exv10w48w3.txt,"The document is a Trust Agreement established among Darwin National Assurance Company (Grantor), Platte River Insurance Company (Beneficiary), and The Bank of New York (Trustee). Its purpose is to secure payments owed by the Grantor to the Beneficiary under existing reinsurance agreements, as referenced in the recitals and Exhibit A. The Trust Agreement itself does not establish the terms of reinsurance coverage, risk transfer, or ceding of insurance liabilities; instead, it governs the deposit, management, and withdrawal of collateral assets to secure obligations arising from reinsurance contracts listed in Exhibit A.

Because the document serves as a security arrangement (a trust to collateralize reinsurance obligations) and not as an agreement to transfer insurance risk, it does not meet the definition of a reinsurance agreement. It is ancillary to the actual reinsurance contracts. Therefore, it is not a reinsurance agreement under the provided classification criteria, even though it references and supports reinsurance agreements.

Since it is not a reinsurance agreement, the downstream fields (is_main_contract, is_obligatory, etc.) must be set to None.",False,,,,,
2006-1339553-0000950144-06-003063-g00536exv10w28.txt,"The document is a contract between the Centers for Medicare & Medicaid Services (CMS) and HealthSpring, Inc. to operate a Voluntary Medicare Prescription Drug Plan (PDP) under the Medicare Part D program. It outlines the responsibilities of the PDP Sponsor in providing prescription drug benefits to Medicare beneficiaries, including enrollment, benefit provision, compliance, reporting, and coordination with other programs. The agreement is governed by federal regulations (42 CFR Part 423) and is focused on direct provision of healthcare benefits to individuals.

This is a direct insurance-type arrangement between a government agency and a private entity to deliver prescription drug coverage to Medicare beneficiaries. It does not involve the transfer of insurance risk from one insurer to another, which is the hallmark of reinsurance. Instead, it establishes a direct service and payment relationship for healthcare benefits.

Therefore, this document is not a reinsurance agreement. It is a direct healthcare service contract or a government-sponsored insurance contract, but not reinsurance. As such, all subsequent classification fields that depend on the document being a reinsurance agreement must be set to 'None'.",False,,,,,
2006-811612-0000950156-06-000352-ex-1043.htm,"The document is titled ""PROPERTY CATASTROPHE EXCESS OF LOSS REINSURANCE CONTRACT"" and clearly establishes a reinsurance agreement between The Commerce Insurance Company (and affiliates) and a subscribing reinsurer, administered by Holborn Corporation. It includes standard reinsurance clauses such as indemnification, business covered, net retained liability, ultimate net loss, and multiple exhibits defining layers of excess of loss coverage. This confirms it as a reinsurance agreement.

The document contains five exhibits (A through E), each outlining a layer of excess of loss reinsurance with specific retentions, limits, premiums, and reinstatement provisions. The structure and language indicate that this is a full, stand-alone reinsurance contract, not merely an amendment or ancillary document. Therefore, it qualifies as a main contract.

The contract covers all property business (e.g., Fire, Homeowners, Inland Marine) written by the company, which is automatically reinsured under the treaty terms. This is characteristic of an obligatory reinsurance treaty, where the ceding company is obligated to cede and the reinsurer is obligated to accept the specified risks.

The contract is structured as an excess of loss treaty across five layers, where the reinsurer covers 100% of losses above specified retentions up to defined limits. This is a non-proportional form of reinsurance, as the reinsurer does not share a fixed percentage of all risks but only covers losses above thresholds.

The business covered is explicitly Property insurance (e.g., Fire, Homeowners, Inland Marine), which falls under Non-Life insurance. Therefore, the insurance type is Non-Life and the class of business is Property.",True,True,True,non-proportional,Non-Life,Property
2006-1064863-0000950133-06-000979-w17973exv10w32w5.txt,"The document is Amendment 10 to an agreement between the Health & Human Services Commission (HHSC) of Texas and Amerigroup Texas, Inc. for health services under the Medicaid STAR+PLUS Program. This is clearly a direct healthcare services contract between a state agency and a health maintenance organization (HMO), not a reinsurance agreement.

Key indicators that this is not a reinsurance agreement:
1. It's structured as a government healthcare contract where HHSC pays capitation rates to Amerigroup for providing healthcare services to Medicaid beneficiaries
2. The document contains provisions about member services requirements, reporting requirements, payment provisions, and scope of healthcare services
3. While there are references to ""reinsurance"" in the reporting templates (e.g., Part 4, Line 11 mentions ""Reinsurance Premiums""), these are merely accounting categories for the HMO to report any reinsurance it might have purchased for its own risk protection - they don't make this document itself a reinsurance agreement
4. The document explicitly states it's for ""HEALTH SERVICES TO THE MEDICAID STAR+PLUS PROGRAM""

The document falls under the category of ""Insurance policies and other direct insurance contracts"" which are specifically excluded from being considered reinsurance agreements per the provided definitions. It's a direct healthcare services contract between a government entity and a healthcare provider, not an agreement between insurance companies to transfer risk.

Since this is not a reinsurance agreement at all, all subsequent fields related to reinsurance characteristics should be set to None.",False,,,,,
2006-1179929-0001193125-06-165652-dex101.htm,"The document is a contract amendment between the Utah Department of Health and Molina Healthcare of Utah. It extends the contract period, increases the contract amount, and updates the payment methodology. The contract pertains to the provision of health plan services, including various medical services, to Medicaid enrollees. The payment structure is described as ""non-risk,"" where the state's payments to Molina are based on the amount Medicaid would have paid for services on a fee-for-service basis, with an additional 9% add-on for administrative costs and profit. This is a direct agreement for the provision of healthcare services, not for the transfer of insurance risk from one insurer to another. The document outlines covered services, payment terms, compliance requirements, and quality assurance measures, all of which are characteristic of a direct healthcare services contract, not a reinsurance agreement. Therefore, it is not a reinsurance agreement.",False,,,,,
2006-1294632-0000950144-06-001050-g99523exv10w2.txt,"The document is Amendment No. 12 to a contract between the Arizona Health Care Cost Containment System (AHCCCS) and Health Choice Arizona, a healthcare provider. It primarily addresses changes to capitation rates, network management requirements, Medicare-related coverage changes (especially regarding Medicare Part D), and administrative provisions. Although the document references ""reinsurance"" in Section D, Paragraph 57—specifically discussing the audit process for reinsurance payments—it does so in the context of modifying audit procedures for a healthcare services contract, not establishing or modifying a reinsurance agreement. The term ""reinsurance"" here appears to refer to risk-sharing mechanisms within a managed care or Medicaid context, but the overall nature of the document is that of a government healthcare services contract amendment, not a reinsurance or retrocession agreement. The parties involved are a state healthcare agency and a managed care organization, not insurers or reinsurers transferring risk between them. Therefore, this is not a reinsurance agreement.",False,,,,,
2006-1289592-0001157523-06-008047-a5201679ex10_11.txt,"The document is a Novation and Transfer Agreement involving a reinsurance contract. It explicitly refers to a prior ""Reinsurance Agreement"" (Quota Share Reinsurance Agreement AR 15439) between Virginia Surety Company, Inc. and PXRE Reinsurance Company, and states that Tower Insurance Company of New York is being substituted as the reinsurer in place of PXRE for 100% of PXRE's share. The agreement effects a full novation of the existing reinsurance contract, which qualifies it as a document that modifies an existing reinsurance agreement. According to the classification guidelines, all documents that novate or otherwise modify the terms of an existing reinsurance agreement are considered reinsurance agreements. Therefore, this document is a reinsurance agreement.

However, this document is not a main contract because it does not establish a new reinsurance contract. Instead, it is a novation agreement that transfers obligations from one reinsurer (PXRE) to another (Tower). It is an ancillary agreement modifying an existing reinsurance contract. Thus, it is not a main contract.

Because it is a novation of an existing reinsurance contract and not the full reinsurance contract itself, the attributes ""is_obligatory"", ""proportional_or_non_proportional"", ""insurance_type"", and ""class_of_business"" cannot be determined from this document alone, even though the underlying contract is described as a ""Quota Share Reinsurance Agreement"" in Exhibit A. The novation agreement itself does not contain the full terms of the reinsurance contract, so these fields must be marked as None.",True,False,,,,
2006-1046578-0000950144-06-002081-g99679exv10w30.htm,"The document is a Credit Agreement between Technical Olympic USA, Inc., as the Borrower, and various financial institutions as Lenders and Issuers, with Citicorp North America, Inc. acting as the Administrative Agent. The agreement details a revolving credit facility of $800,000,000, including provisions for loans, swing loans, and letters of credit. It outlines the terms for borrowing, interest rates, repayment, covenants, and events of default.

The document does not contain any language or provisions related to the transfer of insurance risk from one insurer to another, which is the defining characteristic of a reinsurance agreement. Instead, it is a standard credit facility agreement, which falls under the category of financial guarantees and credit instruments. According to the provided guidelines, such documents are explicitly NOT considered reinsurance agreements.

Therefore, since the document is not a reinsurance agreement, all subsequent fields that depend on it being a reinsurance contract are marked as None.",False,,,,,
2006-1091748-0001125282-06-001680-b412207ex10_5.htm,"The document is titled ""PROPERTY CATASTROPHE EXCESS OF LOSS REINSURANCE AGREEMENT"" and is explicitly structured as a reinsurance contract between PXRE Reinsurance Ltd. (the Company) and PXRE Reinsurance Company (the Reinsurer). It outlines the terms under which the Reinsurer will indemnify the Company for excess liabilities arising from its reinsurance business, specifically covering losses from catastrophe events. This fits the definition of a non-proportional reinsurance agreement, specifically an Excess of Loss (XOL) treaty, which is listed as a reinsurance agreement in the provided criteria.

The document establishes the full terms of the reinsurance arrangement, including coverage, limits, premiums, exclusions, reinstatement, definitions, and other contractual obligations. It is not merely an amendment or ancillary document but a complete and self-contained reinsurance contract. Therefore, it qualifies as a main contract.

The agreement covers all losses arising from property catastrophe events across the Company’s portfolio during the term, without requiring individual underwriting approval for each risk. This indicates it is an obligatory reinsurance treaty, as it automatically covers all qualifying risks written by the Company.

The structure of the agreement—providing coverage for losses in excess of a retention up to a specified limit per loss occurrence—is characteristic of non-proportional reinsurance. There are no proportional elements such as quota share or surplus terms present.

The subject matter is clearly property catastrophe risk, which falls under Non-Life insurance. The class of business is Property, as the agreement specifically reinsures property losses arising from catastrophic events.

All key elements confirm this is a full, main, obligatory, non-proportional reinsurance agreement for Property risks under Non-Life insurance.",True,True,True,non-proportional,Non-Life,Property
2006-1289592-0001157523-06-008047-a5201679ex10_8.txt,"The document is a Novation and Transfer Agreement involving a reinsurance contract. It explicitly references a ""Reinsurance Agreement"" between Virginia Surety Company, Inc. and PXRE Reinsurance Company, which is listed in Exhibit A along with its addenda. The current document effects a novation, substituting Tower Insurance Company of New York as the reinsurer in place of PXRE for 100% of PXRE's share of the original reinsurance contract. According to the classification guidelines, documents that novate or otherwise modify the terms of an existing reinsurance agreement are considered reinsurance agreements. Therefore, this document qualifies as a reinsurance agreement.

However, this document is not a main contract; it is a novation agreement, which is explicitly categorized as an ancillary agreement (e.g., novation) that modifies an existing reinsurance contract. It does not establish a new reinsurance contract but transfers obligations under an existing one.

Because it is a novation of an existing reinsurance agreement and not a full standalone reinsurance contract, attributes such as whether it is obligatory, proportional or non-proportional, insurance type, and class of business must be inferred from the underlying contract. The underlying contract is a ""Quota Share Reinsurance Agreement,"" which is a form of proportional reinsurance. Quota Share agreements are inherently proportional as they involve sharing premiums and losses by a fixed percentage.

The underlying Quota Share agreement is between a surety company and a reinsurer. Surety lines are typically classified under Casualty insurance. Casualty insurance includes surety, liability, and other similar lines. Therefore, the class of business is Casualty.

Since the document itself is ancillary (a novation), but the underlying contract is a proportional, obligatory treaty (quota share), and pertains to Non-Life (Casualty) insurance, these attributes can be reasonably inferred.",True,False,True,proportional,Non-Life,Casualty
2006-866873-0001193125-06-144271-dex1068.htm,"The document is the Del Monte Corporation Executive Medical Reimbursement Plan, which provides group health care benefits to certain executives and former executives. It outlines the plan structure, eligibility, benefits, and administrative provisions. The plan operates as a welfare benefit plan under ERISA and supplements health benefits provided under other group health plans by covering deductibles, co-pays, and annual limits.

The document is not a reinsurance agreement. It is a direct insurance or self-insured welfare benefit plan for employees, specifically a medical reimbursement plan. It does not involve the transfer of insurance risk from one insurer to another, which is the hallmark of reinsurance. Instead, it details how the company provides health benefits directly to its executives.

Because it is not a reinsurance agreement, the remaining classification fields (is_main_contract, is_obligatory, proportional_or_non_proportional, insurance_type, class_of_business) are not applicable and should be set to None.",False,,,,,
2006-1063980-0001063980-06-000037-ex10_1.htm,"The provided document is a ""THIRD AMENDED AND RESTATED CREDIT AGREEMENT"" dated September 8, 2006, among Clark Consulting, Inc., JPMorgan Chase Bank, and other financial institutions. This document outlines a credit agreement involving commitments for loans, interest rates, fees, and other financial terms between the borrower and the lenders. It includes provisions for revolving loans, swing line loans, and letters of credit, along with covenants, representations, and warranties.

The document does not contain any elements of a reinsurance agreement. Reinsurance agreements typically involve the transfer of risk from one insurer (the ceding company) to another (the reinsurer). This document is purely a financial instrument related to credit and lending, with no mention of insurance or reinsurance activities, risk transfer, or any related clauses.

Therefore, based on the content and structure of the document, it is clear that this is not a reinsurance agreement but rather a credit agreement.",False,,,,,
2006-875159-0000930413-06-007751-c44996_ex10-2.txt,"The document is an employment agreement between XL Capital Ltd and James H. Veghte, outlining the terms and conditions of his employment as Chief Executive Officer - Reinsurance General Operations. It includes details on compensation, benefits, termination, non-compete clauses, confidentiality, and other employment-related provisions. While the executive's role involves reinsurance operations, the document itself is not a reinsurance agreement. It does not establish any risk transfer arrangement between insurers or reinsurers, nor does it contain terms typical of reinsurance contracts such as ceding commissions, loss sharing, or coverage limits. Instead, it governs the employment relationship, making it a standard executive employment contract.",False,,,,,
2006-20171-0000950123-06-005830-y20073exv10w4.txt,"The document is a Restricted Stock Unit Agreement between The Chubb Corporation and a participant under the company's Long-Term Stock Incentive Plan (2004). It outlines the terms of an equity-based compensation award, including vesting conditions, settlement in shares, dividend equivalents, and restrictive covenants related to employment. The document is clearly a corporate compensation agreement and not a risk transfer agreement.

Although the company (Chubb) is an insurer and the term ""reinsurance"" appears in the definition of ""Competitive Business"" within the non-compete clause, this is merely descriptive and reflects the nature of the company’s business. The document itself does not establish or modify any reinsurance contract. It does not involve the transfer of insurance risk, define treaty terms, or relate to any reinsurance or retrocession arrangement.

Therefore, this document is not a reinsurance agreement or any type of insurance contract. It is a stock incentive agreement, which falls outside the scope of reinsurance as defined in the instructions.",False,,,,,
2006-1064863-0000950133-06-000979-w17973exv10w32w8.txt,"The document is Amendment 14 to a contract between the Health & Human Services Commission (HHSC) of Texas and Amerigroup Texas, Inc., a health maintenance organization. The agreement pertains to health services for the Children's Health Insurance Program (CHIP). The document outlines changes to payment terms, cost-sharing, reporting requirements, and covered services, all related to direct healthcare delivery for children.

The document is clearly a direct insurance or managed care agreement, not a reinsurance agreement. It involves the state paying a health plan to provide medical services to children, which is a primary insurance arrangement. The document does not involve risk transfer between insurers.

The content focuses on premium payments, delivery supplemental payments, cost-sharing for members, scope of benefits, and reporting requirements—all hallmarks of a direct health insurance contract. The mention of ""reinsurance premiums"" in Appendix D is part of financial reporting and does not indicate that this document itself is a reinsurance agreement.

Therefore, this is not a reinsurance agreement but a direct healthcare services contract between a state agency and a health maintenance organization.",False,,,,,
2006-1013609-0001193125-06-061942-dex1088.htm,"The document is titled ""FIRST-THIRD EXCESS OF LOSS REINSURANCE CONTRACT"" and is explicitly structured as a reinsurance agreement between SCPIE Holdings, Inc. and/or its subsidiaries (the ""Company"") and one or more subscribing reinsurers (the ""Reinsurer""). The document outlines the terms under which the Reinsurer will reimburse the Company for losses exceeding certain retentions, which is a hallmark of a reinsurance arrangement. It contains standard reinsurance contract elements such as business covered, term, attachment of liability, exclusions, definitions (including ""Ultimate Net Loss""), premium calculations, reporting, loss settlements, commutation, arbitration, and governing law. The structure, language, and clauses (e.g., Excess of Loss layers in Exhibits A, B, and C) confirm this is a reinsurance treaty.

The document establishes the full reinsurance contract, including all principal terms such as retention, limit, premium, and conditions. It is not merely an amendment or ancillary document but the main contract itself, as evidenced by its comprehensive structure and the inclusion of exhibits that define the core financial terms.

The contract is an excess of loss agreement, which is a classic form of non-proportional reinsurance. It does not involve sharing a fixed percentage of premiums and losses (as in proportional reinsurance like Quota Share), but instead triggers only after the ceding company's losses exceed specified monetary retentions (e.g., $2M, $5M, $10M per loss event). This structure is definitively non-proportional.

The business covered, as listed in Article 1, includes professional liability for physicians, surgeons, hospitals, healthcare facilities, managed care organizations, and directors and officers. These are all forms of liability insurance related to medical and healthcare services, which fall under the Non-Life (property and casualty) insurance category. Specifically, this is most accurately classified as ""Health"" within the class of business, as it pertains to medical malpractice and healthcare-related professional liability.

Therefore, all classification criteria are met based on the document's content and structure.",True,True,True,non-proportional,Non-Life,Health
2006-1352713-0000950123-06-010371-y24108exv10w12.htm,"The document is a Restricted Share Unit Award Agreement under the RAM Holdings Ltd. 2006 Equity Plan. It outlines the terms of a grant of restricted share units (RSUs) to an employee, including vesting conditions, settlement procedures, and other provisions related to equity compensation. This is an employment-related equity incentive agreement and does not involve the transfer of insurance risk between insurers and reinsurers.

The document does not reference any reinsurance or retrocession agreement, nor does it contain terms typical of reinsurance contracts such as ceding of risk, premiums, coverage limits, or reinsurance clauses. Instead, it pertains to employee compensation through company shares.

Therefore, this document is not a reinsurance agreement. As a result, all subsequent classification fields related to reinsurance characteristics (main contract, obligatory, proportional, insurance type, class of business) are not applicable and should be set to None.",False,,,,,
2006-1330622-0001193125-06-172681-dex1011.htm,"The document provided is a Second Mezzanine Loan Agreement between 415 Greenwich Mezzanine Owner LLC (Borrower) and AIG Mortgage Capital, LLC (Lender). This agreement outlines the terms and conditions for a loan, including the loan amount, interest rates, repayment terms, and various covenants and representations. The document is clearly a loan agreement, which is a financial instrument used to provide funds to the borrower for a specific purpose, in this case, the construction and renovation of a property.

The key points that indicate this is a loan agreement and not a reinsurance agreement are:
1. The document is titled ""Second Mezzanine Loan Agreement.""
2. It involves a borrower and a lender, with the lender providing a loan to the borrower.
3. The loan is to be used for the construction and renovation of a property, as specified in the ""Use of Proceeds"" section.
4. The agreement includes detailed terms for interest rates, repayment, and conditions for disbursement of funds.
5. The document includes provisions for security interests, collateral, and default remedies, which are typical in loan agreements.

Reinsurance agreements, on the other hand, are contracts between insurance companies where one company (the reinsurer) agrees to cover part of the risk of another company (the ceding company). These agreements are designed to manage risk and are not financial instruments for funding construction projects.

Given the nature of the document and its content, it is clear that this is a loan agreement and not a reinsurance agreement.",False,,,,,
2006-929186-0000914760-06-000190-f73847_10qx.htm,"The document is a Credit Agreement between First Mercury Financial Corporation and JPMorgan Chase Bank, N.A. It outlines the terms for a loan, including the commitment, borrowing procedures, repayment, interest, covenants, and default provisions. The document primarily details a financial arrangement involving a lender providing a credit facility to a borrower, which is a typical loan agreement. It includes provisions for advances, interest rates, fees, and guarantees from subsidiaries. The reference to reinsurance in Section 2.12(j) is about satisfying the lender regarding the reinsurance arrangements of the company's subsidiaries, not about the document itself being a reinsurance agreement. The document does not establish a reinsurance or retrocession contract. It is fundamentally a loan and credit facility agreement, which falls under the category of credit instruments. Therefore, it is not a reinsurance agreement as per the provided definitions.",False,,,,,
2006-915781-0000950134-06-006265-c03761exv10w11.htm,"The document is titled ""Certificate of Reinsurance"" and explicitly refers to the ""Agreement of Reinsurance"" between the Workers' Compensation Reinsurance Association (WCRA) and RTW Inc. It confirms that WCRA reinsures the members' liability for workers' compensation benefits in excess of a specified retention limit, which is a hallmark of a reinsurance arrangement. The reference to Minn. Stat. Ch. 176 (Minnesota workers' compensation law) and the structure of coverage above a retention point indicates this is a non-proportional reinsurance mechanism. WCRA is a government insurance scheme that functions similarly to a reinsurance pool, transferring risk from primary insurers (members) to the association—this qualifies as a reinsurance agreement under the provided definition. The document is a certificate issued under a broader reinsurance agreement approved by the Commissioner, suggesting it is not the full main contract but rather a confirmation or evidence of participation in the agreement. Therefore, it is ancillary. The agreement covers workers' compensation, which is a type of casualty insurance under non-life, and is clearly non-proportional as it covers excess liability above a retention. The reinsurance is obligatory for members, as such associations typically require participation as a condition of membership and provide automatic risk transfer for all qualifying policies in the portfolio. Thus, it is an obligatory treaty.",True,,True,non-proportional,Non-Life,Casualty
2006-1001604-0001001604-06-000091-ex10871loanagreemntarborplac.htm,"The provided document is a Loan Agreement for a loan of $8,000,000 from General Electric Capital Corporation to ESC-ARBOR PLACE, LLC, secured by an assisted living facility named Arbor Place. The agreement outlines the terms of the loan, including disbursement, interest rates, payment schedules, maturity, prepayment conditions, and various covenants and representations. It also includes provisions for insurance, leasing, financial reporting, and events of default. The document is clearly a financial agreement involving a loan and does not contain any elements of risk transfer from an insurer to a reinsurer. According to the provided criteria, reinsurance agreements include reinsurance and retrocession contracts, and other documents that fulfill a risk transfer objective similar to standard reinsurance. The document in question is a loan agreement, which is explicitly listed as not being a reinsurance agreement. Therefore, it is not a reinsurance agreement, and none of the subsequent fields related to reinsurance characteristics are applicable.",False,,,,,
2006-740125-0001193125-06-015716-dex10b.htm,"The document is a Stock Purchase Agreement between Overseas Partners Ltd. (Seller) and Catalina Holdings Ltd. (Buyer) for the sale of all issued shares of Overseas Partners Re Ltd., which owns all the shares of Overseas Partners Assurance Ltd. The agreement outlines the terms for the purchase and sale of stock, including representations, warranties, covenants, indemnification, and closing conditions. It does not establish a reinsurance contract or any risk transfer arrangement between insurers and reinsurers. Instead, it is a corporate transaction involving the acquisition of an insurance company and its subsidiary. As such, it is not a reinsurance agreement but a stock purchase agreement. Therefore, all subsequent fields related to reinsurance classification are not applicable.",False,,,,,
2006-1299969-0000950133-06-003673-w23939exv10w3.htm,"The document is a Credit Agreement between Wachovia Bank and Comstock Homebuilding Companies, Inc., joined by guarantors, for a $40,000,000 senior secured revolving credit facility. It outlines the terms for advances, interest, repayment, security (including deeds of trust and financing statements), covenants, default provisions, and other loan-related conditions. The agreement is clearly a financial loan arrangement secured by real estate projects and does not involve the transfer of insurance risk between insurers or reinsurers.

The document does not mention reinsurance, retrocession, risk transfer from insurance policies, or any insurance-related terms beyond standard property and liability insurance required as a condition of the loan. It is not a reinsurance agreement or any of the listed types of reinsurance contracts (e.g., retrocession, RPP, catastrophe bonds, pooling agreements, etc.). Instead, it is a standard credit facility for a homebuilding company, which falls under the category of a loan or credit instrument.

Therefore, it is not a reinsurance agreement, nor is it an ancillary document to one. It is a direct financial instrument and is explicitly listed in the exclusions: ""Bonds, loans and credit instruments except for Catastrophe Bonds and other Insurance Linked Securities as described above.""

Since it is not a reinsurance agreement, all downstream fields (is_main_contract, is_obligatory, etc.) must be set to None as per instructions.",False,,,,,
2006-96223-0000096223-06-000095-mv8-1ex10_7.txt,"The document is a ""CREDIT AGREEMENT"" between Leucadia National Corporation, various Lenders, and JPMorgan Chase Bank as the Administrative Agent. It outlines the terms for a credit facility, including commitments, loans, interest rates, fees, covenants, and events of default. The document is clearly a financial credit agreement and not a reinsurance contract. It does not contain any terms related to the transfer of insurance risk, premiums, coverage, or any other elements typical of a reinsurance agreement. Instead, it pertains to corporate borrowing and lending, making it a standard loan agreement.",False,,,,,
2006-1358164-0000930413-06-006737-c44219_ex10-1.txt,"The document is a Transition Agreement among XL Capital Ltd, XL Insurance (Bermuda) Ltd, X.L. America, Inc., and Security Capital Assurance Ltd. Its primary purpose is to govern the transition of SCA to a public company following a Public Offering, including corporate governance, information sharing, indemnification, and other administrative and structural arrangements between the parties. It outlines representations, warranties, covenants, and ongoing obligations related to the separation and post-Closing relationship.

While the document references several reinsurance agreements in Annex 3.1 (such as the Facultative Quota Share Reinsurance Treaty and Excess of Loss Reinsurance Agreement), these are listed as ancillary agreements and are not the main subject of this document. The Transition Agreement itself does not establish a reinsurance contract; rather, it is a corporate restructuring and governance agreement.

Therefore, although reinsurance agreements are mentioned as part of the broader transaction, this specific document is not itself a reinsurance agreement. It does not transfer insurance risk, define ceding and assuming terms, or establish premium or coverage terms for risk transfer. Instead, it governs the separation and ongoing relationship between the entities, including access to information, indemnification, and voting rights.",False,,,,,
2006-909109-0000893220-06-002390-w26495exv10w10.txt,"The document is a ""Reimbursement Contract"" between Liberty American Select Insurance Company and the State Board of Administration of Florida, which administers the Florida Hurricane Catastrophe Fund (FHCF). The FHCF is a government insurance scheme designed to provide reimbursement to insurers for hurricane-related losses in Florida. According to the provided classification rules, ""Insurance pooling agreements and government insurance schemes that fulfill a risk transfer objective similar to standard reinsurance, like the FHCF, NFIP, CEA in the US"" are considered reinsurance agreements.

The contract outlines the terms under which the FHCF will reimburse the insurer for ""Ultimate Net Loss on Covered Policies in excess of the Company's Retention"" resulting from a hurricane loss occurrence. This constitutes a transfer of insurance risk from the insurer to a centralized fund, which is the fundamental mechanism of reinsurance.

The contract establishes the full terms of the reinsurance agreement, including scope, definitions, exclusions, reporting requirements, and payment terms. It is not merely an ancillary agreement like an endorsement or addendum; it is the main contract governing the relationship.

The contract is obligatory because it automatically covers all qualifying hurricane losses from the insurer's portfolio of Covered Policies, as defined in the contract. It is not facultative, where each risk is considered individually.

The contract is non-proportional. The insurer is reimbursed for losses in excess of a specified retention (a deductible), which is a characteristic of non-proportional (specifically, excess of loss) reinsurance. The reimbursement is a percentage (45%, 75%, or 90%) of the loss amount above the retention, not a fixed share of all premiums and losses.

The insurance type is Non-Life. The contract covers property damage from hurricanes to residential structures and their contents, which falls under Property insurance, a Non-Life product.

The class of business is Property. The contract explicitly defines ""Covered Policies"" as those insuring ""real or personal property located in the State of Florida"" and ""Residential Structures."" The exclusions further confirm this by listing specific property types that are not covered.",True,True,True,non-proportional,Non-Life,Property
2006-77776-0000950123-06-014446-y26027exv10w47.htm,"The document is an ""Amended and Restated Competitive Advance and Revolving Credit Agreement."" It is a credit agreement between PHH Corporation (the Borrower), PHH Vehicle Management Services Inc. (the Canadian Subsidiary Borrower), several lenders, and JPMorgan Chase Bank, N.A. (the Administrative Agent). The document details the terms of a $1.3 billion credit facility, including the commitments of the lenders, the process for making loans, the use of proceeds, fees, interest rates, representations and warranties, covenants, and events of default. It is fundamentally a loan agreement, a type of financial instrument that provides a company with access to capital.

The document does not contain any language related to insurance or risk transfer between insurers and reinsurers. It does not mention reinsurance treaties, retrocession agreements, ceding commissions, or any other standard reinsurance terminology. Instead, it discusses loans, interest payments, collateral, and credit ratings. The lenders are providing capital in exchange for interest, not assuming insurance risk. Therefore, this document is not a reinsurance agreement or any of the specified ancillary documents related to reinsurance.",False,,,,,
2006-1013609-0001193125-06-061942-dex1083.htm,"The document is titled ""FIRST-THIRD EXCESS OF LOSS REINSURANCE CONTRACT"" and explicitly establishes a reinsurance agreement between SCPIE Holdings, Inc. and/or its subsidiaries (the ""Company"") and subscribing reinsurers. It outlines the terms under which the Reinsurer will reimburse the Company for Ultimate Net Losses arising from specific classes of insurance, such as physicians' professional liability, hospital liability, and directors' and officers' liability, subject to retentions and limits defined in Exhibits A, B, and C. This structure—where one insurer transfers risk to another insurer—is the hallmark of a reinsurance agreement.

The contract contains standard reinsurance provisions, including definitions of ""Ultimate Net Loss,"" attachment of liability, reporting and remittance obligations, exclusions (e.g., nuclear risks, war, terrorism), arbitration, and commutation. It also includes key financial terms such as deposit premiums, adjusted premiums based on earned premium income, contingent commissions, and reinstatement premiums. These are all typical of a full, standalone reinsurance treaty.

The document is not ancillary (e.g., an endorsement or addendum); rather, it establishes the primary terms of coverage across three layers of excess of loss protection. Therefore, it qualifies as a main reinsurance contract.

The structure is clearly non-proportional, as it provides excess of loss coverage with defined retentions and limits per loss and in the aggregate. There is no indication of proportional sharing of premiums or losses (e.g., quota share), and the use of terms like ""excess of loss,"" retention levels, and reinstatement premiums confirms this.

The classes of insurance covered—medical malpractice, hospital liability, D&O, E&O for healthcare organizations—are all within the realm of liability insurance, specifically related to healthcare providers. This falls under Non-Life (property and casualty) insurance, and more specifically under the ""Health"" class of business in a reinsurance context, as it pertains to medical professional liability.

The contract applies to all eligible risks within defined portfolios (e.g., all physicians' policies up to certain limits), not just individual named insureds. Therefore, it is an obligatory reinsurance agreement, where the ceding company must automatically cede and the reinsurer must accept all business that falls within the scope.

Thus, all classification criteria are met based on the document’s content.",True,True,True,non-proportional,Non-Life,Health
2006-949156-0000950124-06-001186-k02499exv10w40.txt,"The document is a Management Services Agreement between SAVERS PROPERTY AND CASUALTY INSURANCE COMPANY and MEADOWBROOK, INC. It outlines the provision of various operational services such as accounting, claims administration, underwriting support, reinsurance liaison, and investment management. However, it does not establish a reinsurance contract itself. Instead, it describes a service arrangement where the Manager (Meadowbrook, Inc.) provides administrative and operational support to the insurance company. 

Notably, while the agreement mentions that the Manager will ""seek to arrange for appropriate reinsurance"" and act as a liaison with reinsurers (Section 2.01.H), this does not constitute the formation of a reinsurance agreement. The document is an agency or service agreement, not a risk transfer agreement. 

According to the classification guidelines, documents such as Underwriting Agency Agreements and service agreements between insurance companies and management firms are explicitly excluded from being reinsurance agreements. Therefore, this document is not a reinsurance agreement.

Since it is not a reinsurance agreement, all subsequent reinsurance-specific fields (is_main_contract, is_obligatory, etc.) must be set to None.",False,,,,,
2006-1171500-0000950123-06-002417-y17915exv10w59.txt,"The document is titled ""EXCESS OF LOSS RETROCESSION AGREEMENT"" and is explicitly structured as a reinsurance contract between Platinum Re (UK) Limited (the retrocedant) and Platinum Underwriters Reinsurance, Inc. (the retrocessionaire). A retrocession agreement is a type of reinsurance agreement where a reinsurer (retrocedant) transfers part of the risk it has assumed to another reinsurer (retrocessionaire). This clearly falls within the defined scope of reinsurance agreements.

The agreement outlines key reinsurance terms such as business covered (Article 1), commencement and termination (Article 2), exclusions (Article 3), territory (Article 4), inuring reinsurance (Article 5), limit and retention (Article 6), reinstatement (Article 7), and premium (Article 8). These are all hallmarks of a main reinsurance contract. The document establishes the full terms of the retrocession arrangement, including liability limits ($50 million per occurrence, $100 million aggregate), retention ($35 million), and reinstatement provisions, indicating it is not merely an ancillary document like an endorsement or amendment.

The agreement is clearly non-proportional, as it is an excess of loss treaty where the retrocessionaire covers losses above a specified retention ($35 million) up to a certain limit. This structure is characteristic of non-proportional reinsurance.

The business covered includes perils such as wind, flood, earthquake, and earthquake fire expense insurance, which are property-related risks. The territory is limited to Europe and Japan. These are clearly non-life risks. The class of business is primarily Property, given the perils covered and the excess of loss structure commonly used in property reinsurance.

The agreement appears to be obligatory in nature as it covers ""all perils as assumed under the original contracts"" without specifying individual risks or requiring case-by-case acceptance, indicating it automatically covers the retrocedant's portfolio within the defined parameters.",True,True,True,non-proportional,Non-Life,Property
2006-911576-0001193125-06-119270-dex103.htm,"The document is an Attorney-in-Fact Agreement between Texas Select Lloyds Insurance Company and Select Insurance Services Inc. It appoints the latter as an agent to manage various aspects of the insurance business, including underwriting, claims administration, and marketing of fire and homeowners multi-peril insurance in Texas. While the document grants the Attorney-in-Fact authority to ""negotiate and bind a reinsurance program on behalf of the Company,"" this does not make the agreement itself a reinsurance contract. Instead, it is an agency agreement that delegates operational responsibilities for direct insurance activities.

According to the classification criteria, documents such as Underwriting Agency Agreements between reinsurance companies and agents are explicitly excluded from being considered reinsurance agreements. This is an underwriting agency agreement for a direct insurer (not a reinsurer), and thus falls squarely outside the definition of a reinsurance agreement.

Because the document is not a reinsurance agreement, all subsequent fields related to reinsurance (main contract, obligatory, proportional status, insurance type, class of business) must be set to None.",False,,,,,
2006-1097864-0001193125-06-036587-dex1025.htm,"The provided document is an Amended and Restated Credit Agreement between ON Semiconductor Corporation, Semiconductor Components Industries, LLC, the Lenders, and JPMorgan Chase Bank, N.A., as the Administrative Agent. The document outlines the terms for credit facilities, including commitments, loans, interest, fees, and other financial obligations. It is a financial agreement focused on lending and borrowing, not on risk transfer between insurance entities. The document does not contain any language or clauses related to reinsurance, retrocession, or any other form of risk transfer typical in reinsurance agreements. Therefore, it does not meet the criteria for being classified as a reinsurance agreement.",False,,,,,
2006-909109-0000893220-06-002390-w26495exv10w3.txt,"The document is a ""Casualty Excess of Loss Reinsurance Contract"" between Philadelphia Insurance Company and Employers Reinsurance Corporation, clearly establishing a reinsurance agreement. It indemnifies the Company for excess liability arising from casualty-related policies, confirming it as a reinsurance contract. The document contains comprehensive terms including coverage limits, premium calculations, loss definitions, and termination clauses, indicating it is a full and binding reinsurance contract.

It is a main contract because it is a complete reinsurance treaty with all principal terms, including business covered, term, limits, premium, and conditions. The attached Interests and Liabilities Agreement does not diminish its status as a main contract but rather supplements participation.

The contract is obligatory because it covers a defined portfolio of casualty business (e.g., General Liability, Umbrella, Professional Liability) on a treaty basis, automatically reinsuring eligible policies without case-by-case selection, which aligns with the definition of obligatory reinsurance.

The reinsurance is non-proportional because it provides coverage for losses in excess of a retention ($1 million or $2 million depending on the line), up to a specified limit ($10 million or $9 million), which is characteristic of an Excess of Loss treaty. There is no indication of proportional sharing of premiums or losses.

The insurance type is Non-Life because the underlying policies cover casualty, professional liability, and fidelity risks, which are non-life in nature.

The class of business is Casualty, as the contract explicitly covers ""Casualty, Fidelity, Professional Liability and/or Fiduciary Liability"" and specifies lines such as General Liability, Umbrella, and Directors & Officers, all of which fall under the Casualty category.",True,True,True,non-proportional,Non-Life,Casualty
2006-909109-0000893220-06-002390-w26495exv10w8.txt,"The document is titled ""SECOND AND THIRD EXCESS REINSTATEMENT PREMIUM PROTECTION REINSURANCE CONTRACT"" and explicitly states it is a reinsurance contract in both the title and the description. It indemnifies the ceding company for reinstatement premiums paid under an underlying excess catastrophe reinsurance contract, which is a standard feature of reinsurance protection. According to the classification guidelines, Reinstatement Premium Protection (RPP) contracts that refer to an underlying reinsurance contract are considered reinsurance agreements. Therefore, this document qualifies as a reinsurance agreement.

The document contains the full terms of the RPP contract, including coverage, premium, termination, arbitration, and other standard clauses. It also includes a Schedule A with specific financial terms and lists of subscribing reinsurers with their participations. This indicates it is a complete and standalone contract, not merely an amendment or ancillary document. Therefore, it is a main contract.

The contract provides protection for reinstatement premiums arising from an underlying excess catastrophe reinsurance treaty covering multiple policies (Florida-only property catastrophe exposures). It does not pertain to individual named insureds but instead covers a portfolio of risks automatically underwritten under the underlying treaty. This indicates it is an obligatory reinsurance agreement, as it supports a treaty contract.

The contract is non-proportional because it covers reinstatement premiums, which are typically associated with excess of loss (non-proportional) reinsurance. The underlying contract is described as a ""Second and Third Excess"" catastrophe reinsurance contract, which confirms its non-proportional nature. RPP contracts on non-proportional underlying contracts are themselves classified as non-proportional.

The underlying contract covers property catastrophe risks in Florida, which are property damage events caused by natural perils like hurricanes. This falls under Non-Life insurance. The class of business is Property, as it specifically relates to property damage from catastrophes.",True,True,True,non-proportional,Non-Life,Property
2006-874977-0001193125-06-052382-dex1045.htm,"The document is a Management Agreement between Midwest Security Insurance Company, State Automobile Mutual Insurance Company, and State Auto Property and Casualty Insurance Company. It outlines the provision of management and operational services by State Auto P&C to Midwest Security, including underwriting, claims handling, and reinsurance arrangement, but it does not itself establish a reinsurance contract. Instead, it refers to a separate ""Reinsurance Pooling Agreement"" for the allocation of insurance losses and expenses. 

This agreement is not a reinsurance agreement but rather an operational management and service agreement. It does not transfer risk between insurers in the manner of reinsurance. Rather, it governs how services are provided by one entity to another within an affiliated group. According to the classification rules, Underwriting Agency Agreements and management agreements between affiliated insurers are explicitly excluded from being reinsurance agreements.

Since it is not a reinsurance agreement, all downstream fields related to reinsurance characteristics (main contract, obligation, proportionality, insurance type, class of business) must be set to None.",False,,,,,
2006-926866-0001193125-06-228442-dex1011.htm,"The provided document is a Deed of Trust, Leasehold Deed of Trust, Assignment of Leases and Profits, Security Agreement, and Fixture Filing. This document is a legal instrument used to secure a loan by creating a lien on real property. The document outlines the terms of a loan of $47,400,000.00 from Capmark Bank to KPA RIMV LLC and KPA RIMV LESSEE LLC, secured by a hotel property located in San Diego County, California. The document includes provisions for the repayment of the loan, the maintenance of the property, insurance requirements, and the rights and remedies of the lender in the event of default. The document also includes provisions for the assignment of leases and profits, the creation of a security interest in personal property, and the establishment of escrow accounts for taxes and insurance.

The document is not a reinsurance agreement. It does not involve the transfer of risk from one insurance company to another. Instead, it is a loan agreement secured by real property. The document does not contain any provisions related to reinsurance, such as the transfer of insurance risk, the sharing of premiums, or the sharing of losses. The document is also not an ancillary agreement to a reinsurance contract. It is a standalone loan agreement.

The document is a main contract in the context of a loan agreement, as it establishes the terms of the loan and the security for the loan. However, since it is not a reinsurance agreement, the question of whether it is a main contract in the context of reinsurance is not applicable.

The document is not an obligatory reinsurance agreement, as it is not a reinsurance agreement at all. The document does not involve the transfer of risk from one insurance company to another, and it does not contain any provisions related to reinsurance.

The document is not a proportional or non-proportional reinsurance agreement, as it is not a reinsurance agreement at all. The document is a loan agreement secured by real property, and it does not contain any provisions related to reinsurance.

The document does not pertain to life or non-life insurance, as it is not an insurance or reinsurance agreement. The document is a loan agreement secured by real property, and it does not contain any provisions related to insurance.

The document does not pertain to any class of business related to insurance, as it is not an insurance or reinsurance agreement. The document is a loan agreement secured by real property, and it does not contain any provisions related to insurance.",False,,,,,
2006-1106773-0001104659-06-069332-a06-21877_1ex10d2.htm,"The provided document is a Credit Agreement dated September 18, 2006, between Sciele Pharma, Inc., Sciele Pharma Cayman Ltd., other guarantors, lenders, and UBS AG, Stamford Branch, as administrative and collateral agent. The agreement outlines the terms for a $100,000,000 credit facility, including revolving loans, swingline loans, and letters of credit. It details the obligations of the borrowers, the rights of the lenders, and various covenants, representations, and conditions precedent. The document does not pertain to any form of reinsurance agreement, such as retrocession, reinsurance to close, or catastrophe bonds. Instead, it is a standard credit agreement involving the lending of money and the establishment of security interests in collateral. Therefore, it is not a reinsurance agreement.",False,,,,,
2006-1039828-0001104659-06-032241-a06-9193_1ex10d24.htm,"The document is titled ""Amendment II TO THE REINSURANCE AGREEMENT"" and explicitly refers to modifying an existing ""Automatic YRT Reinsurance Agreement"" effective October 1, 2005. This confirms it is a reinsurance agreement, as amendments to reinsurance agreements are included in the definition. The amendment adjusts the Reinsurer's and Company's shares to 47% and 53%, respectively, indicating a proportional risk-sharing arrangement. However, YRT (Yearly Renewable Term) reinsurance is typically non-proportional in nature, as it involves ceding specific portions of individual life insurance policies on a case-by-case basis, often with fixed reinsurance limits and premiums based on mortality risk rather than a proportional split of premiums and losses. Despite the percentage shares mentioned, YRT is structurally non-proportional. The document is an amendment, not a main contract, as it modifies an existing agreement rather than establishing new principal terms. Therefore, it is ancillary. Since it is an amendment to a facultative-obligatory or treaty arrangement (Automatic YRT), it is likely part of an obligatory reinsurance setup, where cessions are automatic for eligible policies. The subject matter involves life insurance (evidenced by ""Life Reinsurance Company"" and ""Life Insurance Company"" in the names and the use of YRT, a common life reinsurance method). The class of business for YRT life reinsurance is typically ""Mortality"", as it covers death benefits and mortality risk.",True,False,True,non-proportional,Life,Mortality
2006-1335686-0000950133-06-002492-w21005exv10w3.htm,"The document is an ""Amendment No. 2 to Professional Services Agreement for City Center Project Demolition."" It outlines the terms for demolition and site preparation services related to a redevelopment project in West Palm Beach. The parties involved are the West Palm Beach Community Redevelopment Agency and Republic-WPB LLC, a real estate development entity. The content includes scope of work, payment terms, insurance requirements, bonds, and other project-specific provisions.

Key observations:
- The document pertains to construction and demolition services, not risk transfer between insurers.
- It includes insurance requirements (e.g., general liability, workers' comp), but these are standard contractual protections in construction agreements, not reinsurance.
- References to ""reinsurance"" in Section 22.3 are about the surety company’s reinsurance practices and do not indicate that this document is a reinsurance agreement.
- The document is a professional services and construction contract amendment, not an agreement that transfers insurance risk.

Therefore, this is not a reinsurance agreement. Since it is not a reinsurance agreement, all subsequent reinsurance-specific classification fields must be set to None.",False,,,,,
2006-912595-0001206774-06-000351-ex10_8.htm,"The document is a ""Second Amended and Restated Master Credit Facility Agreement"" between a borrower (Mid-America Apartment Communities, Inc. and Mid-America Apartments, L.P.) and a lender (Prudential Multifamily Mortgage, Inc.). It establishes a credit facility for the borrower, secured by a pool of multifamily residential properties. The agreement details terms for variable and fixed facility advances, interest rates, fees, conditions for adding or releasing collateral, and other provisions typical of a commercial loan agreement.

The document is clearly a credit facility and loan agreement, not a reinsurance agreement. It does not involve the transfer of insurance risk from one insurer (the cedant) to another (the reinsurer). Instead, it is a financial arrangement where a lender provides a line of credit to a borrower, secured by real estate assets.

Therefore, the document is not a reinsurance agreement. Since it is not a reinsurance agreement, the subsequent fields (is_main_contract, is_obligatory, etc.) are not applicable and should be set to None.",False,,,,,
2006-1264242-0000950136-06-002636-file006.htm,"The document is a ""Commutation and Mutual Release Agreement"" between reinsurers and reinsureds, explicitly referencing and terminating pre-existing reinsurance agreements. The ""WHEREAS"" clauses clearly state that the Parties entered into certain reinsurance agreements, which are listed by name and reference numbers, and that this document serves to terminate, settle, and commute those agreements. Since the document modifies and terminates existing reinsurance agreements, it qualifies as a reinsurance agreement under the provided definition, which includes documents that ""terminate, settle, commute, amend, or otherwise modify the terms of an existing reinsurance agreement.""

However, this is not a main contract because it does not establish a new reinsurance contract. Instead, it is an ancillary agreement that terminates and settles prior contracts. Therefore, it is not a main contract.

Because it is an ancillary agreement and not a full reinsurance contract, questions about whether it is obligatory, proportional or non-proportional, insurance type, and class of business are not applicable. These attributes pertain to active reinsurance contracts, not commutation agreements.",True,False,,,,
2006-1358164-0000930413-06-006737-c44219_ex10-24.htm,"The document is an amendment to an Agency Agreement between several entities, including XL Financial Solutions Ltd, XL Re Ltd, XL Insurance (Bermuda) Ltd, and XL Financial Assurance Ltd. The purpose of the original agreement was for the Company to introduce, identify, analyze, structure, and negotiate insurance, reinsurance, and other financial products and transactions to the XL Re/Insurance Companies. However, this specific document is an amendment that modifies the scope of the agency relationship—specifically terminating XLFA’s appointment of the Company as its agent upon the occurrence of an initial public offering.

The key consideration is whether this constitutes a reinsurance agreement. According to the definitions provided, reinsurance agreements include contracts that transfer risk from insurers to reinsurers, such as treaties, facultative-obligatory contracts, retrocessions, etc. In contrast, agency agreements—even those related to reinsurance—are explicitly excluded from being classified as reinsurance agreements. The document itself refers to an ""Agency Agreement"" and this amendment modifies only the agency relationship, not the terms of any underlying reinsurance contract. It does not establish or modify a risk transfer arrangement but instead adjusts representation and appointment rights.

Therefore, while the agency may relate to reinsurance activities, the document itself is not a reinsurance agreement but rather an ancillary administrative agreement governing representation. As such, it falls under the category of ""Underwriting Agency Agreements,"" which are explicitly listed as not being reinsurance agreements.",False,,,,,
2006-1171500-0000950123-06-009634-y23533exv10w3.htm,"The document is titled ""Quota Share Retrocession Agreement"" and is entered into between two entities, Platinum Underwriters Bermuda, Ltd. (Retrocessionaire) and Platinum Re (UK) Limited (Retrocedant). It explicitly establishes a reinsurance-type arrangement where the Retrocedant agrees to retrocede, and the Retrocessionaire agrees to accept, a 55% quota share of reinsurance and retrocession contracts underwritten by the Retrocedant. This constitutes a retrocession agreement, which is explicitly listed as a type of reinsurance agreement in the definitions provided.

The agreement contains all principal terms of a reinsurance contract, including coverage (Article 1), commencement and termination (Article 2), original conditions (Article 3), premiums and commission (Article 4), loss and loss expense sharing (Article 7), reporting (Article 8), arbitration (Article 10), and insolvency provisions (Article 11). It also replaces prior agreements (Article 16), indicating it is a renewal or novation of an existing contract. Since it establishes the full terms of the retrocession relationship, it qualifies as a main contract.

The agreement is obligatory because it covers a 55% quota share of all reinsurance contracts underwritten by the Retrocedant on or after the Effective Date, which aligns with the definition of obligatory reinsurance (i.e., treaties transferring risk from an entire portfolio).

The arrangement is proportional, as it is a quota share contract where both premiums and losses are shared on a fixed 55% basis, consistent with the definition of proportional reinsurance.

However, the document does not specify whether the underlying reinsurance contracts pertain to Life or Non-Life insurance. There is no mention of life, annuities, pensions, health, or any product type that would allow classification into Life or Non-Life. Similarly, without knowing the underlying risks, the class of business (e.g., Property, Casualty, Health, etc.) cannot be determined. Therefore, both insurance_type and class_of_business must be classified as 'None'.",True,True,True,proportional,,
2006-912595-0001206774-06-000351-ex10_20.htm,"The document is a Third Amended and Restated Master Credit Facility Agreement between Mid-America Apartment Communities, Inc., Mid-America Apartments, L.P., Mid-America Apartments of Texas, L.P. (collectively the ""Borrower Parties"") and Prudential Multifamily Mortgage, Inc. (the ""Lender""). This agreement establishes a credit facility for the Borrower Parties, secured by a pool of multifamily residential properties. The Lender agrees to make Variable Advances and Fixed Facility Advances to the Borrower. The obligations are secured by Security Instruments on the properties and other Security Documents. The document includes provisions for adding, releasing, and substituting collateral, increasing the credit facility, and terminating the facilities. It also includes representations and warranties, covenants, financial covenants, fees, events of default, remedies, and other standard loan agreement terms. The document is a credit facility agreement, not a reinsurance agreement.",False,,,,,
2006-800457-0000893220-06-002323-w26618exv10w1.htm,"The document is an Amended and Restated Services Allocation Agreement among Donegal Group Inc., its insurance subsidiaries, and Donegal Mutual Insurance Company. It outlines the allocation and reimbursement of shared costs for services provided by Donegal Mutual employees to the other parties, including underwriting, claims, reinsurance, investments, and other administrative functions. While the document references a ""Proportional Reinsurance Agreement"" between Donegal Mutual and Atlantic States, it does not itself establish or modify the terms of a reinsurance contract. Instead, it governs the allocation of operational expenses for services rendered across affiliated companies.

The agreement is not a reinsurance agreement because it does not transfer insurance risk, define reinsurance coverage, or establish treaty or facultative reinsurance terms. Rather, it is an intercompany cost-sharing arrangement for administrative and operational services. Although it mentions reinsurance as one of the service areas (e.g., review and coordination of reinsurance contracts), this does not make the document itself a reinsurance agreement.

Because it is not a reinsurance agreement, the subsequent fields (is_main_contract, is_obligatory, etc.) must be set to None.",False,,,,,
2006-1018979-0000950134-06-005830-d32117exv10w19.htm,"The document is titled ""Third Casualty Excess of Loss Reinsurance Contract"" and explicitly states that the Reinsurer agrees to reinsure the excess liability accruing to the Company under its insurance policies. This clearly establishes it as a reinsurance agreement, specifically an excess of loss contract, which falls under the category of non-proportional reinsurance.

The document outlines the full terms of the reinsurance arrangement, including classes of business reinsured, retention and limits, reinstatement, claims handling, and other key provisions. It is structured as a complete contract with a table of contents and executed by the parties, indicating it is a main contract and not merely an ancillary agreement.

The reinsurance applies to all policies in force or issued after the effective date that fall within specified classes of business (Workers' Compensation, Employers Liability, General Liability), which indicates it is obligatory—automatically covering all qualifying risks in the defined portfolio.

The contract is an excess of loss agreement, where the Reinsurer covers losses above the Company's retention up to a specified limit. This structure is characteristic of non-proportional reinsurance, as the Reinsurer does not share a fixed percentage of premiums or losses but instead covers specific layers of loss.

The classes of business reinsured—Workers' Compensation, Employers Liability, and General Liability—are all casualty lines of business, which fall under Non-Life insurance.

Therefore, the document is a main, obligatory, non-proportional reinsurance contract for Non-Life (Casualty) business.",True,True,True,non-proportional,Non-Life,Casualty
2006-202890-0001193125-06-167627-dex102.htm,"The document is a Term Loan Agreement between Aleris International, Inc., Aleris Deutschland Holding GmbH, various lenders, and the administrative and collateral agents. It outlines the terms and conditions for a loan provided to the borrowers, including the amount, interest rates, repayment schedule, and security arrangements. The document is a credit agreement and not a reinsurance agreement. Reinsurance agreements involve the transfer of risk from one insurer to another, which is not the case here. The document is a main contract as it establishes the terms of the loan, but since it is not a reinsurance agreement, the other fields related to reinsurance are not applicable.",False,,,,,
2006-1101239-0001193125-06-056358-dex10127.htm,"The provided document is a Loan and Security Agreement between Equinix RP II LLC, as the borrower, and SFT I, Inc., as the lender. The agreement outlines the terms and conditions for a $60,000,000 loan, including interest rates, payment schedules, and security interests. It includes provisions for the disbursement of the loan, interest calculations, and various covenants and conditions that the borrower must adhere to. The document also details the rights and remedies available to the lender in the event of a default, including the acceleration of the loan and the right to take possession of the mortgaged property.

The document is clearly a financial agreement and does not contain any elements related to reinsurance. Reinsurance agreements typically involve the transfer of risk from one insurer to another, and they include specific terms related to the sharing of premiums, claims, and losses. The document in question does not mention any such terms or concepts. Instead, it focuses on the financial aspects of a loan, such as the principal amount, interest rates, and repayment terms.

Therefore, the document is not a reinsurance agreement, and it does not establish a reinsurance or retrocession contract. It is also not an obligatory reinsurance agreement, and it does not pertain to either Life or Non-Life insurance. The class of business is not applicable, as the document is a loan agreement and not an insurance or reinsurance contract.",False,,,,,
2006-1359841-0000950144-06-009152-g03506exv10w29.htm,"The provided document is a ""Second Lien Credit Agreement"" dated September 5, 2006, between HBI Branded Apparel Limited, Inc., Hanesbrands Inc., various financial institutions, and other parties. It establishes the terms for a loan, including commitments, borrowing procedures, repayments, interest, fees, and other financial arrangements. The document outlines the rights and obligations of the lenders and borrowers, conditions for the loans, covenants, events of default, and remedies. It is clearly a financial instrument for lending money, not a reinsurance agreement.

Reinsurance agreements involve the transfer of risk from one insurance company (the ceding company) to another (the reinsurer). The document in question does not involve any transfer of insurance risk. Instead, it is a credit agreement, which is a type of loan agreement. The document is specifically categorized as EX-10.29 in the metadata, which is a common designation for material contracts in SEC filings, and the description and content confirm it is a credit agreement.

Since the document is not a reinsurance agreement, the subsequent fields related to reinsurance (is_main_contract, is_obligatory, proportional_or_non_proportional, insurance_type, class_of_business) are not applicable and should be set to None.",False,,,,,
2006-911576-0001193125-06-119270-dex1022.htm,"The document is a ""Net Quota Share Reinsurance Contract"" which explicitly establishes a reinsurance agreement between Vesta Fire Insurance Corporation and other affiliated companies (the ""Company"") and a subscribing reinsurer. The title and content clearly indicate it is a reinsurance agreement, specifically a quota share contract, where the reinsurer accepts 50% of the Company's Net Liability and premiums. This falls directly under the definition of a reinsurance agreement as per the provided criteria, including being a proportional reinsurance contract.

The agreement contains all principal terms of a reinsurance contract, such as business reinsured, commencement and termination, territory, exclusions, retention and limits, ceding commission, reporting, and other standard clauses. It is not an ancillary document like an endorsement or addendum but a full, standalone reinsurance contract. Therefore, it qualifies as a main contract.

As a quota share agreement, it obligatorily reinsures a fixed percentage (50%) of all eligible policies written by the Company in the specified lines of business and states. This is characteristic of an obligatory reinsurance treaty, where all business falling within the scope is automatically ceded and accepted.

The contract is explicitly proportional, as it reinsures 50% of both the premiums and losses (Net Written Premium, Net Earned Premium, and Net Liability), which is the definition of a proportional (specifically quota share) reinsurance agreement.

The business reinsured is classified as ""Residential Property and Casualty business,"" including Fire, Allied Lines, Inland Marine, Earthquake, and Homeowners Multiple Peril. These are all non-life insurance products. Therefore, the insurance type is Non-Life.

The class of business covers both Property (e.g., Fire, Earthquake, Homeowners Section I) and Casualty (e.g., Homeowners Section II) lines. Since it includes multiple distinct lines and is structured as a combined Property and Casualty quota share, the most appropriate classification is ""Multi-Line.""",True,True,True,proportional,Non-Life,Multi-Line
2006-13239-0001193125-06-234921-dex103.htm,"The document is a Second Amended and Restated Credit Agreement between Hexion LLC, Hexion Specialty Chemicals, Inc., and other parties, including lenders and agents. It outlines the terms of credit facilities, loans, and related financial obligations. This is a credit agreement, not a reinsurance agreement. The document does not contain any elements related to insurance or reinsurance, such as risk transfer from an insurer to a reinsurer, proportional or non-proportional sharing of insurance risks, or any mention of insurance policies, claims, or underwriting. Instead, it focuses on lending, borrowing, interest rates, and repayment terms. Therefore, it does not meet the definition of a reinsurance agreement as specified in the instructions.",False,,,,,
2006-1174922-0001193125-06-055625-dex10127.htm,"The document provided is a ""Third Amendment to Master Disbursement Agreement."" This is a financial and construction disbursement agreement related to the development and construction of the Wynn Las Vegas and Encore at Wynn Las Vegas (Phase I and Phase II Projects). The agreement governs the mechanics of advances, disbursements, conditions precedent, and account management for funding the construction projects. It involves parties such as Wynn Las Vegas, LLC, Deutsche Bank Trust Company Americas (as Bank Agent and Disbursement Agent), and U.S. Bank National Association (as Indenture Trustee).

The document does not contain any language, structure, or intent related to insurance or reinsurance. It does not transfer risk from an insurer to a reinsurer, nor does it involve retrocession, portfolio transfers, or any other mechanism typical of reinsurance agreements. Instead, it is a financial control mechanism for managing construction loans and disbursements.

Therefore, the document is not a reinsurance agreement. It is a disbursement and loan administration agreement in the context of project finance for a real estate development.",False,,,,,
2006-1233426-0001362310-06-000155-c70005exv10w2.htm,"The document is an ""Amended and Restated Preferred Vendor Agreement"" between Connecticut General Life Insurance Company (CIGNA) and United States Pharmaceutical Group, LLC (USPG) and NationsHealth, Inc. The agreement outlines the services USPG will provide to CIGNA in connection with CIGNA's Prescription Drug Plan (PDP) under Medicare Part D, including marketing, enrollment, billing, and customer service. It also includes compensation terms and various operational and compliance requirements.

This document is not a reinsurance agreement. The agreement is between an insurer (CIGNA) and a vendor (USPG/NationsHealth) for the provision of administrative and operational services related to a health insurance product (Medicare Part D). The services described, such as beneficiary communication, enrollment processing, and premium collection, are typical of a vendor or service provider contract, not a risk transfer agreement between insurers. The document explicitly states in Exhibit 3.01 (""Interim Compensation"") that ""In agreeing to this arrangement, both parties have independently formed a belief that, in the event of a loss under any of CIGNA's Part D contracts covered by this Agreement, this provision does not give rise to a contract for reinsurance against an underwriting loss by CIGNA."" This confirms the parties' intent that the agreement is not for reinsurance.

Since the document is not a reinsurance agreement, the subsequent fields (is_main_contract, is_obligatory, etc.) are not applicable and must be set to None.",False,,,,,
2006-948034-0001104659-06-016294-a06-6768_1ex10d127u.htm,"The document is an ""Insurance Agreement"" between MBIA Insurance Corporation (the ""Insurer"") and several parties involved in a securitization transaction, including First Investors Auto Owner Trust 2006-A (the ""Issuer""). The agreement governs the issuance of a ""note guaranty insurance policy"" (the ""Policy"") by MBIA to guarantee payments on asset-backed notes issued by the trust.

The Policy guarantees payments on asset-backed notes secured by auto loans. This is a financial guarantee insurance policy, where the insurer (MBIA) guarantees the payment obligations of the issuer (the trust) to the noteholders. The agreement outlines the obligations of the various parties (servicer, seller, depositor, issuer) to MBIA in exchange for this guarantee, including payment of insurance premiums, covenants, and indemnification obligations.

This type of agreement is not a reinsurance contract. Reinsurance involves one insurer (the reinsurer) assuming part of the risk of another insurer (the ceding company). In this case, MBIA is directly insuring the payment obligations of a special purpose vehicle (the trust) in a securitization transaction. This is a direct insurance contract (specifically, a financial guaranty insurance policy) rather than a reinsurance agreement.

The document is ancillary to the main securitization documents (like the Indenture) and exists to support the issuance of the Policy. It is not itself a main reinsurance contract, but since it's not a reinsurance agreement at all, the subsequent fields should be None.",False,,,,,
2006-1171500-0000950123-06-009634-y23533exv10w4.htm,"The document is a termination addendum for an Excess of Loss Retrocession Agreement between Platinum Re (UK) Limited and Platinum Underwriters Reinsurance, Inc. It explicitly references the termination of an existing retrocession agreement, which falls under the definition of a reinsurance agreement as retrocession is a form of reinsurance. Therefore, the document is a reinsurance agreement because it modifies (terminates) an existing retrocession contract.

However, this is not a main contract but an ancillary agreement, as it is an addendum that terminates an existing contract rather than establishing new reinsurance terms. It does not create a new reinsurance relationship but ends one.

Because it is an ancillary document and not a full reinsurance contract, attributes such as whether it is obligatory, proportional or non-proportional, insurance type, and class of business cannot be determined from this document alone. These characteristics would pertain to the underlying agreement, but since this document is only a termination addendum, such classification is not possible here.",True,False,,,,
2006-1359841-0000950144-06-009152-g03506exv10w30.htm,"The document is a Bridge Loan Agreement, which is a financial contract for a loan between Hanesbrands Inc. and various financial institutions. This type of agreement involves borrowing money and does not pertain to the transfer of insurance risk from an insurer to a reinsurer. The document outlines terms for credit extensions, interest rates, repayment schedules, and other loan-related covenants, which are typical in loan agreements but not in reinsurance agreements. Therefore, this document is not a reinsurance agreement.",False,,,,,
2006-1018979-0000950134-06-005830-d32117exv10w21.htm,"The document is a ""Casualty Catastrophe Excess of Loss Reinsurance Contract,"" which explicitly indicates it is a reinsurance agreement. It is issued by multiple reinsurers to several insurance companies under the Amerisafe Insurance Group, confirming risk transfer from the ceding company to the reinsurer(s), a defining feature of reinsurance.

The document establishes the full terms of a reinsurance contract, including coverage (Classes of Business Reinsured), limits, retentions, premiums, claims handling, and termination clauses. It contains a Schedule A with detailed financial terms and multiple Interests and Liabilities Agreements, indicating it is the main contract, not an ancillary agreement like an endorsement or amendment.

The contract covers excess liability above specified retentions (""$10,000,000"" and ""$20,000,000""), which is characteristic of non-proportional reinsurance, specifically Excess of Loss. There are no proportional terms such as quota share or surplus, confirming it is non-proportional.

The classes of business reinsured include Workers' Compensation, Employers Liability, and General Liability, all of which fall under Non-Life insurance. Within the class of business, these lines are categorized as Casualty, which includes liability coverages such as Workers' Compensation and General Liability.

The reinsurance is obligatory because it applies to all policies in force or issued after the effective date that fall within the defined classes of business, without requiring individual underwriting per risk—this is typical of treaty reinsurance, which is obligatory for the ceding company to cede and for the reinsurer to accept.

Therefore, based on the structure, language, and content of the document, it is a main, obligatory, non-proportional reinsurance contract pertaining to Non-Life insurance, specifically Casualty.",True,True,True,non-proportional,Non-Life,Casualty
2006-1227654-0000950137-06-002198-c01762exv10w10.htm,"The document provided is a Credit Agreement, which is a financial contract between a borrower (in this case, Compass Minerals International, Inc. and its subsidiaries) and lenders. The agreement outlines the terms under which the lenders will provide credit to the borrowers, including the amounts, interest rates, repayment schedules, and covenants. 

The document is clearly a credit agreement and not a reinsurance agreement. Reinsurance agreements involve one insurance company (the reinsurer) assuming part of the risk from another insurance company (the ceding company). The provided document does not contain any language related to insurance or reinsurance. Instead, it is focused on loan agreements, revolving credit facilities, term loans, and other financial instruments typical of a corporate credit agreement.

Since the document is not a reinsurance agreement, the subsequent fields regarding whether it is a main contract, obligatory, proportional or non-proportional, insurance type, and class of business are not applicable and should be set to None.",False,,,,,
2006-1267238-0001193125-06-051258-dex1018.htm,"The document is a ""Change in Control Severance Agreement"" between Assurant, Inc. and Donald Hamm, an executive officer. It outlines the severance benefits and protections the executive would receive in the event of a change in control of the company. The agreement covers compensation, benefits continuation, and other employment-related terms upon termination under specific circumstances.

This document is not a reinsurance agreement. It does not involve the transfer of insurance risk from one insurer to another, nor does it contain any terms typical of reinsurance contracts such as ceded premiums, reinsurance recoverables, coverage limits, or risk-sharing mechanisms. Instead, it is an employment contract focused on executive compensation and benefits in the context of corporate governance and change in control events.

Therefore, it falls outside the defined categories of reinsurance agreements and ancillary documents related to reinsurance. It is a corporate executive severance agreement, which is explicitly not listed as any form of reinsurance.",False,,,,,
2006-901491-0001104659-06-012747-a06-1949_1ex10d1.htm,"The document provided is a Credit Agreement for a $175,000,000.00 Revolving Credit Facility between Papa John's International, Inc., several banks, and RSC Insurance Services Ltd. The agreement outlines the terms for loans, interest rates, payments, covenants, and other financial arrangements. It includes provisions for the issuance of letters of credit, with specific mention of an ""RSC Letter of Credit"" issued for the account of RSC Insurance Services Ltd. to facilitate the underwriting of insurance for franchisees of Papa John's.

However, the core of the document is a credit facility agreement, which is a financial instrument for lending and borrowing funds. The document does not establish a reinsurance contract, retrocession agreement, or any other form of reinsurance. The mention of RSC Insurance Services Ltd. and the RSC Letter of Credit does not transform the credit agreement into a reinsurance agreement. The RSC Letter of Credit is a financial instrument used to secure obligations, not a reinsurance contract.

Based on the definitions provided, reinsurance agreements include reinsurance and retrocession agreements, Reinstatement Premium Protection contracts, Capital Maintenance agreements, Loss Portfolio Transfer, Adverse Development Cover, Reinsurance To Close, and other retrospective reinsurance agreements. The document in question does not fit any of these categories. It is a standard credit agreement, which is not considered a reinsurance agreement.

Therefore, the document is not a reinsurance agreement, and all subsequent fields related to reinsurance characteristics are not applicable.",False,,,,,
2006-1024657-0000950137-06-012182-c09671exv10w1.htm,"The document is a Credit Agreement between West Corporation, various lenders, and Lehman Commercial Paper Inc. as the Administrative Agent. It outlines the terms and conditions for a loan, including the amount, interest rates, repayment schedules, and covenants. This is a standard credit agreement and not a reinsurance agreement. The document does not contain any provisions related to the transfer of risk from an insurance company to a reinsurer, which is a key characteristic of reinsurance agreements. Therefore, it is not a reinsurance agreement.",False,,,,,
2006-1003464-0000950137-06-003141-a15814exv10w30.txt,"The document is a Confidential Mutual Settlement Agreement and Policy Release between Liberty Mutual Insurance Company and Endocare, Inc., along with its insured directors and officers. It resolves disputes related to an Excess Directors and Officers Liability insurance policy (the ""POLICY"") issued by Liberty Mutual. The agreement involves settlement payments, mutual releases, dismissal of arbitration, and surrender of the policy. 

The document references an underlying insurance policy (a D&O liability policy), but it is not itself a reinsurance agreement. Instead, it is a settlement agreement concerning the interpretation, coverage, and claims under a direct insurance contract (primary and excess D&O coverage). The agreement does not transfer risk from one insurer to another, nor does it involve retrocession, risk pooling, or any mechanism characteristic of reinsurance.

Furthermore, the document is ancillary to the original insurance contract—it settles disputes arising from it—but does not establish a new or renewed reinsurance contract. Since it is not a reinsurance agreement at all, all downstream classifications (main contract, obligatory, proportional, etc.) are not applicable.",False,,,,,
2006-1137048-0000909567-06-000516-o30165exv10w9.htm,"The document is an Investment Agreement between Clearwater Insurance Company (formerly Odyssey Reinsurance Corporation), Hamblin Watsa Investment Counsel Ltd. (HW), and Fairfax Financial Holdings Limited (FFH). It outlines the terms under which HW will manage an investment account on behalf of Clearwater and FFH will provide investment administration services. The agreement covers investment management, administration, fees, reporting, and governance, but it does not involve the transfer of insurance risk from one insurer to another.

Key observations:
- The document establishes an investment management and administration relationship, not a risk transfer arrangement.
- There is no mention of ceding premiums, assuming liabilities, or sharing underwriting risk—hallmarks of reinsurance.
- The parties are not entering into a contract to reinsure policies; instead, they are contracting for investment advisory and administrative services.
- The agreement replaces prior Investment Management and Investment Administration Agreements, indicating continuity in financial services, not insurance or reinsurance operations.

Therefore, this is not a reinsurance agreement. Since it is not a reinsurance agreement at all, the remaining classification fields (is_main_contract, is_obligatory, etc.) must be set to None.",False,,,,,
2006-1262959-0000950134-06-006088-h33549exv10w56.htm,"The document provided is a Purchase and Sale Agreement for a real estate transaction between Kan Am Grund Kapitalanlagegesellschaft mbH (the seller) and Hines-Sumisei U.S. Core Office Properties, LP (the purchaser). The agreement details the sale of a property located in Chicago, Illinois, including the land, improvements, personal property, leases, service contracts, and other related assets. The document outlines the terms of the sale, such as the purchase price, earnest money deposit, conditions to closing, representations and warranties, and various other provisions typical of a real estate purchase agreement.

There is no mention of any reinsurance, retrocession, or any other type of insurance-related agreement within the document. The transaction is purely a real estate sale and does not involve the transfer of insurance risk from one party to another. Therefore, this document does not meet the criteria for being classified as a reinsurance agreement.",False,,,,,
2006-1018979-0000950134-06-005830-d32117exv10w17.htm,"The document is titled ""First Casualty Excess of Loss Reinsurance Contract"" and is explicitly structured as a reinsurance agreement between American Interstate Insurance Company and subscribing reinsurers. It contains standard reinsurance contract elements such as classes of business reinsured, retention and limits, claims handling, commutation, and arbitration. This clearly establishes it as a reinsurance agreement.

The document establishes a full reinsurance contract with detailed terms, including coverage scope, financial terms (premium, limits), and operational clauses. It is not merely an amendment or ancillary document but a complete contract, as evidenced by its structure, effective date, and comprehensive terms. Therefore, it qualifies as a main contract.

The contract covers excess liability for Workers' Compensation, Employers Liability, and General Liability business. It applies automatically to all such policies issued or renewed by the ceding company, without requiring case-by-case approval. This automatic attachment to a portfolio of policies indicates it is an obligatory reinsurance agreement.

The contract is structured as an excess of loss agreement, where the reinsurer covers losses exceeding the ceding company’s retention of $1,000,000 per occurrence, up to a limit. This is a classic non-proportional reinsurance structure, as the reinsurer does not share a fixed percentage of premiums and losses but only covers losses above a specified threshold.

The classes of business—Workers' Compensation, Employers Liability, and General Liability—are all categories of casualty insurance, which fall under Non-Life insurance. There is no indication of Life insurance coverage.

The primary lines of business covered are Workers' Compensation and General Liability, both of which are standard Casualty insurance lines. Therefore, the class of business is Casualty.",True,True,True,non-proportional,Non-Life,Casualty
2006-1018979-0000950134-06-015976-d38372exv10w5.htm,"The document is titled ""Casualty Catastrophe Excess of Loss Reinsurance Contract,"" which clearly indicates it is a reinsurance agreement. It is structured as a formal contract between ceding insurers (American Interstate Insurance Company, American Interstate Insurance Company of Texas, Silver Oak Casualty, Inc., and others under Amerisafe Insurance Group) and subscribing reinsurers. The document outlines terms for reinsurance coverage, including retention, limits, reinstatement, definitions, claims handling, and other standard reinsurance clauses (e.g., arbitration, governing law, commutation). It also contains a Schedule A with specific financial terms and multiple Interests and Liabilities Agreements from reinsurers, confirming its status as a binding reinsurance contract.

The contract covers excess of loss reinsurance for Workers' Compensation, Employers Liability, and General Liability business, which are all casualty lines. It is an obligatory treaty because it automatically reinsures all qualifying risks written by the ceding company within the defined classes and territory, without individual underwriting per risk by the reinsurer. This is evident from Article I, which states the Reinsurer agrees to reinsure the excess liability ""under its policies... in force at the effective date hereof or issued or renewed on or after that date.""

The reinsurance is non-proportional because it is structured as an excess of loss contract, where the reinsurer covers losses above a specified retention up to a limit per occurrence. There are no proportional elements such as quota share or surplus terms mentioned.

The insurance type is Non-Life, as it covers Workers' Compensation, Employers Liability, and General Liability—standard non-life (property and casualty) lines. The class of business is Casualty, as the primary coverage is for liability risks, especially Workers' Compensation, which is a core casualty line.",True,True,True,non-proportional,Non-Life,Casualty
2006-1138301-0000950123-06-003904-y19137exv10w4.txt,"The provided document is a Loan Agreement between UH Storage (DE) Limited Partnership, as the Borrower, and Bank of America, N.A., as the Lender. The document details the terms of a loan for real estate properties used for self-storage and truck rental facilities. It includes provisions for loan disbursement, repayment, interest rates, prepayment, defeasance, conditions precedent, representations and warranties, borrower covenants, events of default, remedies, environmental provisions, and other standard loan agreement clauses. The document is explicitly labeled as a ""LOAN AGREEMENT"" and involves the disbursement of funds, security interests in real property, and repayment obligations. This type of agreement is fundamentally a financial instrument for borrowing and lending money, secured by real estate, and does not involve the transfer of insurance risk from one party to another. Therefore, it does not meet any of the criteria for being a reinsurance agreement as defined in the instructions.",False,,,,,
2006-1342126-0001104659-06-054034-a06-15826_1ex10d2.htm,"The provided document is a Loan Agreement between 1100 West Properties, LLC (Borrower), the Lenders, and Eurohypo AG, New York Branch (Administrative Agent). It outlines the terms for a loan of up to $124,000,000 to finance the acquisition and conversion of a hotel condominium development in Miami Beach, Florida. The document details loan terms, interest rates, repayment schedules, covenants, and default provisions. It is a standard commercial loan agreement for real estate development and financing.

This document is not a reinsurance agreement. The definition of reinsurance agreements includes contracts like reinsurance, retrocession, Reinstatement Premium Protection, Capital Maintenance, Loss Portfolio Transfer, Adverse Development Cover, Reinsurance To Close, and other retrospective reinsurance agreements. It also includes portfolio transfers related to corporate restructuring with reinsurance-like provisions, Catastrophe Bonds, Insurance Linked Securities, and insurance pooling agreements that transfer risk like standard reinsurance.

The provided document is explicitly a ""Loan Agreement,"" which is specifically listed in the ""NOT considered reinsurance agreements"" section. It is a financial instrument for borrowing money, secured by real property, which falls under the category of ""bonds, loans and credit instruments"" as excluded from the definition of reinsurance.

Since the document is not a reinsurance agreement, all subsequent fields that depend on it being a reinsurance contract (is_main_contract, is_obligatory, proportional_or_non_proportional, insurance_type, class_of_business) are not applicable and should be returned as 'None'.",False,,,,,
2006-909109-0000893220-06-001096-w20583exv10w3.txt,"The document is titled ""FLORIDA ONLY EXCESS CATASTROPHE REINSURANCE CONTRACT"" and is explicitly structured as a reinsurance agreement between Liberty American Insurance Company and multiple reinsurers. It outlines the terms for reinsurance coverage across six excess catastrophe layers, specifying retentions, limits, premiums, and other standard reinsurance clauses. This fits the definition of a reinsurance agreement as it transfers risk from the insurer (the Company) to the reinsurers.

The document establishes the full terms of a reinsurance contract, including detailed layers of coverage, participation percentages, and defined obligations. It is not merely an ancillary agreement like an endorsement or amendment, but the primary contract itself. Therefore, it is a main contract.

The agreement is for excess catastrophe reinsurance, which is a form of non-proportional reinsurance (specifically Excess of Loss), as it covers losses above certain retention levels up to defined limits, rather than a proportional sharing of all risks. Multiple layers (first through sixth excess) are defined, all of which are non-proportional in nature.

The classes of business reinsured are specified in Article I as ""Property business,"" which falls under Non-Life insurance. There is no mention of life, health, or annuity products. Therefore, the insurance type is Non-Life and the class of business is Property.

The contract covers all member companies of Liberty American Insurance Group, Inc. and is structured as an obligatory treaty, as it automatically covers all qualifying policies in force or issued during the term, without requiring individual underwriting per risk. This is typical of catastrophe excess treaties.",True,True,True,non-proportional,Non-Life,Property
2006-86104-0001193125-06-218697-dex101.htm,"The document is a Purchase and Sale Agreement for real estate property located in Seattle, Washington. It outlines the terms under which General America Corporation, General Insurance Company of America, and Safeco Insurance Company of America (collectively, ""Seller"") agree to sell certain real property, improvements, and personal property to The Board of Regents of the University of Washington (""Purchaser""). The agreement includes provisions for the purchase price, escrow instructions, inspections, title matters, closing conditions, and various representations and warranties.

The document does not contain any terms indicative of a reinsurance agreement. It is not transferring insurance risk from one insurer to another, nor does it involve any ceding of premiums, sharing of losses, or risk pooling between insurance entities. Instead, it is a standard real estate transaction involving the sale of physical property and associated assets.

The parties involved are using the property for operational purposes (e.g., office buildings, parking garages), and the agreement even includes a provision for a leaseback to Safeco Insurance Company of America after closing. This further confirms that the subject matter is real estate, not insurance or reinsurance contracts.

Therefore, the document is not a reinsurance agreement, nor is it any type of insurance risk transfer instrument. It is purely a commercial real estate transaction.",False,,,,,
2006-934550-0000934550-06-000083-exhibit-10_7.htm,"The provided document is a Loan and Security Agreement dated August 15, 2006, among Sovereign Bank, Lehigh County Industrial Development Authority, and Rhetech, Inc. The agreement outlines the terms of a loan to finance the expansion of Rhetech, Inc.'s manufacturing facility and the issuance of an Industrial Revenue Note. It includes provisions for loan disbursement, repayment terms, covenants, representations and warranties, and conditions for borrowing. The document is clearly a financial loan agreement and does not involve the transfer of insurance risk from one party to another, which is the defining characteristic of a reinsurance agreement. The document is also not related to any insurance or reinsurance activities, but rather to a corporate financing arrangement involving a municipal authority, a bank, and a corporation. Therefore, it does not meet the criteria for being classified as a reinsurance agreement.",False,,,,,
2006-947484-0001104659-06-016208-a06-4988_1ex10d15d16.htm,"The document is an amendment to an employment agreement between Arch Capital Group Ltd., Arch Reinsurance Ltd., and an executive, Marc Grandisson. It outlines changes to the terms of employment, including roles, responsibilities, compensation, stock options, and the term of employment. While the parties include reinsurance entities (Arch Reinsurance Ltd. and Arch Capital Group Ltd.), the subject matter of the document is executive employment, not risk transfer between insurers and reinsurers. The document does not establish, modify, or relate to a reinsurance contract. It is an employment contract amendment, which falls outside the definition of a reinsurance agreement as specified. Therefore, it is not a reinsurance agreement, nor is it an ancillary or modifying document to a reinsurance contract. As such, all downstream fields related to reinsurance classification are not applicable.",False,,,,,
2006-912595-0001206774-06-000351-ex10_38.htm,"The provided document is a ""Master Credit Facility Agreement"" between Mid-America Apartments, L.P., Mid-America Apartment Communities, Inc., and Mid-America Apartments of Texas, L.P. (collectively, the ""Borrower"") and Prudential Multifamily Mortgage, Inc. (""Lender""). The document outlines the terms and conditions for a $11,720,000 loan to the Borrower, secured by a Collateral Pool consisting of second or third priority Security Instruments on Multifamily Residential Properties listed in Exhibit A. The agreement includes provisions for interest, discount, and fees on the loans, as well as conditions precedent to all requests, representations and warranties of both parties, affirmative and negative covenants of the Borrower, fees and expenses, events of default, remedies, rights of Fannie Mae, limits on personal liability, joint and several obligations, cross-guaranty, and other interborrower matters, and miscellaneous provisions.

The document is clearly a credit facility agreement, which is a type of loan agreement. It does not contain any language or provisions that would suggest it is a reinsurance agreement. Reinsurance agreements involve the transfer of risk from one insurance company to another, and the document does not mention any such risk transfer or insurance-related terms. Instead, it focuses on the terms of a loan, including the loan amount, interest rates, collateral, and repayment terms.

Given that the document is a credit facility agreement and not a reinsurance agreement, the subsequent fields related to reinsurance, such as whether it is a main contract, obligatory, proportional or non-proportional, insurance type, and class of business, are not applicable and should be set to None.",False,,,,,
2006-1171662-0000950144-06-002885-g00487exv10w14.txt,"The document is titled ""REINSURANCE AGREEMENT"" and is explicitly described as a ""Coinsurance Funds Withheld Agreement for indemnity reinsurance"" between Great American Life Assurance Company of Puerto Rico (the Company) and Seguros de Vida Triple-S, Inc. (the Reinsurer). This clearly establishes it as a reinsurance agreement, falling under the category of coinsurance, which is a form of proportional reinsurance.

The agreement outlines the automatic reinsurance of 69% of life insurance, annuities, accident and supplemental health, and related benefits, as specified in Exhibit B. The use of the term ""automatic reinsurance"" and the ceding of a fixed percentage (69%) of all eligible policies indicate that this is an obligatory treaty, as it applies to all new business within defined parameters without individual underwriting by the reinsurer.

The structure of the agreement, including defined retention limits (Exhibit A), binding limits (Exhibit C), premium accounting (Article V), claims handling (Article IX), and detailed exhibits covering rates and asset holdings, confirms that this is a comprehensive, standalone reinsurance contract and not an ancillary document like an endorsement or amendment.

The reinsurance is on a ""quota share Coinsurance Funds Withheld basis"" with a 69% cession, which is a classic proportional arrangement where the reinsurer shares equally in premiums, claims, and reserves. There is no indication of excess layers or stop-loss mechanisms that would characterize non-proportional reinsurance.

The policies covered, as listed in Exhibit B, include life insurance (Debit Life, Direct Ordinary Life, Universal Life, Pre-need), annuities, and accident and health insurance. This mix is primarily life and health-oriented, with annuities and pre-need falling under life insurance. Therefore, the primary insurance type is Life.

The class of business is predominantly Life, with components of health and annuities. Given that the core coverage is life insurance and annuities, and health is supplementary, the most accurate classification is ""Other Life,"" as it encompasses a broad life insurance portfolio including health riders and annuities, which aligns with standard reinsurance classifications for such combined lines.",True,True,True,proportional,Life,Other Life
2006-911576-0001193125-06-119270-dex102.htm,"The document is an Attorney-in-Fact Agreement between Select Insurance Services, Inc. (SIS) and the Underwriters at Texas Select Lloyds Insurance Company. It outlines the authority, powers, and financial obligations of SIS as attorney-in-fact for the company, including the assumption of administrative and operational costs in exchange for a portion of net earned premiums. The agreement governs the management and financial arrangements for the operation of an insurance entity but does not involve the transfer of insurance risk from one insurer to another.

According to the provided classification criteria, reinsurance agreements include contracts that transfer risk between insurers or reinsurers, such as reinsurance treaties, retrocessions, and related instruments. However, this document does not establish any risk transfer mechanism. Instead, it pertains to the internal management and cost allocation within a Lloyd's-type insurance structure.

Furthermore, the exclusions listed in Section 1.03 explicitly state that SIS does not assume responsibility for losses arising from insurance or reinsurance undertakings, confirming that no insurance risk is being transferred to SIS. The document is more akin to an operational or administrative services agreement within an insurance entity.

Therefore, this is not a reinsurance agreement. As such, all subsequent fields that depend on the document being a reinsurance agreement must be set to None.",False,,,,,
2006-1032562-0000950137-06-012410-c09565exv10w1.htm,"The document provided is an ""Amended and Restated Five-Year Revolving Credit Agreement"" between Land O'Lakes, Inc. (the Borrower), several lenders, and JPMorgan Chase Bank, N.A. and CoBank, ACB as administrative agents. This is a standard loan agreement that establishes a revolving credit facility, allowing the Borrower to draw, repay, and redraw funds up to a specified limit during a defined period.

The agreement outlines the terms of the loans, including interest rates, covenants, representations and warranties, conditions for borrowing, events of default, and other standard provisions found in credit agreements. It also includes provisions for letters of credit, security interests, and guarantees.

None of the content suggests that this document involves the transfer of insurance risk from one insurer to another (reinsurance). Instead, it is clearly a financing arrangement between a corporation and its lenders. It does not mention reinsurance, retrocession, risk transfer of insurance policies, or any other terminology associated with reinsurance contracts.

Therefore, this document is not a reinsurance agreement, nor does it contain any ancillary reinsurance-related provisions. It is purely a credit and loan agreement.",False,,,,,
2006-1171500-0000950123-06-009634-y23533exv10w2.htm,"The document is titled ""EXCESS OF LOSS RETROCESSION AGREEMENT"" and is explicitly a reinsurance contract between two entities: Platinum Underwriters Bermuda, Ltd. (the Retrocedant) and Platinum Re (UK) Limited (the Retrocessionaire). A retrocession agreement is a form of reinsurance where a reinsurer transfers part of its risk to another reinsurer, which falls squarely within the definition of a reinsurance agreement as provided.

The agreement establishes the terms of risk transfer, including coverage for excess losses (Article 1), a defined term (Article 2), exclusions (Article 3), territorial scope (Article 4), inuring reinsurance (Article 5), limits and retention (Article 6), reinstatement provisions (Article 7), and premium terms (Article 8). These are all hallmark elements of a main reinsurance contract.

The structure of the agreement — particularly the attachment of liability above a retention of $145,000,000 and a limit of $35,000,000 per loss — indicates a non-proportional (excess of loss) structure. This is further reinforced by the reinstatement clause and the fact that coverage applies to losses above a defined threshold.

The agreement covers ""Original Reinsurance Contracts"" related to property perils such as wind, flood, and earthquake (Article 1), which are clearly non-life (property) risks. The exclusions include nuclear, war, and insolvency funds — typical in property catastrophe reinsurance.

The document is not ancillary (e.g., an endorsement or amendment), but rather a complete and standalone retrocession agreement, including full terms and execution clauses. It is therefore a main contract.

As a treaty that indemnifies the retrocedant for losses arising from its underlying reinsurance contracts across a portfolio of risks (rather than a single named risk), it is an obligatory reinsurance agreement — the retrocedant automatically cedes losses that meet the criteria.

There is no indication of proportional sharing of premiums or losses, nor any mention of quota share or surplus terms. The contract is purely excess of loss, hence non-proportional.

The class of business is Property, given the perils covered (wind, flood, earthquake) and the geographic scope (Americas), which is typical for property catastrophe reinsurance.",True,True,True,non-proportional,Non-Life,Property
2006-1102643-0001193125-06-052550-dex1022.htm,"The document is an employment agreement between USI Services Corp. and Robert Nesbit, outlining the terms and conditions of his employment as Senior Vice President, Human Resources. It includes provisions related to compensation, benefits, confidentiality, non-solicitation, non-competition, and termination. There is no mention of any reinsurance or insurance risk transfer arrangement, treaty, or agreement. Instead, the document pertains solely to the employment relationship between an executive and a company operating in the insurance services sector. The reference to ""reinsurance"" in the definition of ""USI Business"" is incidental and descriptive of the types of services the company may offer, not indicative of the document itself being a reinsurance agreement. Therefore, this document is not a reinsurance agreement.",False,,,,,
2006-1352713-0000950123-06-010371-y24108exv10w10.htm,"The document is a ""SHARE OPTION AWARD AGREEMENT"" under the ""RAM HOLDINGS LTD. 2006 EQUITY PLAN."" It details a nonqualified share option grant to an employee (referred to as the ""Optionee""), including vesting schedules, exercise prices, expiration dates, and terms related to termination of employment. The document is clearly an employee stock option agreement focused on equity compensation.

Key observations:
- The document establishes rights to purchase Common Shares of RAM Holdings Ltd.
- It contains standard provisions for stock option agreements: vesting schedule (four equal installments over four years), exercise price, expiration (seven years from grant date), tax withholding requirements, transfer restrictions, etc.
- While section 4(g) mentions ""financial guaranty reinsurance business"" in the context of competitive activity restrictions, this merely indicates RAM Holdings' business sector but does not make the document itself a reinsurance agreement.
- There is no mention of risk transfer, insurance policies, reinsurance treaties, retrocession, or any other elements characteristic of reinsurance contracts.
- The document is fundamentally an employment/compensation agreement, not a risk transfer instrument.

Based on the classification guidelines:
- This document does not fall under any category of reinsurance agreements listed in the ""considered reinsurance agreements"" section.
- It would be classified under documents ""NOT considered reinsurance agreements"" as it is an equity compensation agreement, similar to other non-reinsurance instruments like bonds or financial guarantees.

Since this is not a reinsurance agreement at all, all subsequent classification fields (is_main_contract, is_obligatory, etc.) should be None.",False,,,,,
2006-1358164-0000930413-06-006737-c44219_ex10-30.htm,"The document is titled ""Adverse Development Reinsurance Agreement"" and explicitly establishes a reinsurance arrangement between XL Capital Assurance Inc. (the ""Company"") and XL Reinsurance America Inc. (the ""Reinsurer""). It provides indemnification on an ""aggregate excess of loss basis"" for ""Aggregate Adverse Development"" on the ""Subject Business,"" which aligns with the definition of retrospective reinsurance agreements such as Adverse Development Cover, listed as a type of reinsurance agreement in the criteria. This confirms that the document is a reinsurance agreement.

The agreement contains all essential terms including coverage, definitions, payment obligations, reporting, commutation, and governance, and it is executed by both parties. It is not merely an ancillary document like an amendment or endorsement but a full, standalone reinsurance contract. Therefore, it qualifies as a main contract.

The agreement covers adverse development on a portfolio of financial guaranty insurance policies, which implies it covers multiple underlying risks rather than a single named insured. This indicates the risk transfer is obligatory in nature, as it applies to a defined portfolio of business rather than facultative case-by-case underwriting.

The structure of indemnification—covering losses in excess of Retained Reserves up to a Maximum Liability Amount on an aggregate basis—is characteristic of non-proportional reinsurance. Specifically, ""aggregate excess of loss"" is a classic form of non-proportional coverage. There is no indication of proportional sharing of premiums or losses, nor any mention of quota share or surplus terms.

The ""Subject Business"" is defined as financial guaranty insurance policies, which are credit-related insurance products that fall under the broader category of Non-Life insurance. Financial guaranty insurance is typically used to insure debt obligations and is not related to mortality, longevity, or life-contingent risks.

Given the nature of financial guaranty insurance, which protects against default on financial obligations, the appropriate class of business is ""Specialty"" insurance. Specialty lines include credit and surety, financial institutions, and other non-traditional property/casualty lines, which encompasses financial guaranty.",True,True,True,non-proportional,Non-Life,Specialty
2006-927417-0001104659-06-017259-a06-3301_1ex10d9.htm,"The provided document is a Credit Agreement dated November 22, 2005, between Polymer Group, Inc. (the ""Borrower"") and various lenders and agents. The agreement outlines the terms and conditions for a $455 million credit facility, including $405 million in Term Loans and $50 million in Revolving Credit Commitments. It details the obligations of the Borrower, the rights of the lenders, interest rates, fees, covenants, and events of default.

This document is clearly a financial loan agreement, not a reinsurance contract. The document establishes a credit facility where lenders provide funds to a borrower, who must repay the loans with interest. This is fundamentally different from a reinsurance agreement, which involves the transfer of insurance risk from one insurer (the ceding company) to another (the reinsurer).

The document contains no language or provisions related to insurance, risk transfer between insurers, claims settlement, or any other elements characteristic of reinsurance. Instead, it contains standard loan agreement provisions such as loan amounts, interest calculations, repayment schedules, collateral requirements, and financial covenants.

Given that this is a credit agreement between a corporation and financial institutions, it falls squarely within the category of documents that are NOT considered reinsurance agreements, specifically falling under the category of ""bonds, loans and credit instruments"" which are explicitly excluded from the definition of reinsurance agreements.",False,,,,,
2006-1018979-0000950134-06-005830-d32117exv10w18.htm,"The document is titled ""Second Casualty Excess of Loss Reinsurance Contract,"" which clearly indicates it is a reinsurance agreement. It is structured with standard reinsurance contract articles, including classes of business reinsured, retention and limits, claims, and other typical provisions. The parties involved are insurers (the ""Company"") and reinsurers (the ""Reinsurer""), and the agreement outlines the reinsurer’s liability for excess losses above the ceding company’s retention.

The document establishes a full reinsurance contract, not merely an amendment or ancillary agreement. It contains all principal terms, including coverage scope, exclusions, limits, premiums, and claims procedures, and is executed via Interests and Liabilities Agreements by multiple subscribing reinsurers. Therefore, it qualifies as a main contract.

The contract is an excess of loss agreement, which is a classic form of non-proportional reinsurance. The reinsurer covers losses in excess of the ceding company’s retention ($2,000,000 per occurrence), up to a specified limit, which is characteristic of non-proportional reinsurance. There is no indication of proportional sharing of premiums or losses.

The classes of business reinsured are Workers’ Compensation, Employers Liability, and General Liability, all of which fall under Non-Life (property and casualty) insurance. These are specifically categorized under Casualty insurance, which is a subset of Non-Life.

Given the structure and content, the document is a non-proportional, obligatory reinsurance treaty covering Casualty risks in the Non-Life sector.",True,True,True,non-proportional,Non-Life,Casualty
2006-1322705-0001193125-06-222432-dex1076.htm,"The document is a Credit Agreement dated as of November 1, 2006, among Spansion LLC (the ""Borrower""), Spansion Inc. (a ""Guarantor""), Bank of America, N.A. (as Administrative Agent), and other Lenders. This document outlines the terms of a loan provided by the Lenders to the Borrower. It includes definitions, conditions for credit extensions, representations and warranties, covenants, events of default, and remedies. The document is clearly a financial loan agreement and does not contain any terms or conditions related to insurance or reinsurance. It involves the lending of money and the establishment of security interests, but not the transfer of insurance risk. Therefore, it does not meet the criteria for being a reinsurance agreement.",False,,,,,
2006-896159-0001193125-06-056531-dex109.htm,"The document is an ""Amended and Restated Credit Agreement"" between ACE Limited and several other borrowers, including reinsurance companies like ACE Tempest Reinsurance Ltd., and a group of lenders. The agreement outlines the terms for a $600 million credit facility, including the issuance of letters of credit, interest rates, fees, covenants, and other financial arrangements. It is fundamentally a loan agreement, detailing the borrowing of funds and the obligations of the borrowers to repay those funds.

While the borrowers include reinsurance entities, the agreement itself is not a reinsurance contract. It does not transfer insurance risk from an insurer (ceding company) to a reinsurer. Instead, it is a financial instrument for securing capital. The document is explicitly defined as a ""Credit Agreement"" and contains standard clauses for such agreements, such as Committed Advances, Competitive Bid Advances, and Letters of Credit, which are financial instruments, not reinsurance mechanisms.

Therefore, this document is a credit agreement, which is specifically listed in the instructions as NOT being a reinsurance agreement. Since it is not a reinsurance agreement, the subsequent questions about whether it is a main contract, obligatory, proportional, and so on, are not applicable and should be answered as 'None'.",False,,,,,
2006-909109-0000893220-06-001096-w20583exv10w8.txt,"This document is titled ""PROPERTY THIRD AND FOURTH EXCESS OF LOSS REINSURANCE AGREEMENT"" and is clearly a reinsurance contract between Philadelphia Insurance Company/Philadelphia Indemnity Insurance Company (the ""Company"") and various reinsurers including Catlin Insurance Company, Hannover Ruckversicherungs AG, and Underwriters at Lloyd's, London.

The document meets the criteria for being a reinsurance agreement because:
1. It is explicitly an ""Excess of Loss Reinsurance Agreement"" which is specifically listed in the criteria as a reinsurance agreement
2. Article I states: ""By this Contract the Reinsurer agrees to reinsure the excess liability of the Company under its Policies...""
3. It contains standard reinsurance provisions including coverage terms, premium calculations, loss settlements, and other reinsurance-specific clauses

This is a main contract because:
- It is the complete reinsurance agreement itself, not an amendment or ancillary document
- It contains all principal terms of the reinsurance agreement including coverage scope, limits, premium structure, duration, and termination provisions
- It has signatures from the parties involved

It is an obligatory reinsurance agreement because:
- It covers ""the excess liability of the Company under its Policies in force... or issued or renewed... classified by the Company as Property and/or Inland Marine business""
- This is a treaty arrangement that automatically covers all eligible policies written by the Company in specified classes, rather than facultative reinsurance which would cover specific individual risks

It is non-proportional because:
- The title explicitly identifies it as an ""Excess of Loss"" agreement
- Excess of Loss contracts are specifically listed in the criteria as non-proportional reinsurance
- The structure shows it covers losses above specific retention levels ($10M/$15M) with defined limits per risk/loss and per occurrence

The insurance type is Non-Life because:
- The agreement specifically covers Property and Inland Marine business
- Property insurance falls under Non-Life insurance categories per the criteria

The class of business is Property because:
- The title explicitly states ""PROPERTY"" 
- Article I specifies coverage for policies ""classified by the Company as Property and/or Inland Marine business""
- The exclusions list several specific types of business that are excluded, with Property being the primary coverage",True,True,True,non-proportional,Non-Life,Property
2006-1358164-0000930413-06-006737-c44219_ex10-29.htm,"The document is an Indemnification Agreement between XL Capital Assurance Inc. (""XLCA"") and XL America, Inc., both subsidiaries of XL Capital Ltd. The agreement outlines XL America's obligation to indemnify XLCA against (i) diminution in value of certain assets (the Note and Preferred Stock) after a specified valuation date, (ii) potential liabilities under a Financial Guaranty Insurance Policy, and (iii) existing or future litigation related to those assets or the policy.

Although the agreement references an underlying Financial Guaranty Insurance Policy and mentions ""reinsurance provided by XL Financial Assurance Ltd."" in Section 4 (""Non-Inuring Reinsurance""), the document itself is not a reinsurance agreement. Instead, it is an indemnification agreement between corporate affiliates, designed to protect XLCA in connection with an IPO. The indemnification is from a corporate parent (indirectly) to a subsidiary, not a risk transfer between insurers or reinsurers.

Financial guarantees, as noted in the instructions, are not reinsurance agreements unless they function as such. This indemnity is a corporate support mechanism, not a contract for risk transfer between underwriting entities. Furthermore, the agreement does not establish a reinsurance or retrocession contract; it is ancillary in nature and does not contain terms typical of reinsurance such as ceding percentages, layers of coverage, or reinsurance accounting mechanics.

Therefore, the document is not a reinsurance agreement, and all downstream classifications (main contract, obligatory, etc.) are inapplicable.",False,,,,,
2006-1289785-0001193125-06-230396-dex101d.htm,"The document is an ""Amendment No. 3 and Agreement"" related to a Credit Agreement among Atlantic Broadband Finance, LLC, its subsidiaries, and several lenders. It outlines amendments to loan terms, including the addition of Incremental Term Commitments to finance the acquisition of G-Force LLC's cable television systems. The document references financial covenants, conditions for funding, security interests, and representations related to a corporate acquisition and debt financing.

The document is clearly a financial credit agreement amendment and involves loan facilities, lender commitments, and corporate acquisition financing. It does not involve risk transfer from an insurer to a reinsurer, nor does it reference any insurance or reinsurance terms, cedants, retrocessions, or reinsurance-specific clauses such as cessions, premiums, or loss recoveries.

According to the classification criteria, reinsurance agreements include treaties, retrocessions, and related risk transfer instruments. This document is a credit and loan agreement, which falls under the category of financial guarantees and credit instruments—specifically excluded from being considered a reinsurance agreement. It is not a reinsurance or retrocession contract, nor does it amend or modify such a contract.

Therefore, it is not a reinsurance agreement, and all downstream fields (main contract, obligatory, etc.) are not applicable.",False,,,,,
2006-743532-0001193125-06-048276-dex10h.htm,"The document is an Amended and Restated Insurance Pooling Agreement among Alfa Mutual Insurance Company and several associated insurance companies. The agreement establishes a pooling arrangement where all parties cede and accept 100% of each other's business, with profits, losses, premiums, and expenses shared in fixed proportions as specified in Exhibit I (e.g., Alfa Mutual Insurance Company at 18%, Alfa Insurance Corporation at 30%, etc.). This constitutes a mutual sharing of underwriting risk across the participating companies.

According to the classification guidelines, insurance pooling agreements that fulfill a risk transfer objective similar to standard reinsurance—such as spreading and stabilizing underwriting operations, increasing solvency protection, and enabling common risk sharing—are considered reinsurance agreements. The document explicitly states its purpose includes ""to spread and stabilize the writings of each participating company by providing for common risk sharing for underwriting operations,"" confirming its risk transfer function.

The agreement contains all principal terms (parties, effective date, risk-sharing mechanics, accounting procedures, catastrophe loss allocation via Exhibit II, and termination provisions), and it is signed by all parties, indicating it establishes the main reinsurance contract rather than being an ancillary agreement.

The pooling is obligatory in nature because it automatically covers all business written by the participating companies without individual underwriting discretion. The sharing is proportional (based on fixed percentages of premiums, losses, and expenses), as defined in the agreement and Exhibit I. The document does not indicate any non-proportional layers or structures, and the catastrophe allocation in Exhibit II still operates as a coinsurance mechanism within proportional sharing.

Regarding insurance type, the names of the companies (e.g., ""Mutual Fire Insurance,"" ""Specialty,"" ""Vision"") and the reference to catastrophe events (e.g., windstorm, hail, tornado, hurricane) strongly suggest property and casualty coverage. There is no mention of life, annuity, pension, or health-related policies. The inclusion of ""fire,"" ""property,"" and catastrophe risks aligns with Non-Life insurance.

The class of business is best classified as Multi-Line because the participating companies have varied focuses (fire, general, specialty, vision), and the pooling covers all their combined operations, suggesting a mix of property and casualty lines. The agreement does not limit coverage to a single class, and the pooling structure encompasses diverse risks.",True,True,True,proportional,Non-Life,Multi-Line
2006-1214816-0001104659-06-015328-a06-5894_1ex10d11.htm,"The document is an employment agreement between Mr. Marshall Turner and AXIS Specialty U.S. Services, Inc., outlining terms of employment including position, compensation, benefits, term, termination, non-disclosure, non-solicitation, and non-compete clauses. It does not contain any provisions related to risk transfer, insurance coverage, or reinsurance arrangements. The document pertains to human resources and employment terms, not to any form of insurance or reinsurance contract. Therefore, it is not a reinsurance agreement or any type of insurance contract.",False,,,,,
2006-1299969-0000950133-06-001315-w18555exv10w38.htm,"The document is a Stock Purchase Agreement between Comstock Homebuilding Companies, Inc. (the Purchaser), Parker-Chandler Homes, Inc. (the Company), and the shareholders of the Company (the Sellers). The agreement outlines the terms under which the Purchaser acquires all of the outstanding shares of the Company. It includes provisions related to the purchase price, representations and warranties, closing conditions, indemnification, and other post-closing obligations. The subject matter of the agreement is the acquisition of a homebuilding company, which operates in the residential construction industry. There is no mention of insurance or reinsurance activities, risk transfer between insurers and reinsurers, or any other elements characteristic of a reinsurance agreement. Instead, the document is a corporate acquisition agreement, which falls outside the defined scope of reinsurance agreements.",False,,,,,
2006-1279363-0001279363-06-000100-exhibit_10-13.htm,"The document is an ""Employer/Union-Only Group Contract Addendum"" related to a Medicare Prescription Drug Plan (PDP) offered by WellCare Prescription Insurance, Inc. in agreement with the Centers for Medicare & Medicaid Services (CMS). It outlines terms for offering prescription drug coverage to retirees of specific employers or unions under Medicare Part D. The document amends an existing contract to allow for group enrollment and modified benefit structures under CMS waivers.

This is a direct health insurance arrangement between a government agency (CMS) and a private insurer (WellCare) to provide prescription drug benefits to Medicare-eligible individuals. It is not transferring risk from one insurer to another, which is the hallmark of reinsurance. Instead, it establishes a direct insurance program for beneficiaries.

Therefore, this document is not a reinsurance agreement. It is a direct insurance contract under a federal healthcare program. As such, it does not meet any of the criteria for being classified as a reinsurance agreement, retrocession, or any of the included types like catastrophe bonds or pooling agreements. It is also not an ancillary agreement to a reinsurance contract, but a standalone direct insurance arrangement.

Since it is not a reinsurance agreement, all subsequent fields that pertain to reinsurance characteristics must be None.",False,,,,,
2006-1018979-0000950134-06-005830-d32117exv10w20.htm,"The document is titled ""Per Person Excess of Loss Reinsurance Contract"" and is explicitly structured as a reinsurance agreement between American Interstate Insurance Company and various subscribing reinsurers. It outlines the terms under which the reinsurer agrees to cover excess liability for the ceding company's Workers' Compensation, Employers Liability, and General Liability policies. This fits squarely within the definition of a reinsurance agreement as it transfers risk from an insurer to a reinsurer.

The document establishes a full reinsurance contract with defined terms such as retention, limits, coverage, exclusions, claims handling, and premium payments. It is not merely an ancillary document like an endorsement or amendment, but rather a complete contract, including a table of contents and formal articles. Therefore, it qualifies as a main contract.

The contract is obligatory because it covers all policies in force or newly issued in specified classes of business (Workers’ Compensation, Employers Liability, General Liability), meaning the ceding company automatically cedes all eligible risks without individual underwriting by the reinsurer. This is characteristic of treaty reinsurance, which is obligatory in nature.

The reinsurance structure is non-proportional because it is an ""Excess of Loss"" contract. Specifically, it covers losses exceeding a $5,000,000 retention up to a $5,000,000 limit per person, per occurrence. There is no sharing of premiums or losses on a proportional basis (e.g., quota share), and the liability attaches only after a loss threshold is met—hallmarks of non-proportional reinsurance.

The insurance type is Non-Life, as the underlying coverage includes Workers’ Compensation and General Liability, which are casualty lines of business, not life or annuity products.

The primary class of business is Casualty, as Workers’ Compensation and Employers Liability are core casualty lines. General Liability also falls under Casualty. Although some Specialty lines may be present, the dominant and clearly stated classes are casualty-related.",True,True,True,non-proportional,Non-Life,Casualty
2006-926866-0001193125-06-228442-dex1015.htm,"The provided document is a Deed of Trust, which is a legal instrument used to secure a loan with real property. It involves a borrower (KPA HI ONTARIO LLC) and an accommodation grantor (KPA ONTARIO LESSEE LLC) granting a security interest in a property located in Ontario, California, to a trustee (Chicago Title Insurance Company) for the benefit of a lender (Capmark Bank). The document outlines the terms of the loan, the security interest in the property, and the rights and obligations of the parties involved.

The document is not a reinsurance agreement. It does not involve the transfer of risk from one insurer to another, nor does it contain terms typical of reinsurance contracts such as proportional or non-proportional sharing of risk, retrocession, or other reinsurance-specific clauses. Instead, it is a standard real estate financing document that secures a loan with a property, including provisions for insurance, taxes, and maintenance of the property.

Since the document is not a reinsurance agreement, the subsequent fields related to reinsurance (is_main_contract, is_obligatory, proportional_or_non_proportional, insurance_type, class_of_business) are not applicable and should be set to None.",False,,,,,
2006-915781-0000950134-06-006265-c03761exv10w15.htm,"The document describes a reinsurance agreement between ACIC, BCIC, and two reinsurers (GE Reinsurance Corporation and Max Re Ltd.) effective January 1, 2006. It outlines the liability of the reinsurers for losses in excess of certain retentions, specifies the coverage for Workers' Compensation and Employers' Liability Business, and includes terms on commencement, termination, and reinsurance premiums. This constitutes a clear reinsurance treaty.

The agreement is a main contract because it establishes the principal terms of a reinsurance treaty, including risk layers, percentages, premium basis, and coverage scope. It is not merely an ancillary document like an endorsement or amendment.

The reinsurance is obligatory because it covers all business written by the company (as noted in the comment ""All business written by the Company"") and applies automatically to eligible policies, which is characteristic of a treaty arrangement.

The structure of the agreement—covering losses in excess of specified amounts (e.g., $800,000 excess of $200,000)—is typical of non-proportional reinsurance, specifically excess of loss coverage. There is no indication of proportional sharing of premiums or losses across the portfolio; instead, the reinsurers cover specific loss layers.

The underlying insurance business is Workers' Compensation and Employers' Liability, which fall under Non-Life insurance. The class of business for these lines is categorized as Casualty, which includes liability coverages such as employers' liability and workers' compensation.",True,True,True,non-proportional,Non-Life,Casualty
2006-202890-0001193125-06-167627-dex101.htm,"The document provided is a Credit Agreement dated August 1, 2006, among Aleris International, Inc., various borrowers, lenders, and agents. It outlines the terms and conditions for a credit facility involving revolving loans and letters of credit. This type of agreement is a financial instrument used for borrowing money and is not related to insurance or reinsurance.

According to the definitions provided:
- Reinsurance agreements include contracts that transfer risk from insurers to reinsurers.
- The document in question is a credit agreement, which involves lending and borrowing of funds, not risk transfer in the context of insurance.

Therefore, this document does not meet the criteria for being classified as a reinsurance agreement.",False,,,,,
2006-909109-0000893220-06-000532-w18434exv10w79.txt,"The document is titled ""REINSTATEMENT PREMIUM PROTECTION REINSURANCE CONTRACT"" and explicitly states it is a reinsurance agreement. It indemnifies the Company for reinstatement premiums paid under an underlying excess catastrophe reinsurance contract, which falls under the definition of a reinsurance agreement as per the provided criteria—specifically, a Reinstatement Premium Protection (RPP) contract tied to an underlying reinsurance contract.

The contract establishes the full terms of the reinsurance arrangement, including coverage, premiums, termination, arbitration, and detailed participation by reinsurers. It is not merely an amendment or ancillary document but a standalone, comprehensive contract. Therefore, it qualifies as a main contract.

The agreement covers multiple excess layers of a catastrophe reinsurance treaty, which is an obligatory form of reinsurance (as it automatically covers all risks within the defined portfolio and layers). Since it protects against reinstatement premiums on an excess of loss treaty, and such treaties are typically obligatory, the RPP contract is also deemed obligatory.

The underlying reinsurance is an excess catastrophe treaty (non-proportional), and the RPP contract covers reinstatement premiums on that non-proportional structure. RPP contracts on non-proportional underlying contracts are classified as non-proportional reinsurance.

The underlying coverage relates to property catastrophe risks in Florida, specifically covering Condominium, Dwelling, Homeowners, and Manufactured Homeowners—clearly property insurance. Thus, the insurance type is Non-Life, and the class of business is Property.",True,True,True,non-proportional,Non-Life,Property
2006-1127703-0000950144-06-001683-g99804exv10w4xjy.txt,"The document is a Release and Severance Compensation Agreement between ProAssurance Corporation, its subsidiaries, and an executive, Darryl K. Thomas. It outlines the terms of severance benefits in the event of termination under certain conditions following a corporate consolidation. The agreement includes provisions related to non-compete, confidentiality, and dispute resolution, but it does not involve the transfer of insurance risk from one insurer to another.

The document is an employment-related agreement, specifically a severance and retention plan, and not a contract for reinsurance or risk transfer between insurance entities. It does not mention any ceding of insurance liabilities, reinsurance premiums, or coverage of insurance portfolios. Instead, it focuses on executive compensation, employment terms, and post-employment restrictions.

Therefore, this document is not a reinsurance agreement, nor is it any of the listed types such as retrocession, catastrophe bonds, or portfolio transfers with reinsurance characteristics. It is also not an ancillary document to a reinsurance agreement. It is a standalone executive employment and severance agreement.",False,,,,,
2006-1335686-0000950133-06-003712-w24063exv10w2.htm,"The document provided is a Loan Agreement between RPB Willowwood I LLC and RPB Willowwood II LLC (Borrowers) and Lehman Brothers Bank, FSB (Lender). The agreement outlines the terms of a loan, including the loan amount, interest rate, repayment terms, and covenants. It includes standard provisions related to loan disbursement, interest calculations, prepayments, defeasance, cash management, representations and warranties, covenants, insurance, casualty and condemnation, reserve funds, defaults, and other miscellaneous clauses. It does not contain any language or clauses related to risk transfer, indemnity, or reinsurance. The document is clearly a financial instrument for a loan, not a reinsurance agreement.",False,,,,,
2006-29915-0001047469-06-002147-a2167550zex-10_t.htm,"The document is a Summary Plan Description (SPD) for three life insurance benefit plans offered by The Dow Chemical Company to its retirees: the Retiree Company-Paid Life Insurance Plan, the Retiree Optional Life Insurance Plan, and the Retiree Dependent Life Insurance Plan. These are direct insurance policies provided to employees and retirees, funded through group insurance contracts with Metropolitan Life Insurance Company (MetLife). The document outlines eligibility, coverage amounts, costs, beneficiary designations, claims procedures, and other administrative details of the life insurance benefits.

Although the document mentions a ""Joint Insurance Arrangement"" between MetLife and Dorinco Reinsurance Company, where Dorinco assumes a portion of the risk, this does not make the overall agreement a reinsurance contract. Instead, it is a funding or risk-sharing arrangement within the context of a group life insurance policy, approved by the U.S. Department of Labor under ERISA. Such arrangements are common in large employer-sponsored plans and do not transform a direct insurance policy into a reinsurance agreement.

According to the classification criteria, direct insurance contracts—including group life insurance policies for employees and retirees—are explicitly not considered reinsurance agreements. The presence of a co-insurance or reinsurance component for funding stability does not override the fundamental nature of the document as a direct insurance plan.

Therefore, this document is not a reinsurance agreement.",False,,,,,
2006-911576-0001193125-06-119270-dex104.htm,"The document is a Managing General Agency Agreement between Florida Select Insurance Company and Florida Select Insurance Agency Inc. It outlines the appointment of the Manager to act as a managing general agent for the production, underwriting, and marketing of homeowners and fire insurance in Florida. The Manager has authority to solicit, produce, underwrite, and bind direct insurance policies, appoint sub-producers, report premiums, and service policies. It also includes provisions for negotiating a reinsurance program on behalf of the Company, but this is limited to negotiation only—binding reinsurance is not authorized, and the Manager acts as an agent in claims and premium collection related to reinsurance.

However, the document itself is not a reinsurance agreement. Instead, it is an agreement between an insurer and its managing general agent, governing the agent’s authority and responsibilities in underwriting and administering direct insurance business. According to the classification rules, Underwriting Agency Agreements between reinsurance companies and agents are explicitly excluded from being considered reinsurance agreements. Even though the Manager can negotiate reinsurance, this does not make the agreement itself a reinsurance contract. The core nature of the document is agency and operational management of direct insurance business.

Because it is not a reinsurance agreement, the downstream fields (is_main_contract, is_obligatory, etc.) must be set to None.",False,,,,,
2006-949156-0000950124-06-001186-k02499exv10w39.txt,"The document is a Management Services Agreement between Meadowbrook Insurance Group, Inc. (MIG), a company referred to as the ""Company,"" and Meadowbrook, Inc. (the ""Manager""). The agreement outlines the services that the Manager will perform on behalf of the Company, including accounting, claims administration, underwriting, reinsurance coordination, investment oversight, and other administrative functions.

While the document mentions reinsurance in Article 2.01.H, stating that the Manager shall ""seek to arrange for appropriate reinsurance"" and act as a liaison with reinsurers, this is only one of many administrative and operational services being provided. The agreement does not establish a reinsurance contract or transfer any insurance risk from one insurer to another. Instead, it governs the provision of management and administrative services by the Manager to the Company.

This type of agreement is specifically excluded from being a reinsurance agreement under the provided definitions. Referral Agreements, Underwriting Agency Agreements, and similar arrangements between reinsurance companies and management agents are explicitly listed as not being reinsurance agreements. This document is an underwriting and administrative services agreement, not a contract for risk transfer.

Since it is not a reinsurance agreement, all downstream classifications (main contract, obligatory, proportional status, insurance type, class of business) are not applicable and should be set to 'None'.",False,,,,,
2006-1299969-0000950133-06-003673-w23939exv10w4.htm,"The provided document is a Stock Purchase Agreement dated May 1, 2006, between Comstock Homebuilding Companies, Inc. (the ""Purchaser""), Capitol Homes, Inc. (the ""Company""), and its shareholders (the ""Sellers""). The agreement outlines the terms under which the Purchaser will acquire all of the outstanding shares of the Company. The content of the document focuses on the purchase and sale of equity, representations and warranties, conditions to closing, indemnification, and other related corporate and transactional matters.

The document does not contain any terms, provisions, or language indicative of a reinsurance agreement. It does not involve the transfer of insurance risk from one insurer to another (reinsurance), nor does it reference any insurance-related covenants, premiums, claims, or coverage terms. Instead, it is a standard corporate acquisition agreement in the homebuilding industry.

Based on the definition provided, reinsurance agreements include contracts such as reinsurance treaties, retrocessions, loss portfolio transfers, catastrophe bonds, and other risk transfer mechanisms in the insurance sector. This document is a stock purchase agreement in the real estate/homebuilding sector and does not fall under any of the categories listed as reinsurance agreements.

Therefore, the document is not a reinsurance agreement, and all subsequent fields related to reinsurance classification are not applicable.",False,,,,,
2006-910739-0001104659-06-052409-a06-13752_1ex10d1.htm,"The document is an Administrative Services Agreement between Lincoln Benefit Life Company (the ""Company"") and Allstate Life Insurance Company (the ""Administrator""). The agreement outlines the services the Administrator will provide to the Company regarding the administration of variable annuity contracts (Lincoln VA Contracts). Key points include:

- The Administrator will handle underwriting, collections, claims handling, regulatory and legal proceedings, separate account services, and other administrative functions for the Lincoln VA Contracts.
- The agreement references a ""Lincoln Reinsurance Agreement,"" under which the Administrator has agreed to indemnify the Company for general and separate account liabilities of the Lincoln VA Contracts on a coinsurance and modified coinsurance basis. However, this document is not the reinsurance agreement itself but a separate administrative services agreement.
- The services provided are administrative in nature and do not establish a reinsurance or retrocession contract. They are ancillary to the main reinsurance agreement, which is referenced but not contained within this document.
- The document does not create a new reinsurance contract but rather governs how administrative services will be performed for contracts that are already subject to reinsurance.

Based on the definitions provided, this document is not a reinsurance agreement because it does not transfer risk between insurers but instead outlines administrative responsibilities. It is an ancillary agreement related to the administration of contracts that are subject to a separate reinsurance agreement.",False,,,,,
2006-875159-0000930413-06-007751-c44996_ex10-1.txt,"The document is an employment agreement between XL Capital Ltd and Sarah E. Street for her role as Chief Investment Officer. It outlines terms of employment including salary, bonuses, benefits, termination conditions, non-compete clauses, and confidentiality. While the company operates in the insurance and reinsurance sector, the document itself is not a reinsurance agreement. It pertains to employment terms and does not involve risk transfer between insurers and reinsurers. Therefore, it does not meet any of the criteria for being classified as a reinsurance agreement.",False,,,,,
2006-40730-0000950124-06-002623-k05088exv10w1.htm,"The document is a Memorandum of Understanding (MOU) between General Motors (GM) and the United Automobile Workers (UAW) regarding changes to the health care benefits for GM hourly retirees, surviving spouses, and dependents. It outlines modifications to the existing Health Care Program, including cost-sharing adjustments, establishment of a Defined Contribution VEBA (Voluntary Employees' Beneficiary Association) trust to mitigate certain costs, and administrative changes to health care coverage.

The MOU discusses health care plan design, eligibility, contributions, deductibles, co-insurance, out-of-pocket maximums, prescription drug costs, and coordination with Medicare. It also details funding mechanisms for the DC VEBA, including asset transfers, profit-sharing payments, wage deferrals, stock appreciation rights, and dividend payments. The purpose of these arrangements is to manage and reduce retiree health care costs for GM while maintaining certain levels of coverage for retirees.

This document pertains to employee benefits and health care cost management in a corporate-labor context. It is not a reinsurance agreement, as it does not involve the transfer of insurance risk from one insurer to another (reinsurer). There is no indication of risk transfer between insurance entities, ceding of premiums, or contractual reinsurance terms such as indemnity for claims, treaty structures, or facultative arrangements.

Instead, the document is a collective bargaining agreement-related MOU focused on retiree health benefits, cost containment, and funding through a VEBA trust. VEBA trusts are used to fund employee benefits and are not reinsurance instruments. The mention of ""reinsurance or stop loss coverage"" in Attachment E is aspirational and refers to a policy position the parties support, not an actual reinsurance contract being established.

Therefore, the document is not a reinsurance agreement, nor is it a main contract, obligatory agreement, or proportional/non-proportional reinsurance instrument. It does not fall under any of the categories listed as reinsurance agreements.",False,,,,,
2006-912898-0001266454-06-000088-glimcher_10k-ex1096.txt,"The provided document is a Loan Agreement between RVM Glimcher, LLC (Borrower) and Lehman Brothers Bank, FSB (Lender). The agreement details the terms of a loan, including the loan amount, interest rate, repayment terms, conditions precedent to closing, representations and warranties, covenants, insurance, casualty, condemnation, reserve funds, defaults, remedies, and miscellaneous provisions. The document establishes a financial loan secured by real property and includes provisions for the management of the property, the use of proceeds, and the rights and obligations of the parties involved. It is not a reinsurance agreement as it does not involve the transfer of insurance risk from one insurer to another. Instead, it is a typical commercial real estate loan agreement.",False,,,,,
2006-1358164-0000930413-06-006737-c44219_ex10-20.txt,"The document is titled ""Third Amended and Restated Facultative Quota Share Reinsurance Treaty"" and is explicitly framed as a reinsurance agreement between XL Financial Assurance Ltd. (the Reinsurer) and XL Capital Assurance Inc. (the Ceding Company). It outlines terms for ceding insurance liabilities on a quota share basis, which is a form of proportional reinsurance. This satisfies the definition of a reinsurance agreement as per the provided classification criteria. The agreement covers facultative cessions of financial guaranty and surety insurance policies, with the Reinsurer accepting up to 75% of each policy on a quota share basis.

The document is a main contract because it constitutes a full reinsurance treaty, including all principal terms such as coverage, acceptance procedures, reporting, payments, dispute resolution, and termination. It is not merely an ancillary document like an endorsement or amendment but a comprehensive agreement that establishes the reinsurance relationship.

However, despite being labeled ""Facultative Quota Share,"" the structure indicates it is not a standard facultative (non-obligatory) contract. Instead, it operates as a treaty under which the ceding company submits policies, and the reinsurer accepts them based on predefined criteria (e.g., investment grade rating), suggesting an obligatory flow of business. Moreover, the agreement applies to ""Policies hereafter issued"" and includes systematic reporting and automatic acceptance provisions, which are characteristic of obligatory reinsurance. Therefore, it should be classified as an obligatory agreement.

The reinsurance is explicitly proportional, as it operates on a ""quota share"" basis where the Reinsurer takes a fixed percentage (up to 75%) of each policy. This aligns with the definition of proportional reinsurance.

The underlying insurance type is financial guaranty and surety insurance, which falls under Non-Life insurance. These are credit-related insurance products designed to protect against default or non-performance, not life or annuity products.

The class of business for financial guaranty and surety insurance is best classified as ""Specialty,"" as it involves niche, non-traditional lines of non-life insurance, often related to credit enhancement and structured obligations.",True,True,True,proportional,Non-Life,Specialty
2006-773660-0000950134-06-020970-d41125exv10w4.htm,"The document is an advisory fee agreement between The Blackstone Group L.P. and The MEGA Life and Health Insurance Company. It outlines the engagement of Blackstone as a financial advisor to assist the company in analyzing, structuring, and effecting a potential transaction involving the sale or disposition of certain business divisions (Star HRG and Student Insurance). The agreement includes provisions for advisory services, compensation, confidentiality, indemnification, and other standard terms for a financial advisory engagement.

The document does not establish any reinsurance or retrocession contract. It does not transfer insurance risk, define ceding or assuming parties, or include typical reinsurance terms such as coverage limits, premiums, or claims handling. Instead, it is a service agreement for financial advisory services related to a potential corporate transaction. Although the term ""reinsurance transaction"" is mentioned as one of many possible forms a Transaction could take, the agreement itself is not a reinsurance contract but rather a framework for advisory services regardless of the transaction type.

Therefore, this is not a reinsurance agreement. As such, all downstream classifications related to reinsurance (main contract, obligatory, proportional, insurance type, class of business) are not applicable.",False,,,,,
2006-926866-0001193125-06-228442-dex108.htm,"The document is a ""Deed of Trust, Leasehold Deed of Trust, Assignment of Leases and Profits, Security Agreement and Fixture Filing."" It is a security instrument used to secure a loan for a hotel property. The document outlines the terms under which the borrower (RLJ Anaheim Suites Hotel, L.P.) and the accommodation grantor (RLJ Anaheim Suites Hotel Lessee, L.P.) grant a security interest in real and personal property to the beneficiary (GMAC Commercial Mortgage Bank) as collateral for a loan of $13.7 million.

The document details the borrower's obligations, the beneficiary's rights in case of default, insurance requirements, payment of taxes, and other covenants related to the management and maintenance of the property. It includes provisions for the assignment of leases and profits, security agreements, and various remedies available to the beneficiary upon default, such as foreclosure and appointment of a receiver.

This document is not a reinsurance agreement. It does not involve the transfer of insurance risk from one insurer to another or the retrocession of reinsurance. Instead, it is a real estate financing document that secures a loan with a mortgage on a hotel property. The document is related to direct property financing and does not pertain to any form of insurance or reinsurance.",False,,,,,
2006-1358164-0000930413-06-006737-c44219_ex10-23.txt,"The document is a Credit Agreement dated August 1, 2006, between Security Capital Assurance Ltd, XL Capital Assurance Inc., XL Financial Assurance Ltd., the Lenders party hereto, and Citibank, N.A., as Administrative Agent. It outlines the terms and conditions for the Lenders to issue letters of credit and make loans to the Account Parties in an aggregate amount not exceeding $500,000,000. The document establishes a financial credit facility and does not involve the transfer of insurance risk from one insurer to another, which is the hallmark of a reinsurance agreement. The document is explicitly a credit agreement, which is listed as not being a reinsurance agreement in the provided guidelines. Therefore, it is not a reinsurance agreement, and subsequent questions about its nature as a reinsurance contract are not applicable.",False,,,,,
2006-1018979-0000950134-06-015976-d38372exv10w3.htm,"The document is titled ""Third Casualty Excess of Loss Reinsurance Contract"" and explicitly states that the Reinsurer agrees to reinsure the excess liability accruing to the Company under its insurance policies. This establishes it as a reinsurance agreement. It contains standard reinsurance contract elements such as retention, limits, reinstatement, claims handling, and arbitration, confirming its nature as a main reinsurance contract. The contract applies to excess liability above the ceding company’s retention, which is characteristic of non-proportional (specifically excess of loss) reinsurance. The classes of business reinsured are Workers’ Compensation, Employers Liability, and General Liability—core casualty lines. The reinsurance is obligatory because it covers all policies in force or issued/renewed during the term within the defined classes, without requiring individual underwriting per risk. The document establishes a full and primary reinsurance contract, not an ancillary agreement, and pertains to Non-Life insurance, specifically the Casualty class of business.",True,True,True,non-proportional,Non-Life,Casualty
2006-39273-0000039273-06-000027-exhibit10_16.htm,"The document is a ""Key Employee Supplemental Medical Plan"" certificate, which outlines health insurance benefits for employees and their dependents. It describes coverage for medical expenses and accidental death and dismemberment (AD&D), including benefit limits, exclusions, claims procedures, and definitions. The document explicitly states that it is a certificate of insurance and not a contract of insurance, summarizing the provisions of a group policy issued to a trustee.

This is a direct insurance contract providing supplemental medical and AD&D benefits to individuals employed by participating employers. It does not involve risk transfer from one insurer to another, nor does it reference any reinsurance mechanism. The document is clearly a group health insurance certificate, not a reinsurance agreement.

Therefore, it does not meet any of the criteria for being classified as a reinsurance agreement. It falls under the category of direct insurance, specifically group health and accident insurance.",False,,,,Non-Life,Health
2006-1204560-0001204560-06-000032-ex10_2.htm,"The document is a Purchase and Sale Agreement for real property located in San Diego, California. It outlines the terms for the sale of real estate, including the land, buildings, improvements, leases, and related rights and agreements. The agreement covers aspects such as purchase price, deposit, due diligence, title matters, closing conditions, prorations, risk of loss, and default provisions.

This is not a reinsurance agreement. It is a commercial real estate transaction document. The agreement does not involve the transfer of insurance risk from one insurer to another, which is the defining characteristic of reinsurance. Instead, it is a contract for the sale of physical property and associated rights.

Since this is not a reinsurance agreement, all subsequent fields related to reinsurance classification (is_main_contract, is_obligatory, proportional_or_non_proportional, insurance_type, and class_of_business) should be None.",False,,,,,
2006-1264242-0000950136-06-002636-file004.htm,"The document is a ""Technical Property Binder of Reinsurance"" between Quanta Indemnity Company and Arch Reinsurance Ltd., indicating it is a reinsurance agreement. It establishes a 100% Quota Share reinsurance arrangement for technical risk property business, which is a proportional reinsurance structure. The binder includes key terms such as coverage, premium, exclusions, territory, and catastrophe cover, and is signed by both parties. Although it is labeled a ""binder,"" it contains all principal terms of the agreement and includes a commitment to execute formal contracts, which indicates it functions as a main contract. 

The reinsurance is obligatory because it covers 100% of a defined portfolio (technical risk property business), not individual risks selected facultatively. The proportional nature is clear from the 100% Quota Share structure. The business covered is property-related, falling under Non-Life insurance. The class of business is Property, as explicitly stated in ""technical risk property business."" The catastrophe cover mentioned is ancillary and does not change the classification of the main contract.",True,True,True,proportional,Non-Life,Property
2006-1263813-0000893220-06-000581-w18557exv10w29.htm,"The document is an ""Amended and Restated Executive Employment Agreement"" between Penn Independent Corporation and Robert Cohen, outlining the terms of his employment as Chief Executive Officer and President. It covers aspects such as term of employment, position, compensation, benefits, restrictive covenants, termination, and related matters. The document is a standard executive employment contract and does not involve the transfer of insurance risk from one insurer to another, which is the defining feature of a reinsurance agreement. Although the company operates in the insurance sector and the executive may be involved in reinsurance activities, the agreement itself pertains to employment, not risk transfer. Therefore, it does not meet any of the criteria for being classified as a reinsurance agreement.",False,,,,,
2006-1267395-0000950136-06-001663-file002.htm,"The document provided is an employment agreement between Nicholas Bonnar and Wellington Re Services Limited. It outlines the terms and conditions of employment, including job title, salary, working hours, benefits, confidentiality, and restrictive covenants. There is no indication that this document establishes or modifies a reinsurance agreement. Instead, it pertains to the employment relationship of an individual serving as an Underwriter in Specialty Reinsurance. While the employee may work in the reinsurance industry, the document itself is not a reinsurance agreement. It does not transfer insurance risk, define treaty terms, or establish any ceding or assuming of risk between insurers and reinsurers. Therefore, it falls outside the scope of what constitutes a reinsurance agreement as defined.",False,,,,,
2006-906107-0001104659-06-051942-a06-15244_1ex10d1.htm,"The document is a membership interest transfer agreement for the sale of the Lexford Housing Division, a portfolio of multifamily residential real estate properties, from Equity Residential to affiliates of Empire Group Holdings LLC. It details the sale of limited liability company membership interests and includes provisions related to real estate, such as title insurance, property management, leases, and closing adjustments. The document does not contain any language or structure typical of reinsurance agreements, such as risk transfer, ceding of insurance liabilities, premium calculations based on insurance claims, or references to insurance policies, treaties, or retrocession. Instead, it is a standard real estate acquisition agreement involving the transfer of ownership interests in property-owning entities. Therefore, it is not a reinsurance agreement.",False,,,,,
2006-1171500-0000950123-06-005438-y20142exv10w1.htm,"The document is titled ""Amended and Restated Quota Share Retrocession Agreement"" and is explicitly a retrocession agreement between two affiliated insurance entities. Retrocession agreements are explicitly listed as reinsurance agreements under the provided definition. Therefore, the document qualifies as a reinsurance agreement.

The agreement establishes a full reinsurance contract, not merely an ancillary or modifying document. It outlines comprehensive terms for the retrocession of reinsurance contracts, including business covered, premiums, losses, exclusions, and administrative procedures. It supersedes prior agreements and constitutes the entire agreement between the parties, indicating it is a main contract.

The agreement is obligatory because it mandates that the Retrocedant ""obligates itself to retrocede"" and the Retrocessionaire ""obligates itself to accept"" a specified quota share of all reinsurance contracts underwritten after the effective date. This automatic cession and acceptance fits the definition of an obligatory (treaty) reinsurance contract.

The agreement is proportional because it specifies fixed percentage shares (70% and 80%) of premiums and losses for different classes of business. Although there is a per-occurrence limit for catastrophe losses ($180 million), this does not override the fundamentally proportional nature of the agreement, as minor non-proportional terms (like loss ratio caps or per-occurrence limits) do not disqualify a contract from being classified as proportional.

The business covered includes ""North American Property Catastrophe Excess of Loss"" and ""International Property Catastrophe Excess of Loss,"" as well as other non-catastrophe covers. These are clearly property-related insurance lines, which fall under Non-Life insurance. The class of business is primarily Property, as the agreement explicitly centers on property catastrophe covers and other non-life reinsurance contracts.",True,True,True,proportional,Non-Life,Property
2006-947484-0001104659-06-016208-a06-4988_1ex10d12d5.htm,"The document is a Restricted Share Agreement between Arch Capital Group Ltd. and an employee, Marc Grandisson. It outlines the terms of an award of 50,000 restricted shares under the company's Long Term Incentive and Share Award Plan. The agreement covers vesting conditions, forfeiture, transfer restrictions, tax withholding, and other employment-related provisions. This is an equity compensation agreement and not a risk transfer instrument.

It does not involve any reinsurance or insurance risk transfer mechanisms such as ceding premiums, assuming liabilities, or indemnifying against losses. Instead, it pertains to internal corporate governance and employee incentives. Therefore, it is not a reinsurance agreement, nor is it related to any insurance or reinsurance contract.",False,,,,,
2006-1267395-0000950136-06-001663-file003.htm,"The document provided is an employment agreement between Aspen Insurance U.S. Services Inc. and Brian M. Boornazian, outlining the terms and conditions of his employment as President and Chief Underwriting Officer, Property Reinsurance. It includes details about compensation, duties, termination, non-compete clauses, confidentiality, and other employment-related provisions. 

This document does not involve any transfer of insurance risk from one insurer to another, nor does it contain terms typical of reinsurance agreements such as ceding commissions, reinsurance recoverables, treaty terms, or risk-sharing mechanisms. Instead, it is a contract for personal services, specifically executive employment, and falls under the category of corporate governance and human resources documentation.

As such, it is not a reinsurance agreement or any ancillary document modifying one. It is also not related to retrocession, risk transfer, or any form of insurance-linked security. Therefore, all downstream classifications related to reinsurance (main contract, obligatory nature, proportional/non-proportional, insurance type, class of business) are not applicable.",False,,,,,
2006-909109-0000893220-06-001096-w20583exv10w7.txt,"The document is a ""CASUALTY EXCESS OF LOSS REINSURANCE CONTRACT"" between Philadelphia Insurance Company and several subscribing reinsurers. This clearly indicates it is a reinsurance agreement, specifically an excess of loss contract covering casualty risks. The contract outlines the terms under which the reinsurer will indemnify the company for losses exceeding certain retentions.

The document establishes the main reinsurance contract, including all principal terms such as coverage, limits, premiums, and conditions. It is not merely an ancillary agreement but the primary contract itself.

This is an obligatory reinsurance agreement because it covers all casualty policies written by the company that meet the criteria, rather than specific individual risks. The treaty automatically covers eligible policies without facultative approval.

The contract is non-proportional reinsurance, specifically an excess of loss arrangement, where the reinsurer covers losses above a specified retention amount ($1,000,000 or $2,000,000 depending on the policy type) up to a specified limit ($10,000,000 or $9,000,000).

The insurance type is Non-Life, as it covers casualty, professional liability, and related commercial lines of business.

The class of business is Casualty, as explicitly stated in the document title and throughout the agreement, covering general liability, umbrella policies, and various professional liability lines.",True,True,True,non-proportional,Non-Life,Casualty
2006-1126328-0001104659-06-031122-a06-9257_1ex10d12.htm,"The document is a ""Change of Control Supplement to Employment Agreement"" for J. Barry Griswell, an executive at Principal Financial Group, Inc. (PFGI), Principal Financial Services, Inc., and Principal Life Insurance Company. This is clearly an executive employment agreement that becomes effective in the event of a change of control of PFGI.

The document outlines:
- Compensation, benefits, and protections for the executive following a change of control
- Definitions of ""Change of Control"" (e.g., when someone acquires 40% or more of voting power)
- Executive's rights if terminated without cause or resigning for ""Good Reason"" after a change of control
- Severance payments, continuation of benefits, stock incentives
- Restrictive covenants the executive must abide by
- Tax gross-up provisions for potential excise taxes

This is an employment agreement supplement, not a reinsurance agreement. While one of the parties is ""Principal Life Insurance Company,"" the document itself concerns executive compensation and employment terms, not risk transfer between insurers.

According to the classification criteria, this document does not fall under any category of reinsurance agreements (reinsurance agreements, retrocession agreements, RPP contracts, capital maintenance agreements, etc.). Instead, it matches the description of documents that are NOT considered reinsurance agreements - specifically, it's an employment agreement, which is fundamentally different from insurance or reinsurance contracts.

The brief mention of ""reinsurance"" in section 2.20 (defining ""Competitive Business"") is merely part of non-compete provisions and does not transform this employment agreement into a reinsurance document.",False,,,,,
2006-854662-0001193125-06-055204-dex1018.htm,"The provided document is a Credit Agreement between MAF Bancorp, Inc. and Harris N.A. It outlines terms for a revolving credit and a term loan, including interest rates, fees, covenants, and conditions for default. The document is clearly a financial loan agreement and does not involve the transfer of insurance risk from one insurer to another or any form of reinsurance. It includes promissory notes (Revolving Credit Note and Term Note) and is supported by ancillary documents such as opinions and compliance certificates. However, none of the content relates to reinsurance, retrocession, or risk transfer between insurers. Therefore, this is not a reinsurance agreement.",False,,,,,
2006-18169-0000950137-06-004586-a19238exv10w2.txt,"The provided document is a Credit Agreement among DHM Holding Company, Inc., Dole Holding Company, LLC, Dole Food Company, Inc., various lenders, and Deutsche Bank AG New York Branch, as Administrative Agent. This agreement outlines the terms and conditions for credit facilities, including revolving loans and swingline loans, and details the commitments, interest rates, fees, and other financial obligations. It also includes provisions for letters of credit, security interests, and covenants.

The document does not contain any elements that would classify it as a reinsurance agreement. Reinsurance agreements typically involve the transfer of risk from one insurance company to another, and they often include specific terms related to risk sharing, premium payments, and claims handling. The provided document, however, is focused on credit facilities and financial obligations, not on the transfer of insurance risk.

Therefore, the document is not a reinsurance agreement, and the subsequent fields related to reinsurance (such as is_main_contract, is_obligatory, etc.) are not applicable.",False,,,,,
2006-803027-0000950152-06-002820-l17870aexv10wf.txt,"The document is titled ""PROPERTY CATASTROPHE EXCESS OF LOSS REINSURANCE AGREEMENT"" and is explicitly structured as a reinsurance contract between Merchants Mutual Insurance Company and various reinsurers. It includes standard reinsurance clauses such as coverage, term, exclusions, definitions, loss occurrence, net retained liability, reporting, reserves, loss settlements, arbitration, and others typical of reinsurance agreements. The structure, language, and content confirm it is a reinsurance agreement.

The agreement provides excess of loss coverage for property risks, triggered when the company sustains a loss above a specified retention level (e.g., $5 million, $10 million, $20 million) up to defined limits. This is characteristic of non-proportional reinsurance, specifically excess of loss, where the reinsurer covers losses above a certain threshold. There are three layers (Exhibits A, B, C), all structured as excess of loss, with reinstatement provisions. No proportional elements (e.g., quota share, surplus) are present, so the contract is non-proportional.

The coverage applies to property lines such as fire, homeowners, commercial multiple peril, earthquake, inland marine, etc., and explicitly excludes casualty lines like workers' compensation, liability, and accident & health. Therefore, the insurance type is Non-Life, and the class of business is Property.

The document establishes the full terms of the reinsurance contract, including retentions, limits, premiums, and conditions. It is not an amendment or ancillary document. Thus, it qualifies as a main contract.

The agreement covers all property policies of the company within the defined classes on an automatic basis (i.e., all such risks are ceded without individual selection). This is characteristic of an obligatory reinsurance treaty, not facultative. Therefore, it is an obligatory agreement.",True,True,True,non-proportional,Non-Life,Property
2006-909109-0000893220-06-002390-w26495exv10w6.txt,"The document is titled ""$6,150,000 EXCESS $10,000,000 CATASTROPHE REINSURANCE CONTRACT"" and is explicitly structured as a reinsurance agreement between Philadelphia Insurance Company and other affiliated entities (the ""Company"") and Aspen Insurance Limited (the ""Reinsurer""). It contains standard reinsurance contract provisions such as classes of business reinsured, retention and limit, reinstatement, premium, loss occurrence definitions, and arbitration. The agreement reinsures excess liability for property losses arising from catastrophe events, which aligns with typical non-proportional reinsurance structures.

The document establishes a full reinsurance contract (not merely an amendment or ancillary agreement), as it includes all principal terms such as coverage scope, limits, exclusions, premium, and conditions. It is a main contract because it constitutes the entire reinsurance agreement, as evidenced by the full table of contents and executed Interests and Liabilities Agreement.

The contract is non-proportional because it covers a fixed amount in excess of a specified retention ($6,150,000 excess of $10,000,000), which is characteristic of excess-of-loss reinsurance. There is no indication of proportional sharing of premiums or losses.

The coverage applies to Property business, as stated in Article I, and excludes Casualty, Health, and other lines. Therefore, the class of business is Property, and the insurance type is Non-Life, as Property insurance falls under Non-Life.",True,True,True,non-proportional,Non-Life,Property
2006-1102643-0001193125-06-052550-dex1021.htm,"The document is an employment agreement between USI Services Corporation (a subsidiary of U.S.I. Holdings Corporation) and Philip E. Larson, III for the position of Vice President, Operations. It contains standard employment terms including position description, compensation structure, benefits, termination conditions, non-compete clauses, and confidentiality provisions.

While the document mentions ""reinsurance and excess stop loss (both specific and aggregate) placement"" as part of the definition of ""USI Business"" (section 1.1), this is merely describing the types of services that USI Companies provide. The document itself is clearly an employment contract, not a reinsurance agreement.

According to the classification criteria provided, reinsurance agreements include specific types of risk transfer contracts such as reinsurance treaties, retrocessions, catastrophe bonds, etc. This document does not establish any risk transfer relationship between insurance entities - it establishes an employer-employee relationship.

The document is filed as EX-10.21 (an exhibit to a 10-K filing) with the description ""EMPLOYMENT AGREEMENT BETWEEN USI INSURANCE AND PHILIP E. LARSON"", confirming its nature as an employment contract rather than a reinsurance agreement.

Since this is not a reinsurance agreement at all, all subsequent classification fields (is_main_contract, is_obligatory, proportional_or_non_proportional, insurance_type, and class_of_business) should be set to None.",False,,,,,
2006-1223389-0001157523-06-003123-a5112243ex10-19.txt,"The document is a Dealer Agreement between Conn Appliances, Inc. and Voyager Service Programs, Inc. for the sale and administration of extended service agreements on appliances. These service agreements cover repairs for appliances sold by the dealer and are not insurance or reinsurance contracts. They are service contracts that provide repair services beyond the manufacturer's warranty.

The agreement outlines administrative duties, compensation, claims handling, and indemnification between the parties, but it does not involve the transfer of insurance risk from one insurer to another, which is the hallmark of reinsurance. Instead, it is a contract between a retailer and a service program provider for offering extended warranty-type services to consumers.

Exhibit C references a ""Service Contract Reimbursement Insurance Policy,"" which may sound like an insurance or reinsurance instrument, but it is actually a policy that indemnifies Conn for liabilities under its own service contracts. This is not a reinsurance agreement but rather a direct insurance policy supporting the service contract program.

Therefore, this document is not a reinsurance agreement, nor is it any of the listed types such as retrocession, RPP, or risk transfer instruments like catastrophe bonds. It is also not an ancillary agreement to a reinsurance contract, but rather a standalone service agreement in the consumer electronics/appliance sector.

Since it is not a reinsurance agreement at all, the subsequent fields related to reinsurance characteristics (main contract, obligatory, proportional, etc.) must be set to None.",False,,,,,
2006-912595-0001206774-06-000351-ex10_39.htm,"The document is an ""Amendment No. 1 to Master Credit Facility Agreement"" between Mid-America Apartments, L.P. and Prudential Multifamily Mortgage, Inc., with Fannie Mae as the assignee. It modifies an existing credit facility agreement to increase the loan commitment, add additional mortgaged properties to the collateral pool, and adjust certain fees and conditions. The document pertains to a real estate financing arrangement involving multifamily residential properties, with provisions for future loans, collateral additions, and financial covenants.

The agreement involves secured lending and credit facilities, not risk transfer between insurers and reinsurers. Key elements such as ""DMBS Loan Commitment,"" ""Mortgaged Properties,"" ""Security Instruments,"" and ""Title Insurance Policy"" indicate this is a mortgage-backed credit facility, not a reinsurance arrangement.

The document is explicitly a loan and credit facility amendment, not a reinsurance or retrocession agreement. It does not involve the transfer of insurance risk, ceding of policies, or any reinsurance-specific terms like cession, retrocession, treaty, or facultative reinsurance. Instead, it contains standard lending terms such as loan fees, collateral, debt service coverage, and loan-to-value ratios.

Therefore, this document is not a reinsurance agreement, nor is it an ancillary or modifying document to a reinsurance contract. It is a financial credit instrument related to real estate financing.",False,,,,,
2006-106455-0000106455-06-000127-wcc_10q63006ex104.htm,"The document is an ""AMENDED AND RESTATED CONSTRUCTION AND TERM LOAN AGREEMENT"" among Westmoreland-LG&E Partners (the Borrower), several banks and financial institutions (the Lenders and Institutional Lender), and Credit Suisse (the Agent). The agreement details the terms for a loan to finance the construction and operation of two coal-fired cogeneration facilities, the Rova I and Rova II Facilities.

The agreement outlines the procedures for borrowing, interest and fees, repayment schedules, and the conditions under which the loan is provided. It also includes provisions for letters of credit, commitments and conditions for advances, representations and warranties by the Borrower, covenants, and remedies in the event of default. The document is a comprehensive loan agreement that establishes the terms and conditions of a financial loan, not a reinsurance agreement.

Reinsurance agreements involve the transfer of risk from one insurance company (the ceding company) to another (the reinsurer). This document does not involve the transfer of insurance risk. Instead, it is a loan agreement for financing the construction of power generation facilities. The parties involved are a borrower and lenders, not insurance companies transferring risk. The document does not contain any provisions typical of a reinsurance contract, such as ceding commissions, retrocession, or risk transfer related to insurance policies.

Therefore, based on the content and structure of the document, it is clear that this is a loan agreement and not a reinsurance agreement.",False,,,,,
2006-1137048-0000909567-06-000516-o30165exv10w10.htm,"The document is an Investment Agreement between Hudson Insurance Company, Hamblin Watsa Investment Counsel Ltd. (HW), and Fairfax Financial Holdings Limited (FFH). It outlines the terms under which HW will manage an investment account on behalf of Hudson and FFH will provide investment administration services. The agreement covers investment management, administration, fees, reporting, and governance, but does not involve the transfer of insurance risk from one insurer to another.

The document does not reference any reinsurance or risk transfer arrangement. Instead, it pertains to the management and administration of investment assets held by an insurance company. There is no mention of ceding risk, reinsurance treaties, facultative certificates, retrocession, or any other mechanism typical of reinsurance agreements. The services described are investment-related, not risk-sharing or indemnification arrangements between insurers and reinsurers.

Therefore, this is not a reinsurance agreement. It is an investment management and administration agreement. Since it is not a reinsurance agreement, the remaining classification fields (is_main_contract, is_obligatory, etc.) must be set to None.",False,,,,,
2006-909109-0000893220-06-002390-w26495exv10w7.txt,"The document is titled ""FIRST EXCESS REINSTATEMENT PREMIUM PROTECTION REINSURANCE CONTRACT"" and explicitly refers to itself as a reinsurance contract. It provides indemnification for reinstatement premiums paid by the ceding company under an underlying reinsurance contract (the ""Underlying Contract""), which is a standard feature of Reinstatement Premium Protection (RPP) agreements. RPP contracts are considered reinsurance agreements when they refer to an underlying reinsurance contract, as specified in the definition provided.

The document establishes a standalone contract with defined terms, including coverage, premium, loss settlements, arbitration, and other standard reinsurance clauses. It is not merely an amendment or ancillary document, but a full contract executed with subscribing reinsurers, making it a main contract.

The RPP is tied to an underlying excess catastrophe reinsurance contract, which is non-proportional in nature (excess of loss). RPP contracts on non-proportional underlying contracts are themselves classified as non-proportional reinsurance.

The underlying contract covers Florida-only catastrophe risks, which are property-related perils (e.g., hurricanes), indicating that the class of business is Property, and the insurance type is Non-Life.

The RPP covers all losses under the underlying treaty, which is an obligatory treaty contract (not facultative). Therefore, this RPP supports an obligatory reinsurance arrangement and is itself considered obligatory.",True,True,True,non-proportional,Non-Life,Property
2006-1018979-0000950134-06-015976-d38372exv10w1.htm,"The document is titled ""First Casualty Excess of Loss Reinsurance Contract"" and is explicitly structured as a reinsurance agreement between American Interstate Insurance Company and subscribing reinsurers. It outlines the terms under which the reinsurer agrees to cover excess liability arising from the ceding company's policies, which is a hallmark of reinsurance. Therefore, it clearly qualifies as a reinsurance agreement.

The document establishes the full terms of the reinsurance contract, including coverage, limits, premiums, claims, and termination. It is not merely an amendment or ancillary document but constitutes the main contract, as evidenced by its comprehensive structure and the inclusion of standard contract articles such as Classes of Business Reinsured, Retention and Limit, and Governing Law.

The contract covers excess liability for losses arising from Workers' Compensation, Employers Liability, and General Liability—classes of business that are automatically reinsured under the agreement for qualifying policies. This automatic coverage of a portfolio of policies (rather than on a case-by-case facultative basis) indicates that the contract is obligatory.

The structure of the reinsurance is excess of loss—where the reinsurer covers losses above a retention of $1,000,000 per occurrence, up to a limit. This is a classic non-proportional reinsurance arrangement, as the reinsurer does not share a fixed percentage of premiums and losses but only pays when losses exceed a specified threshold.

The classes of business reinsured—Workers' Compensation, Employers Liability, and General Liability—are all non-life (property and casualty) lines of insurance. These fall under the broader category of casualty insurance.

The primary coverage is for casualty risks, specifically Workers' Compensation and General Liability. While Workers' Compensation is a subset of casualty insurance, the dominant class of business here is clearly ""Casualty.""",True,True,True,non-proportional,Non-Life,Casualty
2006-1339553-0000950144-06-003063-g00536exv10w26.txt,"The document is a contract between the Centers for Medicare & Medicaid Services (CMS) and HealthSpring, Inc. and HealthSpring of Alabama, Inc., forming a joint enterprise to operate a Medicare Prescription Drug Plan (PDP) under Part D of the Social Security Act. The contract outlines the obligations of the PDP Sponsor to provide prescription drug benefits to Medicare beneficiaries, including enrollment, benefit administration, claims processing, compliance, reporting, and other operational functions. The payment structure is based on CMS reimbursements tied to bids submitted by the sponsor, and the arrangement is directly with the government to deliver healthcare services to individuals.

This is a direct insurance or government healthcare service contract, not a reinsurance agreement. Reinsurance involves one insurer (the reinsurer) assuming part of the risk from another insurer (the ceding company). Here, HealthSpring is acting as a primary provider of prescription drug coverage to Medicare beneficiaries under a government-administered program. There is no indication of risk transfer from one insurer to another, nor are there terms typical of reinsurance such as cessions, retrocessions, treaty structures, or risk-sharing between insurers.

Therefore, the document is not a reinsurance agreement. As a result, all subsequent fields that depend on the document being a reinsurance contract must be set to None.",False,,,,,
2006-1279363-0001279363-06-000059-exhibit_10-4.htm,"The document is a ""Notice of Award"" for a contract between the State of Missouri and Harmony Health Plan, Inc. for providing Medicaid Managed Care services in the Eastern Region. The document outlines the terms, conditions, and requirements for the provision of health care services, including comprehensive benefit packages, provider networks, member enrollment, claims processing, and quality assessment. This is a direct insurance contract, specifically a managed care agreement for Medicaid beneficiaries. It is not a reinsurance agreement, which would involve one insurer transferring risk to another insurer. The document establishes the main contract for the provision of health care services, but it is not a reinsurance agreement.",False,True,,,Non-Life,Health
2006-1358164-0000930413-06-006737-c44219_ex10-16.txt,"This document is a General Services Agreement dated August 4, 2006 between XL CAPITAL ASSURANCE INC. (the ""SERVICE PROVIDER"") and X.L. GLOBAL SERVICES, INC. (the ""COMPANY""). 

The document establishes an arrangement where XL Capital Assurance Inc. provides various administrative and support services to X.L. Global Services, Inc., including:

1. Real Estate and Facilities Services (Schedule #1) - covering office space rental, furniture, and facilities staff services at 1221 Avenue of the Americas in New York
2. Information Technology Services (Schedule #2) - providing IT support for specific business units
3. Additional Information Technology Services (Schedule #3) - covering desktop support, help desk, network, telephony, and other IT infrastructure services

This is clearly an intercompany services agreement within the XL Capital Ltd corporate group, where one subsidiary provides administrative and operational support services to another subsidiary. The document contains no provisions related to risk transfer between insurers, which is the fundamental characteristic of reinsurance.

According to the provided definitions, this document does not qualify as any type of reinsurance agreement. It falls under the category of ""Referral Agreements, Underwriting Agency Agreements between reinsurance companies and reinsurance underwriting management companies or agents"" which are explicitly listed as NOT being reinsurance agreements.

The document is purely a service contract for facilities, IT, and administrative support, with pricing structures based on cost-plus arrangements and headcount percentages. There is no transfer of insurance risk from one entity to another, which is the defining feature of reinsurance.

Since this is not a reinsurance agreement at all, all subsequent classification fields should be None.",False,,,,,
2006-1039828-0001104659-06-032241-a06-9193_1ex10d22.htm,"The document is titled ""REINSURANCE AGREEMENT"" and is entered into between an insurance company (American Equity Investment Life Insurance Company) and a life reinsurance company (Hannover Life Reassurance Company of America). It explicitly refers to itself as a ""Yearly Renewable Term Reinsurance Agreement for indemnity reinsurance"" in Article I, confirming it is a reinsurance contract. The agreement involves the ceding and automatic acceptance of a portion of specified risks (Exhibit B-2) on certain annuity policies (Exhibit B-1), with defined premium, claims, and accounting procedures. These are all hallmarks of a reinsurance agreement.

The document establishes the full terms of the reinsurance relationship, including scope, premiums, claims, duration, termination, and dispute resolution. It contains all principal terms and is signed by both parties, indicating it is a main contract rather than an ancillary document like an endorsement or amendment.

The reinsurance is structured as automatic acceptance of a fixed 40% share (Reinsurer’s Share) of the specified risks on all qualifying policies, which indicates an obligatory nature—i.e., the reinsurer automatically accepts all risks that meet the defined criteria without individual underwriting.

The method of risk transfer is proportional, as the reinsurer takes a fixed 40% share of both the premiums and the claims (e.g., waived surrender charges), and the premium calculation is based directly on the fund value and surrender charge, scaled by the 40% share. This is characteristic of proportional reinsurance, specifically a form of quota share.

The underlying policies are Single Premium and Flexible Premium Deferred Annuities, which are life insurance products, particularly investment-linked life products. This places the agreement within the Life insurance domain.

The class of business for annuities, especially deferred annuities with surrender charge waivers linked to mortality or withdrawal events, falls under ""Other Life"" since it does not neatly fit into Mortality or Longevity but is still a life reinsurance product.",True,True,True,proportional,Life,Other Life
2006-811612-0000950156-06-000175-cgi-x1040.htm,"The document is an ""Incentive Award Agreement"" between The Commerce Group, Inc. and an officer, establishing a cash-based performance incentive plan tied to the company's earnings per share (EPS) and direct written premiums. It outlines conditions for payment based on financial performance metrics and includes provisions related to employment status, change in control, and tax responsibilities. 

The document does not involve risk transfer between insurers and reinsurers, nor does it contain terms typical of reinsurance contracts such as ceding of risk, premium sharing, loss coverage, or treaty/facultative structures. Instead, it is a compensation agreement linked to company performance.

Therefore, this document is not a reinsurance agreement. As a result, all subsequent classification fields related to reinsurance characteristics are not applicable.",False,,,,,
2006-1179929-0001104659-06-032817-a06-10017_1ex10d1.htm,"The document is a contract between the Utah Department of Health and Molina Healthcare of Utah for the provision of health plan services to Medicaid recipients. It outlines the terms and conditions for the delivery of covered services, payment methodologies, enrollment processes, and other administrative requirements. This is a direct insurance contract, specifically a managed care agreement, where Molina agrees to provide healthcare services to Medicaid enrollees in exchange for payments from the state. 

This document is not a reinsurance agreement. Reinsurance involves one insurer (the reinsurer) agreeing to cover part of the risk of loss from another insurer (the ceding company). The listed document, however, is a direct contract for the provision of healthcare services to individuals, which falls under direct insurance, not reinsurance. The contract details the obligations of the healthcare provider (Molina) to deliver medical services, manage enrollee care, and comply with state and federal regulations, all of which are characteristics of a direct insurance policy.

Since the document is not a reinsurance agreement, the subsequent questions regarding whether it is a main contract, obligatory, proportional or non-proportional, insurance type, and class of business are not applicable and should be answered as 'None'.",False,,,,,
2006-911576-0001193125-06-119270-dex1020.htm,"The document is titled ""50% Quota Share Reinsurance Agreement"" and explicitly establishes a reinsurance contract between multiple insurance companies (the ""Company"") and subscribing reinsurers (the ""Reinsurer""). It covers residential property and casualty business, including fire, allied lines, inland marine, earthquake, and homeowners multiple peril policies. The agreement outlines the cession of 50% of the Company's Ultimate Net Loss, includes standard reinsurance clauses (e.g., premium, ceding commission, loss settlements, arbitration, and commutation), and contains attachments like nuclear exclusion clauses commonly found in reinsurance contracts.

This is a main contract because it contains all principal terms of the reinsurance agreement, including scope of coverage, cession percentage, limits, exclusions, reporting, and termination provisions. It is not merely an ancillary document like an endorsement or amendment.

The agreement is obligatory because it automatically reinsures 50% of all eligible residential property and casualty business written by the ceding companies—this is a treaty-style, portfolio-wide transfer of risk, not a facultative arrangement limited to specific named risks.

The contract is proportional because it is structured as a 50% quota share, meaning the reinsurer assumes 50% of both premiums and losses. Although there are some non-proportional elements like loss ratio caps and occurrence limits, these are minor adjustments typical in proportional treaties and do not change the fundamental proportional nature of the agreement.

The insurance type is Non-Life, as the covered lines—property, casualty, homeowners, fire, inland marine, earthquake—are all standard non-life insurance products.

The class of business is Multi-Line because the agreement covers both Property (e.g., fire, earthquake, homeowners) and Casualty (e.g., liability portions of homeowners policies) lines within the residential P&C segment.",True,True,True,proportional,Non-Life,Multi-Line
2006-1284807-0001284807-06-000013-ex10_1.htm,"The document is a ""Third Amended and Restated Credit Agreement"" between Ply Gem Industries, Inc., CWD Windows and Doors, Inc., and several financial institutions. It outlines the terms of a credit facility, including loans, commitments, interest rates, fees, and conditions for borrowing. This is a standard credit agreement in the banking and finance sector.

The key elements of the document are:
- It establishes a credit facility with specific loan amounts ($470,000,000).
- It defines the roles of borrowers, lenders, and agents.
- It details the terms for borrowing, repayment, interest, and fees.
- It includes covenants, representations, and warranties.
- It outlines conditions for credit extensions and events of default.

This document does not contain any language or terms related to reinsurance. It is not transferring risk from an insurer to a reinsurer, nor does it involve any insurance policies or claims. Instead, it is a financial agreement for lending money.

Based on the provided definitions, this document is clearly a credit agreement and not a reinsurance agreement. It falls under the category of ""bonds, loans and credit instruments"" which are explicitly excluded from being reinsurance agreements.

Therefore, this document is not a reinsurance agreement, and all subsequent fields that depend on it being a reinsurance agreement should be None.",False,,,,,
2006-1179929-0001193125-06-228837-dex102.htm,"The document is a contract between the State of Michigan and Molina Healthcare of Michigan Inc. for the provision of comprehensive health care services to Medicaid beneficiaries. This is a direct insurance or managed care contract, where Molina Healthcare agrees to provide health care services to enrollees in exchange for capitated payments from the state. It does not involve the transfer of insurance risk from one insurer to another, which is the defining characteristic of a reinsurance agreement. The document outlines service provisions, payment terms, quality standards, and administrative requirements typical of a direct health insurance contract, not a reinsurance arrangement. Therefore, this is not a reinsurance agreement but a direct health care services contract.",False,,,,,
2006-1163710-0000837276-06-000166-rny_exhibit10d.htm,"The document is an amendment (Amendment XXVIII) to an existing Automatic Reinsurance Agreement between ReliaStar Life Insurance Company (Reinsurer) and ReliaStar Life Insurance Company of New York (Company). It corrects a prior amendment (Amendment XI) by adding a missing rate table to Exhibit II, Part 2 of the agreement. Since it modifies the terms of an existing reinsurance agreement, it qualifies as a reinsurance agreement under the provided definition, which includes documents that amend or otherwise modify reinsurance agreements.

However, this document is not a main contract because it is an amendment — an ancillary agreement that modifies an existing contract rather than establishing a new reinsurance contract or containing all principal terms. Therefore, it is not a standalone main contract.

Because it is an amendment and not the full reinsurance contract, it cannot be classified as obligatory or non-obligatory with certainty — the nature of the underlying Automatic Reinsurance Agreement (which appears to be treaty-based and likely obligatory) is not fully described here. Similarly, the proportional or non-proportional nature cannot be determined from this amendment alone, as it only references a mortality rate table without specifying the structure of the reinsurance.

The mention of a ""Reinsurance Mortality Table"" and the parties being life insurance companies indicates that this pertains to Life insurance. The class of business is specifically related to mortality risk, which falls under Life insurance products.",True,False,,,Life,Mortality
2006-947484-0001104659-06-016208-a06-4988_1ex10d18d4.htm,"The document consists of multiple amendments to the ""Executive Supplemental Non-Qualified Savings and Retirement Plan"" and related trust agreements for Arch Capital Group (U.S.) Inc. and its predecessors. These amendments address administrative and operational aspects of an executive retirement savings plan, including deferral elections, distribution methods, investment options, and trustee responsibilities. The plan is designed to provide supplemental retirement benefits to executives and is structured as a non-qualified deferred compensation plan under U.S. tax law.

This type of document pertains to employee benefits and executive compensation, not to risk transfer between insurance entities. It does not involve the transfer of insurance risk from an insurer to a reinsurer or between reinsurers. There is no mention of ceding commissions, loss recoveries, reinsurance premiums, or any other typical reinsurance terms. Instead, the content focuses on plan administration, participant elections, investment choices, and tax reporting—topics characteristic of an internal corporate retirement plan.

Therefore, the document is not a reinsurance agreement or any form of risk transfer instrument in the insurance context. It is an amendment to an executive retirement savings plan, which falls under employee benefits and compensation arrangements.",False,,,,,
2006-1013609-0001193125-06-061942-dex1075.htm,"The document is titled ""ADDENDUM NO. 3 TO PER POLICY OF LOSS REINSURANCE AGREEMENT"" and explicitly modifies an existing ""PER POLICY EXCESS OF LOSS REINSURANCE AGREEMENT."" According to the guidelines, all documents that amend or modify the terms of an existing reinsurance agreement are considered reinsurance agreements, so `is_reinsurance` is True.

This is an addendum/amendment to an existing agreement, not the full reinsurance contract itself. The guidelines specify that ancillary agreements include ""endorsements, extensions, addendum, commutations, novations, and other documents which modify the terms of an existing reinsurance agreement."" Since this document only amends specific条款 of the original agreement (extending the term, modifying profit commission calculations, and adding an offset clause), it is an ancillary agreement, not a main contract. Thus, `is_main_contract` is False.

The underlying agreement is described as a ""PER POLICY EXCESS OF LOSS REINSURANCE AGREEMENT."" The ""per policy"" designation indicates this is a facultative arrangement (covering specific individual policies rather than an entire portfolio), which falls under non-obligatory reinsurance according to the guidelines. Obligatory reinsurance covers all risks in a portfolio, while facultative arrangements like this one are non-obligatory. Therefore, `is_obligatory` is False.

The agreement is explicitly an ""EXCESS OF LOSS"" reinsurance agreement. According to the guidelines, Excess of Loss contracts are classified as non-proportional reinsurance. There's no indication of proportional elements or hybrid structure in this addendum, so `proportional_or_non_proportional` is ""non-proportional"".

The ceding company includes ""AMERICAN HEALTHCARE INDEMNITY COMPANY"" and ""AMERICAN HEALTHCARE SPECIALTY COMPANY,"" indicating healthcare-related insurance. Healthcare insurance falls under Non-Life insurance categories (not Life insurance products like term life, annuities, or pensions). Thus, `insurance_type` is ""Non-Life"".

Given the healthcare focus of the ceding companies, the class of business is clearly ""Health"" as defined in the guidelines. This is distinct from Property, Casualty, or other categories, and specifically matches the ""Health"" classification option provided.",True,False,False,non-proportional,Non-Life,Health
2006-1097864-0001193125-06-036587-dex1024.htm,"The document is an ""Amendment and Restatement Agreement"" related to a credit agreement between ON Semiconductor Corporation, Semiconductor Components Industries, LLC, lenders, and JPMorgan Chase Bank, N.A. as administrative agent. It outlines amendments to an existing credit agreement, including the extension of term loans, restatement of loan terms, and conditions for effectiveness. The document pertains to corporate financing and loan arrangements, specifically involving term loans and revolving credit facilities.

There is no mention of insurance, reinsurance, risk transfer from an insurer to a reinsurer, or any related terms. The document is clearly a financial credit agreement and falls under the category of loan and credit instruments. According to the classification guidelines, bonds, loans, credit instruments, and similar financial agreements are explicitly not considered reinsurance agreements.

Therefore, this document is not a reinsurance agreement, and all subsequent fields that depend on it being a reinsurance contract must be set to 'None'.",False,,,,,
2006-1018979-0000950134-06-015976-d38372exv10w2.htm,"The document is titled ""Second Casualty Excess of Loss Reinsurance Contract"" and explicitly states that it is a reinsurance agreement between American Interstate Insurance Company and various reinsurers. It contains standard reinsurance contract elements such as classes of business reinsured, retention and limits, reinsurance premium, claims handling, and termination clauses. Therefore, it is clearly a reinsurance agreement.

The document establishes the full terms of a reinsurance contract, including the scope of coverage, financial terms, and operational procedures. It is not an ancillary document like an endorsement or amendment but rather the main contract itself, including participation shares from multiple reinsurers via attached Interests and Liabilities Agreements.

The contract covers excess of loss reinsurance for specific casualty lines (Workers’ Compensation, Employers Liability, and General Liability), which indicates it is non-proportional, as it attaches above a retention and pays up to a specified limit per occurrence and in the aggregate. This structure is characteristic of non-proportional (excess of loss) reinsurance.

The classes of business—Workers’ Compensation, Employers Liability, and General Liability—are all casualty lines of business, which fall under Non-Life insurance. There is no indication of Life insurance coverage.

The primary class of business is clearly ""Casualty,"" as the entire contract revolves around casualty risks, particularly Workers’ Compensation and General Liability.",True,True,True,non-proportional,Non-Life,Casualty
2006-1358164-0000930413-06-006737-c44219_ex10-18.txt,"The document is titled ""Amendment No. 1 to Facultative Quota Share Reinsurance Agreement"" and explicitly refers to amending an existing reinsurance agreement between a ceding company and a reinsurer. It modifies the termination rights under Article IV of the original agreement, particularly in the event of a change in control or downgrade in credit ratings. This confirms it is an ancillary document that modifies an existing reinsurance contract.

Since it is an amendment to a reinsurance agreement, it qualifies as a reinsurance agreement under the provided definition, which includes documents that modify existing reinsurance contracts.

However, it is not a main contract because it does not establish a new reinsurance contract but instead modifies an existing one. It is an ancillary agreement (an amendment), so it does not stand alone as a principal contract.

The underlying agreement is a ""Facultative Quota Share"" reinsurance agreement. Facultative reinsurance is typically non-obligatory because the reinsurer has the discretion to accept or reject each risk. Although it is on a quota share (proportional) basis, the facultative nature makes the arrangement non-obligatory.

The contract is a quota share, which is a form of proportional reinsurance, so the proportional_or_non_proportional field should be ""proportional"".

The document does not specify the type of insurance, but the parties involved (XL Financial Assurance Ltd. and XL Insurance (Bermuda) Ltd.) and the context of financial assurance suggest it relates to financial guarantee insurance, which falls under Non-Life insurance. Financial guarantee is typically classified under Specialty or Casualty lines. Given the lack of specific details, but knowing it's not life-related, it is reasonable to classify the class of business as ""Specialty"".",True,False,False,proportional,Non-Life,Specialty
2006-1020265-0001047469-06-013512-a2174169zex-10_2.htm,"The document is an ""Omnibus Amendment"" related to a lease agreement involving Sabre Inc. and other parties, including financial institutions and an RVI Provider (Assured Guaranty Re Ltd.). The amendment modifies provisions of a Master Lease, Participation Agreement, and Indenture related to the purchase options for real property. It discusses financial terms such as Purchase Option Price, Make-Whole Amount, and prepayment of Notes, and includes conditions for partial property purchases.

However, there is no indication that this document constitutes a reinsurance agreement. It does not involve the transfer of insurance risk from one insurer to another, nor does it reference reinsurance treaties, retrocession, or any standard reinsurance mechanisms. Although one of the parties is a reinsurance company (RGA Reinsurance Company) and another is an RVI (Residual Value Insurance) Provider, their involvement pertains to asset-backed financing and credit support, not reinsurance.

The document is an amendment to a leasing and financing arrangement, which falls outside the scope of reinsurance agreements. Therefore, it is not a reinsurance agreement, and all downstream classifications (main contract, obligatory, etc.) are not applicable.",False,,,,,
2006-1018979-0000950134-06-015976-d38372exv10w4.htm,"The document is titled ""Workers' Compensation Per Person Excess of Loss Reinsurance Contract,"" which clearly indicates it is a reinsurance agreement. It is structured as a formal contract between an insurance company (the ""Company"") and one or more reinsurers (the ""Reinsurer""), with detailed articles covering key reinsurance terms such as coverage, exclusions, retention, limits, claims, and commutation. The agreement reinsures excess liability arising from Workers' Compensation policies, which falls under casualty insurance.

The document establishes the full terms of a reinsurance contract, including definitions, liability, premium, and termination clauses. It includes an Interests and Liabilities Agreement signed by the reinsurers, confirming their participation. This confirms it is a main contract and not merely an ancillary agreement.

The reinsurance is of the ""excess of loss"" type, which is inherently non-proportional, as it covers losses above a specified retention level ($5,000,000 per person, per occurrence) up to a specified limit. This is not a quota share or surplus arrangement, and there is no indication of proportional risk transfer.

The underlying insurance is Workers' Compensation, which is a type of casualty insurance under the Non-Life category. The class of business is clearly ""Casualty,"" as Workers' Compensation is a core casualty line.

The contract applies to all Workers' Compensation business written by the ceding company, not just specific named risks, indicating it is an obligatory treaty—i.e., all qualifying risks are automatically ceded. Therefore, it is an obligatory reinsurance agreement.

All criteria for classification are met based on the document content and metadata.",True,True,True,non-proportional,Non-Life,Casualty
2006-1273813-0001104659-06-072189-a06-22082_1ex10d1.htm,"The document is an employment agreement between Assured Guaranty Ltd. and Assured Guaranty Corp. (collectively ""the Company"") and Robert Bailenson, outlining the terms of his employment as Chief Accounting Officer. It covers salary, benefits, termination conditions, non-compete clauses, confidentiality, and other employment-related provisions. There is no mention of risk transfer, reinsurance, retrocession, or any insurance-related contractual obligations between insurers and reinsurers. Instead, the document pertains solely to executive employment terms.

Based on the definitions provided, reinsurance agreements involve contracts where one insurer (the reinsurer) assumes part of the risk from another insurer. This document does not involve any such risk transfer or insurance coverage provisions. It is not a reinsurance agreement, nor is it an ancillary or modifying document to one.

Therefore, the document is not a reinsurance agreement. All downstream classification fields (main contract, obligatory, proportional status, insurance type, class of business) are not applicable.",False,,,,,
2006-1358164-0000930413-06-006737-c44219_ex10-27.txt,"The document is an Amended and Restated General Services Agreement between XL Capital Assurance Inc. (XLCA) and XL Financial Administrative Services Inc. (XLFAS). It outlines the provision of general administrative and operational services such as underwriting support, audit services, salaries, benefits, travel, office overhead, legal, and other administrative functions. The agreement specifies cost allocation methodologies and includes provisions on governance, dispute resolution, and termination.

The document does not establish a risk transfer arrangement from an insurer to a reinsurer. Instead, it governs the provision of internal corporate services between affiliated entities. There is no mention of ceding risk, reinsurance coverage, retrocession, or any mechanism for sharing insurance liabilities. The services are administrative in nature, and the payment structure is based on cost allocation, not risk-based premiums.

Therefore, this is not a reinsurance agreement. It falls under the category of internal service agreements between related corporate entities, which are explicitly excluded from the definition of reinsurance agreements. As such, all downstream classifications (main contract, obligatory, proportional, insurance type, class of business) are not applicable.",False,,,,,
2006-1308606-0001308606-06-000038-ex10-29.htm,"The document is a Credit Agreement between several LLCs (Borrowers and Mortgagors) and SouthTrust Bank. It outlines the terms for two loans (Cole WW II Loan and Cole WW IV Loan) secured by mortgaged properties. The agreement details the loan amounts, interest rates, repayment terms, conditions for disbursement, covenants, events of default, and remedies. It also includes security provisions such as mortgages, assignments of rents, and pledges of equity interests.

This document is not a reinsurance agreement. It is a credit agreement for commercial real estate financing, where the borrowers are using the loan proceeds to purchase properties. The document does not contain any language related to insurance, risk transfer, indemnification for insurance claims, or any other elements characteristic of a reinsurance contract. Instead, it is focused on loan covenants, collateral, repayment schedules, and default provisions typical of a commercial loan agreement.

The document is clearly a loan agreement and falls under the category of credit instruments, which are explicitly listed as not being reinsurance agreements in the provided criteria. There is no mention of insurance policies, ceded premiums, loss reserves, or any other reinsurance-specific terms.",False,,,,,
2006-909109-0000893220-06-001096-w20583exv10w4.txt,"The document is titled ""REINSTATEMENT PREMIUM PROTECTION REINSURANCE CONTRACT"" and explicitly states it is a reinsurance agreement designed to indemnify the Company for reinstatement premiums paid under an underlying Excess Catastrophe Reinsurance Contract. This fits the definition of a Reinstatement Premium Protection (RPP) contract tied to an underlying reinsurance contract, which is listed as a reinsurance agreement in the guidelines.

The document contains all principal terms, including coverage, term, premium, loss settlements, and other standard reinsurance clauses, and is structured as a full contract with a schedule and multiple subscribing reinsurers. Therefore, it is a main contract, not an ancillary agreement.

The RPP covers an underlying Excess of Loss (cat) reinsurance treaty, which is inherently non-proportional. RPP contracts that protect non-proportional underlying contracts are themselves classified as non-proportional.

The underlying contract is an Excess Catastrophe Reinsurance Contract, which typically covers property risks from catastrophic events (e.g., hurricanes, earthquakes), placing it in the Property class of business within Non-Life insurance.

The contract applies to the entire portfolio of the underlying reinsurance (all loss occurrences under the cat treaty), meaning it is obligatory rather than facultative.",True,True,True,non-proportional,Non-Life,Property
2006-740670-0001104659-06-080191-a06-24813_1ex10d5.htm,"The document is a ""CREDIT AGREEMENT"" dated October 31, 2006, among Michaels Stores, Inc. (the ""Borrower""), Deutsche Bank AG New York Branch (as Administrative Agent), and several other financial institutions. The agreement outlines the terms for a loan of $2,400,000,000 to the Borrower. The document details the obligations of the Borrower to repay the loan, the interest rates, covenants, and other conditions related to the loan. It also includes provisions for collateral, guarantees, and events of default.

The document is clearly a credit agreement, which is a type of loan agreement. Loan agreements are financial instruments where a lender provides funds to a borrower under specific terms regarding repayment and interest. This document does not contain any language or provisions that would classify it as a reinsurance agreement. Reinsurance agreements involve the transfer of risk from one insurer to another, and this document does not mention insurance, risk transfer, or any related concepts. Instead, it focuses on the terms of a loan, including repayment schedules, interest calculations, and security interests.

Therefore, based on the content and purpose of the document, it is not a reinsurance agreement.",False,,,,,
2006-1179929-0001104659-06-032817-a06-10017_1ex10d3.htm,"The provided document is a contract between the Health Care Authority (HCA) and a Managed Care Organization (MCO) for the provision of Basic Health Plus and Maternity Benefits Program services. This is a direct agreement between a government health authority and a healthcare provider to deliver managed care services to eligible clients, primarily under Medicaid. The document outlines terms related to enrollment, benefits, payments, quality of care, access, and compliance with state and federal regulations.

Key observations:
- The contract is for the delivery of direct healthcare services (e.g., primary care, maternity, mental health, pharmacy) to Medicaid-eligible individuals.
- It includes provisions for payment via monthly premiums, stop-loss protection for high-cost drugs, and performance incentives.
- Section 4.4 mentions that the ""Contractor may obtain reinsurance for coverage of enrollees,"" but this refers to the MCO's internal risk management and does not make the document itself a reinsurance agreement.
- The document is not transferring insurance risk from one insurer to another; instead, it is a direct insurance or managed care contract between a public entity and a healthcare provider.

According to the classification criteria:
- This is not a reinsurance agreement. It is a direct insurance/managed care contract.
- Therefore, all downstream fields (main contract, obligatory, proportional, etc.) must be None, as they only apply if the document is a reinsurance agreement.",False,,,,,
2006-909109-0000893220-06-000532-w18434exv10w78.txt,"The document is titled ""CASUALTY EXCESS OF LOSS REINSURANCE CONTRACT"" and is explicitly structured as a reinsurance agreement between the Company (a group of insurance entities) and the Reinsurer. The purpose, as stated in Article I, is to indemnify the Company for net excess liability arising from losses under its policies. This clearly establishes it as a reinsurance contract.

The document contains all principal terms of the reinsurance agreement, including the parties, business covered, term, definitions, limits of coverage, premium, and conditions. It is not a mere amendment or ancillary document but the full contract itself, signed by the parties. Therefore, it qualifies as a main contract.

The agreement is for an Excess of Loss treaty, which transfers risk on a portfolio of casualty policies (e.g., General Liability, Umbrella, Professional Liability). This is a standard form of obligatory reinsurance, as the Company automatically cedes all eligible risks without case-by-case negotiation. Thus, it is obligatory.

The structure of the contract—indemnifying the Company for losses in excess of a retention up to a specified limit—is characteristic of non-proportional reinsurance. There is no indication of proportional sharing of premiums or losses; instead, coverage triggers only after a loss exceeds the Company’s retention. Therefore, it is non-proportional.

The business covered includes Casualty, Professional Liability, Fidelity, and Fiduciary Liability, all of which fall under Non-Life insurance. There is no mention of life, annuity, or health-related policies that would classify it as Life insurance.

The class of business is primarily Casualty, as indicated by the title and the types of policies covered (e.g., General Liability, Umbrella, D&O, E&O). While some lines like Professional Liability may be categorized under Specialty, the dominant and explicitly stated category is Casualty.",True,True,True,non-proportional,Non-Life,Casualty
2006-909109-0000893220-06-001096-w20583exv10w2.txt,"The document is titled ""EXCESS CATASTROPHE REINSURANCE CONTRACT"" and is explicitly structured as a reinsurance agreement between Philadelphia Insurance Company and a group of reinsurers. It contains standard reinsurance clauses, including coverage terms, exclusions, premium calculations, loss settlements, and arbitration. This clearly identifies it as a reinsurance agreement.

The document establishes the full terms of a reinsurance contract, including retentions, limits, premium rates, and detailed conditions. It is not an amendment or ancillary document but the primary contract itself, as evidenced by the inclusion of a complete Table of Contents and execution via Interests and Liabilities Agreements by multiple reinsurers.

The contract is an excess-of-loss reinsurance treaty, which is a form of non-proportional reinsurance. This is evident from the structure of the layers (First, Second, Third, Fourth Excess) with specific retentions and occurrence limits, which is characteristic of non-proportional (specifically excess-of-loss) arrangements. There is no indication of proportional sharing of premiums or losses.

The coverage applies to Property business, as stated in Article I: ""classified by the Company as Property business."" This falls under Non-Life insurance, which includes Property, Casualty, and Specialty lines. Therefore, the insurance type is Non-Life and the class of business is Property.

The contract is obligatory because it is a treaty that automatically covers all eligible risks within the defined classes and territory without individual underwriting per risk. This is typical of catastrophe excess treaties, which are binding on the ceding company for all qualifying losses.",True,True,True,non-proportional,Non-Life,Property
2006-1289785-0001193125-06-070815-dex101a.htm,"The provided document is an ""Amended and Restated Credit Agreement"" for a $395,000,000 Senior Secured Credit Facility. It is a legally binding contract between Atlantic Broadband Finance, LLC (the borrower), other guarantors, and several lenders. The document outlines the terms of loans, interest rates, repayment schedules, covenants, and collateral. It is explicitly a credit agreement, which falls under the category of ""bonds, loans and credit instruments"" as specified in the list of documents that are NOT considered reinsurance agreements. The entire content, including definitions, financial covenants, and security interests, is focused on debt financing, not the transfer of insurance risk. Therefore, this document is not a reinsurance agreement.",False,,,,,
2006-315293-0001104659-06-053238-a06-15282_1ex10d1.htm,"The document is an amendment to an employment agreement between Aon Corporation and one of its executives, Michael D. O'Halleran. It outlines changes to the executive’s employment terms, including salary, bonus, stock awards, indemnification, and other employment conditions. Although the document references the ""Global Reinsurance Segment"" in the context of performance targets for stock awards, it does not itself constitute a reinsurance agreement. Instead, it is a corporate employment contract. The document does not establish, modify, or relate to a reinsurance or retrocession contract. It is not a reinsurance treaty, facultative agreement, or any form of risk transfer instrument. Therefore, it falls outside the definition of a reinsurance agreement and all related classifications do not apply.",False,,,,,
2006-24090-0000950134-06-005321-d33934exv10w10xoy.htm,"The document is a First Amended and Restated Loan Agreement between Citizens, Inc. and Regions Bank, acting as the administrative agent, along with other banks. It outlines the terms of a revolving loan, including the conditions for advances, interest rates, repayment terms, covenants, and default provisions. The document is fundamentally a credit agreement and involves lending and borrowing of funds, secured by certain collateral.

Although the document mentions insurance subsidiaries and reinsurance agreements in several places (e.g., Section 7.13 references reinsurance agreements entered into in the ordinary course of business by Material Subsidiaries), these references are in the context of regulatory compliance and restrictions on financial covenants, not as the primary subject of the agreement.

The agreement does not establish a reinsurance or retrocession contract. Instead, it is a financial instrument related to debt financing. According to the provided classification rules, loan agreements and credit instruments are explicitly excluded from being considered reinsurance agreements, unless they are Catastrophe Bonds or Insurance Linked Securities fulfilling a risk transfer objective—neither of which applies here.

Therefore, the document is not a reinsurance agreement.",False,,,,,
2006-926866-0001193125-06-228442-dex1013.htm,"This document is a Deed of Trust, Leasehold Deed of Trust, Assignment of Leases and Profits, Security Agreement and Fixture Filing dated October 4, 2006. It is a commercial real estate loan agreement between KPA RIGG LLC (Borrower), KPA RIGG LESSEE LLC (Accommodation Grantor), Chicago Title Insurance Company (Trustee), and Capmark Bank (Beneficiary).

The document secures a $37.6 million loan for a Residence Inn by Marriott hotel property in Orange County, California. It establishes a security interest in the hotel property (land, improvements, and personal property) to secure repayment of the loan. The document contains standard mortgage provisions including:
- Loan terms and repayment requirements
- Insurance requirements for the property (property insurance, liability insurance, business interruption insurance, etc.)
- Tax payment provisions
- Default and foreclosure procedures
- Property management requirements
- Reporting requirements

This is clearly a commercial real estate financing document, not a reinsurance agreement. It falls under the category of ""Bonds, loans and credit instruments"" which are explicitly listed as NOT being reinsurance agreements in the provided criteria. While the document does contain insurance requirements (Section 4), these are standard mortgage covenants requiring the borrower to maintain insurance on the property - they do not constitute reinsurance.

The document does not involve risk transfer between insurers, retrocession, or any other reinsurance concepts. It is not a Catastrophe Bond or Insurance Linked Security. It does not modify any existing reinsurance agreement. It is simply a standard commercial mortgage loan secured by real property.

Since this is not a reinsurance agreement at all, all subsequent classification fields should be set to None.",False,,,,,
2006-947484-0001104659-06-032094-a06-9345_1ex10.htm,"The document is the ""Amended and Restated Arch Capital Group Ltd. Incentive Compensation Plan,"" which outlines an employee bonus and incentive compensation structure for employees of Arch Capital Group Ltd. and its subsidiaries. It details how bonuses are calculated based on financial performance metrics such as ROE (Return on Equity), Underwriting Profit (Loss), and other financial indicators across the Insurance Segment and Reinsurance Segment. The document references reinsurance activities (e.g., defining ""Reinsurance Segment"" and ""CAT Business"" as property catastrophe reinsurance), indicating that the company operates in reinsurance. However, this document is not itself a reinsurance agreement. It is a corporate compensation plan designed to incentivize employees based on company performance. It does not establish any risk transfer between insurers and reinsurers, nor does it contain terms of insurance or reinsurance coverage, ceding, or risk sharing. Instead, it is an internal human resources and compensation policy.

Therefore, this document is not a reinsurance agreement, nor is it any type of insurance or reinsurance contract. It is a compensation plan and thus falls outside the scope of all categories listed as reinsurance agreements.",False,,,,,
2006-1358164-0000930413-06-006737-c44219_ex10-21.txt,"The document is an amendment and termination agreement related to a reinsurance guarantee. It references the ""XLI Guarantee"" of XLFA's obligations under a Facultative Quota Share Reinsurance Treaty between XLCA and XLFA, specifically the ""Third Amended and Restated Facultative Quota Share Reinsurance Treaty"" (the ""Amended Fac QS Treaty""). The current document does not establish a new reinsurance contract but instead modifies the scope of an existing guarantee in relation to that reinsurance treaty. Specifically, it terminates the guarantee for new business under the treaty after a future event (the SCA IPO), while maintaining it for existing business.

Because this document modifies the terms of an existing reinsurance agreement (via its guarantee mechanism), it falls under the category of documents that ""amend, or otherwise modify the terms of an existing reinsurance agreement"" and is therefore classified as a reinsurance agreement per the definition.

However, it is not a main reinsurance contract itself. It is an ancillary agreement — specifically, a termination and amendment of a guarantee related to a reinsurance treaty — and does not establish the principal terms of a reinsurance contract. Thus, it is not a main contract.

Since it is not a full reinsurance contract (but rather an ancillary modifying agreement), attributes such as whether it is obligatory, proportional or non-proportional, the insurance type, and class of business cannot be determined from this document alone and must be marked as 'None'.",True,,,,,
2006-1171218-0000950124-06-001367-k02899exv10w30.txt,"This document is a Purchase Agreement for Trust Preferred Securities issued by NP Capital Trust I, a statutory trust subsidiary of North Pointe Holdings Corporation (an insurance holding company). The agreement involves the sale of $20,000,000 in Preferred Securities that will be guaranteed by the Company, with proceeds used to purchase Junior Subordinated Notes of the Company.

Key observations:
1. This is a capital market transaction (trust preferred securities), not a risk transfer agreement
2. The document is structured as a securities purchase agreement with standard provisions for such transactions
3. While North Pointe Holdings has insurance subsidiaries (listed in Schedule 1), this specific transaction is a capital raising mechanism for the holding company
4. The Preferred Securities are described as having a fixed/variable interest rate structure, with proceeds funding Junior Subordinated Notes
5. The document contains standard securities law provisions, trustee arrangements, and regulatory compliance requirements

This is not a reinsurance agreement because:
- It does not transfer insurance risk from one insurer to another
- It is not structured as a risk transfer mechanism but rather as a capital instrument
- It doesn't meet any of the definitions of reinsurance agreements provided (it's not a reinsurance treaty, retrocession, LPT, catastrophe bond, etc.)
- It falls under the category of ""Bonds, loans and credit instruments"" which are explicitly excluded from reinsurance agreements (except for Catastrophe Bonds, which this is not)

The document relates to capital raising for an insurance holding company but is itself a securities transaction, not a reinsurance contract. Since it's not a reinsurance agreement, all subsequent classification fields should be set to None as specified in the instructions.",False,,,,,
2006-40545-0000040545-06-000015-ex10.htm,"The document is a First and Second Amendment to a Transaction Agreement between General Electric Company (GE) and Swiss Reinsurance Company (Acquiror). It amends certain terms related to the payment of a purchase price, including adjustments to the stock amount, convertible instruments, and cash payments, as well as provisions related to the resale of notes under an EMTN programme and Rule 144A. The amendments concern financial and transactional mechanics of a corporate acquisition, not the terms of a reinsurance contract.

Although Swiss Reinsurance Company is a reinsurance entity, the document itself does not establish, modify, or relate to a reinsurance or retrocession agreement. Instead, it pertains to a corporate transaction involving the acquisition of equity and assets. The referenced Transaction Agreement (which this document amends) appears to govern a corporate acquisition, not a risk transfer arrangement between insurers and reinsurers.

The amendments deal with payment structure, securities issuance, resale rights, and closing mechanics—typical of merger and acquisition agreements—not reinsurance terms such as ceding commissions, loss recoveries, treaty coverage, or risk sharing. There is no mention of insurance policies, ceded risks, claims settlement authority, or any core reinsurance provisions.

Therefore, this document is not a reinsurance agreement, nor does it function as an ancillary agreement to one. It is a corporate transaction amendment.",False,,,,,
2006-1264242-0000950136-06-002636-file005.htm,"The document is a Treaty Property Reinsurance Binder between Quanta Reinsurance Ltd and Arch Reinsurance Ltd. It establishes a reinsurance agreement where the reinsurer accepts a 100% Quota Share (QS) of the company's property reinsurance assumed portfolio, which is a proportional reinsurance arrangement. The binder outlines key terms such as premium, exclusions, inuring reinsurance, adjustment features, and reporting, indicating it contains the principal terms of a reinsurance contract. Although it references the future execution of a formal contract, the binder itself functions as a binding agreement and includes all essential terms, making it a main contract. 

The agreement covers property reinsurance, which falls under Non-Life insurance and the ""Property"" class of business. It is an obligatory treaty since it automatically covers the entire portfolio of property reinsurance assumed by the company (facultative-obligatory or treaty form). The presence of a 100% Quota Share clearly indicates a proportional structure. The document also includes settlement terms for both proportional and non-proportional (Risk XOL) contracts, but the overarching structure is a proportional treaty covering a portfolio, with specific provisions for non-proportional contracts included as part of the same agreement. However, since the primary mechanism is a 100% QS and the non-proportional elements are handled under warranty/adjustment terms rather than as a separate non-proportional contract, the classification remains proportional. There is no indication of hybrid structure with distinct proportional and non-proportional sections; instead, the non-proportional elements are ancillary.

Therefore, the document is a reinsurance agreement, a main contract, obligatory, proportional, Non-Life, and pertains to the Property class of business.",True,True,True,proportional,Non-Life,Property
2006-1335686-0000950133-06-002492-w21005exv10w5.htm,"The document provided is a ""Senior Secured Revolving Credit Agreement"" between Republic Property Limited Partnership (the Borrower), Republic Property Trust (a Guarantor), KeyBank National Association (as Agent and a Lender), and other Lenders. The agreement outlines the terms of a revolving credit facility, including loan amounts, interest rates, repayment terms, covenants, and collateral security. The collateral consists of real estate assets, and the agreement includes provisions for appraisals, insurance, and financial covenants.

The document is not a reinsurance agreement. According to the provided definitions, reinsurance agreements involve risk transfer from one insurer to another. This document, however, is a credit agreement involving a loan and security interests in real estate. It is a financial instrument for borrowing money, not for transferring insurance risk. The parties involved are a borrower, lenders, and a guarantor, not insurers or reinsurers. The subject matter is real estate financing, not insurance or reinsurance.

Therefore, the document is not a reinsurance agreement, and the subsequent fields related to reinsurance characteristics (main contract, obligatory, proportional/non-proportional, insurance type, class of business) are not applicable.",False,,,,,
2006-1126328-0001104659-06-031122-a06-9257_1ex10d13.htm,"The document is a ""CHANGE OF CONTROL EMPLOYMENT AGREEMENT"" between Principal Financial Group, Inc., Principal Life Insurance Company, and an executive. This is clearly an employment contract that outlines terms of employment, compensation, termination provisions, non-compete clauses, and change of control benefits for an executive.

Reviewing the content, this document contains:
- Executive compensation structure (base salary, bonuses, stock incentives)
- Termination provisions (for cause, disability, good reason)
- Non-compete and confidentiality agreements
- Change of control provisions that trigger certain benefits
- Standard employment contract clauses

This document does not contain any elements of a reinsurance agreement. There are no provisions related to:
- Risk transfer between insurers
- Ceding of insurance risks
- Reinsurance premiums
- Reinsurance claims handling
- Any proportional or non-proportional reinsurance structures
- Coverage terms for insurance risks

According to the classification guidelines provided, reinsurance agreements include specific types of risk transfer contracts between insurers. This document is explicitly categorized under the ""NOT considered reinsurance agreements"" section as it falls under ""Insurance policies and other direct insurance contracts"" - though more specifically, it's an employment contract rather than an insurance policy.

The metadata confirms this is filed as EX-10.13 with the SEC, which is typically used for material contracts including employment agreements, not reinsurance contracts.

Since this is not a reinsurance agreement at all, all subsequent classification fields should be None.",False,,,,,
2006-1267238-0001193125-06-107725-dex101.htm,"The document is an ""Amendment No. 2"" to a Revolving Credit Agreement between Assurant, Inc., lenders, and JPMorgan Chase Bank, N.A., acting as Administrative Agent. It amends specific terms of the existing credit agreement, such as definitions, covenants on Liens and Indebtedness, and other financial provisions. While the document references ""Reinsurance Agreements"" and ""Retrocession Agreements"" in the context of permitted Liens (Section 6.1(iv) and (x)) and in restrictions on the Borrower’s activities (Section 6.7), it does not itself establish, modify, or relate to a reinsurance contract. Instead, it is a financial credit facility agreement governing lending relationships and covenants.

According to the classification rules, credit agreements and loan instruments are explicitly excluded from being considered reinsurance agreements, even if they mention reinsurance in passing. The document is not a reinsurance agreement, retrocession, portfolio transfer, or any other type of risk transfer instrument defined as reinsurance. It is a financial instrument securing lending obligations.

Because it is not a reinsurance agreement, all downstream fields — is_main_contract, is_obligatory, proportional_or_non_proportional, insurance_type, and class_of_business — must be set to None.",False,,,,,
2006-911576-0001193125-06-119270-dex1023.htm,"The document is titled ""Net Quota Share Reinsurance Contract"" and explicitly refers to a reinsurance agreement effective July 1, 2005, with multiple addenda and interests and liabilities agreements modifying its terms. It involves ceding 75.0% of net liability and net written premium from the ceding company to the reinsurer, which is characteristic of a proportional reinsurance arrangement. The repeated references to ""Reinsurance Contract"" and the structure of risk and premium sharing confirm this is a reinsurance agreement. Therefore, it qualifies as a reinsurance agreement under the provided definition.

The document includes addenda and interests and liabilities agreements that modify an existing reinsurance contract. While the full original contract is not present, the document contains Addendum No. 1 and No. 2, as well as Interests and Liabilities Agreements that revise participations and terms. These are ancillary agreements that modify an existing contract rather than establishing a full, standalone reinsurance contract. However, the document includes a revised ""Schedule A"" and restated terms, suggesting it may incorporate key terms of the main contract. Nevertheless, since it is structured as an addendum and relies on the pre-existing ""Net Quota Share Reinsurance Contract,"" it is best classified as an ancillary agreement rather than a main contract.

The agreement is a quota share treaty, under which the ceding company automatically cedes a fixed percentage of all policies in a portfolio, and the reinsurer is obligated to accept them. This is a hallmark of an obligatory reinsurance treaty. There is no indication of case-by-case facultative underwriting. Therefore, the agreement is obligatory in nature.

The contract is explicitly a ""Net Quota Share,"" which is a form of proportional reinsurance. It involves ceding 75.0% of net liability, unearned premium reserves, and written premium. This proportional sharing of premiums and losses confirms it is a proportional reinsurance agreement.

The underlying insurance companies (e.g., Vesta Fire Insurance Corporation, Shelby Insurance Company) and the structure of the reinsurance suggest property and casualty insurance. The reporting schedule includes categories such as ""Mold Loss & ALAE"" and ""Shock Loss,"" which are typical in property insurance. Therefore, the insurance type is Non-Life, and the class of business is Property, as it primarily appears to cover property risks.",True,False,True,proportional,Non-Life,Property
2006-1358164-0000930413-06-006737-c44219_ex10-28.htm,"The document is an indemnification agreement between two subsidiaries of XL Capital Ltd, XLFA and XLIB. It provides indemnification to XLFA from XLIB for ""Aggregate Adverse Development"" on specific reinsurance cessions made by XLFA under a Quota Share Reinsurance Treaty (QSA). The agreement covers losses in excess of Retained Reserves up to a Maximum Liability Amount, which indicates an aggregate excess of loss structure.

Although the document is not itself a reinsurance treaty, it functions as a form of retrospective risk transfer related to an underlying reinsurance contract (the QSA). Specifically, it indemnifies XLFA for adverse development on reinsurance assumed under the QSA—this aligns with the definition of a ""Reinstatement Premium Protection contract if they refer to an underlying reinsurance contract"" or more broadly, a ""retrospective reinsurance agreement"" such as an Adverse Development Cover. These are explicitly listed as reinsurance agreements in the provided classification criteria.

Therefore, the document qualifies as a reinsurance agreement under the definition.

It is not a main contract because it does not establish the primary reinsurance relationship (that is done by the QSA). Instead, it modifies or supplements the risk transfer by providing indemnification for adverse development, making it an ancillary agreement.

Since it is an ancillary agreement providing adverse development cover, it is not a full standalone reinsurance contract, so responses to `is_obligatory`, `proportional_or_non_proportional`, `insurance_type`, and `class_of_business` are 'None'.",True,False,,,,
2006-1036960-0000950135-06-004873-b61549fsexv10w02.txt,"The document is a Credit Agreement dated June 26, 2006, among Fairchild Semiconductor International, Inc., Fairchild Semiconductor Corporation, various lenders, and Deutsche Bank Trust Company Americas as administrative agent. The agreement outlines the terms for a credit facility, including term loans, revolving loans, swingline loans, and letters of credit.

The document does not meet any of the criteria for being classified as a reinsurance agreement. It is not a reinsurance or retrocession agreement, nor is it a Reinstatement Premium Protection contract, Capital Maintenance agreement, Loss Portfolio Transfer, Adverse Development Cover, Reinsurance To Close, or other retrospective reinsurance agreement. It is not a portfolio transfer related to corporate restructuring with reinsurance provisions, nor is it a catastrophe bond or insurance-linked security. It is not an insurance pooling agreement or government insurance scheme. The document does not renew, cancel, novate, terminate, settle, commute, amend, or modify an existing reinsurance agreement.

Instead, the document is clearly a credit agreement involving loans and financial covenants between a borrower and lenders. It contains provisions for loan commitments, interest rates, repayment terms, covenants, and collateral, which are all characteristics of a credit facility rather than a reinsurance agreement.

Since this is not a reinsurance agreement, the subsequent classification questions about whether it is a main contract, obligatory, proportional or non-proportional, insurance type, and class of business are not applicable and should be answered as None.",False,,,,,
2006-1358164-0000930413-06-006737-c44219_ex10-3.htm,"The document is an Employment Agreement between Security Capital Assurance Ltd and Paul S. Giordano, outlining the terms of his employment as President and Chief Executive Officer. It includes provisions related to salary, bonuses, benefits, termination conditions, non-compete clauses, confidentiality, and other employment-related matters. There is no mention of any reinsurance or insurance risk transfer arrangement, treaty, or agreement. Instead, the document pertains solely to executive compensation and employment conditions.

This document does not meet any of the criteria for being classified as a reinsurance agreement. It is not a reinsurance treaty, retrocession, portfolio transfer, or any other form of risk transfer instrument. It also does not amend, renew, or modify an existing reinsurance contract. Rather, it is a standard executive employment contract.

Therefore, it is not a reinsurance agreement, and all subsequent fields that depend on it being a reinsurance contract must be set to 'None'.",False,,,,,
2006-909109-0000893220-06-001096-w20583exv10w5.txt,"The document is a ""Reinsurance Commutation and Release Agreement"" that explicitly references an underlying reinsurance contract: the ""Whole Account Net Quota Share Reinsurance Contract"" effective April 1, 2003, and its addendum. Commutation agreements that fully settle and discharge obligations under an existing reinsurance contract are considered reinsurance agreements per the provided definition. Thus, this document qualifies as a reinsurance agreement.

However, it is not a main contract because it does not establish a new reinsurance contract; instead, it terminates and settles an existing one. It is an ancillary agreement—specifically, a commutation—that modifies and concludes prior reinsurance obligations. Therefore, it is not a main contract.

Because it is not a full reinsurance contract but rather a termination agreement, attributes such as whether it is obligatory, proportional or non-proportional, and its insurance type and class of business cannot be determined from this document alone. These characteristics must be derived from the underlying treaty, but since the question asks about this document specifically, and it is not a full contract, these fields are set to None.",True,False,,,,
2006-1179929-0001193125-06-228837-dex103.htm,"The document is a ""CHANGE NOTICE NO. 6"" for a contract between the State of Michigan and Cape Health Plan, Inc. It extends the contract period for ""Comprehensive Health Care for Medicaid Beneficiaries - Regions 1, 2, 9, 10 - DCH"" from October 1, 2004 to October 1, 2007, with an increase in contract value by $165,617,333.33. The document contains numerous amendments to the original healthcare services contract, including changes to definitions, provider network requirements, member services, grievance procedures, and other operational aspects of Medicaid managed care.

This is clearly a direct healthcare services contract between a state government and a health plan provider (Cape Health Plan, Inc.) for the delivery of healthcare services to Medicaid beneficiaries. The document contains detailed provisions about healthcare delivery, provider networks, member enrollment, quality assurance, claims processing, and coverage provisions for various healthcare services.

According to the classification criteria, this document falls under the category of ""Insurance policies and other direct insurance contracts"" which are explicitly listed as NOT being considered reinsurance agreements. There is no indication of risk transfer between insurers, which is the defining characteristic of reinsurance. Instead, this is a direct arrangement where the state contracts with a health plan to provide services to Medicaid beneficiaries.

Since this is not a reinsurance agreement, all subsequent classification fields (is_main_contract, is_obligatory, proportional_or_non_proportional, insurance_type, and class_of_business) should be None.",False,,,,,
2006-913144-0000950136-06-001564-file004.htm,"The document is a ""Letter Amendment"" to a Credit Agreement, which modifies certain terms of a loan facility among DaVinciRe Holdings Ltd., various banks, and Citibank, N.A., acting as agent. It amends definitions and covenants related to shareholder agreements, dividend restrictions, and financial ratios. The document references DaVinci Reinsurance Ltd. but does not establish or modify any reinsurance agreement. Instead, it pertains to a financing arrangement involving lenders and borrowers. 

This is clearly a credit or loan agreement amendment, which falls under the category of financial instruments securing payment obligations, not risk transfer via reinsurance. According to the classification guidelines, bonds, loans, credit instruments, and amendments thereto are explicitly not considered reinsurance agreements, even if they involve reinsurance companies.

Therefore, the document is not a reinsurance agreement. As such, all downstream fields related to reinsurance contract characteristics (main contract, obligatory, proportional, insurance type, class of business) must be set to 'None'.",False,,,,,
2006-1171500-0000950123-06-009634-y23533exv10w5.htm,"The document is titled ""EXCESS OF LOSS RETROCESSION AGREEMENT"" and is executed between two affiliated entities, Platinum Underwriters Bermuda, Ltd. (Retrocedant) and Platinum Underwriters Reinsurance, Inc. (Retrocessionaire). The agreement provides indemnification to the Retrocedant for net excess liability arising from original reinsurance contracts it has written, which is a clear indicator of a retrocession arrangement — a form of reinsurance between reinsurers.

Article 1 specifies that the agreement covers ""net excess liability"" from losses under original reinsurance contracts, and Article 6 outlines a clear excess of loss structure with a retention ($185 million) and limit ($65 million per occurrence, $130 million aggregate), which is characteristic of non-proportional reinsurance. The structure, including reinstatement of limits (Article 7), further confirms this is a non-proportional agreement.

The agreement contains all essential terms — coverage, territory, exclusions, limits, premium, loss settlement, arbitration, and insolvency provisions — and is signed by authorized officers. It is not an amendment or ancillary document but a standalone retrocession contract. Therefore, it qualifies as a main contract.

As a retrocession agreement, it falls squarely within the definition of a reinsurance agreement. It is obligatory because it covers all losses occurring during the term under the Retrocedant’s original reinsurance portfolio (as described in Article 1), without requiring case-by-case acceptance, indicating automatic risk transfer.

The perils mentioned — wind, flood, earthquake, and earthquake fire — and the territory (Japan) suggest property catastrophe risks, which fall under Non-Life insurance and specifically the ""Property"" class of business.",True,True,True,non-proportional,Non-Life,Property
2006-3570-0001193125-06-162490-dex101.htm,"The document is a First Amended and Restated Credit Agreement dated July 21, 2006, among Sabine Pass LNG, L.P. (the borrower), Société Générale (as Agent), HSBC Bank USA (as Collateral Agent), and various lenders. This is clearly a project financing credit agreement for the construction of an LNG (liquefied natural gas) receiving terminal in Cameron Parish, Louisiana.

The document establishes loan terms, conditions precedent, covenants, representations, warranties, and other provisions typical of a large project financing arrangement. It includes sections on:
- Commitments and Loans (Articles II-III)
- Payments, interest rates, and prepayments (Articles IV-V)
- Conditions precedent to funding (Article VI)
- Representations and warranties (Article VII)
- Covenants regarding project construction, insurance, and financial matters (Article VIII)
- Events of Default and remedies (Article IX)

While the document does contain provisions related to insurance (Section 8.05), these require the borrower to maintain insurance on the project as a condition of the loan. This is fundamentally different from a reinsurance agreement, as it's about the borrower securing insurance coverage for the physical asset being financed, not about transferring insurance risk between insurers.

The document is explicitly categorized as a ""Credit Agreement"" throughout its text and is structured as a traditional loan facility with covenants, conditions, and repayment terms. It falls squarely under the category of ""Bonds, loans and credit instruments"" which the classification guidelines specifically state are NOT considered reinsurance agreements (except for Catastrophe Bonds and other Insurance Linked Securities, which this is not).

There are no provisions related to ceding risk, assuming risk from insurers, retrocession, or other typical reinsurance concepts. While the document mentions ""Reinstatement Premium Protection"" in its classification list (in the definitions section), it is not itself a Reinstatement Premium Protection contract.

Since this is fundamentally a credit agreement for project financing and not any form of reinsurance arrangement, it does not meet any of the criteria for documents that would be considered reinsurance agreements.",False,,,,,
2006-1179929-0001104659-06-032817-a06-10017_1ex10d2.htm,"The document is a contract between the Washington State Department of Social and Health Services (DSHS) and Molina Healthcare for the provision of healthcare services under the ""Healthy Options"" and ""State Children's Health Insurance Plan"" (SCHIP) programs. It is labeled as Exhibit 10.2 to a 10-Q SEC filing by Molina Healthcare (CIK 1179929).

This is clearly a managed care contract where Molina Healthcare (as a Managed Care Organization) agrees to provide healthcare services to Medicaid and SCHIP beneficiaries in exchange for per-member-per-month payments from the state. The document contains extensive details about:
- Definitions of healthcare terms
- Enrollment procedures
- Marketing requirements
- Payment structures
- Access and capacity requirements
- Quality of care standards
- Subcontracting provisions
- Enrollee rights
- Covered benefits
- General terms and conditions

While section 4.4 mentions ""Reinsurance/Risk Protection"" stating ""The Contractor may obtain reinsurance for coverage of enrollees only to the extent that it obtains such reinsurance for other groups enrolled by the Contractor,"" this is merely a clause within a healthcare services contract that addresses how the healthcare provider can manage its own risk. It does not make the document itself a reinsurance agreement.

According to the classification guidelines provided, this document falls squarely under the category of ""Insurance policies and other direct insurance contracts,"" which are explicitly listed as NOT being reinsurance agreements. It is a direct contract between a government agency and a healthcare provider for the provision of healthcare services, not an agreement between insurance companies where risk is being transferred from one insurer to another.

The document does not meet any of the criteria for documents that are considered reinsurance agreements (reinsurance agreements, retrocession agreements, etc.). Instead, it matches the explicit exclusion for ""Insurance policies and other direct insurance contracts.""

Therefore, this is not a reinsurance agreement at all, and all subsequent classification fields should be set to None.",False,,,,,
2006-1359841-0000950144-06-009152-g03506exv10w28.htm,"The provided document is a First Lien Credit Agreement between Hanesbrands Inc. and various financial institutions. It outlines the terms for a credit extension, including loans, interest rates, repayment schedules, and other financial obligations. The document does not pertain to any form of reinsurance, as it is a standard credit agreement for corporate financing and does not involve the transfer of risk from an insurance company to a reinsurer. Therefore, it does not meet the criteria for being classified as a reinsurance agreement.",False,,,,,
2006-1071739-0001193125-06-038095-dex101.htm,"The document is a contract between a Health Maintenance Organization (HMO) and the Wisconsin Department of Health and Family Services for the provision of Medicaid and BadgerCare HMO services. It outlines the terms and conditions under which the HMO will provide managed care services to Medicaid and BadgerCare recipients in Wisconsin. The contract specifies that the HMO will receive capitation payments for providing comprehensive health care services to enrolled participants. The document details the services to be provided, payment terms, quality assessment, provider network requirements, and other administrative obligations.

This document is not a reinsurance agreement because it does not involve one insurer transferring risk to another insurer. Instead, it is a direct contract between a government agency and a health insurance provider for the delivery of health care services to a specific population. The HMO assumes the risk for providing these services through capitation payments, but this is not reinsurance as defined by the provided criteria.

Since this is not a reinsurance agreement, the subsequent fields relating to reinsurance (is_main_contract, is_obligatory, proportional_or_non_proportional) must be None. The document pertains to health care services for Medicaid and BadgerCare recipients, which falls under Non-Life insurance. The class of business is Health, as it specifically deals with health care services for the Medicaid and BadgerCare populations.",False,,,,Non-Life,Health
