filename,reasoning,is_reinsurance,is_main_contract,is_obligatory,proportional_or_non_proportional,insurance_type,class_of_business
2008-1179929-0000892569-08-000330-a38671exv10w32.htm,"The document is a contract between the Centers for Medicare & Medicaid Services (CMS) and a Medicare Advantage (MA) Organization for the operation of Medicare Advantage coordinated care plans, including a Part D addendum. This agreement governs the delivery of health‑benefit services and the payment mechanisms for a direct government‑insured program. It does not involve the transfer of risk from an insurer to a reinsurer, nor does it fit any of the listed reinsurance categories (retrocession, loss‑portfolio transfer, etc.). Consequently, it is not a reinsurance agreement but rather a direct health‑insurance contract. Because it is not a reinsurance contract, none of the reinsurance‑specific classifications (main contract, obligatory status, proportionality, insurance type, class of business) are applicable.",False,,,,,
2008-1009667-0000921895-08-000726-ex1053to10k03581_12312007.htm,"The document titled “Excess Workers' Compensation Reinsurance Contract” sets out the terms, conditions, retentions, limits, reinstatement provisions, exclusions, premiums and other clauses of a reinsurance treaty covering the cedent’s Workers’ Compensation and Employers Liability business. It is a full reinsurance treaty (not an ancillary endorsement) and it transfers risk from the entire portfolio of Workers’ Compensation policies, which characterises it as an obligatory treaty. The structure is excess (layer) coverage, i.e., the reinsurer pays losses above the cedent’s retention, which is the hallmark of non‑proportional (excess‑of‑loss) reinsurance. Workers’ Compensation is a casualty line of business, therefore it falls under Non‑Life insurance and the appropriate class of business is Casualty.",True,True,True,non-proportional,Non-Life,Casualty
2008-1171500-0001171500-08-000009-restated_agreement.htm,"The document is an “Assignment of Amended and Restated Option Agreement” that transfers an equity option (the right to purchase common shares of Platinum Underwriters) from Unionamerica to Travelers. The agreement concerns the exercise, transfer, and administration of a stock option, contains detailed provisions on share issuance, regulatory approvals, and transfer restrictions, but it does not create, amend, or modify any reinsurance or retrocession contract. Although the parties include a reinsurance company (St. Paul Reinsurance), the underlying transaction is an equity option, not a risk‑transfer reinsurance arrangement. Consequently, the document does not meet any of the listed criteria for a reinsurance agreement.",False,,,,,
2008-1064122-0000950123-08-007814-y62727exv10w70.htm,"The document is a Letter of Intent that amends a previously executed Letter of Intent and sets out the terms for a “recapture” of a pro‑rata portion of business that was originally ceded under an **Indemnity Reinsurance Agreement** between Scottish Re (U.S.) and Ballantyne Re.  
It references the underlying reinsurance treaty, modifies its terms (recapture, amendment of the March 31 LOI, assignment and assumption of rights, letters of credit, etc.) and therefore qualifies as a document that **amends** an existing reinsurance agreement.  

Because it does not contain the full set of principal terms of a new reinsurance treaty but merely modifies an existing one, it is an **ancillary** (non‑main) agreement.  

The underlying treaty is an obligatory treaty (the parties are obligated to cede and reinsure a defined block of business), and the amendment therefore remains obligatory.  

The recapture is described as a **pro‑rata** portion of the ceded business and is governed by a “Coinsurance Agreement” and “modified coinsurance” language, which are characteristic of **proportional** reinsurance arrangements.  

The parties involved are life‑insurance subsidiaries (Security Life of Denver, Scottish Re Life entities) and the transaction relates to an indemnity/coinsurance treaty rather than a health or casualty line. In the absence of a clear non‑life line, the safest classification is **Non‑Life** for the purpose of reinsurance type, and the business can be placed in the generic **Other Life** class of business (a life‑related block that does not fit the more specific mortality or longevity categories).",True,False,True,proportional,Non-Life,Other Life
2008-899051-0001047469-08-001846-a2182971zex-10_30.htm,"The provided document is an **Amended and Restated Change of Control Employment Agreement** between The Allstate Corporation, Allstate Insurance Company, and an executive. It outlines employment terms, compensation, severance, restrictive covenants, and other executive compensation matters. It does **not** relate to the transfer, ceding, or assumption of insurance or reinsurance risk, nor does it contain any of the characteristics of a reinsurance, retrocession, or related ancillary agreement as defined in the classification guidelines. Consequently, it is not a reinsurance agreement, nor does it contain any main or ancillary reinsurance contract provisions. Accordingly, all reinsurance‑specific classification fields are set to null.",False,,,,,
2008-1364250-0001140361-08-004902-ex10_65.htm,"The document is a “Second Amendment to Credit Agreement and Reaffirmation of Loan Documents.” It amends a loan facility, modifies loan terms, and includes various loan‑related covenants, schedules, and guaranty reaffirmations. Although it briefly mentions “reinsurance agreements” in the context of title‑insurance endorsements, the primary purpose of the document is to amend a credit agreement, not to create, modify, or terminate a reinsurance contract. Therefore it does not meet any of the criteria for a reinsurance agreement.",False,,,,,
2008-1165880-0001104659-08-013850-a08-5582_1ex10d32.htm,"The document is a **First Amendment Agreement** that amends a **Credit Agreement** between Montpelier Reinsurance Ltd., Montpelier Re Holdings Ltd., and a group of lenders. The purpose of the amendment is to modify loan terms (e.g., increasing a clause amount from $10 million to $20 million) and includes typical loan‑related representations, warranties, and covenants. It does **not** transfer insurance risk, nor does it constitute a reinsurance, retrocession, or any of the listed reinsurance‑type contracts. Consequently, it falls under the category of a financial loan amendment rather than a reinsurance agreement.",False,,,,,
2008-1018979-0001193125-08-048986-dex1032.htm,"The document is a **commutation and release agreement** that settles and releases the parties from their obligations under a number of pre‑existing reinsurance agreements (see the “WHEREAS” clause and Exhibit A). According to the provided criteria, any document that **commutes, settles, or otherwise modifies the terms of an existing reinsurance agreement** is classified as a reinsurance document. Therefore, **is_reinsurance = True**.

The agreement does not itself create a new reinsurance contract; it merely modifies/terminates the obligations under the earlier contracts. Consequently it is an **ancillary agreement**, not a **main contract** (which would be the original reinsurance treaty, a contract slip, a proposal, etc.). Thus **is_main_contract = False**.

Because the document is not a standalone reinsurance treaty but a settlement of existing contracts, it cannot be classified as an **obligatory** reinsurance contract. The field **is_obligatory** is therefore set to **None**.

The document contains no substantive reinsurance terms that would allow us to determine proportionality, insurance type, or class of business; it merely references the underlying contracts. Accordingly, **proportional_or_non_proportional**, **insurance_type**, and **class_of_business** are all set to **None**.",True,False,,,,
2008-1131096-0000950135-08-007043-b72648ahexv10w1.htm,"The document is a credit agreement that sets out loan and credit facilities, term and revolving loans, letters of credit, and related banking covenants between AthenaHealth Inc. and Bank of America. It does not involve any transfer of insurance risk, reinsurance, retrocession, or any of the defined reinsurance contract types. Therefore it is **not** a reinsurance agreement.",False,,,,,
2008-80424-0000950152-08-006832-l32996aexv10w3.htm,"The document is a Memorandum of Understanding that sets out the terms of a Flexible Premium Group Variable Life Insurance Policy issued by Metropolitan Life to Procter & Gamble. It describes policy qualification, underwriting criteria, cost of insurance charges, administrative services, fees, and governing law. These provisions define a direct insurance contract for life coverage of executive employees, not a contract that transfers risk to another insurer. Therefore it does not meet any of the listed categories of reinsurance agreements.",False,,,,,
2008-1162200-0001144204-08-029418-v114103_ex10-7.htm,"The document is a **Settlement Agreement and General Release** that resolves a securities‑related lawsuit concerning Ameriwest Energy Corp. shares. It contains releases, indemnities, and procedural provisions but does **not** create, amend, or modify any reinsurance or retrocession contract. The parties listed include “reinsurance carriers” only as possible affiliates, not as counterparties to a reinsurance risk transfer. Consequently, the document does not transfer insurance risk, nor does it describe proportional or non‑proportional reinsurance terms, insurance types, or lines of business. Therefore it is not a reinsurance agreement and all subsequent classification fields are not applicable.",False,,,,,
2008-786344-0001193125-08-069341-dex1031.htm,"The document is a full *Quota Share* treaty, explicitly titled “100% QUOTA SHARE REINSURANCE AGREEMENT”. It sets out the principal terms of the reinsurance relationship between MGA Insurance Company (the reinsurer) and General Agents Insurance Company of America (the ceding company), covering all of the ceding company’s liabilities (“one hundred percent (100%) of the Company’s liability”). This is therefore a primary reinsurance contract, not merely an endorsement or amendment. Since it is a treaty that obligates the ceding insurer to cede all of its business (or at least all of the defined “Business Reinsured”), it is an obligatory treaty rather than a facultative arrangement. The quota‑share structure is a classic **proportional** reinsurance treaty. Both parties are described as “property and casualty” insurers, indicating a non‑life line of business. Because the agreement covers the ceding company’s liability across its portfolio of property and casualty lines, the most appropriate classification for class of business is **Multi‑Line** (encompassing both property and casualty).",True,True,True,proportional,Non-Life,Multi-Line
2008-1299969-0001193125-08-063651-dex1061.htm,"The document is a **Loan Agreement** between real‑estate development entities (Comstock Station View, L.C. and Comstock Potomac Yard, L.C.), a guarantor, and a bank (KeyBank) acting as lender and agent. It sets out loan facilities, interest terms, collateral, covenants, events of default, and related procedural matters. There is no transfer of insurance risk, no reinsurance, retrocession, or any of the other contract types listed as reinsurance agreements. Therefore the document does **not** constitute a reinsurance contract.",False,,,,,
2008-1181232-0001047469-08-002607-a2183534zex-10_14.htm,"The document is a “Mortgage Loan Repurchase Agreement” (a repo‑style financing transaction) between Washington Mutual Bank and SIRVA Mortgage, Inc. It governs the purchase, servicing, and repurchase of residential mortgage loans and contains extensive provisions on loan definitions, servicing, collateral, defaults, and related covenants. The purpose of the agreement is to transfer ownership of mortgage loans and to provide a mechanism for the seller to repurchase them, not to transfer insurance risk. Reinsurance agreements involve the transfer of insurance risk (e.g., quota share, excess‑of‑loss, retrocession, etc.). Since this document deals with mortgage loan financing rather than insurance risk, it does not meet any of the criteria for a reinsurance agreement.

Therefore:
- It is **not** a reinsurance agreement.
- Consequently, it does not contain a main reinsurance contract, is not an obligatory reinsurance treaty, and no proportionality, insurance type, or class of business classification applies.",False,,,,,
2008-1267238-0001193125-08-044379-dex1021.htm,"The document is an executive “Change in Control Severance Agreement” between Assurant, Inc. and an officer (Steven Craig Lemasters). It sets out severance payments, benefits, and related covenants triggered by a change in control of the company. This is a compensation/ employment contract, not a reinsurance, retrocession, or any other risk‑transfer agreement listed in the reinsurance definition. Therefore it is not a reinsurance agreement and none of the reinsurance‑specific classifications apply.",False,,,,,
2008-1360537-0000950123-08-003610-y52467exv10w40.htm,"The document is a **service agreement** between Tower Risk Management Corp. and CastlePoint Management Corp. It outlines the provision of various insurance‑related services, compensation arrangements, profit‑sharing of service fees, and administrative matters such as record‑keeping, termination, and dispute resolution.  

Key points indicating this is **not** a reinsurance contract:

* The purpose is the exchange of **services** (underwriting, claims handling, administrative support), not the **transfer of insurance risk** from an insurer to a reinsurer.  
* There is no mention of ceding premiums, retained losses, excess‑of‑loss cover, quota‑share, surplus, or any other typical reinsurance mechanism.  
* The agreement focuses on fee‑based compensation, profit‑sharing of service fees, and operational independence, which are characteristic of a **management or service agreement**, not a reinsurance treaty.  

Because the document does not constitute a reinsurance agreement, all downstream classification fields related to reinsurance are not applicable.",False,,,,,
2008-898174-0000950137-08-002920-c24020exv10w21.htm,"The document is a “First Amendment to Credit Agreement” that amends a loan financing arrangement among RGA entities and various banks. Although the parties involved are reinsurance companies, the agreement governs borrowing, covenants, and collateral, not the transfer or sharing of insurance risk. It is therefore a loan document, not a reinsurance contract, nor an amendment to an existing reinsurance agreement. Consequently it is not classified as a reinsurance agreement, nor as a main reinsurance contract, nor as an obligatory reinsurance contract. No proportionality, insurance type, or class‑of‑business descriptors apply.",False,,,,,
2008-896159-0001193125-08-042242-dex1013.htm,"The document is an “Amended and Restated Credit Agreement” (Exhibit 10.13) between ACE Australia Holdings Pty Limited (borrower), ACE Limited (guarantor) and a syndicate of banks. It sets out the terms of a term‑loan facility, including definitions, utilization, interest, repayment, covenants, events of default, guarantees, and related schedules. The content deals exclusively with loan financing, banking, and corporate representations. There is no reference to insurance, reinsurance, ceded risk, quota share, excess of loss, catastrophe bonds, or any other risk‑transfer mechanism typical of reinsurance contracts. Consequently, the document does not meet any of the criteria for a reinsurance agreement.",False,,,,,
2008-899629-0000893220-08-000567-w50363exv10w68.htm,"The document is a **Building Loan Agreement** between a borrower (Acadia‑PA East Fordham Acquisitions, LLC and related entities) and a syndicate of lenders, with Eurohypo acting as administrative agent. It sets out the terms for construction financing, loan advances, security, covenants, events of default, etc. This is a direct **loan contract** for a real‑estate development project, not a contract that transfers insurance risk from an insurer to a reinsurer. Consequently, it does not fall under any of the categories listed as reinsurance agreements (reinsurance, retrocession, loss‑portfolio‑transfer, etc.) and it is not an ancillary amendment to an existing reinsurance treaty.

Therefore:
- The document is **not a reinsurance agreement**.
- As it is not reinsurance, it does not constitute a main or ancillary reinsurance contract.
- Obligatory vs. non‑obligatory classification is irrelevant.
- No proportional or non‑proportional reinsurance terms are present.
- No insurance coverage type (life or non‑life) applies.
- No class of insurance business is applicable.",False,,,,,
2008-1045829-0001045829-08-000017-exhibit10_71.htm,"The document consists of a series of solicitation amendments issued by the Arizona Health Care Cost Containment System (AHCCCS) to modify the terms of an RFP for acute‑care services. The text amends definitions, staffing requirements, claim processing, indemnification, compensation, and other procedural matters. Although the amendments mention “reinsurance offsets” in the context of capitation rate adjustments, the document itself does not constitute a reinsurance contract, retrocession agreement, or any other type of reinsurance agreement defined in the guidelines. It is a procurement amendment that governs the submission of proposals for a health‑care services contract, not a transfer of insurance risk. Consequently, it is not a reinsurance agreement, nor does it represent a main reinsurance contract, an obligatory reinsurance arrangement, or contain proportional/non‑proportional reinsurance terms. Accordingly, all classification fields specific to reinsurance are set to None.",False,,,,,
2008-701221-0000950159-08-000407-ex10-23.htm,"The document is an **Asset and Stock Purchase Agreement** that governs the sale and transfer of assets and shares between Great‑West Life & Annuity Insurance Company, First Great‑West Life & Annuity Insurance Company, The Canada Life Assurance Company and Connecticut General Life Insurance Company.  

While the agreement references several **Indemnity Reinsurance Agreements** (e.g., “Seller Indemnity Reinsurance Agreement”, “FGWLA Indemnity Reinsurance Agreement”, “CLAC Indemnity Reinsurance Agreement”) as **ancillary agreements**, the primary purpose of this document is the purchase and transfer of the business, not the creation of a reinsurance contract. Therefore it does **not** meet the definition of a reinsurance agreement, nor does it constitute a main reinsurance contract, an obligatory reinsurance contract, or contain any proportional/non‑type reinsurance terms. Consequently, all reinsurance‑specific classifications are not applicable.",False,,,,,
2008-1048268-0001047469-08-013171-a2188873zex-10_14.htm,"The document is titled “Amendment to Loan and Security Agreement” and amends a loan and security arrangement between Bank of America (as agent and lender) and Integrated Electrical Services, Inc. and its subsidiaries. It concerns financial covenants, projections, and other loan‑related provisions. There is no indication that this document transfers insurance risk, establishes a reinsurance or retrocession relationship, or modifies any reinsurance contract. Accordingly, it falls outside the defined scope of reinsurance agreements.",False,,,,,
2008-1358164-0000930413-08-006754-c55491_ex10-1.htm,"The document is an engagement letter that outlines financial advisory services to be provided by J.P. Morgan Securities to Syncora Guarantee Inc. for the analysis and possible restructuring of a portfolio of credit default swap and financial guarantee contracts. The purpose of the agreement is to provide advisory, valuation, and strategic support, not to transfer insurance or reinsurance risk. There is no risk‑transfer language, premium payments based on insurance loss experience, or any of the characteristics that define a reinsurance, retrocession, or related contract. Consequently, it does not meet the definition of a reinsurance agreement, nor does it constitute a main reinsurance contract, an obligatory reinsurance contract, or any proportional/non‑proportional treaty. Because it is not a reinsurance document, the insurance‑type and class‑of‑business fields are not applicable.",False,,,,,
2008-906345-0001362310-08-006479-c76417exv10w1.htm,"The document is a Master Credit Facility Agreement establishing a $380 million for the acquisition and financing of multifamily residential properties. It outlines loan terms, advances, collateral, covenants, events of default, and related loan documentation. This is a loan/credit agreement, not a reinsurance or retrocession contract, nor any of the other listed reinsurance‑related document types. Consequently, it does not meet the criteria for a reinsurance agreement.",False,,,,,
2008-1209821-0000950134-08-020048-d64906exv10w2.htm,"The document is a “Waiver and Letter Amendment No. 3” to an **Amended and Restated Note Purchase Agreement** between Crosstex Energy, L.P. and a group of note holders (many of which are insurance companies). The amendment modifies interest rates, reporting requirements, leverage‑ratio covenants, fee structures, and certain waivers related to the sale of a plant interest. The core purpose of the agreement is to govern the terms of a debt financing (note issuance) and associated covenants, not to transfer insurance risk from an insurer to a reinsurer. There is no mention of coverage of insurance liabilities, loss portfolios, excess‑of‑loss, quota‑share, or any other risk‑transfer mechanism. Consequently, the document does not fall within any of the categories defined as a reinsurance agreement. Because it is not a reinsurance contract, it is also not a main reinsurance contract, not obligatory, and no classification of proportionality, insurance type, or class of business applies.",False,,,,,
2008-911421-0001193125-08-043023-dex1052.htm,"The document is a **Capital Management Maintenance Agreement** between PartnerRe Ltd. (the holding company) and its reinsurance subsidiary Partner Reinsurance Europe Ltd. Capital Management Maintenance Agreements are explicitly listed in the prompt as a type of reinsurance agreement. Therefore, the document is classified as a reinsurance agreement.

The agreement establishes the principal terms governing the capital support that the parent must provide to the subsidiary so that the subsidiary can issue reinsurance contracts. It is not merely an amendment or endorsement to an existing reinsurance treaty; it creates its own set of obligations and conditions. Consequently, it should be treated as a **main contract** rather than an ancillary document.

The agreement does not itself transfer insurance risk; it provides financial support. Obligatory reinsurance status applies to contracts that transfer risk (reinsurance treaties, facultative‑obligatory, etc.). Since this document is a capital support arrangement rather than a risk‑transfer contract, it is **not** classified as an obligatory reinsurance contract. Accordingly, the fields that depend on a full reinsurance contract (proportionality, insurance type, class of business) are left as `None`.",True,True,,,,
2008-1057436-0001193125-08-229582-dex102.htm,"The document is a Credit Agreement for a hotel financing facility. It outlines revolving loan commitments, letters of credit, and related covenants between a borrower (Strategic Hotel Funding, L.L.C.) and multiple lenders. It does not involve any transfer of insurance risk, nor does it pertain to reinsurance, retrocession, or any of the listed reinsurance‑related contract types. Consequently, it is not a reinsurance agreement.",False,,,,,
2008-1267238-0001193125-08-044379-dex1013.htm,"The document is a Change in Control Severance Agreement between Assurant, Inc. and an executive. It governs executive compensation, severance, and related employment matters. It does not transfer insurance risk, nor does it constitute a reinsurance, retrocession, or any of the listed reinsurance‑type contracts. Therefore it is not a reinsurance agreement and does not meet any of the criteria for a main reinsurance contract, obligatory reinsurance, or any reinsurance classification.",False,,,,,
2008-1289592-0000950123-08-002992-y50172exv10w59.htm,"The document is a **Service Agreement** between two entities that provide management and other services to each other services, share profits/losses, and handle compensation, termination, and arbitration. Crucially, the agreement **does not transfer insurance risk** from an insurer to a reinsurer, nor does it contain the typical terms of a reinsurance treaty (e.g., coverage limits, cessions, premiums, loss participations). Therefore, it is **not a reinsurance agreement** but rather an ancillary service contract.

Because it is not a reinsurance agreement, none of the subsequent classification fields apply.",False,,,,,
2008-790703-0001193125-08-189273-dex10bbc.htm,"The document is a “Third Amended and Restated Participation Agreement” between Tech Data Corporation (lessee), SunTrust Bank (lessor), various lenders and an administrative agent. It governs the leasing of property, equipment, funding arrangements, loan commitments, inter‑creditor agreements, indemnities, and related operational matters. The purpose is to allocate loan and funding obligations, not to transfer insurance risk from an insurer to a reinsurer. Consequently, the agreement does not fall within any of the listed categories of reinsurance agreement (reinsurance, retrocession, loss portfolio transfer, etc.). Therefore it is not a reinsurance contract.",False,,,,,
2008-1100389-0001193125-08-003742-dex1042.htm,"The document is a Credit Agreement for Palm, Inc. It outlines loan facilities, revolving credit, term loans, swingline loans, letters of credit, guarantees, security interests, and related banking covenants. It contains no language pertaining to insurance or reinsurance contracts, risk transfer, or any of the typical structures (quota share, excess‑of‑loss, etc.) that define reinsurance agreements. Therefore it is not a reinsurance agreement.",False,,,,,
2008-1064122-0000950123-08-007814-y62727exv10w68.htm,"The document is a **Forbearance Agreement** that governs the parties’ rights and obligations with respect to defaults under the underlying financing documents (notes, indenture, guaranty agreements) and also amends certain transaction documents, including a **Coinsurance Retrocession Agreement** (a reinsurance contract). Because it **modifies the terms of an existing reinsurance/retrocession agreement**, it falls under the definition of a document that “otherwise modify the terms of an existing reinsurance agreement,” and therefore must be classified as a reinsurance‑related document. However, the agreement itself does **not** establish the substantive reinsurance risk transfer; it is an ancillary “forbearance” or amendment document rather than the principal reinsurance treaty. Consequently it is not a main reinsurance contract, nor does it itself constitute an obligatory reinsurance treaty, nor does it specify proportionality, insurance type, or class of business.",True,False,,,,
2008-1300514-0000950124-08-000952-p75030exv10w59.htm,"The document is a multi‑lender facility agreement for financing the Marina Bay Sands integrated resort project. It details loan facilities, guarantees, syndication, security, and repayment terms. It does not constitute an insurance or reinsurance contract, nor does it involve any risk‑transfer mechanism typical of reinsurance (quota share, excess of loss, etc.). Therefore it is not a reinsurance agreement and none of the subsequent classification fields apply.",False,,,,,
2008-909109-0000893220-08-002944-w71474exv10w1.htm,"The document is titled “INTERESTS AND LIABILITIES AGREEMENT” that amends a **Property Fourth Per Risk Excess of Loss Reinsurance Agreement** between Philadelphia Insurance Company (cedent) and Swiss Reinsurance America Corporation (reinsurer). It modifies definitions, exclusions, premium payment instructions, arbitration, etc., all of which are typical of an amendment or ancillary agreement to a reinsurance treaty. Because it refers explicitly to the underlying **excess‑of‑loss (per‑risk) reinsurance contract**, it is clearly a reinsurance document.

The underlying contract is an **excess‑of‑loss (per‑risk) treaty**, which is a classic **non‑proportional** form of reinsurance. The parties are a cedent and a reinsurer covering property risks, therefore the insurance type is **Non‑Life** and the class of business is **Property**.

The amendment does not itself create a new reinsurance treaty; it only changes terms of an existing treaty, so it is an **ancillary** (non‑main) agreement.

Since the underlying treaty is a treaty covering a portfolio of property risks, it is an **obligatory** reinsurance arrangement (the reinsurer accepts a defined share of all covered risks).

Thus:
- The document is a reinsurance agreement (True).
- It is not the main contract itself (False).
- It is obligatory (True).
- The treaty is non‑proportional.
- It pertains to Non‑Life insurance, specifically Property business.",True,False,True,non-proportional,Non-Life,Property
2008-1401521-0001193125-08-237008-dex105.htm,"The document is a “Reimbursement Contract” between United Property and Casualty Insurance Company and the State Board of Administration of Florida, which administers the Florida Hurricane Catastrophe Fund (FHCF). The purpose of the contract is to reimburse the insurer for losses from covered hurricane events in excess of the insurer’s retention, subject to a percentage (45 %, 75 % or 90 %). This structure transfers the catastrophic loss risk from the insurer to the FHCF and therefore constitutes a reinsurance (or catastrophe‑risk transfer) agreement.  

The document contains the principal terms of the agreement (the full Reimbursement Contract) together with several addenda that modify or extend coverage. Because it provides the complete set of terms governing the risk transfer, it is a main contract rather than a mere ancillary amendment.  

The coverage is mandated by Florida statute (Section 215.555) and applies to all “Authorized Insurers” writing covered policies; participation is a condition for operating in the state. Hence the contract is an obligatory reinsurance arrangement.  

The reimbursement mechanism works like an excess‑of‑loss (or stop‑loss) structure: the insurer retains losses up to a defined retention amount and the FHCF reimburses a defined percentage of the excess. This is a non‑proportional form of reinsurance.  

The policies covered are first‑party property policies (residential structures, fire, allied lines, etc.), which are non‑life insurance. The primary line of business is property insurance.  

Therefore:
- Reinsurance: **True**
- Main contract: **True**
- Obligatory: **True**
- Proportionality: **non‑proportional**
- Insurance type: **Non‑Life**
- Class of business: **Property**",True,True,True,non-proportional,Non-Life,Property
2008-909109-0000893220-08-002944-w71474exv10w2.htm,"The document is an **Interest and Liabilities Agreement** that is attached to and amends a **Property Fifth Per Risk Excess of Loss Reinsurance Agreement** between Philadelphia Insurance Company (the cedent) and Swiss Reinsurance America Corporation (the reinsurer).  
- It defines the reinsurer’s 50 % share of interests and liabilities in the underlying reinsurance treaty and contains numerous amendments to definitions, exclusions, premium handling, arbitration, etc.  
- Because it modifies and supplements an existing reinsurance treaty, it is clearly a **reinsurance‑related contract** (i.e., an ancillary amendment to a reinsurance treaty). The presence of a separate “Interest and Liabilities Agreement” establishing the reinsurer’s share means the document contains a main contractual component together with ancillary amendments, satisfying the rule that if both are present we treat it as a main contract.  
- The underlying treaty is an **Excess of Loss** treaty, which is a classic **non‑proportional** reinsurance structure.  
- Excess‑of‑loss treaties are typically **obligatory** treaty arrangements where the cedent cedes a defined layer of risk and the reinsurer must accept it.  
- The treaty covers **property** risks, placing it in the **Non‑Life** insurance category and the **Property** class of business.  

Thus the document is a reinsurance agreement (main contract with ancillary amendments), obligatory, non‑proportional, covering Non‑Life property business.",True,True,True,non-proportional,Non-Life,Property
2008-1179060-0000950134-08-020047-d64908exv10w2.htm,"The document is a Waiver and Letter Amendment to an **Amended and Restated Note Purchase Agreement**. It amends interest rates, reporting requirements, leverage ratios, and other loan‑related terms for a series of notes issued by Crosstex Energy. The parties are the company and various holders (insurance and reinsurance companies) who are lenders/investors in the notes. The instrument governs debt financing, not the transfer of insurance risk. Therefore it is a loan/notes amendment, not a reinsurance contract, nor a retrocession, loss portfolio transfer, or any other type of reinsurance agreement listed in the criteria. Consequently the document is **not** a reinsurance agreement.",False,,,,,
2008-29915-0001047469-08-001482-a2182813zex-10_s.htm,"The document is a Summary Plan Description for Dow Chemical’s group life insurance programs (company‑paid, employee‑paid, and dependent life insurance). It describes eligibility, coverage, benefits, and administration of these direct life insurance plans. It does not transfer risk from an insurer to a reinsurer, nor does it constitute a reinsurance, retrocession, loss‑portfolio transfer, or any other type of reinsurance arrangement listed in the criteria. Therefore it is a direct insurance plan document, not a reinsurance agreement.",False,,,,,
2008-1400810-0001193125-08-233756-dex1020.htm,"The document is a **Reimbursement Contract** between Homeowners Choice Property and Casualty Insurance Company and the State Board of Administration of Florida, which administers the Florida Hurricane Catastrophe Fund (FHCF). The contract obliges the insurer to report its “Covered Policies” and, in return, the FHCF reimburses the insurer for losses above a defined retention on a percentage basis (45 / 75 / 90%). This mechanism transfers hurricane‑loss risk from the insurer to the FHCF, functioning as a government‑backed pooling arrangement that provides risk transfer similar to a reinsurance treaty. The contract contains all principal terms (coverage levels, retention, reimbursement percentages, reporting obligations, premium calculations, etc.) and is therefore the primary agreement establishing the risk‑transfer relationship, not merely an endorsement or amendment. Because participation in the FHCF is mandated by Florida statutes for insurers writing the covered lines, the arrangement is **obligatory**. The reimbursement is triggered only after the insurer’s retention is exhausted and is expressed as a percentage of loss above that retention, which is characteristic of **non‑proportional (excess‑of‑loss)** reinsurance. The covered policies are property‑focused (homeowners, farmowners, commercial property, etc.) and thus pertain to **Non‑Life** insurance, specifically the **Property** class of business.",True,True,True,non-proportional,Non-Life,Property
2008-1064122-0000950123-08-007814-y62727exv10w63.htm,"The document is an **Employment Agreement** between Scottish Re Group Limited (a reinsurance company) and an individual executive (Samir Shah). It sets out terms of employment, compensation, benefits, confidentiality, non‑competition, and termination provisions. There is no transfer of insurance risk, no reinsurance or retrocession clause, and no coverage of any insurance portfolio. Therefore it is **not** a reinsurance contract or any ancillary modification of one. Consequently all reinsurance‑specific classification fields are not applicable.",False,,,,,
2008-4187-0000892303-08-000084-isa10q3q08ex10_3.htm,"The document is an ISDA Master Agreement governing swap and derivative transactions between a bank and an industrial services company. It contains definitions, payment, netting, default, and termination provisions typical of a derivatives master agreement. There is no indication that it transfers insurance risk, nor does it relate to any reinsurance, retrocession, or insurance‑linked securities. Consequently it does not meet the definition of a reinsurance agreement.",False,,,,,
2008-935724-0001193125-08-172268-dex102.htm,"The document is an agreement that (i) terminates a prior facultative reinsurance agreement between FGIC and PGC, (ii) cedes the same policies to Assured Guaranty Re Ltd under a new facultative reinsurance agreement, and (iii) contains indemnity, trust‑account and payment provisions that are characteristic of a reinsurance treaty. Because it creates (or modifies) a reinsurance relationship, it is a reinsurance document. The agreement establishes the reinsurance of the policies rather than merely amending an existing contract, so it qualifies as a main contract (not only a simple endorsement). The underlying cessions are described as “percentage or other applicable share” of each policy, which is typical of a quota‑share, i.e., proportional reinsurance. The cessions are expressly facultative (the original agreement is a Facultative Reinsurance Agreement), therefore the contract is non‑obligatory. The policies involved are mortgage/guaranty policies, which are non‑life insurance. Such coverage is generally classified as a specialty line (credit/mortgage insurance).",True,True,False,proportional,Non-Life,Specialty
2008-885508-0000831259-08-000089-ex10-4.htm,"The document is a “Construction Loan Agreement” between CJUF II Stratus Block 21 LLC (the Borrower) and Corus Bank, N.A. (the Lender). It details loan terms, disbursement conditions, collateral, warranties, and construction‑related covenants. It does not involve any transfer of insurance risk, nor does it reference reinsurance, retrocession, loss portfolio transfer, catastrophe bonds, or any other risk‑transfer instrument. Therefore it is not a reinsurance agreement.",False,,,,,
2008-1064122-0000950123-08-007814-y62727exv10w67.htm,"The document is titled “Second Amended and Restated Forbearance Agreement.” It amends and restates an existing forbearance arrangement that is tied to a set of underlying credit‑support and reinsurance agreements (the ISDA Master Agreement, the Coinsurance Retrocession Agreement, etc.). Because it modifies the terms of an existing reinsurance‑related arrangement, it falls under the category of documents that “amend, modify, or otherwise adjust the terms of an existing reinsurance agreement,” and therefore is treated as a reinsurance‑related document for classification purposes.

However, the instrument is not itself the primary reinsurance treaty; it is an ancillary amendment that governs collateral forbearance and related covenants. Consequently it is not a main contract but an ancillary one.

The content does not define the risk‑sharing structure (quota‑share, excess‑of‑loss, etc.), nor does it specify the insurance line in a way that would allow classification of proportionality, insurance type, or class of business. Hence those fields are left as unknown.",True,False,,,,
2008-1267238-0001193125-08-044379-dex1023.htm,"The document is a **Change in Control Severance Agreement** between Assurant, Inc. and an executive (Jerome A. Atkinson). It governs executive compensation, severance payments, benefits, and related termination provisions that are triggered by a change in control of the company. The content pertains solely to employment and executive compensation matters and contains no provisions that transfer insurance risk, reinsure any liability, or involve any reinsurance‑type arrangements. Consequently, it does not fall under any of the categories listed as reinsurance agreements (e.g., reinsurance treaties, retrocession, loss portfolio transfer, catastrophe bonds, etc.).  

Because the document is not a reinsurance contract, all subsequent classification fields that pertain to reinsurance contracts should be set to `None`.",False,,,,,
2008-899629-0000893220-08-000567-w50363exv10w74.htm,"The document is a “BUILDING LOAN AGREEMENT” between a borrower (Acadia Atlantic Avenue LLC) and a lender (Bear Stearns Commercial Mortgage, Inc.). It sets out the terms of a loan, security interests, disbursement procedures, interest rate, covenants, defaults, and related real‑estate construction financing matters. There is no transfer of insurance risk from a primary insurer to a reinsurer, no reinsurance treaty language, no retrocession, and no reference to any underlying reinsurance contract. Therefore it does not meet any of the definitions of a reinsurance agreement provided. Consequently all reinsurance‑specific classification fields are marked as not applicable.",False,,,,,
2008-1001604-0001001604-08-000084-capmarkcreditfacility.htm,"The document is a Master Credit Facility Agreement between borrowers (a group of senior housing owners) and CapMark Finance Inc. It outlines loan commitments, advances, collateral, covenants, events of default, and related loan terms. This is a direct financing/credit facility, not a reinsurance, retrocession, loss portfolio transfer, or any other risk‑transfer contract that fits the listed reinsurance categories. Consequently it should be classified as **not a reinsurance agreement**.",False,,,,,
2008-1360537-0000950123-08-003610-y52467exv10w39.htm,"The document is titled **“AGGREGATE EXCESS OF LOSS REINSURANCE AGREEMENT”** and sets out the terms under which Tower Insurance Company (the reinsurer) indemnifies CastlePoint Insurance Company (the cedent) for losses arising from the cedent’s brokerage business. It contains all essential elements of a reinsurance treaty: definition of business covered, premium, loss reporting, termination, security, and governing law.  

- **Reinsurance status** – The agreement directly transfers risk from the insurer to a reinsurer, matching the definition of a reinsurance agreement.  
- **Main contract** – The text is a full, stand‑alone treaty rather than an amendment, endorsement, or other ancillary document, so it is a main contract.  
- **Obligatory vs. facultative** – The treaty covers a defined portfolio (“Brokerage Business”) and obligates the reinsurer to indemnify the cedent according to the agreed terms. This is characteristic of an obligatory treaty, not a facultative arrangement.  
- **Proportionality** – The contract is an **Aggregate Excess of Loss** treaty, a classic non‑proportional structure (the reinsurer pays losses above a defined attachment point).  
- **Insurance type** – The business covered is brokerage of non‑life insurance policies (property, casualty, specialty lines). No life insurance is referenced, so the type is **Non‑Life**.  
- **Class of business** – Because the brokerage business includes multiple lines of coverage rather than a single line, the most appropriate classification is **Multi‑Line**.",True,True,True,non-proportional,Non-Life,Multi-Line
2008-929887-0000950153-08-000585-p75104exv10w3.htm,"The document is an indemnity agreement in which the “Indemnitors” promise to indemnify Travelers Casualty and Surety Company for bonds that the company may issue. The purpose of the agreement is to secure the performance of surety bonds, not to transfer insurance risk from an insurer to a reinsurer. It does not describe a reinsurance, retrocession, or any other contract that fits the listed definitions of reinsurance agreements. Therefore it should be classified as **not** a reinsurance agreement. Consequently, the remaining classification fields (main contract, obligatory status, proportionality, insurance type, and class of business) are not applicable and should be set to `null`.",False,,,,,
2008-356130-0000356130-08-000031-exh10x22.htm,"The document is an Investment Management Agreement in which several insurance companies retain EMCC to provide investment management services (e.g., handling invested assets, overseeing external managers, establishing lines of credit, regulatory reporting). It does not involve the transfer of insurance risk from the insurers to another party, nor does it contain any reinsurance, retrocession, or related risk‑transfer provisions. Therefore it is not a reinsurance agreement and does not meet any of the criteria for a main reinsurance contract, obligatory status, proportionality, or insurance‑type classification.",False,,,,,
2008-899629-0000893220-08-000567-w50363exv10w72.htm,"The document is a **Building Loan Agreement** involving a borrower (P/A‑Acadia Pelham Manor, LLC) and a lender (Bear Stearns Commercial Mortgage, Inc.). It details loan terms, disbursements, collateral, covenants, insurance requirements for the real‑estate project, and default provisions. There is no transfer of insurance risk, no reinsurance, retrocession, loss‑portfolio transfer, catastrophe bond, or any other risk‑transfer mechanism typical of reinsurance contracts. Therefore, it does not fall under any of the categories listed as reinsurance agreements.",False,,,,,
2008-1358164-0000930413-08-001742-c52677_ex10-26.htm,"The document is titled “SECOND AMMED AND RESTATED FACULTATIVE MASTER CERTIFICATE” and sets out the terms under which XL Reinsurance America Inc. reinsures financial guaranty insurance policies issued by XL Capital Assurance Inc. It defines the business covered, submission and acceptance procedures, the types of coverage (quota‑share – proportional, and excess‑of‑loss – non‑proportional), premium and reporting obligations, and includes sample Reinsurance Certificates for both quota‑share and excess‑of‑loss cessions.  

The document therefore:

* **Is a reinsurance agreement** – it governs the transfer of risk from the cedent to the reinsurer and fits the definition of a reinsurance contract (including facultative master certificates and accompanying reinsurance certificates).  
* **Contains the full principal terms of the reinsurance relationship** – the master certificate sets out the core rights and obligations, indicating it is a main contract rather than a mere amendment or endorsement.  
* **Is a facultative (non‑obligatory) arrangement** – the language repeatedly references “facultative master certificate” and the reinsurer’s acceptance of each cession, which is characteristic of facultative reinsurance, not an obligatory treaty.  
* **Provides both proportional (quota‑share) and non‑proportional (excess‑of‑loss) coverages** – the contract expressly permits cessions on either basis and allows conversion between them, making the overall structure hybrid.  
* **Covers financial‑guaranty insurance**, which is a non‑life, specialty line of business (bond/financial guaranty insurance).  

Thus the appropriate classifications are:

* **is_reinsurance** → True  
* **is_main_contract** → True  
* **is_obligatory** → False (facultative)  
* **proportional_or_non_proportional** → “hybrid”  
* **insurance_type** → “Non‑Life”  
* **class_of_business** → “Specialty”",True,True,False,hybrid,Non-Life,Specialty
2008-1282543-0001193125-08-058007-dex1030.htm,"The document is a “Second Amendment to Credit Agreement” for Affirmative Insurance Holdings, Inc. It modifies the terms of a loan and credit facility, including definitions related to “Qualified Reinsurance” but does not itself constitute a reinsurance contract, retrocession agreement, or any other form of risk‑transfer agreement. The primary purpose is to amend a credit agreement, not to create, amend, or terminate a reinsurance arrangement. Consequently, it is not a reinsurance agreement, nor does it represent a main reinsurance contract, an obligatory reinsurance treaty, or contain any proportional/non‑proportional reinsurance terms. No insurance type or class of business is established.",False,,,,,
2008-792013-0001116502-08-000385-exhibit10i8.htm,"The document is titled “Tenth Amendment to the Proportional Reinsurance Agreement” and explicitly amends an existing **Proportional Reinsurance Agreement** among a group of Harleysville insurance subsidiaries. This makes it a reinsurance‑related document. Because it only modifies the terms of an already‑existing treaty (changing share percentages, commissions, etc.) it is an ancillary amendment rather than a stand‑alone treaty, so it is not the main contract. The underlying treaty is a **proportional** risk‑sharing arrangement covering the underwriting portfolios of the participating insurers, which are property‑casualty insurers; such arrangements are typically **obligatory** (they apply to the whole portfolio of each participant). The treaty therefore transfers **Non‑Life** risk. The participants write a mix of property and casualty business, so the class of business is best characterised as **Multi‑Line**.",True,False,True,proportional,Non-Life,Multi-Line
2008-1179929-0000892569-08-000330-a38671exv10w30.htm,"The provided document is a Request for Proposal (RFP) and a series of contract amendments for the Missouri Medicaid Managed Care program. It details procurement procedures, health plan administration, benefits, and performance requirements for health care services. The content pertains to a health‑care service contract (managed care) between the State of Missouri and health‑plan providers, not a contract that transfers insurance risk from a primary insurer to a reinsurer. Therefore it does not fall under any of the categories listed as reinsurance agreements (e.g., reinsurance treaties, retrocession, loss portfolio transfers, etc.). Consequently it should be classified as **not a reinsurance agreement**.",False,,,,,
2008-356130-0000356130-08-000031-exh10x2.htm,"The document is a **Quota Share Reinsurance Retrocessional Agreement** between Employers Mutual Casualty Company (a direct insurer) and EMC Reinsurance Company. It sets out the full terms under which EMCC cedes a defined portion of its premiums, losses, and expenses to EMC Re. This is a complete reinsurance contract (not merely an endorsement or amendment), therefore it is a **reinsurance agreement**.

The agreement covers the entire cession of EMCC’s business on a quota‑share basis, i.e., 100 % of the defined premiums and losses, which is the typical structure of an **obligatory proportional treaty**. There is no indication that the cession is limited to a few named risks; it applies to all “Subject to Cession” contracts, confirming its obligatory nature.

Quota‑share arrangements are classic **proportional** reinsurance, as the reinsurer assumes a fixed percentage of each risk’s premium and loss. The parties involved are a casualty insurer and a reinsurer handling property‑casualty lines, so the underlying insurance is **Non‑Life**. The contract does not focus on a single line but encompasses multiple casualty and property lines, so it is best classified as **Multi‑Line** business.

Hence:
- The document is a reinsurance agreement.
- It is a main (principal) contract.
- It is obligatory.
- It is a proportional treaty.
- It pertains to Non‑Life insurance.
- The class of business is Multi‑Line.",True,True,True,proportional,Non-Life,Multi-Line
2008-1258602-0001362310-08-007003-c76837exv10w4.htm,"The document is a **Master Participation Agreement** under the Federal Family Education Loan (FFEL) Program. It sets out terms whereby the U.S. Department of Education purchases **Participation Interests** in student loans from a sponsor (the loan originator). This arrangement transfers the credit risk on those loans from the sponsor to the Department, which is a risk‑transfer mechanism that fits the definition of a reinsurance‑type transaction (government‑backed pooling/participation agreement that fulfills a risk‑transfer objective).  

Because the agreement contains all principal terms of the participation (risk‑transfer) arrangement – the parties, the participation interests, the security interest, the put option, representations and warranties, etc. – it constitutes a **main contract** rather than a mere amendment or endorsement.  

The sponsor is required to continue participating in the FFEL program and to sell a minimum aggregate principal amount (e.g., $50 million) of participation interests, indicating an **obligatory** nature of the risk‑transfer.  

The Department receives a **full (100 %) beneficial ownership of the principal** of each eligible loan (Class A Participation Interest). This is analogous to a quota‑share type arrangement where the reinsurer assumes a defined share of each risk; therefore it is classified as **proportional**.  

Student loans are non‑life insurance products, and the business line relates to **education‑loan financing**, which best matches the **Specialty** class of business.  

Hence, the document is a reinsurance‑type main contract, obligatory, proportional, covering Non‑Life Specialty insurance.",True,True,True,proportional,Non-Life,Specialty
2008-1124827-0000950134-08-006501-a39793exv10w42.htm,"The document is a “Second Amendment Agreement” that amends a Note Purchase Agreement concerning the issuance of senior unsecured guaranteed notes by UTi Worldwide Inc. It deals with capital lease limits, representations, warranties, and procedural matters related to the financing transaction. There is no mention of insurance, reinsurance, risk transfer, or any of the contract types listed as reinsurance agreements. Consequently, it does not fall under any of the reinsurance categories, nor does it constitute a reinsurance main contract, obligatory reinsurance, or a proportional/non‑proportional treaty. The document is purely a debt financing amendment.",False,,,,,
2008-881464-0001104659-08-013367-a08-5970_1ex10d37.htm,"The document is a credit agreement, loan and mortgage financing package for Amylin Pharmaceuticals, Inc. It outlines loan facilities, term and revolving credit, letters of credit, security agreements, and related collateral. None of the content pertains to a reinsurance treaty, retrocession, catastrophe bond, or any other risk‑transfer contract that would be classified as a reinsurance agreement. Therefore it is not a reinsurance contract and none of the subsequent classification fields apply.",False,,,,,
2008-1166291-0001166291-08-000015-exhibit10-62.htm,"The document is a detailed **loan agreement** and associated trust indenture for financing an aircraft owned by Pinnacle Airlines, Inc. It sets out the terms of the loan, security interests, certificates, collateral (aircraft, engines, warranties) and the rights and duties of the borrower, certificate holders, and the indenture trustee. There is no transfer of insurance risk, no reinsurance treaty, retrocession, loss‑portfolio transfer, catastrophe bond, or any of the other instruments listed as reinsurance agreements. Therefore the document does not meet the definition of a reinsurance contract.",False,,,,,
2008-1356711-0001356711-08-000014-exhibit_10-15.htm,"The document is a “Term Loan and Security Agreement” that sets out a credit facility, loan terms, collateral, covenants, events of default, and related banking/financing provisions. It involves borrowers, guarantors, lenders, and an administrative agent (Wachovia) and deals with loan commitments, interest rates, repayment schedules, and security interests in real and personal property. There is no mention of any insurance, reinsurance, retrocession, loss portfolio transfer, catastrophe bonds, or any risk‑transfer arrangement typical of reinsurance contracts. Consequently, the document does not meet any of the criteria listed for reinsurance agreements.",False,,,,,
2008-315293-0001104659-08-031853-a08-11280_1ex10d3.htm,"The document describes Aon Corporation’s internal Leadership Performance Program, an equity‑based compensation plan for senior executives. It outlines eligibility, award components (stock options and performance share units), vesting rules, performance metrics, and restrictive covenants. The content relates to employee incentives and corporate governance, with no reference to risk transfer, insurance or reinsurance contracts, retrocession, loss portfolios, or any of the types of agreements listed as reinsurance. Therefore it does not meet the definition of a reinsurance agreement.",False,,,,,
2008-1162200-0001144204-08-022561-v108188_ex10-5.htm,"The document is a Settlement Agreement and Mutual General Release concerning a securities dispute over share ownership between Ameriwest Energy Corp., Penson Financial Services Canada, and Brockington Securities. It outlines settlement terms, mutual releases, confidentiality, and other procedural matters. There is no mention of reinsurance, retrocession, loss portfolio transfers, or any insurance risk transfer mechanisms. Therefore, it does not meet the definition of a reinsurance agreement or any ancillary reinsurance document.",False,,,,,
2008-63814-0000063814-08-000011-ex1029.htm,"The document is a “Letter of Credit and Reimbursement Agreement” that provides a credit facility and security arrangements for a construction financing project. It does not transfer insurance risk, nor does it constitute a reinsurance, retrocession, or any of the listed reinsurance types. It is a financing instrument, not an insurance or reinsurance contract. Consequently, it is not a reinsurance agreement, nor does it contain any reinsurance main contract or ancillary terms.",False,,,,,
2008-356130-0000356130-08-000031-exh10x24.htm,,,,,,,
2008-1095073-0001095073-08-000017-desaramempagreeamend.htm,"The document is an amendment to an employment agreement between Everest Reinsurance (Bermuda), Ltd. and an individual employee, Mark de Saram. It deals with salary, benefits, and other employment terms. There is no transfer of insurance risk, no reinsurance treaty, retrocession, or any of the other contracts listed as reinsurance agreements. Therefore the document is not a reinsurance agreement and does not contain a main reinsurance contract, nor does it have any of the other reinsurance‑related classifications.",False,,,,,
2008-1162200-0001144204-08-022561-v108188_ex10-6.htm,"The document is a **Settlement Agreement and Mutual General Release** that resolves a securities‑related lawsuit concerning the delivery of fictitious shares. It contains no provisions that transfer insurance risk, nor does it establish, modify, or terminate a reinsurance, retrocession, or any other risk‑transfer contract. Although the parties list “insurance carriers, reinsurance carriers” among the entities covered by the release, the agreement itself is not a reinsurance contract but merely a legal settlement of a dispute. Consequently, it does not meet any of the criteria for a reinsurance agreement.",False,,,,,
2008-1032033-0000950133-08-001886-w56852exv10w34.htm,"The document is a “Note Purchase and Security Agreement” for the purchase and securitization of student loans (FFELP loans). It details the structure, parties, definitions, and operational procedures of a financing transaction, not an insurance or reinsurance contract. The content does not involve the transfer of insurance risk, retrocession, loss portfolio transfer, or any of the other forms of reinsurance listed. Consequently, it is not a reinsurance agreement, nor does it contain a main reinsurance contract, nor does it specify any proportional or non‑proportional terms, or any insurance type or class of business.",False,,,,,
2008-786344-0001193125-08-069341-dex1032.htm,"The document is a **Reinsurance Trust Agreement** that establishes a trust account to secure the obligations of MGA Insurance Company under a referenced reinsurance agreement with General Agents Insurance Company. It references the underlying reinsurance contract but does not itself constitute the primary reinsurance contract; rather it is a security/ancillary instrument. Therefore it is a reinsurance‑related document (**is_reinsurance = True**). Because it is not the main reinsurance contract itself, it is an ancillary agreement (**is_main_contract = False**). The trust agreement is not itself an obligatory reinsurance treaty, so **is_obligatory = None**. The document does not describe the technical terms of the reinsurance coverage (quota‑share, excess‑of‑loss, etc.), so the proportionality cannot be determined (**proportional_or_non_proportional = None**). The parties are property and casualty insurers, indicating a **Non‑Life** business, and the underlying reinsurance appears to cover typical property‑casualty claims, so the class of business is best classified as **Casualty**.",True,False,,,Non-Life,Casualty
2008-1400810-0001193125-08-187752-dex1015.htm,,,,,,,
2008-315293-0001104659-08-031853-a08-11280_1ex10d2.htm,"The document is an exhibit describing AON Corporation’s Leadership Performance Program, an executive compensation plan that outlines stock options, performance share units, vesting rules, and restrictive covenants. It contains no language related to risk transfer, reinsurance, retrocession, or any of the categories defined as reinsurance agreements. Therefore it is not a reinsurance contract, nor an ancillary amendment to one. As a result, all reinsurance‑specific classifications are not applicable.",False,,,,,
2008-1267238-0001193125-08-044379-dex105.htm,"The document is an amended and restated Supplemental Executive Retirement Plan for Assurant’s executives. It defines plan terms, benefits, vesting, and administrative procedures. It is a non‑qualified employee benefit plan, not a contract that transfers insurance risk between insurers or reinsurers. Therefore it does not fall into any of the categories listed as reinsurance agreements (reinsurance treaties, retrocession, loss portfolio transfers, catastrophe bonds, etc.). Consequently the document is not a reinsurance agreement, nor does it contain a main reinsurance contract, nor any of the other reinsurance‑specific attributes.",False,,,,,
2008-914208-0000950144-08-001518-g11915exv10w1.htm,"The document is an “Amended and Restated Five Year Credit Agreement” between Invesco plc (the Borrower) and a syndicate of banks (the Lenders). It sets out terms for revolving credit facilities, advances, interest rates, covenants, events of default, and related administrative provisions. The content clearly relates to a corporate loan/credit facility, not to any reinsurance arrangement, retrocession, or insurance‑linked security. Consequently, it does not meet any of the criteria for a reinsurance agreement, nor does it contain clauses typical of proportional or non‑proportional reinsurance contracts, nor does it reference insurance types or classes of business.",False,,,,,
2008-352736-0001047469-08-002842-a2183476zex-10_1.txt,"The document is an Amended and Restated Service and Expense Agreement between Allstate Insurance Company, Allstate Corporation and their affiliates. It details the provision of shared services, cost allocation methods, and internal expense processes. It does not transfer insurance risk, premiums, or losses, nor does it reference reinsurance or retrocession arrangements as the primary purpose. Therefore it is not a reinsurance agreement but an ancillary service contract.",False,,,,,
2008-1289592-0000950123-08-002992-y50172exv10w60.htm,"The document is titled **“PROPERTY CATASTROPHE EXCESS OF LOSS REINSURANCE CONTRACT”** and contains full articles, definitions, coverage limits, premium provisions, exclusions, and exhibits that together constitute a complete re treaty between Tower insurers (the cedants) and the reinsurers. It is not an insurance policy, letter of credit, bond, or a mere endorsement; it establishes the primary terms of risk transfer, satisfying the definition of a reinsurance agreement. The contract covers all listed property business of the cedants, indicating a treaty‑type (obligatory) arrangement rather than a facultative, single‑risk transaction. The coverage is an **Excess of Loss** arrangement, which is a classic nonproportional form of reinsurance. The underlying exposure is property (fire, homeowners, commercial multiple peril, etc.), clearly a non‑life line of business, and the specific class of property. Hence the classifications are straightforward.",True,True,True,non-proportional,Non-Life,Property
2008-101063-0001193125-08-167292-dex101.htm,"The document is a detailed credit agreement (loan facility) between Chiquita Brands entities and a syndicate of banks. It outlines loan types (term loan, revolving loan, swing line), letters of credit, covenants, default provisions, and related banking terms. There is no transfer of insurance risk, no reinsurance, retrocession, or any of the structures listed as reinsurance agreements. Therefore it does not meet the definition of a reinsurance contract.",False,,,,,
2008-315293-0001047469-08-001929-a2182853zex-10_20.htm,"The document is a **Restricted Stock Unit (RSU) Agreement** between Aon Corporation and an employee. It specifies the grant, vesting, tax withholding, termination, and various covenants related to the employee’s equity compensation. There is no mention of risk transfer, reinsurance, retrocession, or any contractual structure that would constitute a reinsurance arrangement. The content deals solely with an employee compensation plan and related corporate policies, not with insurance or reinsurance contracts. Consequently, it does not meet any of the criteria for a reinsurance agreement, nor does it represent a main or ancillary reinsurance contract.",False,,,,,
2008-1063561-0001047469-08-007095-a2184985zex-10_54.htm,"The document is a Management Services Agreement in which ProMed Health Care Administrators provides administrative and management services to an Independent Practice Association (IPA). It does not transfer insurance risk, nor does it constitute a reinsurance, retrocession, or any of the listed reinsurance‑type contracts. Therefore it is not a reinsurance agreement. As it is not a reinsurance contract, all downstream classification fields are not applicable.",False,,,,,
2008-1358164-0000930413-08-006754-c55491_ex10-2.htm,"The document is an **Amended and Restated Employment Agreement** between Syncora Holdings Ltd. and an executive. It details employment terms, compensation, bonuses, confidentiality, non‑competition, arbitration, and other executive‑employment matters. It contains no provisions that transfer insurance or reinsurance risk, nor does it constitute a reinsurance treaty, retrocession, loss‑portfolio transfer, or any of the other listed reinsurance‑type agreements. Consequently, it is not a reinsurance contract nor an ancillary document to a reinsurance contract.",False,,,,,
2008-1064863-0000950133-08-003445-w71300exv10w4.htm,"The document is an amended and restated contract between the Georgia Department of Community Health and Amerigroup Georgia Managed Care Company, Inc. It governs the provision of Medicaid and PeachCare for Kids services, detailing scope of services, enrollment, provider networks, payment, reporting, and many operational provisions. Although the contract contains a brief “Reinsurance” clause (section 8.3) stating that DCH will not administer a reinsurance program, the overall purpose of the document is to establish a managed‑care health services agreement, not to transfer insurance risk between insurers. Therefore it does not constitute a reinsurance, retrocession, or any other risk‑transfer agreement as defined in the classification rules.

Given that it is not a reinsurance agreement, all reinsurance‑specific classification fields should be set to `None` (or `null`), and the `is_reinsurance` flag should be `False`.",False,,,,,
2008-63814-0000063814-08-000013-ex1029-10ka2007.htm,"The document is a “Letter of Credit and Reimbursement Agreement” between a private corporation (Palmas Country Club, Inc.) and a public tourism development fund. It sets out the terms for issuance of a letter of credit, fees, security arrangements, disbursement procedures, and various covenants related to financing a resort development project. There is no transfer, sharing, or assumption of insurance risk, nor any reinsurance, retrocession, or loss‑portfolio transfer language. Consequently, it does not fall under any of the categories of reinsurance agreements defined in the guidelines.",False,,,,,
2008-911421-0001193125-08-043023-dex1045.htm,"The document is a “Fourth Amendment to Credit Agreement” that modifies the terms of a loan/credit facility between PartnerRe Ltd. (and its subsidiaries) and various lenders. It deals with borrowing limits, representations, warranties, and procedural matters related to the credit agreement. There is no indication that the document creates, modifies, or terminates a reinsurance contract, retrocession, or any other risk‑transfer agreement typical of reinsurance. Consequently, it does not meet any of the criteria for a reinsurance agreement or an ancillary reinsurance amendment.",False,,,,,
2008-1032033-0000950133-08-001886-w56852exv10w32.htm,"The document is a “Note Purchase and Security Agreement” governing the issuance of a funding note by a trust that purchases and holds FFELP student loans. The parties involve a trust, an administrator, a note purchaser, and various agents. The agreement sets out the terms for the purchase of the loans, the issuance of the note, and the related security interests, cash accounts, and servicing arrangements. This is an asset‑backed financing transaction, not a contract that transfers insurance risk from an insurer to a reinsurer. It does not contain the typical features of a reinsurance treaty (quota share, excess of loss, retrocession, etc.) nor does it relate to insurance or reinsurance of life, property, casualty, or other insurance risks. Consequently, the document is **not** a reinsurance agreement.",False,,,,,
2008-874977-0001193125-08-056937-dex1031.htm,"The document is a **Management Services Agreement** that sets out the provision of administrative, accounting, actuarial, legal, and other support services, as well as the sharing of facilities, between Patrons Mutual Insurance entities and, later, additional insurance companies. It does **not** transfer insurance risk, nor does it establish any reinsurance or retrocession obligations. Instead, it governs cost allocation, service delivery, and related administrative matters. Because it lacks any risk‑transfer component, it does **not** meet the definition of a reinsurance agreement (or any of the listed ancillary reinsurance‑related documents). Consequently, it is not a main reinsurance contract, nor is it an obligatory reinsurance treaty, and none of the reinsurance‑specific classifications (proportionality, insurance type, class of business) apply.",False,,,,,
2008-909109-0000893220-08-002262-w64766exv10w6.htm,"The document is a full reinsurance contract titled “TERRORISM CATASTROPHE EXCESS OF LOSS REINSURANCE CONTRACT” between Philadelphia Insurance Company (the Reinsured) and Validus Reinsurance, Ltd. (the Reinsurer). It sets out all principal terms – coverage period, covered business, excess‑of‑loss limits, premium, reinstatement, reporting, arbitration, etc. – indicating that it is the primary contract rather than a later endorsement or amendment.  

The contract is a treaty covering all Commercial Property and Commercial Liability policies (i.e., the entire portfolio of the Reinsured that meets the defined “Business Covered”), which makes it an obligatory treaty (obligatory‑type reinsurance).  

The coverage is expressed as “excess of loss” with specified attachment points and limits, a classic non‑proportional structure.  

The covered business consists of property and casualty lines (fire, inland marine, liability, etc.), therefore the insurance type is Non‑Life, and because both property and casualty are covered, the class of business is best described as Multi‑Line.",True,True,True,non-proportional,Non-Life,Multi-Line
2008-70502-0000070502-08-000323-may_purchaseargmt.htm,"The document is a land‑purchase and development agreement for a real‑estate project (Dulles Town Center) between DTC Partners, LLC and National Rural Utilities Cooperative Finance Corporation. It details the conveyance of property, escrow, title, easements, zoning, construction, and related obligations. There are no insurance or reinsurance provisions, no casualty or life insurance contracts, and no risk‑transfer language typical of reinsurance. Therefore it does not meet any of the definitions for a reinsurance agreement, main contract, or any of the reinsurance‑specific categories.",False,,,,,
2008-79282-0001188112-08-000632-d22761_ex10-4.htm,,,,,,,
2008-1359555-0001047469-08-003679-a2183600zex-10_41.htm,"The document is a **primary insurance policy** (Satellite Launch and In‑Orbit Insurance Policy) issued by insurers to the named insured (ICO Satellite Services). It sets out the terms, premiums, coverage, exclusions, conditions, etc. There is no indication that the risk is being transferred from an insurer to a reinsurer, nor does it reference any reinsurance or retrocession arrangement. Therefore it does **not** meet the definition of a reinsurance agreement.

Because it is not a reinsurance document, the fields related to reinsurance contracts (main contract, obligatory, proportionality) are not applicable and should be `null`. The policy covers a satellite launch/in‑orbit risk, which is a non‑life (property/casualty) exposure and falls under the **Specialty** class of business (aerospace/space insurance).",False,,,,Non-Life,Specialty
2008-1282543-0001193125-08-058007-dex1018.htm,"The document is a full reinsurance treaty titled “Private Passenger Automobile Quota Share Reinsurance Contract”. It sets out the cession of a defined portfolio of private passenger automobile liability and physical damage business from the cedent(s) to the reinsurer, specifies retention and limits, commissions, termination provisions, and other standard treaty terms. This matches the definition of a reinsurance agreement (a treaty). It contains the principal terms of the reinsurance relationship, so it is a main contract rather than an ancillary endorsement. The quota‑share structure cedes a fixed percentage of all covered business, which is characteristic of an obligatory treaty (the cedent must cede the defined classes of business). Quota‑share is a proportional form of reinsurance. The underlying business is private passenger automobile liability/property, which falls under non‑life insurance and is normally classified as casualty.",True,True,True,proportional,Non-Life,Casualty
2008-8177-0000950144-08-002428-g12502exv10w09.htm,"The document is a **Stock Purchase Agreement** between Atlantic American Corporation (Seller) and Columbia Mutual Insurance Company (Purchaser) for the acquisition of the equity interests of three insurance subsidiaries. The agreement details the purchase price, closing conditions, representations, warranties, indemnification, and other transaction‑related provisions. It does **not** transfer insurance risk, describe reinsurance terms, or modify an existing reinsurance arrangement. Therefore it is not a reinsurance agreement, nor does it contain any reinsurance‑specific contractual elements (proportional vs. non‑proportional, obligatory nature, etc.). Consequently all reinsurance‑related classification fields are set to `None`.",False,,,,,
2008-896159-0001193125-08-042242-dex104.htm,"The document is a **Stock Purchase Agreement** for the acquisition of all issued shares of Combined Insurance Company of America by ACE Limited. It outlines the terms of the sale, purchase price, closing procedures, representations and warranties, indemnifications, and related ancillary matters. While it references a **“Reinsurance Agreements”** in Section 5.24, this reference is only a schedule listing existing reinsurance contracts of the underlying underwriting companies. The agreement itself does **not** create, modify, or serve as a reinsurance or retrocession contract; it is a corporate purchase contract. Therefore, according to the provided classification rules, this document is **not** a reinsurance agreement.",False,,,,,
2008-790703-0001193125-08-189273-dex10bba.htm,"The document is a **Third Amended and Restated Lease Agreement** between SunTrust Bank (lessor) and Tech Data Corporation (lessee). It governs the leasing of real‑property assets, outlines rent, insurance, maintenance, defaults, termination, renewal, and sale options. There is no transfer of insurance risk, no reinsurance or retrocession language, and the parties are not reinsurers. Therefore the document does **not** fall under any of the categories of reinsurance agreements listed (reinsurance treaties, retrocessions, loss‑portfolio transfers, etc.). Consequently, the remaining classification fields that apply only to reinsurance contracts are set to `None`.",False,,,,,
2008-874977-0001193125-08-056937-dex1034.htm,"The document is a full “PROPERTY CATASTROPHE OVERLYING EXCESS OF LOSS REINSURANCE CONTRACT” executed between a group of primary insurers (the “Company”) and State Auto Property and Casualty Insurance Company (the “Reinsurer”). It contains all principal articles of a reinsurance treaty (business covered, exclusions, term, territory, limit and retention, definition of loss occurrence, premium, arbitration, etc.) and therefore represents a complete reinsurance agreement rather than a mere amendment or endorsement.

The coverage is expressed as an excess‑of‑loss treaty (the Reinsurer indemnifies the Company for net losses above a retention of $135 million, up to a maximum of $100 million per loss occurrence). Excess‑of‑loss is a classic non‑proportional arrangement. The treaty covers all policies of the listed insurers that fall under the defined property lines, indicating a treaty‑type (obligatory) relationship rather than a facultative one.

The risks covered are property catastrophes – fire, wind, hail, hurricane, flood, freeze, etc. – which are non‑life insurance lines. Consequently the appropriate insurance type is Non‑Life and the class of business is Property.

Thus:
- The document is a reinsurance agreement.
- It is the main contract (full treaty).
- It is an obligatory treaty.
- It is non‑proportional (excess‑of‑loss).
- Insurance type: Non‑Life.
- Class of business: Property.",True,True,True,non-proportional,Non-Life,Property
2008-1140536-0001047469-08-001829-a2182840zex-10_28.htm,"The document is an **Employment Agreement** between Willis Faber North America, Inc. and an individual employee, Peter C. Hearn. It details the employee’s duties, compensation, non‑competition clauses, term of employment, and other typical employment provisions. Although the agreement references the company's reinsurance intermediary business, the document itself does **not** constitute a reinsurance contract, retrocession agreement, or any other form of risk‑transfer agreement. It is solely an employment contract and therefore does not meet any of the criteria for a reinsurance agreement or an ancillary modification of an existing reinsurance contract.",False,,,,,
2008-949156-0000950124-08-001278-k24822exv10w45.htm,"The document is a **Management Services Agreement** between Meadowbrook Insurance Group and its subsidiaries (the insurance companies) and a manager (Meadowbrook, Inc.). It outlines the manager’s duties, which include providing accounting, claims, underwriting, and **reinsurance services** such as arranging and negotiating reinsurance on behalf of the companies. However, the agreement itself does **not** constitute a reinsurance contract; it is a service/agency agreement that governs how the manager will assist the insurers in obtaining reinsurance. 

According to the provided criteria, a document is considered a reinsurance agreement only if it is a treaty, retrocession, reinstatement premium protection linked to an underlying reinsurance contract, capital‑maintenance, loss‑portfolio‑transfer, catastrophe bond, pooling scheme, or any document that **creates, modifies, or terminates** the terms of an existing reinsurance contract. This management services agreement merely describes ancillary services and does not establish the reinsurance risk transfer itself. Therefore, it is **not** a reinsurance agreement.

Since it is not a reinsurance agreement, all subsequent classification fields should be set to `None`.",False,,,,,
2008-935724-0001193125-08-058038-dex1036.htm,"The document is an amendment (Exhibit 10.36) to a revolving credit agreement between The PMI Group, Inc. and its lenders. It modifies definitions, financial covenants, fees, and other loan‑related terms. Although the credit agreement references “Insurance Subsidiary” and other insurance‑related concepts, the instrument itself is a bank loan facility amendment, not a reinsurance, retrocession, or any other risk‑transfer contract listed in the reinsurance definition. Therefore it does not meet any of the criteria for a reinsurance agreement.",False,,,,,
2008-1124827-0000950134-08-006501-a39793exv10w40.htm,"The document is a First Amendment Agreement to a Note Purchase Agreement for senior unsecured guaranteed notes issued by UTi Worldwide Inc. It amends security and representation clauses, contains signatures of corporate officers, and provides tables of note holders (including life insurance companies as noteholders). The agreement governs a debt financing transaction and does not create, modify, or reference any reinsurance, retrocession, loss portfolio transfer, or any other risk‑transfer contract typical of reinsurance. Therefore it is not a reinsurance agreement, nor does it contain a main reinsurance contract, nor does it involve obligatory or non‑obligatory reinsurance terms, proportionality classifications, or any insurance‑type classification.",False,,,,,
2008-1041859-0001104659-08-057772-a08-22210_1ex10d9.htm,"The document is a **Note Purchase Agreement** for the issuance of senior secured second‑lien notes by The Children’s Place Retail Stores, Inc. It details the terms of a financing transaction, including purchase price, interest, covenants, collateral, and guarantees. It does not relate to any insurance or reinsurance arrangement, nor does it involve transfer of insurance risks. Consequently, it does not meet any of the criteria for a reinsurance agreement or ancillary reinsurance document.",False,,,,,
2008-1282543-0001193125-08-058007-dex1019.htm,"The document is an **Addendum No. 1** that amends a **Private Passenger Automobile Quota Share Reinsurance Contract** between Motors Insurance Corporation (as the subscribing reinsurer) and the listed insurance companies (the “Company”).  
A quota‑share arrangement is a classic **proportional treaty** where the reinsurer assumes a fixed percentage of the ceding insurer’s risk on a portfolio of automobile policies. This is a **reinsurance agreement** (the document modifies an existing treaty).  

Because the text only amends the terms of the original treaty and does not contain the full set of principal terms of the reinsurance contract itself, it is an **ancillary document** rather than a main contract.  

Quota‑share treaties are generally **obligatory** (they cover the entire portfolio of automobile risks and impose a requirement to cede a set percentage).  

The underlying cover is for **private passenger automobiles**, which is a **Non‑Life** line of business, more specifically the **Casualty** class (auto liability and related risks).

Hence:
- The document is a reinsurance agreement.
- It is not the main contract (it is an addendum/ancillary amendment).
- It is an obligatory treaty.
- The treaty is proportional.
- The insurance type is Non‑Life.
- The class of business is Casualty.",True,False,True,proportional,Non-Life,Casualty
2008-874015-0001104659-08-032466-a08-11587_1ex10d4.htm,"The document is a **Strategic Alliance Master Agreement** among Isis Pharmaceuticals, Ibis Biosciences, and Abbott Molecular (referred to as AMI). It outlines investment, financing, share purchase, investor rights, and related corporate governance provisions. No provisions transfer insurance risk, nor does the text reference any insurance, reinsurance, or retrocession arrangements. The focus is on equity investment, share ownership, and corporate control, not on the reinsurance of any insurance portfolio.

Because this is an **investment/strategic‑alliance contract** and not an insurance‑risk‑transfer document, it does **not** meet any of the criteria for a reinsurance agreement.",False,,,,,
2008-315293-0001104659-08-031853-a08-11280_1ex10d1.htm,"The document is an exhibit describing AON Corporation’s Leadership Performance Program, which outlines stock option and performance share unit awards for senior executives. It details eligibility, award components, vesting rules, and restrictive covenants. This is a compensation and incentive plan, not a contract that transfers insurance risk or reinsurance coverage. There is no mention of reinsurance, retrocession, risk transfer, or any of the defining characteristics of a reinsurance agreement. Therefore it is not a reinsurance document, and none of the subsequent classification fields apply.",False,,,,,
2008-1063561-0001047469-08-007095-a2184985zex-10_32.htm,"The provided document is a **Second Lien Credit Agreement** between Prospect Medical Holdings, Inc., Prospect Medical Group, Inc., and Bank of America (acting as Administrative Agent and other roles). It details loan commitments, interest rates, covenants, default events, and related financial and legal provisions typical of a credit facility. There is no indication that the document involves the transfer of insurance risk, reinsurance terms, quota‑share, excess‑of‑loss, or any other reinsurance structure. Therefore, it does not meet the definition of a reinsurance agreement as outlined in the instructions.",False,,,,,
2008-1063561-0001047469-08-007095-a2184985zex-10_53.htm,"The document is a **Management Services Agreement** between Pro Med Health Care Administrators and an Independent Practice Association (IPA). It details administrative, management, and consulting services, fee structures, and operational responsibilities. The agreement does **not** transfer insurance risk, nor does it constitute a reinsurance, retrocession, or any of the other listed reinsurance‑type contracts. It is a service‑level contract for health‑care management, not an insurance or reinsurance instrument. Therefore it is not a reinsurance agreement and none of the reinsurance‑specific classifications apply.",False,,,,,
2008-1127703-0000950144-08-001477-g11855exv10w8.htm,"The document is an employment agreement between ProAssurance Corporation and an individual executive. It governs the terms of employment, compensation, termination, non‑competition, and related matters. It does not transfer any insurance risk, nor does it contain provisions typical of reinsurance, retrocession, loss‑portfolio transfer, or other risk‑transfer contracts. Therefore it is not a reinsurance agreement and does not meet any of the criteria for a main reinsurance contract, obligatory status, or classification of proportionality, insurance type, or class of business.",False,,,,,
2008-1064122-0000950123-08-007814-y62727exv10w66.htm,"The document is an **employment agreement** between Scottish Holdings, Inc. and an individual employee. It sets out terms of employment, compensation, confidentiality, non‑competition, and termination provisions. It does **not** involve any transfer of insurance risk, reinsurance treaty, retrocession, loss‑portfolio transfer, catastrophe bond, or any other structure listed among reinsurance agreements. Therefore it is not a reinsurance contract, nor an amendment or ancillary document to one.",False,,,,,
2008-947484-0001104659-08-031322-a08-11789_1ex10.htm,"The document is a Joint Venture Agreement between Gulf Investment Corporation GSC and Arch Reinsurance Ltd. It sets up a new holding company whose subsidiaries will underwrite property and casualty reinsurance. However, the text does not constitute a reinsurance treaty or retrocession contract between a reinsurer and a ceding insurer; it is a corporate formation and governance agreement. According to the provided criteria, such a joint‑venture formation document is not listed among reinsurance agreements and therefore should be classified as **not a reinsurance agreement**. Consequently, all downstream classifications (main contract, obligatory status, proportionality, insurance type, class of business) are not applicable.",False,,,,,
2008-1400810-0001193125-08-187752-dex1013.htm,"The document is titled “EXCESS CATASTROPHE REINSURANCE CONTRACT” and contains the full terms, conditions, schedule, definitions, premium, retention, limits, and termination provisions of a reinsurance treaty between Homeowners Choice Property and Casualty Insurance Company (the reinsured) and a group of subscribing reinsurers. This is a classic reinsurance treaty (excess of loss – a non‑proportional arrangement) rather than a direct insurance policy, a letter of credit, or a simple endorsement only. The contract covers the whole portfolio of the reinsured’s Homeowners Multiple Peril and Dwelling Fire classes, which indicates an obligatory treaty (the insurer transfers risk from all its policies in those classes). Therefore:

* **is_reinsurance** – True, the document is a reinsurance agreement.  
* **is_main_contract** – True, it establishes the primary reinsurance contract (not merely an amendment).  
* **is_obligatory** – True, it is an obligatory treaty covering the reinsurer’s entire portfolio for the specified classes.  
* **proportional_or_non_proportional** – ‘non-proportional’, as it is an excess‑of‑loss (catastrophe) treaty.  
* **insurance_type** – ‘Non‑Life’, because it concerns property/casualty business.  
* **class_of_business** – ‘Property’, the contract specifically reinsures property‑related risks (Homeowners Multiple Peril, Dwelling Fire).",True,True,True,non-proportional,Non-Life,Property
2008-912898-0001266454-08-000405-grt_ex10125.txt,"The document is a **Loan Agreement** between Catalina Partners, L.P. and U.S. Bank National Association (as administrative agent and lender). It details loan facilities, interest, repayments, covenants, defaults, and security arrangements for a real‑estate project. There is no reference to reinsurance, retrocession, loss portfolio transfer, catastrophe bonds, or any risk‑transfer mechanism typical of reinsurance contracts. Consequently, it does not meet any of the criteria for a reinsurance agreement.",False,,,,,
2008-1289592-0000950123-08-002992-y50172exv10w57.htm,"The document is titled “AGGREGATE EXCESS OF LOSS REINSURANCE AGREEMENT” and contains the full set of terms, parties, premiums, coverage definitions, termination provisions, security requirements and other typical elements of a reinsurance treaty. It transfers loss risk from several ceding insurers (“Company”) to a reinsurer (“Reinsurer”) on a portfolio‑wide basis (Brokerage Business). The structure is that of a treaty rather than a single‑risk facultative contract, and it covers a broad portfolio of non‑life lines. The risk transfer is non‑proportional (excess‑of‑loss), and the agreement represents the primary contract rather than an amendment or endorsement. Consequently, the document is a main, obligatory, non‑proportional reinsurance treaty for non‑life, multi‑line business.",True,True,True,non-proportional,Non-Life,Multi-Line
2008-949156-0000950124-08-001278-k24822exv10w46.htm,"The document is a Management Services Agreement that outlines services such as accounting, claims administration, underwriting support, loss‑prevention, and assistance in arranging reinsurance for the Company. While it references “reinsurance services,” the agreement itself does not transfer insurance risk, set reinsurance terms, or constitute a reinsurance treaty. It is a service contract rather than a reinsurance contract, and therefore it falls outside the list of documents classified as reinsurance agreements.",False,,,,,
2008-86312-0001047469-08-001551-a2182807zex-10_16.htm,"The document is an Exhibit 10.16 titled “Travelers Performance Share Award Notification and Agreement.” It describes a stock‑based compensation award (performance shares) granted to an employee under the company's 2004 Stock Incentive Plan. The content covers grant terms, vesting, settlement, dividend equivalents, and related non‑solicitation/confidentiality provisions. There is no reference to risk transfer, reinsurance, retrocession, loss portfolio transfers, or any of the other categories listed as reinsurance agreements. It is a corporate equity compensation document, not an insurance or reinsurance contract.

Therefore, it is **not** a reinsurance agreement, and none of the subsequent classification fields (main contract status, obligatoriness, proportionality, insurance type, class of business) apply.",False,,,,,
2008-1035185-0001047469-08-002952-a2183735zex-10_31.htm,"The document is an **exhibit binder** that outlines a **Casualty Insurance Program** for Gevity HR Inc. It details program rates, premiums, coverage forms, collateral requirements, payment schedules, and various policy terms. The content describes the *direct insurance* being provided by AIG Risk Management (and its affiliates) to the insured, not a contract that transfers risk to a reinsurer. It does not contain any reinsurance or retrocession agreement, nor does it modify an existing reinsurance contract. Therefore, it does not meet any of the criteria defining a reinsurance agreement.",False,,,,,
2008-874015-0001104659-08-032466-a08-11587_1ex10d5.htm,"The document is a corporate transaction package consisting of a Call Option Agreement, a Stock Purchase Agreement, related definitions, representations, warranties, covenants, and annexes concerning the acquisition of shares in Ibis Biosciences by Abbott Molecular. It deals with purchase price, milestone adjustments, earn‑out provisions, tax and indemnity matters, and various post‑closing obligations. There is no reference to risk transfer, reinsurance, retrocession, loss‑portfolio transfer, catastrophe bonds, or any other reinsurance‑related structures. Consequently, document does not fall under any of the categories listed as reinsurance agreements.",False,,,,,
2008-1041665-0000950159-08-001574-ex10.htm,"The document is an exhibit to a Form 10‑Q filing that contains a letter agreement amending a **Stock Purchase Agreement** between Armour Reinsurance Group Limited and PMA Capital Corporation. It deals with the purchase of equity interests in subsidiaries and sets forth closing conditions, governing law, and execution formalities. Although one party is a reinsurance company (Armour Reinsurance Group), the agreement itself does **not** transfer insurance risk, nor does it constitute a reinsurance, retrocession, or any other type of risk‑transfer contract. It is a corporate acquisition / share purchase amendment, falls under the category of direct corporate transactions, not reinsurance agreements. Therefore it is not a reinsurance contract, nor an ancillary amendment to one.",False,,,,,
2008-1163348-0000950123-08-005440-y56933exv10w6.htm,"The document is an **RSU (Restricted Stock Unit) Award Agreement** issued under Allied World Assurance Company Holdings’ employee stock incentive plan. It outlines the grant, vesting, delivery, termination, tax, and other employment‑related provisions for equity compensation to an employee. The content pertains to equity compensation, corporate governance, and employment matters, **not to the transfer or assumption of insurance or reinsurance risk**. It does not contain any clauses typical of reinsurance treaties, retrocession, loss portfolio transfers, or other risk‑transfer agreements listed in the criteria for reinsurance documents. Consequently, it should be classified as **not a reinsurance agreement**.",False,,,,,
2008-354190-0001193125-08-093491-dex1044.htm,"The document is an **Asset Purchase Agreement** in which Gallagher Re, Inc. sells certain assets—including reinsurance brokerage client accounts, reinsurance treaties, and related contracts—to Aon Re, Inc. While the assets transferred consist of reinsurance contracts, the agreement itself is a **sale of assets**, not a reinsurance treaty, retrocession, or any other form of risk‑transfer contract listed as a reinsurance agreement. It does not create, amend, or terminate an existing reinsurance contract; rather, it transfers ownership of those contracts as assets. Therefore, under the provided definitions, this document is **not** a reinsurance agreement.

Since it is not a reinsurance agreement, it is not a main reinsurance contract, nor is it an obligatory reinsurance contract. Consequently, the remaining classification fields (proportionality, insurance type, class of business) are not applicable.",False,,,,,
2008-1358164-0000930413-08-001742-c52677_ex10-6.htm,"The document is an Employment Agreement between Security Capital Assurance Ltd and an executive. It outlines employment terms, compensation, termination, confidentiality, and other employment-related provisions. There is no reference to any reinsurance, retrocession, or risk transfer arrangement. Accordingly, it does not meet the definition of a reinsurance agreement or any related ancillary document.",False,,,,,
2008-63814-0000063814-08-000011-ex106.htm,"The document is an **Indenture of Mortgage / Deed of Trust** that secures a loan made by Nomura Asset Capital Corporation to the owners of real‑estate properties. It outlines the creation of a mortgage lien, the parties’ covenants, definitions, insurance requirements, defaults, and remedies—all typical of a real‑estate financing instrument. There is no language indicating risk transfer between insurers or reinsurers, no reinsurance treaty terms, nor any of the structures (quota share, excess of loss, etc.) that would qualify it as a reinsurance agreement. Consequently, it does not fall under any of the categories of reinsurance documents listed.",False,,,,,
2008-874977-0001193125-08-056937-dex1035.htm,"The document is an **endorsement** that amends an existing **PROPERTY CATASTROPHE OVERLYING EXCESS OF LOSS REINSURANCE CONTRACT**. It adds and removes reinsured companies, revises premium calculations, and changes notice‑of‑loss and premium payment provisions. Because it modifies a reinsurance treaty, it is clearly a **reinsurance agreement**.  

The endorsement itself is an **ancillary document** – it does not contain the full terms of the original treaty, but merely amends it. Therefore it is **not** a main contract.  

The underlying treaty is a **catastrophe excess‑of‑loss (overlying) treaty** covering property catastrophe risks for a group of insurers, which is a **non‑proportional, obligatory treaty** (it applies to all covered properties in the portfolio).  

The risks covered are **property** (non‑life) catastrophe exposures, so the insurance type is **Non‑Life** and the class of business is **Property**.",True,False,True,non-proportional,Non-Life,Property
2008-1162200-0001144204-08-022561-v108188_ex10-4.htm,"The document is a Settlement Agreement and Mutual General Release concerning a securities dispute between Ameriwest Energy Corp. and PI Financial. It outlines the settlement of a lawsuit, the return of shares, and mutual releases of claims. The text does not contain any terms that transfer insurance risk, nor does it establish a reinsurance, retrocession, or any other risk‑transfer agreement. Although the parties list “insurance carriers, reinsurance carriers” among their affiliates, this is merely descriptive and does not make the document a reinsurance contract. Consequently, the document is not a reinsurance agreement and does not qualify as a main or ancillary reinsurance contract.",False,,,,,
2008-1029786-0001193125-08-043879-dex107.htm,"The document is a “Second Amended and Restated Five Year Credit Agreement” that sets out a revolving credit facility, loan advances, letters of credit, fees, and related covenants among Nationwide Mutual Insurance Company, Nationwide Life Insurance Company, Nationwide Financial Services, Inc., a syndicate of lenders and fronting banks. It details borrowing procedures, interest calculations, default events, and collateral arrangements. There is no transfer of insurance risk, no reinsurance, retrocession, loss‑portfolio‑transfer, or other typical reinsurance language. Therefore it does not meet any of the categories listed for reinsurance agreements.

The document is not a reinsurance contract, nor an amendment, renewal, or other ancillary document to one, so it is not a main reinsurance contract. Consequently, none of the reinsurance‑specific classification fields apply.",False,,,,,
2008-1048268-0001104659-08-032474-a08-14003_1ex10d3.htm,"The document is an amendment to a **Loan and Security Agreement** between Bank of America (as agent and lender) and Integrated Electrical Services, Inc. and its subsidiaries. It modifies loan terms, definitions, fees, and covenants. There is no reference to any reinsurance, retrocession, risk transfer, or insurance‑related coverage. The content is purely a corporate financing amendment, not a reinsurance contract, nor an ancillary modification of a reinsurance agreement. Consequently, it does not meet any of the criteria for a reinsurance agreement.",False,,,,,
2008-1171500-0001171500-08-000017-terminationaddendum_sep08.htm,"The document is a “Termination Addendum” that modifies an existing **Excess of Loss Retrocession Agreement**. Retrocession agreements are a type of reinsurance contract, and any amendment, termination, or cancellation of such an agreement is explicitly listed among the documents that are considered reinsurance agreements.  

Because this file is only an addendum that terminates the original treaty and does not contain the full terms of the reinsurance contract itself, it functions as an **ancillary agreement** rather than a main contract.  

The underlying retrocession agreement is an **Excess of Loss** structure, which is a classic **non‑proportional** reinsurance form. Such treaty‑type retrocession agreements are generally **obligatory** (the retrocedant cedes a portfolio of risk to the retrocessionaire).  

Excess of loss retrocessions typically cover **non‑life** lines such as property or casualty. In the absence of specific information about the line, the safest classification is the property line, which is the most common usage for excess of loss arrangements.  

Accordingly, the document is a reinsurance agreement, ancillary (not a main contract), obligatory, non‑proportional, pertaining to non‑life insurance, specifically the property class of business.",True,False,True,non-proportional,Non-Life,Property
2008-1360537-0000950123-08-003610-y52467exv10w38.htm,"The document is a full **Aggregate Excess of Loss Reinsurance Agreement** between multiple ceding insurers and a reinsurer. It contains all essential terms (coverage, premiums, termination, exclusions, etc indicating it a primary reinsurance contract rather than a simple endorsement. The contract provides coverage on a portfolio basis (Brokerage Business) and the reinsurer’s liability is triggered only after the ceding insurer’s retained losses exceed a specified threshold, which is characteristic of **non‑proportional (excess‑of‑loss)** reinsurance. The arrangement is treaty‑type (obligatory) rather than a facultative single‑risk agreement. The underlying business is commercial insurance (brokerage), which is a non‑life line and falls under a specialty or multi‑line portfolio; “Specialty” is the most appropriate classification among the provided options.",True,True,True,non-proportional,Non-Life,Specialty
2008-1351548-0001104659-08-053440-a08-19660_2ex10d31.htm,"The document is a “Secured Super‑Priority Debtor‑in‑Posession Credit Agreement” that provides term loans to Frontier Airlines Holdings, Frontier Airlines, and Lynx Aviation, secured by a first‑priority lien on the borrowers’ assets. It contains loan terms, covenants, events of default, and security specifications but does not transfer insurance risk, does not refer to reinsurance, retrocession, or any of the listed reinsurance‑type agreements. Therefore it does not meet the definition of a reinsurance agreement.",False,,,,,
2008-1289592-0000950123-08-002992-y50172exv10w58.htm,"The document is a full **Aggregate Excess of Loss Reinsurance Agreement** between CastlePoint Insurance Company (cedent) and Tower Insurance Company of New York (reinsurer). It sets out the principal terms, coverage, premium, termination, security, etc., indicating it is the primary contract rather than a mere amendment or endorsement. The coverage is excess‑of‑loss, i.e., the reinsurer pays losses above a specified retention, which is a classic **non‑proportional** reinsurance structure. The agreement covers the cedent’s “Brokerage Business” – a portfolio of non‑life insurance lines (property, casualty, specialty, etc.) – and therefore the risk transferred is **obligatory** (a treaty covering a defined portfolio rather than a facultative, single‑risk arrangement). The business is non‑life in nature and spans multiple lines, so the appropriate class is **Multi‑Line**.",True,True,True,non-proportional,Non-Life,Multi-Line
2008-354190-0001193125-08-093491-dex1045.htm,"The document is an **Asset Purchase Agreement** for the sale and purchase of certain assets and the reinsurance business of Arthur J. Gallagher (UK) Limited to Aon Limited. It details the transfer of assets, warranties, purchase price, closing conditions, and related ancillary matters. While the underlying business being transferred is a reinsurance broking business, the agreement itself does not constitute a reinsurance treaty, retrocession, loss‑portfolio transfer, or any other form of risk‑transfer contract. It is a corporate acquisition document, not a reinsurance contract. Consequently, it does not meet the definition of a reinsurance agreement, nor does it represent a main reinsurance contract, an obligatory treaty, or contain proportional/non‑proportional terms. Therefore all reinsurance‑specific classification fields are set to `None`.",False,,,,,
2008-862510-0000930413-08-006547-c55547_ex10-1.htm,"The document is an employee retention‑bonus letter containing compensation terms, employment‑termination conditions, non‑competition and non‑solicitation covenants. It does not create, modify, or reference a reinsurance or retrocession contract, nor does it pertain to any insurance risk transfer. The only reference to “reinsurance” is within the definition of “Restricted Enterprise” for the purpose of a non‑competition clause, which is ancillary and does not constitute a reinsurance agreement. Therefore the document is not a reinsurance contract, nor any form of ancillary reinsurance amendment.",False,,,,,
2008-1164246-0000892569-08-000412-a39212exv10w21.htm,"The document is a loan agreement between Wachovia Bank and a group of Delaware LLCs and a Texas limited partnership for the financing of a commercial real‑estate project in Fort Worth, Texas. It details loan terms, collateral, covenants, events of default, and related provisions. The content does not involve any transfer of insurance or reinsurance risk, nor does it reference reinsurance, retrocession, loss‑portfolio transfers, catastrophe bonds, or any of the other categories listed as reinsurance agreements. Therefore it is not a reinsurance contract or an ancillary modification of one.",False,,,,,
2008-63814-0000063814-08-000013-ex106-10ka2007.htm,"The provided document is an “Indenture of Mortgage” that outlines a loan, security interest, and related covenants between a borrower (M‑Six Penvest II Business Trust) and a lender (Nomura Asset Capital Corporation). It details real‑estate collateral, loan repayment terms, insurance requirements, and default remedies. This is a financing instrument, not a reinsurance contract, and therefore does not meet any of the criteria for reinsurance agreements, nor does it contain provisions that would allow classification as proportional or non‑proportional reinsurance, nor does it relate to life or non‑life insurance. Consequently, all reinsurance‑specific fields should be set to indicate that the document is not a reinsurance agreement.",False,,,,,
2008-1364250-0001364250-08-000035-ex101.htm,"The document is a detailed loan agreement (EX‑10.1 filing) between Douglas Emmett 2008, LLC and a syndicate of lenders, with extensive provisions on loan commitments, interest rates, security documents, covenants, events of default, and related loan‑related exhibits. It governs the extension of credit for commercial real‑estate projects and contains no language typical of reinsurance contracts (e.g., ceded risks, premiums, loss sharing, quota‑share, excess‑of‑loss, retrocession, etc.). Therefore it is not a reinsurance agreement.",False,,,,,
2008-1076195-0000950137-08-010036-c33039exv10w5.htm,"The document is titled “Reimbursement Agreement” and governs a credit‑enhancement arrangement between General Electric Capital Corporation, GE Government Finance, Inc., and LTF Real Estate VRDN I, LLC. Its purpose is to secure the issuance of variable‑rate demand notes by providing a letter of credit, establishing escrow accounts, and setting forth repayment and collateral provisions. The agreement concerns loan financing, security interests, and collateral management rather than the transfer of insurance risk from an insurer to a reinsurer. No language typical of reinsurance contracts (e.g., quota‑share, excess‑of‑loss, retrocession, or risk transfer provisions) is present. Therefore, this document does not fall under any of the categories listed as reinsurance agreements.",False,,,,,
2008-29915-0001047469-08-001482-a2182813zex-10_t.htm,"The document is a **Summary Plan Description** for Dow Chemical’s retiree life‑insurance plans (company‑paid, optional, and dependent). It describes the eligibility, coverage amounts, enrollment procedures, costs, and administration of group term life insurance benefits for retirees.  

The content is a **direct insurance plan description**, not an agreement that transfers risk from an insurer to a reinsurer. It does not contain any reinsurance, retrocession, loss‑portfolio‑transfer, or similar risk‑transfer language. Therefore it does not fall under the list of documents considered reinsurance agreements.

Because it is not a reinsurance contract, the fields related to reinsurance classification (is_main_contract, is_obligatory, proportional_or_non_proportional) are set to **null**.  

The insurance type is clearly **Life** (group term life coverage). Within the allowed business‑class categories, the appropriate class is **Other Life** (a life‑insurance product that does not fit the more specific mortality classifications).",False,,,,Life,Other Life
2008-1392600-0001193125-08-130763-dex1010.htm,"The document is an amendment to a credit agreement (a loan facility) involving multiple corporate borrowers and lenders. It details changes to definitions, covenants, and other loan terms, and includes a guarantor acknowledgment. There is no indication of risk transfer typical of reinsurance, retrocession, or any of the listed reinsurance‑related agreements. Consequently, it does not meet any of the criteria for a reinsurance contract or ancillary reinsurance document.",False,,,,,
2008-315293-0001047469-08-001929-a2182853zex-10_31.htm,"The document is a detailed restatement and series of amendments to the **AON Pension Plan**, which is an employee benefit (defined‑benefit retirement) plan. It describes plan provisions, eligibility, benefits, vesting, and administrative procedures. There is no language indicating a transfer of insurance risk between insurers or reinsurers, no reinsurance treaty terms, retrocession, loss‑portfolio transfer, or the contract types listed as reinsurance agreements. Therefore, it is not a reinsurance contract.",False,,,,,
2008-315293-0001047469-08-001929-a2182853zex-10_48.htm,"The document is an executive employment agreement between Aon Limited and Stephen P. McGill. It outlines the terms of employment, duties, salary, benefits, confidentiality, non‑competition, and termination provisions. There is no reference to any reinsurance, retrocession, loss portfolio transfer, catastrophe bond, or any other risk‑transfer arrangement. it does not fall within the list of documents considered reinsurance agreements. Because it is not a reinsurance contract, none of the subsequent classification fields (main contract, obligatory status, proportionality, insurance type, class of business) are applicable.",False,,,,,
2008-1064122-0000950123-08-007814-y62727exv10w69.htm,,,,,,,
2008-1171500-0001171500-08-000004-exhibit10_81.htm,"The document is titled “EXCESS OF LOSS RETROCESSION AGREEMENT” and contains the full terms establishing a retrocession treaty between Platinum Underwriters Bermuda (the retrocedant) and Platinum Underwriters Reinsurance (the retrocessionaire). It specifies the business covered, territory, limits, retentions, reinstatement, premiums, and all standard contractual provisions. This is a complete contract, not merely an endorsement or amendment, therefore it is the main reinsurance (retrocession) agreement.

Retrocession is a form of reinsurance and the treaty is an excess‑of‑loss type, which is a non‑proportional arrangement. The covered perils are European windstorm and wind‑driven flood losses, which are classic property/casualty exposures, so the insurance type is Non‑Life. The primary class of business is property (catastrophe) risk, so the class of business is Property.

The treaty is a treaty‑type arrangement that obliges the retrocessionaire to cover all excess losses above the specified retention for the retrocedant’s portfolio, making it an obligatory reinsurance contract.",True,True,True,non-proportional,Non-Life,Property
2008-1289490-0001047469-08-001991-a2182948zex-10_38.htm,"The provided document is a **Loan Agreement** between ESP Seven Subsidiary LLC (Borrower) and General Electric Capital Corporation (Lender). It details loan terms, interest rates, security, covenants, events of default, and related loan administration provisions. There is no mention of reinsurance, retrocession, or any risk transfer arrangement typical of reinsurance contracts. Consequently, the document does not meet any of the criteria listed for reinsurance agreements.",False,,,,,
2008-883980-0001193125-08-055502-dex101.htm,"The document is a **Credit Agreement** for First Data Corporation. It outlines loan facilities, revolving credit, term loans, letters of credit, covenants, events of default, and related banking and corporate structure provisions. There is no mention of insurance, reinsurance, retrocession, loss‑portfolio transfer, catastrophe bonds, or any other risk‑transfer mechanisms characteristic of reinsurance contracts. Therefore the document does **not** constitute a reinsurance or retrocession agreement.",False,,,,,
2008-786344-0001193125-08-069341-dex1030.htm,"The document is a “Second Amendment to Credit Agreement” involving a borrower, lender, and various corporate entities. Its purpose is to amend terms of a loan/credit facility, not to create, modify, or terminate a reinsurance or retrocession contract. Although it references a “100% Quota Share Reinsurance Agreement” as one of the ancillary agreements, this reference is merely descriptive of another related agreement; the amendment itself governs a credit facility. Therefore, the document is not a reinsurance agreement, nor does it constitute a main reinsurance contract, an obligatory reinsurance treaty, or any reinsurance‑specific classification.",False,,,,,
2008-1400810-0001193125-08-187752-dex1014.htm,"The document is titled **“Reinstatement Premium Protection Reinsurance Contract”** and contains a full set of articles, schedules, and terms defining the rights and obligations of the reinsurer and the cedent. It indemnifies the cedent for reinstatement premiums arising from loss occurrences under an underlying excess‑catastrophe reinsurance contract, which is a classic risk‑transfer arrangement. Consequently, it meets the definition of a reinsurance agreement.

The contract presents all principal terms (coverage, premium calculation, collateral, termination, arbitration, etc.) and is not merely an endorsement or amendment to an existing treaty; therefore it is a **main contract** rather than an ancillary document.

The protection applies to **all reinstatement premiums** that the cedent may incur under the underlying contract, i.e., it covers the entire portfolio of the cedent rather than a single or few named risks. This makes the arrangement an **obligatory** reinsurance treaty (obligatory in the sense that it automatically covers the cedent’s entire underlying portfolio).

The underlying contract is an **excess (second excess layer) catastrophe** reinsurance treaty, which is a non‑proportional structure. The reinstatement premium protection itself does not share losses proportionally but provides a non‑proportional indemnity for premium costs, so the contract is classified as **non‑proportional**.

The cedent is *Homeowners Choice Property and Casualty Insurance Company*, indicating that the business covered is property and casualty in nature; therefore the insurance type is **Non‑Life**.

Given the focus on property catastrophe coverage (excess catastrophe reinsurance) the primary class of business is **Property**.",True,True,True,non-proportional,Non-Life,Property
2008-1360537-0000950123-08-003610-y52467exv10w24.htm,"The document is a **Program Management Agreement** between Tower Insurance Company (a property‑and‑casualty insurer) and CastlePoint Management Corp. It appoints the manager to underwrite, issue, and service policies, collect premiums, and perform administrative functions. Although the agreement references other “Quota Share Reinsurance Agreements” and “Insurance Risk Sharing Business,” the contract itself is not a risk‑transfer contract but a service/management contract. It does not transfer insurance risk from the insurer to a reinsurer, and therefore does not meet the definition of a reinsurance agreement. Consequently, it is not a reinsurance contract, nor does it constitute a main reinsurance contract, an obligatory reinsurance contract, or any of the other reinsurance‑specific classifications.",False,,,,,
2008-1172052-0001047469-08-002808-a2183682zex-10_45.htm,"The document is an **Addendum No. 3** to an existing **Casualty Excess of Loss Reinsurance Agreement** ( treaty).  
- It amends the territory clause and adds an additional insured entity, but it does **not** contain the full terms of a new reinsurance contract. Hence it is an **ancillary amendment** rather than a main contract.  
- Because it modifies an existing **excess‑of‑loss treaty**, the underlying arrangement is a **non‑proportional, obligatory reinsurance treaty** (excess‑of‑loss treaties typically cover all losses of a defined portfolio).  
- The treaty concerns **casualty** lines, which are **Non‑Life** insurance.  
- The business line referenced is **Casualty** (the document title and the underlying agreement specify “Casualty Excess of Loss”).  

Therefore:
- The document is a reinsurance‑related document (an amendment).  
- It is not a main contract itself.  
- The underlying treaty is obligatory.  
- The reinsurance type is non‑proportional.  
- It pertains to Non‑Life insurance, specifically casualty business.",True,False,True,non-proportional,Non-Life,Casualty
2008-1172052-0001047469-08-002808-a2183682zex-10_44.htm,"The document is an **Addendum No. 1** to an existing **Umbrella Liability Quota Share Reinsurance Agreement** (referred to as the “Agreement”). It amends the parties to the agreement but does not constitute a new standalone contract. Because it modifies an existing reinsurance treaty, it is clearly a **reinsurance agreement** (an ancillary amendment to a reinsurance treaty).

* **Reinsurance status:** The document amends a quota‑share reinsurance treaty, therefore it is a reinsurance agreement.  
* **Main contract vs. ancillary:** The addendum is an ancillary document that changes the parties of the underlying treaty; it does not itself contain the full terms of a reinsurance contract. Hence it is not a main contract.  
* **Obligatory nature:** A quota‑share umbrella liability treaty typically covers all policies in the defined portfolio – an obligatory proportional reinsurance arrangement.  
* **Proportionality:** The underlying treaty is a **quota‑share**, which is a classic proportional reinsurance structure.  
* **Insurance type:** Liability coverage is non‑life (property & casualty).  
* **Class of business:** Within non‑life, liability falls under the **Casualty** line of business.",True,,True,proportional,Non-Life,Casualty
2008-1258602-0001362310-08-007003-c76837exv10w5.htm,"The document is a **Master Loan Sale Agreement** between the U.S. Department of Education and a private lender (Seller) for the purchase and sale of Federal Family Education Loan Program (FFELP) student loans. The agreement governs the transfer of ownership, servicing, representations, warranties, and indemnities related to the loans. It does not involve the transfer of insurance risk, reinsurance, retrocession, loss‑portfolio transfers, or any of the other mechanisms listed as reinsurance agreements. Therefore it is not a reinsurance contract nor an ancillary amendment to one.",False,,,,,
2008-1364250-0001364250-08-000021-ex10-2.htm,"The document is a detailed loan agreement for a $340 million financing facility involving real estate‑related borrowers, lenders, an administrative agent, and extensive loan‑related terms (e.g., commitments, interest rates, collateral, defaults, etc.). It governs the provision of credit and security interests over real‑estate projects, not the transfer of insurance risk. Consequently, it does not meet any of the listed definitions of a reinsurance agreement, nor does it pertain to any insurance product. Therefore it is not a reinsurance contract, nor an ancillary amendment to one, and no insurance‑related classifications apply.",False,,,,,
2008-909109-0000893220-08-002262-w64766exv10w3.htm,"The document is an **Excess of Loss Reinsurance Agreement** between Philadelphia Insurance Company and General Reinsurance Corporation.  
- It contains the full terms, exhibits, and schedules that define the reinsurance coverage, therefore it is a **reinsurance agreement**.  
- The agreement constitutes the primary contract establishing the reinsurance relationship (not merely an endorsement or amendment), so it is a **main contract**.  
- The ceding of all property business from the insurer to the reinsurer under the treaty language (“the Company shall cede… the Reinsurer shall accept…”) makes this a **obligatory treaty** rather than a facultative transaction.  
- The structure is **Excess of Loss per risk**, which transfers loss above a retention level; this is a classic **non‑proportional** reinsurance form.  
- The business covered is property insurance, which falls under **Non‑Life** insurance.  
- The class of business explicitly referenced is **Property**.",True,True,True,non-proportional,Non-Life,Property
2008-1171500-0001171500-08-000017-retrocessionagreement_sep08.htm,"The document is an **Excess of Loss Retrocession Agreement** that transfers the net excess liability of the Retrocedant (a reinsurer) to a Retrocessionaire. It contains the full terms of the agreement (coverages, limits, premiums, definitions, arbitration, etc.), indicating it is a complete contract rather than a supplemental amendment. Because it covers all catastrophe losses arising under any original reinsurance contracts of the Retrocedant, the treaty applies to an entire portfolio, making it an **obligatory** treaty (not a facultative, single‑risk transaction). The structure is a typical excess‑of‑loss (XL) treaty, which is a **non‑proportional** form of reinsurance. The covered perils (windstorm, tornado, hurricane, earthquake, etc.) and the territory (U.S.) point to **non‑life** insurance, specifically **property** risk, so the class of business is classified as **Property**.",True,True,True,non-proportional,Non-Life,Property
2008-1171500-0001171500-08-000009-termination_addendum.htm,"The document is a termination addendum that ends a “Casualty and Specialty Quota Share Retrocession Agreement.”  
- Retrocession is a form of reinsurance, therefore the document is a reinsurance‑related instrument.  
- The addendum only modifies an existing treaty; it does not contain the full main contract terms, so it is an ancillary agreement rather than a main contract.  
- The underlying quota‑share retrocession treaty is an obligatory, proportional treaty (quota‑share treaties cover a fixed share of all risks in the defined portfolio), therefore the amendment concerns an obligatory reinsurance arrangement.  
- Since the underlying treaty is quota‑share, its classification is proportional.  
- The business lines referenced are “Casualty and Specialty,” which are non‑life lines; the document therefore pertains to Non‑Life insurance.  
- Because both casualty and specialty lines are covered, the most appropriate class of business is “Multi‑Line.”",True,False,True,proportional,Non-Life,Multi-Line
2008-814585-0001193125-08-224959-dex101.htm,"The document is titled “REINSURANCE AGREEMENT” and sets out the complete terms under which Financial Guaranty Insurance Company cedes the risks of its Covered Policies to MBIA Insurance Corporation. It contains all principal terms (definitions, term, premium, claims handling, termination, etc.), making it the primary reinsurance contract rather than an amendment or ancillary endorsement. Therefore it is a main reinsurance contract.

The agreement covers a whole portfolio of policies (municipal and related securities) and requires the ceding insurer to transfer the entire interest in each Covered Policy to the reinsurer. This is not a facultative or limited‑risk arrangement, but an obligatory treaty covering all listed policies.

The structure of the cession (the insurer transfers its full interest in each policy, with limits tied to the gross par amount of each policy) aligns with a proportional (quota‑share‑type) reinsurance arrangement rather than an excess‑of‑loss or stop‑loss structure.

The Covered Policies are municipal bonds, utility obligations and other public‑sector securities, which are non‑life insurance products. Within non‑life, municipal bond guaranty business is typically classified as a specialty line.

Thus:
- The document is a reinsurance agreement.
- It is the main contract.
- It is obligatory.
- It is proportional.
- It pertains to Non‑Life insurance.
- The class of business is Specialty.",True,True,True,proportional,Non-Life,Specialty
2008-1332896-0000950144-08-006326-g14639qexv10w2.htm,"The document is a “Senior Secured Term Loan Agreement” detailing a credit facility, loan terms, collateral, covenants, and default provisions between a borrower and multiple lenders. It contains no language relating to risk transfer, reinsurance, retrocession, loss‑portfolio transfer, catastrophe bonds, pooling agreements, or any of the other types of contracts listed as reinsurance agreements. Consequently, it does not fall within the scope of reinsurance documents.",False,,,,,
2008-1163348-0000950123-08-005440-y56933exv10w7.htm,"The document is an RSU (Restricted Stock Unit) award agreement, which is an equity compensation contract between a company and a board member. It governs the grant, vesting, delivery, and repayment of company shares or cash. It does not involve the transfer of insurance risk, reinsurance, retrocession, or any of the other listed reinsurance‑related arrangements. Consequently it is not a reinsurance agreement, nor does it contain any of the characteristics required to be classified as such.",False,,,,,
2008-1352713-0000930413-08-001755-c52719_ex10-8.htm,"The document is an employment offer letter and job description for a Financial Controller at RAM Reinsurance Company Ltd. It outlines salary, benefits, duties, and other employment terms. It does not contain any provisions transferring insurance risk, nor does it establish, modify, or terminate a reinsurance or retrocession contract. Therefore it is not a reinsurance agreement, nor does it qualify as any type of reinsurance contract (main, obligatory, proportional, etc.). Consequently, all reinsurance‑specific classification fields are set to `None`.",False,,,,,
2008-1179929-0000892569-08-000330-a38671exv10w25w1.htm,"The document is an amendment to a **Provider Agreement** between the State of Ohio Department of Job and Family Services and Molina Healthcare of Ohio, Inc. It sets out the responsibilities, obligations, and operational requirements for the managed‑care plan (MCP) serving the Aged, Blind, or Disabled (ABD) Medicaid population. The content deals with provider responsibilities, data reporting, compliance, and Medicaid managed‑care program administration. There is no transfer of insurance risk, retrocession, loss‑portfolio transfer, catastrophe bond, or any other structure that would constitute a reinsurance or retrocession contract.

Therefore the document is **not a reinsurance agreement**.

Since it is not a reinsurance contract, the remaining classification fields (main contract status, obligatoriness, proportionality, insurance type, and class of business) are not applicable and should be set to `null`.",False,,,,,
2008-895126-0001193125-08-043772-dex103.htm,"The document is a corporate “Indemnity Agreement” between Chesapeake Energy Corporation and an individual officer/director. It sets out the company’s obligation to indemnify the officer for liabilities arising from his/her service, including advancement of legal costs and establishment of a trust. The purpose is to provide personal indemnification and “excess” coverage over any directors‑and‑officers liability insurance, not to transfer insurance risk to another insurer. It does not create a reinsurance, retrocession, loss‑portfolio‑transfer, or any other risk‑transfer contract that would be classified as a reinsurance agreement. Therefore it falls outside the list of documents considered reinsurance agreements.",False,,,,,
2008-858339-0001193125-08-173588-dex1013.htm,"The document is an “Amended and Restated Ninth Mezzanine Loan Agreement” between JPMorgan Chase Bank, N.A. (the lender) and a group of borrowing entities (Harrah’s ... Mezzanine Borrower, etc.). It sets out loan‑related terms such as definitions, interest rates, covenants, defaults, collateral, and security interests. It does not transfer insurance risk, does not relate to any insurance or reinsurance contract, and contains no provisions characteristic of a reinsurance agreement. Therefore it is not a reinsurance document.",False,,,,,
2008-1347815-0000950157-08-000583-ex10-1.htm,"The document is the “Flagstone Reinsurance Holdings Limited Performance Share Unit Plan,” an internal employee incentive and equity compensation plan. It sets out the purpose, definitions, eligibility, grant mechanics, and administration of Performance Share Units (PSUs) for employees of a reinsurance holding company. The content concerns grant of shares, cash payments, performance criteria, and termination provisions for employees, but it does **not** establish a risk‑transfer arrangement between an insurer and a reinsurer, nor does it create a reinsurance or retrocession treaty. Consequently, it does not fall under any of the categories listed as reinsurance agreements. Because it is not a reinsurance contract, it cannot be considered a main or ancillary reinsurance contract, nor can it be classified as obligatory, proportional, or tied to a particular line of insurance business.",False,,,,,
2008-356130-0000356130-08-000031-exh10x23.htm,"The document is a **services agreement** between a holding company and a casualty insurer. It outlines management, administrative, operational, and support services that the insurer will provide to the holding company, including assistance with obtaining reinsurance. However, the agreement itself does **not** constitute a reinsurance contract, retrocession, loss‑portfolio transfer, or any other risk‑transfer agreement listed as a reinsurance document. It is a corporate services arrangement rather than an agreement that transfers insurance risk. Therefore, it is **not** a reinsurance agreement.",False,,,,,
2008-1009667-0000921895-08-000726-ex1055to10k03581_12312007.htm,"The document is a full **Reinsurance Contract** titled “Catastrophe Workers' Compensation Reinsurance Contract” issued to AmCOMP Preferred Insurance Company and related entities. It contains the principal terms of the reinsurance arrangement: classes of business, term, retention and limits, reinstatement, premium, claims handling, etc. This is therefore a primary reinsurance treaty rather than a mere amendment or endorsement.

The contract covers Workers’ Compensation and Employers Liability business on an **excess** basis (the Company retains a fixed amount and the reinsurer provides coverage above that). This structure is characteristic of **non‑proportional (excess of loss) reinsurance**. The contract is a treaty covering the whole portfolio of the cedant, not a facultative agreement on a single risk, which makes it an **obligatory (mandatory) reinsurance** arrangement.

Workers’ Compensation is a **Non‑Life** line of business, specifically part of the **Casualty** class.

Thus:
- The document is a reinsurance agreement (True).
- It is the main contract (the full treaty), not merely an ancillary amendment.
- It is an obligatory treaty.
- It is non‑proportional (excess) reinsurance.
- Insurance type: Non‑Life.
- Class of business: Casualty.",True,True,True,non-proportional,Non-Life,Casualty
2008-109261-0001104659-08-064786-a08-21347_1ex10d1.htm,"The document is an **Amendment No. 9** to a Workers' Compensation and Employers' Liability **Excess of Loss Reinsurance Agreement** originally dated July 1 2002. It modifies the terms of an existing reinsurance treaty (substitution of the reinsurer, replacement of certain articles, and other changes). According to the taxonomy, any document that amends an existing reinsurance agreement is itself considered a reinsurance agreement.

The amendment does not itself constitute the primary treaty; it merely alters the already‑existing contract, so it is an ancillary document rather than a main contract.

The underlying treaty is an excess‑of‑loss (layered) arrangement covering an entire line of business (Workers' Compensation and Employers' Liability) without being limited to a single named insured, which makes it an **obligatory** treaty (obligatory treaty rather than facultative).

Excess‑of‑loss structures are **non‑proportional** reinsurance, as they provide coverage only for losses above a specified retention.

Workers' Compensation and Employers' Liability are lines of **Non‑Life** insurance, specifically falling under the **Casualty** class of business.

Hence the classification fields are set accordingly.",True,False,True,non-proportional,Non-Life,Casualty
2008-66382-0001169232-08-000189-hmi10q_120107ex10-2.htm,"The document is a **Note Purchase Agreement** for the issuance and sale of senior unsecured notes by Herman Miller, Inc. It outlines the terms of a debt securities offering, including interest rates, maturity dates, covenants, representations, warranties, and default provisions. The content pertains to corporate financing and securities law, not to the transfer of insurance risk. Therefore it does **not** fall under any of the categories of reinsurance agreements listed (reinsurance treaties, retrocession, loss portfolio transfers, etc.). Consequently, none of the reinsurance‑specific classification fields apply.",False,,,,,
2008-21175-0000950137-08-006240-c26045exv10w5.htm,"The document is an “Acknowledgement to Investment Facilities and Services Agreement” among Continental Reinsurance Corporation International Limited, CNA Financial Corporation and Loews/CNA Holdings Inc. It merely confirms that the participating subsidiary will be bound by the terms of an existing Investment Facilities and Services Agreement. The content deals with audit rights, termination conditions and administrative matters related to investment services, not with the transfer of insurance risk. No reinsurance or retrocession treaty terms, proportional or non‑proportional reinsurance structures, or any risk‑transfer purpose are present. Consequently, this document is **not** a reinsurance agreement or an ancillary document modifying a reinsurance contract. All subsequent classification fields therefore default to null.",False,,,,,
2008-858339-0001193125-08-173588-dex1011.htm,"The document is an **Amended and Restated Seventh Mezzanine Loan Agreement** between JPMorgan Chase Bank (the lender) and a series of borrowing entities (Harrah's Mezzanine borrowers). It sets out loan terms, covenants, definitions, security interests, and other financing provisions related to commercial real‑estate properties. There is no language indicating transfer of insurance risk, quota‑share, excess‑of‑loss, or any other reinsurance structure. The content deals exclusively with loan financing, collateral, and related securities, not with any reinsurance or retrocession arrangement. Consequently, the document does not meet any of the criteria for a reinsurance agreement.

Given that it is not a reinsurance contract, all reinsurance‑specific classification fields should be set to `None`.",False,,,,,
2008-1401521-0001193125-08-237008-dex104.htm,"The document is a full “EX‑10.4” exhibit titled **“PRIVATE CATASTROPHE REINSURANCE AGREEMENT”**. It contains the complete terms, conditions, schedules, definitions, premium provisions, reinstatement, exclusions, and execution clauses that constitute a reinsurance treaty covering the United Property and Casualty Insurance Company’s property catastrophe portfolio. Because it is the primary contract (not merely an amendment or endorsement) it is a main reinsurance contract. The treaty provides coverage for all property (homeowners, condominium, garage) business in the state of Florida, i.e., it obligates the reinsurer to indemnify the cedent for excess losses over a retained layer, which is characteristic of an obligatory excess‑of‑loss treaty. The structure (layered limits, retention, reinstatement) is classic non‑proportional (excess‑of‑loss) reinsurance. The underlying exposure is property risk, a non‑life line, and the class of business is Property.",True,True,True,non-proportional,Non-Life,Property
2008-1321268-0001193125-08-057572-dex1013.htm,"The document is a loan agreement that establishes credit facilities, letters of credit, a line of credit, and associated guarantees between Eastern Insurance Holdings (and its subsidiaries) and Fulton Bank. While it references “Exhibit F sets forth all of the material reinsurance agreements,” the text itself does not contain any reinsurance contract terms, risk‑transfer provisions, or reinsurance structures. It is purely a financing document, not a reinsurance, retrocession, or other risk‑transfer agreement.

Therefore, the document is **not** a reinsurance agreement, nor does it represent a main or ancillary reinsurance contract. Consequently, all reinsurance‑specific classifications are irrelevant.",False,,,,,
2008-946840-0001193125-08-161373-dex101.htm,"The document is a commercial lease deed between a landlord (The Mill Street Partnership LLP) and a tenant (ViroPharma Limited) with a guarantor (ViroPharma Incorporated). It details premises, rent, covenants, insurance of the building, and various lease provisions. None of the content relates to reinsurance transactions, retrocession, or any type of risk‑transfer agreement. Therefore it does not constitute a reinsurance agreement or any ancillary reinsurance document.",False,,,,,
2008-913357-0001047469-08-009413-a2187368zex-10_3.htm,"The document is an “Equity Participation Plan” describing stock‑based compensation (performance shares, restricted stock, etc.) for executives and employees of Financial Security Assurance Holdings Ltd. It outlines the administration, eligibility, vesting, and tax treatment of equity awards. There is no transfer of insurance risk, no reinsurance or retrocession arrangement, and the content does not relate to an insurance contract of any type. Therefore it is not a reinsurance agreement.",False,,,,,
2008-858339-0001193125-08-173588-dex104.htm,"The document is an **Amended and Restated Loan Agreement** between various Harrah’s casino property entities (borrowers) and JPMorgan Chase Bank (lender). It details loan commitments, interest rates, collateral, insurance requirements for the properties, default provisions, and various loan‑related covenants. There is no transfer of insurance risk, no reinsurance, retrocession, loss portfolio transfer, catastrophe bond, or any the other instruments listed as reinsurance agreements. Therefore, the document is not a reinsurance contract nor an ancillary amendment to one.",False,,,,,
2008-1179929-0000892569-08-000330-a38671exv10w24w1.htm,"The document is an exhibit titled “Provider Agreement” between the State of Ohio Department of Job and Family Services and Molina Healthcare of Ohio, Inc. It details the responsibilities, obligations, and operational requirements of a Medicaid managed‑care provider agreement. It does not transfer risk between insurers, nor does it contain any of the typical clauses of a reinsurance, retrocession, or loss‑portfolio transfer agreement. Therefore it is not a reinsurance contract.

Since it is not a reinsurance agreement, the fields that apply only to reinsurance contracts (main contract status, obligatoriness, proportionality, insurance type, and class of business) are all inapplicable and should be set to `None`.",False,,,,,
2008-5513-0001193125-08-037458-dex1040.htm,"The document is a **credit agreement** establishing a senior revolving credit facility, letters of credit, and related loan arrangements for Unum Group. It details definitions, borrowing terms, interest calculations, covenants, events of default, and administrative provisions typical of a loan/syndication contract. There is no transfer of insurance risk, retrocession, loss‑portfolio transfer, catastrophe bond, or any of the other structures listed as reinsurance agreements. Therefore it does not meet the criteria for a reinsurance contract.",False,,,,,
2008-786344-0001193125-08-069341-dex1033.htm,"The document is a **Guaranty Agreement** in which GAINSCO, Inc. guarantees the performance of various “Ancillary Agreements” (including a 100 % Quota Share Reinsurance Agreement) for the benefit of General Agents Insurance Company of America, Inc.  
Although the guaranty references a reinsurance contract, the guaranty itself is a **financial guarantee** that secures payment obligations arising from the underlying reinsurance and related agreements. According to the provided classification rules, *financial guarantees* that secure payment obligations are **explicitly excluded** from being considered reinsurance agreements. Therefore, the document is not a reinsurance contract itself, nor does it constitute a main reinsurance agreement or an obligatory reinsurance treaty.",False,,,,,
2008-1289592-0000950123-08-002992-y50172exv10w55.htm,"The document is titled “Amendment No. 3 to the Amended & Restated Brokerage Business Quota Share Reinsurance Agreement.” It explicitly amends an existing quota‑share reinsurance treaty between several insurance companies (Tower Insurance Company of New York, Tower National Insurance Company, etc.) and Castlepoint Reinsurance Company. Because it modifies a pre‑existing reinsurance contract, the document is a reinsurance agreement (amendments are included in the list of documents that are considered reinsurance agreements). 

An amendment is an ancillary document rather than the primary treaty itself, so **is_main_contract** should be False. The underlying treaty is a quota‑share treaty, which is a proportional form of reinsurance and is typically an obligatory (portfolio‑cover) arrangement; therefore the amendment retains the obligatory nature of the original contract. 

The quota‑share structure is proportional, not excess‑of‑loss, so the classification is “proportional.” The parties are property‑ and casualty‑type insurers, indicating a non‑life line of business. The specific line is a brokerage business, which falls under the broader casualty/property grouping; the most appropriate class from the allowed list is “Casualty.”",True,False,True,proportional,Non-Life,Casualty
2008-1289592-0000950123-08-002992-y50172exv10w54.htm,"The document is titled “Amendment No. 2 to the Amended & Restated Brokerage Business Quota Share Reinsurance Agreement”. It explicitly refers to a “Quota Share Reinsurance Agreement” between Tower Insurance Company of New York (the insurer) and Castlepoint Reinsurance Company, Ltd. (the reinsurer). The text stipulates that the insurer shall “automatically and obligatorily cede… a 40% quota‑share portion of the Net Liabilities” and outlines the terms of the quota‑share cession, which is a proportional reinsurance structure. Because it amends an existing reinsurance treaty, the document qualifies as a reinsurance agreement (it modifies an existing treaty rather than being a direct insurance policy or a financial instrument). 

The amendment does not contain the full original treaty but only changes to its terms; therefore it is an ancillary document rather than the main contract itself. The cession is mandatory (‑‑“obligatorily cede” and a minimum‑/maximum range is set), which classifies the agreement as an obligatory reinsurance contract. The proportional nature of the quota‑share arrangement means the treaty is “proportional”. The underlying business is a property‑catastrophe program, which is non‑life insurance, and the specific line of business is property. 

Hence:
- is_reinsurance: True  
- is_main_contract: False (the document is only an amendment, not the primary contract)  
- is_obligatory: True (mandatory quota‑share cession)  
- proportional_or_non_proportional: proportional  
- insurance_type: Non‑Life  
- class_of_business: Property",True,False,True,proportional,Non-Life,Property
2008-1321268-0001193125-08-068677-dex1013.htm,"The document is a loan and credit facility agreement between Eastern Insurance Holdings (and its subsidiaries) and Fulton Bank. It describes letter of credit facilities, a revolving line of credit, guarantees, covenants, and related loan terms. While the agreement contains a reference to an exhibit that lists “material reinsurance agreements,” the core document itself is a financing contract, not a reinsurance contract. Therefore it does not meet the definition of a reinsurance agreement or any of its ancillary forms.",False,,,,,
2008-1401521-0001193125-08-237008-dex107.htm,"The document is titled “Reinstatement Premium Protection Reinsurance Agreement” and is issued to United Property and Casualty Insurance Company. It indemnifies the cedent for 100 % of any net reinstatement premium that must be paid under a **Property Catastrophe Excess‑of‑Loss** treaty (the “Original Agreement”). This makes the document a reinsurance contract that provides premium protection for an underlying treaty.  

Because it contains all substantive terms (definitions, premium calculation, notices, arbitration, etc.) it is the primary agreement rather than a mere amendment, so it is a main contract.  

The underlying treaty is an obligatory portfolio treaty (covers the ceding company’s entire property catastrophe portfolio). The premium protection is written in relation to that obligatory treaty, and the guidelines state that “RPP relative to obligatory contracts are also considered obligatory.” Hence the agreement is obligatory.  

The underlying treaty is an excess‑of‑loss treaty, a classic non‑proportional structure. The premium protection follows the same risk‑transfer logic (covers premium cost triggered by loss), so it is classified as **non‑proportional**.  

The cedent is United Property and Casualty Insurance Company, a non‑life insurer. The business covered is property catastrophe reinsurance, placing it in the **Property** class of business.  

Therefore:
- Reinsurance: True  
- Main contract: True  
- Obligatory: True  
- Proportionality: non‑proportional  
- Insurance type: Non‑Life  
- Class of business: Property",True,True,True,non-proportional,Non-Life,Property
2008-858339-0001193125-08-173588-dex1010.htm,"The document is an ""Amended and Restated Sixth Mezzanine Loan Agreement"" for a group of casino and hotel properties. It details loan terms, collateral, interest rates, insurance, and default provisions. It is a financing (loan) contract, not an insurance or reinsurance contract. Therefore it does not fall under any of the categories that are considered reinsurance agreements.",False,,,,,
2008-1082084-0000950137-08-003662-c24786exv10w28.htm,"The document is a Commercial Loan Agreement between Brooke Capital Corporation and its subsidiary Brooke Capital Advisors. It outlines loan terms, collateral, covenants, and related financial arrangements. It does not involve any transfer of insurance or reinsurance risk, nor does it reference reinsurance contracts, retrocession, or any of the other reinsurance‑related categories listed. Therefore it is not a reinsurance agreement, and all reinsurance‑specific classification fields are not applicable.",False,,,,,
2008-909109-0000893220-08-002262-w64766exv10w5.htm,"The document is an **EX-10.5 filing** that contains the full text of a **“PROPERTY FIFTH PER RISK EXCESS OF LOSS REINSURANCE AGREEMENT”** between Philadelphia Insurance Company and Arch Reinsurance Company.  
The agreement specifies coverage, limits, premium, reinstatement, termination, and many other contractual provisions. It therefore represents a **stand‑alone reinsurance contract** rather than a mere amendment, endorsement, or ancillary notice.  

* The contract transfers risk from the cedent (Philadelphia Insurance) to the reinsurer on a **per‑risk excess‑of‑loss basis**, which is the classic definition of a **non‑proportional treaty**.  
* It covers **property business** (fire, allied lines, inland marine, etc.), which is classified under **Non‑Life** insurance.  
* The agreement obligates the reinsurer to cover all qualifying property policies of the cedent for the term of the contract; this is an **obligatory reinsurance treaty** rather than a facultative or selective arrangement.  

Accordingly, the document meets the criteria for a reinsurance agreement, it is the main contract, it is obligatory, it is non‑proportional, the insurance type is Non‑Life, and the class of business is Property.",True,True,True,non-proportional,Non-Life,Property
2008-1171662-0000950144-08-007939-g16291exv10w1.htm,"The document is an amendment to a health insurance contract between the Puerto Rico Health Insurance Administration (the policyholder) and Triple S, Inc. (the insurer). It sets out terms for the provision of health coverage, data reporting, premium rates, and administrative requirements. The agreement transfers the risk of providing health benefits directly from the public administration to the insurer and does not involve a reinsurer assuming part of that risk. Consequently it is a direct insurance contract (or amendment thereto), not a reinsurance or retrocession arrangement. As it is not a reinsurance agreement, all subsequent classification fields that apply only to reinsurance contracts are set to null.",False,,,,,
2008-1339553-0000950144-08-001509-g11934exv10w24.htm,"The document is a Medicare Advantage contract between the Centers for Medicare & Medicaid Services (CMS) and Leon Medical Centers Health Plans, Inc. It specifies the terms under which the MA organization will provide Medicare Advantage and prescription drug benefits, along with payment, reporting, and compliance obligations. This is a managed‑care/health‑insurance agreement, not a contract that transfers insurance risk from an insurer to a reinsurer. According to the provided definitions, reinsurance agreements are those that move risk between insurers (or retrocession, loss‑portfolio transfers, etc.). Therefore this document does **not** fall under the category of a reinsurance agreement.

Since it is not a reinsurance contract, all reinsurance‑specific classification fields should be set to `None`.",False,,,,,
2008-53669-0000950137-08-014003-c47446exv10wee.htm,"The document is a supplemental agreement to an employment contract that establishes a company‑pension plan for an individual employee. It sets out the terms of old‑age, disability, widows’ and orphan’s pensions, contribution amounts, benefit calculations, and payment modalities.  

Clause 13 merely gives the company the *right* to obtain reinsurance to secure the pension obligations; it does not itself constitute a reinsurance treaty, retrocession, or any of the other listed reinsurance‑type agreements. The document’s primary purpose is to create a pension benefit (a life‑insurance‑type product) for the employee, not to transfer risk between insurers. Consequently, it is not a reinsurance agreement, nor does it serve as a main or ancillary reinsurance contract.",False,,,,,
2008-899629-0000893220-08-000567-w50363exv10w67.htm,"The document is an **Acquisition and Project Loan Agreement** for a real‑estate development project. It outlines loan commitments, interest rates, disbursement procedures, collateral, insurance requirements for the project, and various covenants between the borrower(s) and the lenders/administrative agent. The content pertains to a financing transaction and does not involve the transfer of insurance risk, retrocession, loss portfolio transfers, catastrophe bonds, or any of the other types of arrangements listed as reinsurance agreements. Therefore it does not meet the definition of a reinsurance agreement.",False,,,,,
2008-1171500-0001171500-08-000017-restatedagreement_sep08.htm,"The document is an Amended and Restated Option Agreement that grants an option to purchase common shares of Platinum Underwriters Holdings Ltd. It deals with equity securities, exercise prices, share adjustments, transfer restrictions, and regulatory approvals related to the issuance and transfer of stock. There is no transfer of insurance or reinsurance risk, no coverage of loss events, and no reinsurance terminology such as “ceding,” “cedant,” “reinsurer,” “excess of loss,” or “quota share.” Consequently, the agreement is a securities/stock option contract, not a reinsurance or retrocession agreement.",False,,,,,
2008-1140536-0001047469-08-001829-a2182840zex-10_29.htm,"The document is an employment contract between an individual (David Margrett) and Willis Limited. It outlines terms of employment, salary, duties, confidentiality, pension, notice periods, etc. There is no reference to the transfer of insurance risk, reinsurance treaties, retrocession, loss portfolio transfers, or any of the other structures listed as reinsurance agreements. Therefore it does not meet the definition of a reinsurance agreement or any ancillary modification of one.",False,,,,,
2008-823533-0001193125-08-045220-dex102.htm,"The document is titled “Adjustment Agreement” to an existing **Asset Purchase and Assumption Reinsurance Agreement** between two insurance companies. The purpose is to modify the payment of the net adjustment amount for the purchase of assets and assumed liabilities that were originally transferred under a reinsurance structure. According to the provided criteria, any document that amends or otherwise modifies an existing reinsurance agreement is itself considered a reinsurance‑related document. Therefore:

* **Is reinsurance** – True, because it amends an existing reinsurance contract.  
* **Main contract vs. ancillary** – The agreement only adjusts the terms of the original reinsurance deal and does not contain the full set of principal terms of a reinsurance contract. Hence it is an ancillary agreement, not a main contract.  
* **Obligatory** – The underlying asset‑purchase‑and‑assumption reinsurance arrangement transfers an entire block of life business (the assumed liabilities of the Vendor). Such portfolio transfers are generally obligatory reinsurance.  
* **Proportional vs. non‑proportional** – Asset‑purchase‑and‑assumption (or “reinsurance to close”) agreements typically do not involve a quota‑share or surplus share arrangement; they effect a full transfer of risk, which aligns with a non‑proportional structure.  
* **Insurance type** – Both parties are life insurers (the Purchaser is “Assurant Life of Canada”), indicating the reinsurance relates to life insurance.  
* **Class of business** – Since the document relates to a life‑insurance portfolio but does not specify a particular mortality or longevity line, the appropriate classification is “Other Life”.",True,False,True,non-proportional,Life,Other Life
2008-1063561-0001047469-08-007095-a2184985zex-10_31.htm,"The document is a **First Lien Credit Agreement** between Prospect Medical Holdings, Inc., its subsidiaries, and Bank of America (acting as administrative agent, lender, L/C issuer and swing line lender). It details loan facilities, term and revolving credit commitments, interest rates, covenants, collateral, and other banking‑related provisions. There is no transfer of insurance risk, no reference to reinsurance, retrocession, loss portfolio transfer, catastrophe bonds, or any of the other forms of reinsurance listed in the definition. Consequently, it does not meet any of the criteria for a reinsurance agreement.",False,,,,,
2008-909109-0000893220-08-002262-w64766exv10w4.htm,"The document is titled “PROPERTY FOURTH PER RISK EXCESS OF LOSS REINSURANCE AGREEMENT” and contains the full set of articles, definitions, coverage limits, premium provisions, termination, arbitration, etc. It is a treaty‑type reinsurance contract between Philadelphia Insurance Company (the cedent) and subscribing reinsurers, with attached “Interests and Liabilities Agreements” that allocate shares of the reinsurer’s liabilities. The contract covers the cedent’s entire property portfolio on an excess‑of‑loss basis, indicating a non‑proportional treaty. Because it is a treaty covering the cedent’s whole property business, it is an obligatory reinsurance arrangement rather than a facultative transaction. Therefore the document is a main reinsurance contract, obligatory, non‑proportional, for non‑life (property) insurance.",True,True,True,non-proportional,Non-Life,Property
2008-356130-0000356130-08-000031-exh10x1.htm,"The document is a **Reinsurance Pooling Agreement** between Employers Mutual Casualty Company and its affiliated insurers. It establishes the terms under which the parties pool all of their insurance business, cede and assume liabilities, and allocate premiums and losses on a share‑based basis. This is a classic reinsurance arrangement (risk transfer) and constitutes the primary contract governing that relationship, not merely an amendment or endorsement. Because the agreement obligates each participant to cede **all** of its liabilities and to share them proportionally, it is an **obligatory** reinsurance treaty. The risk sharing is done on a proportional basis (percentages of net liabilities), indicating a **proportional** treaty. The parties are property‑ and casualty insurers, so the coverage is **Non‑Life** insurance, and the agreement covers multiple lines of business, fitting the **Multi‑Line** classification.",True,True,True,proportional,Non-Life,Multi-Line
2008-1087835-0000950123-08-008159-y62883exv10w1.htm,"The document is an **insurance policy** issued by Woodlands Insurance Company, Inc. to the named insured, Bottling Group LLC. It outlines coverage, deductibles, self‑insurance retention, endorsements, and administrative provisions. The content describes direct insurance coverage (workers’ compensation, liability, automobile, cargo, etc.) rather than a contract that transfers risk from an insurer to a reinsurer. Consequently, it does **not** fall under any of the listed categories of reinsurance agreements (e.g., reinsurance treaty, retrocession, loss‑portfolio transfer, reinsurance‑to‑close, catastrophe bond, etc.). Therefore it is classified as **not a reinsurance agreement**.",False,,,,,
2008-354190-0001193125-08-093491-dex10161.htm,"The document describes a Deferred Equity Participation Plan for key executives of Arthur J. Gallagher & Co. It outlines the structure of a trust, participant accounts, vesting, distribution, forfeiture, and related administrative provisions. The purpose is to provide equity‑based compensation and retention incentives, not to transfer insurance or reinsurance risk. There is no reference to any reinsurance, retrocession, loss portfolio transfer, or other risk‑transfer arrangements. Consequently, the document does not fall under any of the categories of reinsurance agreements listed, nor does it constitute a main or ancillary reinsurance contract.",False,,,,,
2008-897265-0001193125-08-140351-dex1040.htm,"The document is a United States Bankruptcy Court Order confirming an amended joint reorganization plan for ARTRA Group, Inc. It outlines the plan’s provisions, the creation of an asbestos trust, settlements with various insurance companies, and related injunctions. While the plan references settlements with insurance carriers (including reinsurance companies such as Munich Re and Everest Re), the primary purpose of the document is to confirm a bankruptcy reorganization plan, not to create, amend, or modify a reinsurance contract. Therefore it does not meet the definition of a reinsurance agreement or any of its ancillary forms.",False,,,,,
2008-1064122-0000950123-08-007814-y62727exv10w64.htm,"The document is an employment agreement between Scottish Re Group Limited and an individual employee. It outlines the terms of employment, compensation, duties, termination, confidentiality, non‑competition, and other employment‑related provisions. It does not involve any transfer of insurance risk, reinsurance, retrocession, or any of the listed reinsurance contract types. Therefore, it is not a reinsurance agreement.",False,,,,,
2008-1082084-0000950137-08-003662-c24786exv10w29.htm,"The document is a **Stock Pledge and Security Agreement** that creates a lien on shares of insurance entities to secure a loan. It governs collateral, default, and remedies under the Uniform Commercial Code. The agreement does **not** transfer insurance or reinsurance risk, nor does it constitute a reinsurance, retrocession, or any of the other listed reinsurance‑type contracts. Therefore it falls outside the scope of reinsurance agreements.",False,,,,,
2008-858339-0001193125-08-173588-dex109.htm,"The document is an “Amended and Restated Fifth Mezzanine Loan Agreement” between a series of Harrah’s Mezzanine entities (borrowers) and JPMorgan Chase Bank (lender). It sets out loan terms, definitions, covenants, events of default, and related procedural provisions. The content is a financing/loan contract, not an insurance policy, reinsurance treaty, or any of the listed reinsurance‑related agreements. Consequently it does not meet any of the criteria for a reinsurance agreement, nor does it contain provisions typical of reinsurance contracts (e.g., quota‑share, excess‑of‑loss, loss portfolio transfer, catastrophe bond, etc.). Because it is not a reinsurance document, the ancillary classification fields (obligatory, proportionality, insurance type, class of business) are not applicable.",False,,,,,
2008-911421-0001193125-08-043023-dex1044.htm,"The document is a third amendment to a credit agreement between PartnerRe Ltd. (and its subsidiaries) and a group of lenders. It modifies loan‑related provisions such as restricted payments, definitions of hybrid securities, and other covenants. There is no reference to any reinsurance, retrocession, or risk‑transfer arrangement typical of reinsurance contracts. It is clearly a financing amendment, not a reinsurance agreement, nor an ancillary document to a reinsurance contract. Therefore it is not classified as a reinsurance document, and all reinsurance‑specific classifications are not applicable.",False,,,,,
2008-858339-0001193125-08-173588-dex105.htm,"The document is an **Amended and Restated First Mezzanine Loan Agreement** between a group of mezzanine borrowers (Harrah’s entities) and JPMorgan Chase Bank. It details loan terms, interest rates, covenants, collateral, reserve funds, defaults, and other loan‑related provisions. It is a **finance‑related loan contract**, not an insurance, reinsurance, retrocession, loss‑portfolio transfer, catastrophe bond, or any other risk‑transfer instrument that would be classified as a reinsurance agreement. Consequently, none of the reinsurance‑specific attributes (obligatory status, proportionality, insurance type, class of business) apply.",False,,,,,
2008-1034054-0001193125-08-226025-dex1073.htm,"The document is a “SECOND AMENDED AND RESTATED CREDIT AGREEMENT” that sets out loan commitments, interest rates, covenants, and security arrangements for a borrowing party (OPTASITE TOWERS LLC) and its lenders. It governs a credit facility, collateral, and related financial terms. None of its content involves the transfer or sharing of insurance risk, reinsurance, retrocession, or any of the other risk‑transfer arrangements listed in the reinsurance definitions. Therefore it is not a reinsurance agreement.",False,,,,,
2008-1127703-0000950144-08-001477-g11855exv10w4.htm,"The document is a **Release and Severance Compensation Agreement** between ProAssurance Corp. and an individual executive. It outlines termination benefits, non‑competition, confidentiality, arbitration, and related employment‑related matters. The content deals exclusively with employment, severance payments, and executive covenants; it does not involve the transfer of insurance risk, retrocession, loss‑portfolio transfer, or any other mechanism characteristic of reinsurance or retrocession contracts. Consequently, it does not meet any of the criteria listed for a reinsurance agreement. As it is not a reinsurance contract, all subsequent classification fields that apply only to reinsurance documents should be left unspecified.",False,,,,,
2008-858339-0001193125-08-173588-dex1012.htm,"The document is an **Amended and Restated Eighth Mezzanine Loan Agreement** between a group of limited‑liability companies (the “Borrower”) and JPMorgan Chase Bank, N.A. (the “Lender”). It outlines loan terms, interest rates, covenants, collateral, defaults, and related matters for a financing transaction involving casino and hotel properties. The content is wholly focused on loan financing, security interests, and related corporate and real‑estate matters. There is no reference to reinsurance, retrocession, loss‑portfolio transfer, catastrophic bonds, or any risk‑transfer arrangement typical of reinsurance agreements. Consequently, the document does not meet any of the criteria listed for reinsurance agreements.

Therefore:
- It is **not** a reinsurance agreement.
- It does not constitute a main reinsurance contract or any ancillary reinsurance document.
- No reinsurance‑specific attributes (obligatory status, proportionality, insurance type, or class of business) apply.",False,,,,,
2008-874977-0001193125-08-056937-dex1030.htm,"The document is an Inter‑Company Expense Agreement that governs the allocation of administrative, accounting, actuarial, and other operational expenses among affiliated insurance subsidiaries. Its purpose is to charge one subsidiary (Provision) for the costs of services provided by the other entities (Patrons Mutual, State Automobile Mutual, State Auto Property & Casualty). The agreement does not transfer any insurance or reinsurance risk, nor does it contain terms typical of reinsurance, retrocession, loss‑portfolio transfer, or other risk‑transfer arrangements listed in the reinsurance definitions. It is therefore a service‑cost allocation contract, not a reinsurance contract or any ancillary amendment to a reinsurance contract.",False,,,,,
2008-909109-0000893220-08-002262-w64766exv10w1.htm,"The document is titled “CASUALTY EXCESS OF LOSS REINSURANCE CONTRACT” and contains the full terms, conditions, definitions, coverage limits, premium calculations, and signatures of the cedent (Philadelphia Insurance Company) and the reinsurer(s). It clearly establishes a reinsurance agreement that transfers excess liability risk from the cedent’s casualty, liability and fidelity lines to the reinsurer. The contract covers an entire portfolio of policies rather than a single named risk, indicating a treaty‑type arrangement. As an excess‑of‑loss (XL) arrangement, it is a non‑proportional form of reinsurance. The covered lines are casualty and liability business, which fall under the non‑life insurance category. The primary class of business referenced throughout the contract is “Casualty.” Therefore, the document is a main reinsurance contract, obligatory (portfolio treaty), non‑proportional, non‑life, casualty.",True,True,True,non-proportional,Non-Life,Casualty
2008-874977-0001193125-08-056937-dex1032.htm,"The document is a **Management Services Agreement** that governs the provision of administrative, actuarial, underwriting, claims, and other operational services from Patrons Mutual Insurance Company to Litchfield Mutual Fire Insurance Company. Although the agreement references a “Reinsurance Pooling Agreement” and mentions reinsurance activities as part of the broader operational consolidation, the primary purpose of this document is to allocate management services and related expenses, not to transfer insurance risk.  

According to the provided classification rules, a document must be a **reinsurance agreement**, retrocession agreement, or a similar risk‑transfer contract to be considered a reinsurance document. Management services agreements, even when they relate to insurance entities, are classified as **ancillary agreements** rather than reinsurance contracts. Therefore:

- The document is **not** a reinsurance agreement.  
- Consequently, it is not a main reinsurance contract, nor is it an obligatory reinsurance contract.  
- No proportionality classification applies because there is no risk‑transfer clause.  
- The document does not specify a primary insurance type (Life vs. Non‑Life) or a class of business for a reinsurance transaction.

Thus, all reinsurance‑specific fields are set to `None`.",False,,,,,
2008-1273813-0001047469-08-002033-a2183026zex-10_68.htm,"The document is an **Investment Agreement** for the purchase of common equity shares of Assured Guaranty Ltd. by a private investment fund (WLR Recovery Fund IV). It details the issuance and sale of equity, options for additional purchases, voting agreements, registration rights, and other corporate governance matters. There is no transfer of insurance or reinsurance risk, no quota‑share, surplus, excess‑of‑loss or other reinsurance structures, and no reference to underwriting or risk‑transfer arrangements typical of reinsurance contracts. Consequently, it falls outside the list of documents considered reinsurance agreements.",False,,,,,
2008-858339-0001193125-08-173588-dex107.htm,"The provided document is an **Amended and Restated Third Mezzanine Loan Agreement**. It sets out the terms of a loan between JPMorgan Chase Bank (the lender) and a group of borrowing entities (Harrah’s subsidiaries). The content is a financing arrangement, covering loan commitments, interest rates, covenants, defaults, securitization, and related loan documentation. There is no transfer of insurance risk, no reinsurance, retrocession, or any of the other contracts listed as reinsurance agreements. Consequently, this document does **not** meet the definition of a reinsurance agreement.

Since it is not a reinsurance contract, all subsequent classification fields that apply only to reinsurance agreements should be set to `None`.",False,,,,,
2008-1360537-0000950123-08-003610-y52467exv10w37.htm,"The document is titled “Amendment No. 4 to Amended and Restated Brokerage Business Quota Share Reinsurance Agreement.”  
A quota‑share arrangement is a classic proportional reinsurance treaty, transferring a fixed percentage of all risks in a portfolio from the ceding insurers (the “Companies”) to the subscribing reinsurer. The text amends the existing reinsurance agreement (e.g., adds clauses on amendment procedures, insolvency, compliance) but does not introduce a new separate contract. Therefore, the document is an ancillary amendment to reinsurance treaty rather than a standalone main contract.  

Because the underlying agreement is a quota‑share treaty, it is an **obligatory** treaty (it applies to all business written by the participating companies). The treaty is **proportional** in nature. The underlying risks are brokerage‑related underwriting, which falls under non‑life lines (professional/casualty type). Accordingly, the appropriate class of business is **Casualty**.  

These observations lead to the classifications below.",True,False,True,proportional,Non-Life,Casualty
2008-858339-0001193125-08-173588-dex106.htm,"The filing is an **Amended and Restated Second Mezzanine Loan Agreement**.  
It is a financing contract that sets out a loan, its interest rate, security
arrangements, borrower and lender obligations, and related covenants.  
The document does not create, modify, or transfer any insurance risk, nor
does it reference reinsurance, retrocession, catastrophe bonds, or any other
risk‑transfer product that would qualify as a reinsurance agreement under the
provided taxonomy. It merely outlines a credit facility for the borrower's
properties. Consequently, it is not a reinsurance agreement, nor does it
constitute a main reinsurance contract, an obligatory reinsurance arrangement,
 nor any form of proportional or non‑proportional reinsurance. Because the
document is not an insurance policy, there is no insurance type (Life vs.
Non‑Life) and no applicable class of business.",False,,,,,
2008-934749-0000950124-08-001620-p75169exv10w38.htm,"The document is a “General Agreement of Indemnity for Contractors” between Meadow Valley Corporation (the Contractor) and Safeco Insurance Companies (the Surety). It obligates the Contractor to indemnify the Surety for losses incurred in connection with surety bonds issued for the Contractor’s projects. The purpose is to provide security for bond obligations, not to transfer insurance risk to a reinsurer or retrocessionaire. It therefore does not fall under any of the listed categories of reinsurance agreements, and it is not an ancillary endorsement to an existing reinsurance contract. Consequently it is not a reinsurance or retrocession agreement, nor does it establish a reinsurance contract.",False,,,,,
2008-1141399-0001193125-08-059089-dex1024.htm,"The document is a **Credit Agreement** (EX‑10.24) establishing loan facilities, term loans, revolving credit, letters of credit, guarantees, and related financial covenants for APP Pharmaceuticals and its subsidiaries. It contains no reference to reinsurance, retrocession, loss portfolio transfer, catastrophe bonds, or any risk‑transfer arrangement typical of reinsurance contracts. Consequently, it does not meet any of the criteria for a reinsurance agreement.",False,,,,,
2008-1177702-0000950137-08-010077-c33902exv10w2.htm,"The document is an amendment to a Master Shelf (credit) Agreement between SAIA, Inc. and several Prudential life‑insurance affiliates. It amends financial covenants, definitions, and insurance‑maintenance provisions related to the borrowing arrangement. The text does not create, modify, or otherwise constitute a reinsurance or retrocession contract; it is a loan/credit agreement amendment. Therefore it does not fall under any of the categories of reinsurance agreements listed, nor does it establish a reinsurance contract or an obligatory reinsurance arrangement.",False,,,,,
2008-896159-0001193125-08-107734-dex105.htm,"The document is a **Term Loan Agreement** dated April 1 2008. It sets out a credit facility, borrowing conditions, covenants, guarantees, and administrative provisions between a corporate borrower (ACE INA Holdings Inc.) and a group of banks and lenders. Although one of the guarantors is ACE Tempest Reinsurance Ltd., the agreement itself is a loan contract and does not transfer insurance risk, nor does it contain the substantive terms of a reinsurance treaty, retrocession, or any of the other reinsurance‑related categories listed. Therefore it does **not** meet the definition of a reinsurance agreement.

Since the document is not a reinsurance contract, the remaining classification fields (main contract, obligatory status, proportionality, insurance type, class of business) are not applicable and must be set to null.",False,,,,,
2008-1126328-0001104659-08-050246-a08-18625_1ex10d16d1.htm,"The document is an **Amended and Restated Employment Agreement** between Principal Financial Group, Inc., its affiliates, and an executive (Larry D. Zimpleman). It outlines definitions, duties, compensation, termination benefits, restrictive covenants, indemnification, and arbitration procedures. There is no reference to any reinsurance, retrocession, loss portfolio transfer, catastrophe bond, or any other risk‑transfer arrangement that would qualify as a reinsurance contract. Therefore, this document is not a reinsurance agreement.",False,,,,,
2008-1401521-0001193125-08-237008-dex106.htm,"The document is titled “MULTI‑LINE PER RISK EXCESS OF LOSS REINSURANCE AGREEMENT” and contains all the typical sections of a reinsurance treaty (business reinsured, cover, term, territory, exclusions, definitions, premium, reinstatement, etc.). It is a formal agreement between United Property and Casualty Insurance Company (the cedent) and subscribing reinsurers, which transfers insurance risk. Therefore it is a reinsurance contract.

The agreement is presented in full, with a table of contents and complete contractual terms, not merely an endorsement or amendment, so it constitutes a main contract rather than an ancillary document.

The coverage is described as applying to all “Policies… classified by the Company as Property and Casualty Business, including but not limited to Homeowners and Condominium owners Policies.” This portfolio‑wide coverage, together with the fact that the treaty is a multi‑line per‑risk excess‑of‑loss treaty, indicates an obligatory (treaty‑type) reinsurance arrangement rather than a facultative, name‑by‑name placement.

The contract specifies an “Ultimate Net Loss over and above an initial Ultimate Net Loss of $1,000,000… subject to a limit of liability…”, which is the classic structure of an excess‑of‑loss treaty – a non‑proportional form of reinsurance.

The underlying insurance is Property and Casualty lines (homeowners, condo, auto, etc.), which are non‑life lines. Because the treaty covers both property and casualty lines jointly, the appropriate class of business is “Multi‑Line”.

Thus:
- Reinsurance agreement: True  
- Main contract: True  
- Obligatory: True  
- Non‑proportional (excess‑of‑loss)  
- Insurance type: Non‑Life  
- Class of business: Multi‑Line",True,True,True,non-proportional,Non-Life,Multi-Line
2008-1164246-0000892569-08-000412-a39212exv10w26.htm,"The document is an ISDA Master Agreement and related novation confirmation for an interest‑rate swap between a bank and a group of corporate entities. It governs derivative transactions, not the transfer of insurance risk. The content does not involve any reinsurance, retrocession, loss‑portfolio transfer, or other insurance‑linked risk transfer arrangements. Therefore it does not meet any of the criteria listed for reinsurance agreements.",False,,,,,
2008-909109-0000893220-08-002944-w71474exv10w3.htm,"The document is titled “PROPERTY FACULTATIVE AGREEMENT OF REINSURANCE NO. P304” and sets out the terms under which **General Reinsurance Corporation** will accept **property business** ceded by **Philadelphia Indemnity Insurance Company**. It contains the full suite of reinsurance terms (scope, parties, coverage, limits of liability, premium, reporting, claims handling, exclusions, etc.). This matches the definition of a reinsurance agreement and represents a complete contract rather than a mere endorsement or amendment.  

Because the agreement is a **facultative** reinsurance – i.e., the reinsurer accepts individual risks on a case‑by‑case basis – it is not an obligatory treaty (obligatory reinsurance contracts transfer risk from all insureds in a portfolio). The structure of the coverage (limits of liability, company retention, and reimbursement of net loss) is characteristic of a **non‑proportional** (excess‑of‑loss) arrangement rather than a quota‑share or surplus share.  

The underlying business is property insurance, which is a **Non‑Life** line, and the specific class of business is **Property**.  

Therefore the appropriate classifications are:

- Reinsurance agreement: **True**
- Main contract (full reinsurance agreement): **True**
- Obligatory: **False** (facultative)
- Proportional vs non‑proportional: **non‑proportional**
- Insurance type: **Non‑Life**
- Class of business: **Property**",True,True,False,non-proportional,Non-Life,Property
2008-1397911-0001047469-08-003848-a2183608zex-10_17.htm,"The document is a “SECOND AMENDED AND RESTATED CREDIT AGREEMENT” for LPL Investment Holdings and its borrower. It defines loan facilities, interest rates, borrowing procedures, collateral, and numerous financial covenants. The text discusses term loans, revolving credit, letters of credit, and related banking terms, with no reference to insurance, reinsurance, risk transfer, or any of the entities (such as reinsurers) listed in the reinsurance classifications. Consequently, it is a credit/loan agreement, not a reinsurance contract, and none of the additional classification fields apply.",False,,,,,
2008-1289592-0000950123-08-002992-y50172exv10w56.htm,"The document is an amendment (Addendum No. 4) to an existing “Amended and Restated Brokerage Business Quota Share Reinsurance Agreement.” Because it modifies the terms of a reinsurance treaty, it falls within the list of documents that are considered reinsurance agreements (amendments/endorsements of existing treaties).

The original agreement is a quota‑share treaty, which is a proportional form of reinsurance. The amendment does not create a new contract but merely alters an existing one, so it is an ancillary document rather than a main contract.

Quota‑share treaties that cover the business of several cedent insurers are typically treaty (obligatory) arrangements rather than facultative, implying that the underlying risk transfer is obligatory.

Since the parties are insurance carriers dealing with brokerage business, the coverage is non‑life (property/casualty) in nature. The treaty does not appear to be limited to a single line of business, so it is best classified as a multi‑line reinsurance arrangement.

Thus:
- The document is a reinsurance amendment (True).
- It is an ancillary agreement (not a main contract).
- The underlying treaty is obligatory.
- The treaty is proportional (quota‑share).
- It pertains to non‑life insurance.
- The class of business is multi‑line.",True,False,True,proportional,Non-Life,Multi-Line
2008-858339-0001193125-08-173588-dex108.htm,"The document is an **Amended and Restated Fourth Mezzanine Loan Agreement**. It details loan terms, collateral, covenants, interest rates, and securitization provisions. It is a credit (loan) contract, not an insurance or reinsurance agreement. Therefore it does not meet any of the categories that define a reinsurance agreement.

* **Is it a reinsurance agreement?** No – it is a loan/ mezzanine financing agreement.  
* **Is it a main contract?** The classification asks for “main contract” only for reinsurance agreements; since this is not reinsurance, we return `None`.  
* **Obligatory, proportionality, insurance type, class of business** – all are not applicable to a loan document, so they are set to `None`.",False,,,,,
2008-1064122-0000950123-08-007814-y62727exv10w65.htm,"The document is an employment agreement between Scottish Re Holdings Limited and an individual executive (David Howell). It outlines terms of employment, compensation, termination provisions, confidentiality, non‑competition, and other HR‑related matters. It does not involve the transfer of insurance or reinsurance risk, nor does it reference any reinsurance treaty, retrocession, loss portfolio transfer, or any of the other categories listed as reinsurance agreements. Therefore it is not a reinsurance contract, nor does it contain any of the characteristics (obligatory, proportional, etc.) relevant to reinsurance classification.",False,,,,,
2008-1364250-0001364250-08-000021-ex10-1.htm,"The document is an $18 million loan agreement between DEG III, LLC (borrower) and Wells Fargo Bank (lender). It details loan terms, security, covenants, insurance requirements for the underlying real‑estate, and related loan documents. There is no transfer of insurance risk, retrocession, loss‑portfolio transfer, or any of the other forms of reinsurance listed in the criteria. It is a financing contract, not a reinsurance or retrocession treaty, nor an amendment to such a contract. Consequently it does not meet the definition of a reinsurance agreement.",False,,,,,
2008-49754-0001047469-08-001872-a2182992zex-10_33.htm,"The document is a “Class A‑1 Note Purchase Agreement” that sets out the terms for the issuance, purchase, and administration of securities (Series 2007‑1 Class A‑1 notes, swingline loans, letters of credit, etc.) between Applebee’s entities, investors, a swingline lender, and a letter‑of‑credit provider. It governs a securitisation/financing transaction, detailing advance procedures, interest, fees, covenants, and assignment provisions. There is no transfer of insurance risk, no reference to reinsurance, retrocession, loss‑portfolio transfers, catastrophe bonds, or any other risk‑transfer mechanism typical of reinsurance contracts. Consequently, it does not meet any of the listed criteria for a reinsurance agreement.",False,,,,,
2008-1364250-0001364250-08-000021-ex10-3.htm,"The document is a loan agreement between Douglas Emmett 2008, LLC (borrower) and a group of lenders, administered by General Electric Capital Corporation. It details loan terms, collateral, interest rates, covenants, and other financing provisions for real‑estate projects. It does not involve any transfer of insurance risk, retrocession, or any of the forms of reinsurance listed in the specifications. Therefore it is not a reinsurance agreement.",False,,,,,
2008-1165880-0001104659-08-013850-a08-5582_1ex10d5.htm,"The document is a **Service Agreement** (employment contract) between Montpelier Reinsurance Ltd and an executive, Christopher L. Harris. It sets out the terms of employment, remuneration, duties, confidentiality, termination, and post‑termination restrictions. The content does not involve any risk transfer, reinsurance treaty, retrocession, loss portfolio transfer, or any of the other types of agreements listed as reinsurance contracts. It is purely an internal employment arrangement and therefore does not meet the definition of a reinsurance agreement. Consequently, it is not a reinsurance contract, nor is it a main reinsurance contract, nor an obligatory reinsurance contract. No proportionality classification, insurance type, or class of business applies.",False,,,,,
2008-1009667-0000921895-08-000726-ex1054to10k03581_12312007.htm,"The document is an ""Excess Workers' Compensation Reinsurance Contract"" issued to AmCOMP Preferred Insurance Company and AmCOMP Assurance Corporation. It contains the full terms, conditions, schedule, and articles that define the reinsurance relationship, including retention, limits, reinstatement, premium, and other contractual provisions. This clearly constitutes a reinsurance agreement rather than an ancillary endorsement or amendment. Because it covers the company’s Workers’ Compensation and Employers Liability business on an excess basis, it is a non‑proportional (excess of loss) reinsurance treaty. Workers’ Compensation is a casualty line of business, which falls under the Non‑Life insurance category. The contract is a primary reinsurance treaty (not merely a renewal or amendment) and, by covering the entire Workers’ Compensation portfolio of the company, it functions as an obligatory reinsurance arrangement.",True,True,True,non-proportional,Non-Life,Casualty
2008-1064863-0000950133-08-003445-w71300exv10w2.htm,"The document is a Medicaid long‑term services agreement between the State of New Mexico (HSD/MAD and ALTSD) and Amerigroup Community Care of New Mexico, Inc. It establishes a managed‑care relationship, payment terms, provider requirements, quality‑assurance, and many operational provisions. Although the contract contains an internal “Reinsurance” clause (Article 3.11), the purpose of the agreement is to provide health and long‑term services, not to transfer insurance risk between insurers or reinsurers. Therefore it does not meet the definition of a reinsurance treaty, retrocession, or any of the other listed reinsurance‑type contracts.

**Conclusion:** The document is not a reinsurance agreement.",False,,,,,
2008-899051-0001047469-08-001846-a2182971zex-10_29.htm,"The document is an amended and restated Change of Control Employment Agreement between Allstate Corporation, Allstate Insurance Company, and a named executive. It sets out the executive’s compensation, termination, severance, and restrictive covenants. The content relates to executive employment terms, not to the transfer of insurance risk, retrocession, or any of the listed reinsurance contract types. Therefore it does not qualify as a reinsurance agreement, nor does it contain any reinsurance‑related provisions that would affect classification of proportionality, insurance type, or class of business.",False,,,,,
2008-913357-0001047469-08-003108-a2183833zex-10_6f.htm,"The document is an **award agreement for Dexia restricted stock** issued to an employee under an equity participation plan. It details vesting schedules, restricted periods, dividend rights, tax withholding, and other employment‑related stock award provisions. There is no transfer of insurance risk, nor does the document reference any reinsurance, retrocession, or insurance‑linked securities. Consequently, it does not meet any of the criteria listed for reinsurance agreements.",False,,,,,
2008-909109-0000893220-08-002262-w64766exv10w2.htm,,,,,,,
2008-1127703-0000950144-08-001477-g11855exv10w5.htm,,,,,,,
2008-874977-0001193125-08-056937-dex1038.htm,,,,,,,
2008-1041859-0001104659-08-057772-a08-22210_1ex10d8.htm,,,,,,,
2008-1294632-0001362310-08-008196-c78158exv10w10.htm,,,,,,,
