filename,reasoning,is_reinsurance,is_main_contract,is_obligatory,proportional_or_non_proportional,insurance_type,class_of_business
2019-1385613-0001385613-19-000082-a101waiverletteragreementj.htm,"The document is a letter agreement concerning the investment of Greenlight Reinsurance Ltd. and Greenlight Reinsurance Ireland DAC in a Cayman‑based limited partnership (Solasglas Investments, LP). It outlines cash holdings, fees, and execution formalities but does not transfer insurance risk, nor does it contain any of the hallmarks of a reinsurance or retrocession contract. Consequently, it is not a reinsurance agreement, nor does it establish any main or ancillary reinsurance terms. Because it is not a reinsurance contract, the remaining classification fields (obligatory status, proportionality, insurance type, and class of business) are not applicable.",False,,,,,
2019-1069996-0001069996-19-000090-exhibit103-19xf7v1101xre.htm,"The document is a full **Second and Third Event Excess Catastrophe Reinsurance Contract** between FedNat Insurance Company and Monarch National Insurance Company and a reinsurer. It contains the complete terms, definitions, retention, limits, territory, exclusions, premium, arbitration, etc., which makes it a stand‑alone reinsurance treaty rather than an amendment or endorsement.  

Because it is a treaty covering the insurer’s entire property portfolio (the “Classes of Business Reinsured” are listed as Property business – dwelling fire, inland marine, mobile home, commercial and homeowners), it transfers risk from the insurer to the reinsurer in an **excess‑of‑loss** manner (the insurer retains the first $10 million and the reinsurer covers losses above that up to specified limits). Excess‑of‑loss is a classic non‑proportional structure.  

The contract is not a facultative or optional arrangement; it is a required treaty that the insurer has entered into as part of its risk‑management program, which qualifies it as an **obligatory** reinsurance agreement.  

Therefore the document is a reinsurance agreement, it is the main contract, it is obligatory, it is non‑proportional, it concerns non‑life insurance, and the underlying class of business is Property.",True,True,True,non-proportional,Non-Life,Property
2019-1273813-0001273813-19-000025-ago-03312019x10qex102.htm,"The document is a Performance‑Based Restricted Stock Unit (RSU) award agreement for an executive of Assured Guaranty Ltd. It governs the grant, vesting, and settlement of equity compensation linked to the company’s Core Adjusted Book Value. The content pertains to employee compensation, stock units, and corporate governance, with no reference to risk transfer, reinsurance, retrocession, or any insurance‑related contract. Therefore it does not meet any of the criteria for a reinsurance agreement.",False,,,,,
2019-874501-0000874501-19-000068-a02-017ambcex103x1q191.htm,"The document is a **Performance Stock Unit Agreement** that grants equity‑based compensation to an employee of Ambac Financial Group, Inc. It describes the grant, vesting, settlement, and related terms of performance stock units under the company's incentive compensation plan. There is no transfer of insurance or reinsurance risk, no reference to any insurance portfolio, and no contractual language typical of reinsurance, retrocession, or other risk‑transfer agreements. Therefore, the document does **not** constitute a reinsurance agreement.",False,,,,,
2019-1598665-0001564590-19-007360-hrtg-ex108_93.htm,"The document is a Credit Agreement dated December 14, 2018 between Heritage Insurance Holdings, Inc. (the Borrower) and a syndicate of lenders. It outlines revolving loans, term loans, swingline loans, letters of credit, covenants, events of default, and collateral arrangements. The purpose of the agreement is to provide borrowing facilities and credit extensions, not to transfer insurance risk from an insurer to a reinsurer. There is no reinsurance treaty, retrocession, loss portfolio transfer, or any of the listed reinsurance‑type structures. Therefore it does not meet the definition of a reinsurance agreement.",False,,,,,
2019-1412100-0001412100-19-000061-q22019exhibit101adcfully.htm,"The document is an “Adverse Development Cover Agreement” between Maiden Reinsurance Ltd. (the ceding reinsurer) and Cavello Bay Reinsurance Ltd. (the retrocessionaire). It transfers the portion of liabilities that exceed a retention up to an aggregate limit from the ceding reinsurer to the retrocessionaire. This is a classic retrocession (reinsurance of reinsurance) arrangement and therefore qualifies as a reinsurance agreement. The agreement contains all substantive terms (coverage, premium, obligations, termination, etc.) and is not merely an amendment or endorsement, so it functions as the main contract rather than an ancillary document.  

The coverage is provided on a portfolio‑wide basis (the “Underlying Business”) and is not facultative; it obligates the retrocessionaire to cover all covered losses of the quota‑share portfolio in excess of the retention. Hence it is an obligatory (treaty‑type) reinsurance contract.  

The structure of the cover is excess‑of‑loss: the retrocessionaire pays losses only after the ceding reinsurer’s retention is exhausted, up to an aggregate limit. This is a non‑proportional arrangement.  

The underlying insurance is non‑life (property‑casualty) in nature, as the underlying policies are typical commercial property and liability policies held by AmTrust International Insurance. Therefore the insurance type is “Non‑Life”.  

Given the nature of the underlying policies (commercial liability, property damage, etc.) the most appropriate class of business is “Casualty”.",True,True,True,non-proportional,Non-Life,Casualty
2019-913144-0000913144-19-000010-ex1018camendmenttopledgeag.htm,"The document is an amendment to a pledge agreement between Citibank and Renaissance Reinsurance Ltd. It concerns collateral arrangements for a credit facility, not the transfer of insurance risk. It does not constitute a reinsurance, retrocession, or any other agreement that transfers insurance risk. Therefore it is not a reinsurance agreement.",False,,,,,
2019-1171662-0001140361-19-020056-ex10_1.htm,"The document is an amendment to a contract for the provision of physical and behavioral health services between the Puerto Rico Health Insurance Administration (ASES) and Triple‑S Salud, Inc. It modifies operational, reporting, and payment terms of a managed‑care agreement. The content does not involve any transfer of insurance risk from one insurer to another, nor does it constitute a reinsurance, retrocession, or any of the listed reinsurance‑type agreements. Accordingly, it is not a reinsurance contract, nor an ancillary amendment to one.",False,,,,,
2019-717423-0000717423-19-000030-mur-20190331xex10_3.htm,"The document is a Share Sale and Purchase Agreement concerning the sale of the entire issued share capital of Murphy Sarawak Oil Co., Ltd. and Murphy Sabah Oil Co., Ltd. It details the terms of the share transfer, purchase price, warranties, covenants, and related corporate and regulatory matters. There is no reference to any reinsurance, retrocession, loss portfolio transfer, catastrophe bond, or any other risk‑transfer agreement that would fall under the definitions of a reinsurance contract. As such, the document does not meet any of the criteria listed for reinsurance agreements.",False,,,,,
2019-800457-0001193125-19-074944-d664922dex1040.htm,"The document is a Credit Agreement between Donegal Group Inc. (the Borrower) and M&T Bank (the Bank). It outlines a loan facility, interest rates, covenants, events of default, and related financing terms. There is no transfer of insurance risk from an insurer to a reinsurer, nor any of the other reinsurance‑related arrangements listed (retrocession, loss portfolio transfer, catastrophe bond, etc.). Therefore, the document does not meet the definition of a reinsurance agreement.",False,,,,,
2019-1576018-0001576018-19-000028-exhibit10281scheduleofsign.htm,"The document is an exhibit that lists the signatories to a Director and Officer Indemnification Agreement. It does not contain any contractual terms that transfer insurance risk, nor does it constitute a reinsurance, retrocession, or any other type of reinsurance agreement. It is merely an ancillary corporate document related to internal indemnification and therefore does not meet the criteria for a reinsurance contract.",False,,,,,
2019-1167609-0001167609-19-000011-bhny-20190630xex101.htm,"The document is an Investment Management Agreement between Brighthouse Services, LLC and MetLife Investment Management, LLC. Its purpose is to set out the terms under which the Investment Adviser will manage the investment assets of various insurance companies and related trust accounts. Although the agreement references “reinsurance trust agreements” and related trust accounts, it does not create a risk‑transfer arrangement that is characteristic of a reinsurance contract. Instead, it governs investment advisory services, fees, reporting, and operational matters. Consequently, the document does not meet any of the criteria listed for reinsurance agreements, nor does it constitute a main reinsurance contract, an obligatory reinsurance contract, nor specify proportional or non‑proportional terms, insurance type, or class of business.",False,,,,,
2019-1378992-0001378992-19-000015-exhibit104.htm,"The document is an Amended and Restated First Lien Bridge Credit Agreement between Berry Global Group, Inc., its subsidiaries and a group of lenders. It details loan commitments, interest rates, collateral arrangements, and various covenants related to a senior secured credit facility used to finance an acquisition. There is no indication that the agreement transfers insurance risk, nor does it involve any reinsurance, retrocession, or insurance-linked securities. Therefore, it does not meet any of the criteria for a reinsurance agreement.",False,,,,,
2019-1452936-0001452936-19-000018-kbssorq12019exhibit101.htm,"The document is an Amended and Restated Building Loan Agreement for a $45.9 million commercial real‑estate loan. It sets out loan terms, interest rates, advances, covenants, and security arrangements. There is no transfer of insurance risk, nor does it involve any reinsurance, retrocession, or other risk‑transfer contracts listed as reinsurance agreements. It is a direct loan agreement between a borrower and lenders, not an insurance or reinsurance contract. Therefore it is not a reinsurance agreement.",False,,,,,
2019-1513761-0001144204-19-010508-tv513897_ex10-48.htm,"The supplied document is an extensive loan agreement and related financing documentation for the construction and purchase of a cruise ship. It details the parties, loan facility, conditions, drawdowns, interest, repayment, covenants, security interests, and related administrative provisions. The content is clearly a credit facility (loan agreement) rather than an insurance or reinsurance contract. Consequently it does not fall under any of the categories of reinsurance agreements listed, nor does it contain any reinsurance, retrocession, or insurance‑linked securities terms. As such, it is not a reinsurance contract, nor does it contain a main reinsurance contract, nor does it describe an obligatory reinsurance arrangement. Accordingly, the fields for reinsurance classification are set to false/None.",False,,,,,
2019-9346-0000009346-19-000012-ex10_12.htm,"The document is a Confidentiality, Non‑Competition, and Non‑Solicitation Agreement between an insurance company and an executive. It governs employment terms, restrictive covenants, and post‑employment obligations. It does not contain any provisions that transfer insurance risk, nor does it constitute a reinsurance, retrocession, or any other type of risk‑transfer agreement. Therefore it is not a reinsurance contract.",False,,,,,
2019-1267395-0001267395-19-000008-exhibit10502018rsuawardagr.htm,"The document is a Restricted Share Unit (RSU) Award Agreement, which is an executive compensation contract granting equity units to an employee. It concerns the company's share incentive plan, vesting schedules, dividend equivalents, and related corporate governance matters. It does not involve any transfer of insurance or reinsurance risk, nor does it constitute a reinsurance treaty, retrocession, or any of the listed reinsurance contract types. Therefore it is not a reinsurance agreement.",False,,,,,
2019-1648087-0001078782-19-000537-f10q033119_ex10z10.htm,"The document is a **working capital loan agreement and promissory note** between Paladin Reinsurance Company (acting as lender) and American Rebel Holdings, Inc. (borrower). It details a loan of $400,000 with interest, repayment terms, and related covenants. Although the lender is a reinsurance company, the instrument is a **financial loan**, not a reinsurance contract that transfers insurance risk. Loans, notes, and credit facilities are explicitly listed among the **non‑reinsurance** categories (e.g., “Loans and credit instruments except for Catastrophe Bonds and other Insurance Linked Securities”). Consequently, the document does not meet any of the criteria for a reinsurance agreement, retrocession, or any of the listed reinsurance‑type contracts. Therefore:

- It is **not** a reinsurance agreement.
- As it is not a reinsurance contract, it cannot be classified as a main or ancillary reinsurance contract.
- No obligor/obligatory reinsurance status applies.
- No proportional/non‑proportional classification is relevant.
- No insurance type or class of business can be assigned.",False,,,,,
2019-877212-0000877212-19-000034-exhibit102conformedcre.htm,"The document is an amendment and restatement of a credit agreement for Zebra Technologies Corporation and its UK subsidiary. It details loan terms, definitions, covenants, events of default, and administrative agents. It does not pertain to insurance, reinsurance, or any risk transfer contract. Therefore it is neither a reinsurance agreement nor a related ancillary document.",False,,,,,
2019-1668428-0001668428-19-000032-fg-12312018x10xkex1053.htm,"The document is a **Non‑Statutory Stock Option Agreement** issued under an employee incentive plan. It details the grant, vesting, exercise, and termination of stock options for an individual grantee. There is no transfer of insurance risk, no reinsurance or retrocession language, and no reference to any insurance portfolio. Therefore it does not meet any of the criteria for a reinsurance agreement, nor does it represent a main reinsurance contract, obligatory reinsurance, or contain proportional/non‑proportional terms. Consequently, all insurance‑related classifications are not applicable.",False,,,,,
2019-70502-0000070502-19-000004-nrucfcfy2019q2form10-qex102.htm,"The document is an amendment (Amendment No. 3) to an Amended and Restated Revolving Credit Agreement between National Rural Utilities Cooperative Finance Corporation and a group of banks. It details extensions of credit commitments, termination of certain commitments, and various procedural provisions related to a credit facility. There is no transfer of insurance risk, nor any reference to reinsurance, retrocession, or insurance‑linked contracts. Consequently, this document does not meet any of the criteria listed for a reinsurance agreement.",False,,,,,
2019-1301787-0001301787-19-000061-exhibit101formofpurchase.htm,"The document is a Purchase and Sale Agreement for real property between a seller (ABP LLC) and a buyer (BIG Acquisitions LLC). It sets out terms for the transfer of land, deposits, due‑diligence, title, closing, and related covenants. It contains no language transferring insurance risk, nor does it reference reinsurance, retrocession, or any form of risk transfer typical of reinsurance contracts. Consequently, it does not meet any of the criteria for a reinsurance agreement.",False,,,,,
2019-874501-0000874501-19-000068-a02-017ambcex104x1q191.htm,"The document is a Performance Stock Unit Agreement that grants equity‑based compensation to an employee. It outlines the terms for granting, vesting, settlement, and tax withholding of performance stock units. There is no transfer of insurance risk, no reference to reinsurance, retrocession, or any insurance‑related coverage. It is a compensation plan, not an insurance or reinsurance contract. Therefore it is not a reinsurance agreement, nor does it constitute a main or ancillary reinsurance contract, nor any obligatory reinsurance arrangement. Consequently, the remaining classification fields (proportionality, insurance type, class of business) are not applicable.",False,,,,,
2019-1527469-0001527469-19-000035-q22019exhibit107.htm,"The document is a restricted share unit (RSU) award notice and associated agreement under Athene Holding Ltd.’s 2019 Share Incentive Plan. It outlines the granting, vesting, settlement, tax, and restrictive covenants for an equity compensation award to an employee. It does not involve any transfer of insurance risk, reinsurance, retrocession, loss portfolio transfer, or any of the listed reinsurance‑related arrangements. Therefore it is not a reinsurance agreement.",False,,,,,
2019-5272-0000005272-19-000031-exhibit10002.htm,"The document is an internal Long Term Incentive Plan for AIG officers and key employees. It describes performance‑share units, restricted stock units, stock options, vesting, termination, and related administration. It does not involve the transfer of insurance risk, nor does it constitute a reinsurance, retrocession, or any other risk‑transfer agreement listed in the reinsurance criteria. Therefore it is not a reinsurance agreement.",False,,,,,
2019-837010-0000837010-19-000126-vriac2019q110-qex101.htm,"The document is a “Second Amended and Restated Services Agreement” that sets out the provision of a wide range of administrative, consulting, and operational services among Voya affiliates. While one of the listed service categories (Exhibit A‑11) concerns “Reinsurance Management and Administration Services,” the agreement itself is a services contract, not a reinsurance treaty, retrocession agreement, or any other form of contract that directly transfers insurance risk. The primary purpose is to allocate service costs and define service delivery, not to create or modify reinsurance coverage. Consequently, the document does not meet the definition of a reinsurance agreement.",False,,,,,
2019-800457-0001193125-19-216557-d718901dex103.htm,"The document is an Employee Stock Purchase Plan (ESPP) describing how eligible employees may purchase company stock at a discount. It outlines eligibility, subscription periods, contribution methods, and plan administration. Although it references “quota share reinsurance” only to define participating companies, the document does not create, modify, or embody any reinsurance contract, retrocession, or other risk‑transfer agreement. Consequently, it does not meet any of the criteria for a reinsurance agreement, nor does it contain a main or ancillary reinsurance contract.",False,,,,,
2019-1304280-0001304280-19-000024-exhibit104-ablamendmentno2.htm,"The provided document is an amendment to a credit agreement (EXHIBIT 10.4 ABL AMENDMENT) that modifies loan terms, revolving commitments, and related financial covenants. It concerns borrowing, credit facilities, and security arrangements between lenders and borrowers, without any reference to insurance, reinsurance, or risk transfer contracts typical of reinsurance agreements. Consequently, it does not meet any of the criteria for being classified as a reinsurance agreement.",False,False,,,,
2019-1674910-0001674910-19-000065-amendmentandrestatemen.htm,"The document is an “Amendment and Restatement Credit Agreement” for Valvoline Inc. It concerns the amendment, restatement, and extension of a loan/credit facility, detailing loan terms, interest rates, covenants, security, and administrative agent responsibilities. There is no reference to insurance, reinsurance, retrocession, or any risk transfer arrangement characteristic of reinsurance contracts. Consequently, it does not meet any of the criteria listed for reinsurance agreements.",False,,,,,
2019-776867-0000776867-19-000008-wtm10-k2018ex107.htm,"The document is a “Second Amended and Restated Supplemental Trust Agreement” that creates and governs a trust account used to secure payments under a separate “First Loss Reinsurance Treaty Agreement”. The agreement itself does not constitute a reinsurance contract; it is a financial‑guarantee‑type arrangement that secures the obligations of an existing reinsurance treaty. According to the provided rules, financial guarantees and other agreements that secure payment obligations arising from reinsurance contracts are explicitly listed as **NOT** reinsurance agreements. Therefore, this document should be classified as not a reinsurance agreement, and consequently it is not a main contract, nor an obligatory reinsurance contract, and the other classification fields do not apply.",False,,,,,
2019-1576018-0001576018-19-000046-amendedformofemployeerestr.htm,"The document is an Employee Restricted Shares Agreement describing an equity incentive plan for an employee of Third Point Reinsurance Ltd. It outlines the grant, vesting, and restrictions of company shares. This is an internal compensation arrangement, not a contract transferring insurance risk. Consequently, it does not meet any of the criteria for a reinsurance agreement, main reinsurance contract, or related classifications.",False,,,,,
2019-1653558-0001628280-19-010770-exhibit103.htm,"The document is a “Fifth Amendment to the Credit and Guaranty Agreement,” which amends a loan and guaranty arrangement between borrowers, guarantors, lenders, and an administrative agent. It details changes to definitions, covenant calculations, and repayment terms for a credit facility. The content does not describe the transfer of insurance risk, nor does it constitute a reinsurance, retrocession, or any of the other listed reinsurance‑type agreements. Therefore, it is not a reinsurance contract.",False,,,,,
2019-1752039-0001193125-19-117007-d928973dex101.htm,"The document is a Management Agreement between Positive Physicians Insurance Company (the insurer) and Diversus Management, Inc. (the management services provider). Its purpose is to set out the provision of administrative, underwriting, claims, accounting, and other management services for the insurer. While the agreement includes a provision that the Management Company will handle the placement of reinsurance required by law (Section f), the contract itself does not transfer insurance risk from the insurer to a reinsurer; it merely outlines how reinsurance will be placed and administered. Therefore, the document is not a reinsurance contract itself, but an ancillary services agreement. Consequently it does not meet the definition of a reinsurance agreement, nor does it constitute a main reinsurance contract, nor an obligatory reinsurance arrangement. No proportional or non‑proportional terms, insurance type, or class of business can be derived from this management‑service document.",False,,,,,
2019-1576018-0001576018-19-000046-bredahlemploymentagreement.htm,"The document is an amendment to an employment agreement for an executive of Third Point Reinsurance Ltd. It deals with salary, duties, and corporate titles, not with the transfer of insurance risk, reinsurance terms, or any of the contract types listed as reinsurance agreements. Consequently, it does not meet any of the criteria for a reinsurance agreement, nor does it constitute a main reinsurance contract, an obligatory reinsurance contract, or contain proportional/non‑proportional reinsurance terms. Therefore, all reinsurance‑specific classification fields are not applicable.",False,,,,,
2019-850141-0001628280-19-002351-exhibit1013ntapurchaseag.htm,"The document is a **Purchase Agreement** for the sale of membership interests and minority‑owned shares of a life‑insurance holding company (NTA Life Enterprises, LLC) and its subsidiaries.  
Its primary purpose is the transfer of equity ownership, not the creation, modification, or termination of a reinsurance contract. Although the agreement contains a section describing “Existing Reinsurance Contracts” (Section 3.12), this merely lists the reinsurance arrangements that the insured entities already have; it does not establish a new reinsurance contract nor modify an existing one.  

According to the provided criteria, a document is considered a reinsurance agreement only if it **constitutes a reinsurance contract, retrocession agreement, or similar risk‑transfer instrument**. This purchase agreement does not meet that definition, so it is **not a reinsurance agreement**.

Consequently, all subsequent classification fields that apply only to reinsurance contracts are indeterminate and should be set to `None`.",False,,,,,
2019-733076-0000733076-19-000013-bhinsurance-20190630xe101.htm,"The document is an **Investment Management Agreement** between Brighthouse Services, LLC and MetLife Investment Management, LLC. It outlines the appointment of the Investment Adviser to manage and supervise investment assets of various Brighthouse affiliated insurance companies. The agreement relates to investment advisory services, asset management, fees, reporting, and related operational provisions. It does **not** transfer insurance risk from the insurer to a reinsurer, nor does it constitute a reinsurance, retrocession, or any other risk‑transfer contract as defined in the guidelines. Consequently, it is not a reinsurance agreement.",False,,,,,
2019-887733-0000887733-19-000016-centralgardenexhibit102.htm,"The document is a “Second Amended and Restated Credit Agreement” for Central Garden & Pet Company, outlining loan facilities, revolver commitments, covenants, definitions of collateral, borrowing bases, and related banking arrangements. It is a loan/credit contract between a corporate borrower and financial institutions, not a reinsurance treaty, retrocession, or any of the other agreements listed as reinsurance. Therefore it does not meet the criteria for a reinsurance agreement.",False,,,,,
2019-898174-0000898174-19-000019-ex1022019q110-qstockapprec.htm,"The document is a Stock Appreciation Right (SAR) award agreement issued by Reinsurance Group of America, Inc. to an employee under its flexible stock plan. It governs the grant, vesting, exercise, and termination of equity compensation. There is no transfer of insurance risk, no reinsurance or retrocession arrangement, and it does not relate to any insurance or reinsurance contract. Therefore, it is not a reinsurance agreement.",False,,,,,
2019-1385613-0001385613-19-000053-a101greenlight_restrictedx.htm,"The document is a Restricted Stock Award Agreement associated with a company’s stock incentive plan. It governs the grant, vesting, and repurchase of restricted shares to an employee. It does not involve the transfer of insurance risk, reinsurance, retrocession, or any of the listed reinsurance contract types. Therefore it is not a reinsurance agreement and none of the subsequent reinsurance-specific classifications apply.",False,,,,,
2019-813920-0000813920-19-000060-a101firstliencreditagreeme.htm,"The document is a credit and intercreditor agreement governing loans, revolving facilities, collateral, and related financial arrangements between CEC Entertainment, its subsidiaries, lenders, and various agents. It does not involve the transfer of insurance risk, reinsurance terms, or any of the contract types listed as reinsurance agreements (e.g., quota share, excess of loss, retrocession, etc.). Therefore, it is not a reinsurance agreement.",False,,,,,
2019-1400810-0001193125-19-215297-d648468dex1033.htm,"The document is titled “Property Catastrophe First Excess of Loss Reinsurance Contract” and sets out the terms under which TYPTAP Insurance (the reinsurer) will indemnify Homeowners Choice Property & Casualty Insurance Company for net excess liability on its property catastrophe portfolio. This is a classic reinsurance treaty (obligatory excess‑of‑loss treaty) rather than a direct insurance policy or a letter of credit. The entire contract, including its preamble, articles, and attachments, constitutes the main reinsurance agreement; there is no separate ancillary endorsement attached. Because the treaty mandates coverage of the insurer’s entire portfolio of property catastrophe risks (subject to specific exclusions) and the reinsurer’s obligation is automatic upon the occurrence of loss, it is an obligatory reinsurance contract. The contract provides coverage on a “first excess of loss” basis, which is a non‑proportional form of reinsurance. The underlying risk is property catastrophe, a non‑life line of business, and the specific class of business is Property.",True,True,True,non-proportional,Non-Life,Property
2019-1400810-0001193125-19-215297-d648468dex1040.htm,"The document is titled **“TOP LAYER PROPERTY CATASTROPHE EXCESS OF LOSS REINSURANCE CONTRACT”** and contains the full terms, conditions, retention, limits, premiums, definitions, and procedural articles of a reinsurance agreement between **Homeowners Choice Property & Casualty Insurance Company, Inc.** and **TYPTAP Insurance Company**. It establishes a reinsurance treaty covering the ceding insurer’s property catastrophe portfolio, specifies the excess‑of‑loss structure, and includes all principal contract provisions (e.g., business covered, retention and limit, term, premium, exclusions, etc.). Therefore it is a full reinsurance contract (not merely an amendment or endorsement) and qualifies as a main contract.

The contract transfers risk from the ceding insurer to the reinsurer on a portfolio basis, not on a single‑named‑insured basis, indicating an **obligatory** treaty rather than a facultative arrangement.

The contract is an **Excess of Loss** treaty, which is a classic **non‑proportional** reinsurance structure.

The underlying insurance is property‑related (homeowners, condo, renters, flood), which falls under **Non‑Life** insurance.

Within the provided classification scheme, the business covered is property damage from fire, wind, flood, etc., aligning with the **Property** class of business.

Hence the appropriate classifications are:

- Reinsurance agreement: Yes
- Main contract: Yes
- Obligatory: Yes
- Non‑proportional
- Non‑Life
- Property",True,True,True,non-proportional,Non-Life,Property
2019-898174-0000898174-19-000019-ex1012019q110-qperformance.htm,"The document is a Performance Contingent Share Agreement that grants equity compensation to an employee of Reinsurance Group of America. It outlines the terms for awarding performance shares based on the company's financial metrics and does not involve any transfer of insurance risk, nor does it constitute a reinsurance, retrocession, or any other form of risk‑transfer contract. Consequently, it does not meet any of the criteria listed for reinsurance agreements. Therefore, it is not a reinsurance agreement and none of the subsequent classification fields apply.",False,,,,,
2019-886982-0001193125-19-050198-d669877dex1046.htm,"The document is a “One‑Time RSU Award Agreement” governing the grant, vesting, delivery, and forfeiture of restricted stock units (RSUs) to an employee of The Goldman Sachs Group, Inc. It pertains to equity compensation under the firm’s internal stock incentive plan and contains provisions related to vesting, dividend equivalents, tax withholding, and employment termination. It does not involve any transfer of insurance risk, reinsurance, retrocession, loss portfolio transfers, catastrophe bonds, or any other form of insurance risk transfer. Consequently, it does not meet any of the criteria for a reinsurance agreement.",False,,,,,
2019-50725-0000050725-19-000037-griffon-fifthamendment.htm,"The document is a Fifth Amendment to a credit agreement involving Griffon Corporation, its lenders, and the appointment of a new administrative agent. It contains amendments to loan terms, assignments of lender interests, and various covenant and guarantee provisions. The content pertains to corporate financing and loan arrangements, not to any insurance or reinsurance contract. Consequently, it does not meet the definitions of a reinsurance agreement, nor does it involve any insurance risk transfer.",False,,,,,
2019-1668428-0001668428-19-000032-fg-12312018x10xkex1073.htm,"The document is a **Non‑Statutory Stock Option Agreement** granting the grantee the right to purchase shares of the company’s stock. It governs equity compensation, vesting schedules, exercise procedures, and related employment covenants. It does not involve any transfer of insurance risk, reinsurance, retrocession, loss‑portfolio transfer, or any of the listed reinsurance‑type arrangements. Consequently it is not a reinsurance agreement, nor does it contain any reinsurance‑related contractual terms.",False,,,,,
2019-1362468-0001362468-19-000036-a2019q2exhibit101.htm,"The document is a “Credit Agreement” concerning a loan facility for the purchase of an aircraft. It details loan commitments, interest, security interests, mortgage documents, and related covenants. There is no reference to reinsurance, retrocession, or any risk‑transfer contract that would qualify as a reinsurance agreement. Therefore it falls outside the list of reinsurance agreements and is classified as a financing (loan) contract, not a reinsurance contract.",False,,,,,
2019-5513-0000005513-19-000122-unm06302019ex101.htm,"The document is an “Amended and Restated Credit Agreement” and associated exhibits that establish a revolving credit facility, letters of credit, swingline loans and related financial covenants. It governs borrowing, lending, interest, fees, and collateral arrangements between Unum Group (the Borrower) and multiple lenders. While the agreement defines “Reinsurance Agreement” for other contexts, the contract itself does not transfer insurance risk, nor does it involve any of the listed reinsurance types (e.g., quota share, excess of loss, retrocession, loss portfolio transfer). Therefore it is not a reinsurance agreement.",False,,,,,
2019-1527469-0001527469-19-000035-q22019exhibit105.htm,"The document is an exhibit containing a “Restricted Share Award Notice” and the accompanying “Restricted Share Award Agreement” for an employee share‑incentive plan of Athene Holding Ltd. It establishes the terms under which the company grants restricted shares to an employee, including vesting schedules, tax withholding, and restrictive covenants. This is an equity compensation arrangement, not a contract that transfers insurance risk from a cedent to a reinsurer, nor does it involve any reinsurance, retrocession, or related risk‑transfer mechanisms. Consequently, it does not meet any of the criteria listed for reinsurance agreements.",False,,,,,
2019-1637655-0001637655-19-000079-d742864dex101.htm,"The document is a “Fifth Amendment to Credit Agreement” that amends the terms of a term loan credit agreement, adds schedules, defines loan commitments, interest rates, repayment terms, and other loan‑related provisions. It deals with borrowing, lenders, administrative agents, and credit facilities. There is no reference to insurance, reinsurance, retrocession, or any risk transfer contract. Therefore it is not a reinsurance agreement and none of the reinsurance‑specific classification fields apply.",False,,,,,
2019-1018979-0001564590-19-005456-amsf-ex1020_229.htm,"The document is a detailed “Casualty Catastrophe XOL Contract” between American Interstate Insurance Company (the Company) and a subscribing reinsurer. The contract sets out coverage, term, exclusions, premiums, reinstatement, and many procedural provisions typical of a full reinsurance treaty. It transfers the excess liability of the Company’s workers’ compensation, employers’ liability, and related casualty lines to the reinsurer. This is a classic example of a reinsurance agreement, not an ancillary amendment. The contract provides the complete terms of the reinsurance relationship, therefore it is a main contract. It is an obligatory treaty covering the Company’s entire portfolio of casualty policies rather than a facultative or limited‑capacity arrangement, so it is an obligatory reinsurance contract. The coverage is structured as “Excess of loss” (catastrophe XOL), which is a non‑proportional form of reinsurance. The underlying insurance is casualty (workers’ compensation, employers’ liability), which falls under Non‑Life insurance. Within the classification schema, this contract relates to the “Casualty” class of business.",True,True,True,non-proportional,Non-Life,Casualty
2019-1400810-0001193125-19-215297-d648468dex1044.htm,"The document is titled **“Reinstatement Premium Protection Reinsurance Contract”** and sets out the terms under which the reinsurer will pay the reinstatement premium obligations of an underlying Working Layer Catastrophe Excess‑of‑Loss reinsurance contract. This is explicitly a reinsurance agreement (a reinstatement premium protection contract is listed among the reinsurance agreement types). The contract contains all principal terms (coverage, term, premium, definitions, etc.) and is not merely an amendment or endorsement, therefore it is a main contract. Because it provides premium protection for an underlying reinsurance contract that is part of the insurer’s primary program, it functions as an obligatory protection (obligatory contracts include reinstatement premium protection relative to obligatory contracts). The underlying contract is a catastrophe excess‑of‑loss (non‑proportional) arrangement, and the premium protection itself follows the same non‑proportional risk‑transfer logic, so it is classified as **non‑proportional**. The covered business is homeowners, condominium, renters and dwelling property perils, indicating **Non‑Life** insurance and specifically the **Property** class of business.",True,True,True,non-proportional,Non-Life,Property
2019-1214816-0001214816-19-000010-axs-20181231xexx1021.htm,"The document is an employment letter agreement describing the terms of an international assignment for an employee who will be seconded to a reinsurance subsidiary. It outlines compensation, benefits, housing allowance, tax preparation, and visa assistance. There is no provision of risk transfer, indemnity, or any of the contractual elements that define a reinsurance or retrocession agreement. Therefore, the document does not constitute a reinsurance contract or any ancillary reinsurance amendment.",False,,,,,
2019-59527-0000059527-19-000038-exhibit101q32019.htm,"The document is a First Amendment to a Note Purchase Agreement, which governs the terms of a debt instrument (notes) issued by Lincoln Electric entities and purchased by various investors, including life insurance companies. It amends financial covenants, leverage ratios, and definitions related to the note issuance. This is a securities / loan agreement, not a reinsurance contract, retrocession, or any of the listed reinsurance types. Therefore it does not meet the criteria for a reinsurance agreement.",False,,,,,
2019-877860-0000877860-19-000006-nhi-12312018x10kex1036.htm,"The document is a Construction and Term Loan Agreement between a borrower (LCS‑Westminster Partnership IV LLP) and a lender (National Health Investors, Inc.). It details loan terms, interest rates, covenants, security interests, and construction financing for a senior‑care facility. This is a direct loan/term loan contract, not a reinsurance, retrocession, or any other risk‑transfer agreement. Therefore it does not meet any of the criteria for a reinsurance agreement.",False,,,,,
2019-1513761-0001144204-19-010508-tv513897_ex10-50.htm,"The document is a syndicated loan agreement (a financing contract) for the construction and purchase of a cruise ship. It outlines loan facilities, interest, drawdown, security, and related covenants between a borrower and lenders, with involvement of SACE and other agents. There is no reinsurance treaty, retrocession, or any risk‑transfer contract typically classified as reinsurance. Consequently the document does not meet the definition of a reinsurance agreement.",False,,,,,
2019-1333274-0001193125-19-041195-d705406dex101.htm,"The document is a **Revolving Facility Agreement** for a group of corporate borrowers (ZELLSTOFF‑UND PAPIERFABRIK ROSENTHAL, MERCER TIMBER PRODUCTS, etc.). It outlines loan terms, interest, utilization, guarantees, covenants, and related banking provisions. This is a financing contract, not an insurance or reinsurance agreement. The content does not involve the transfer of insurance risk, retrocession, catastrophe bonds, or any of the listed reinsurance types. Therefore it is not classified as a reinsurance document.",False,,,,,
2019-1289419-0001289419-19-000225-redline-bamlmorningsta.htm,"The document is an amendment (Amendment No. 1) to a Credit Agreement between Morningstar, Inc. and various lenders, administered by Bank of America. It outlines modifications to loan terms, covenants, and credit facilities, including definitions of loans, letters of credit, and various financial covenants. The content pertains to a corporate financing arrangement and not to any insurance or reinsurance contract. Therefore, it does not meet any of the criteria for a reinsurance agreement, nor does it constitute a main reinsurance contract, an obligatory reinsurance contract, or any type of proportional or non‑proportional reinsurance. Consequently, no insurance type or class of business applies.",False,,,,,
2019-1527469-0001527469-19-000035-q22019exhibit108.htm,"The document is a non‑qualified stock option award notice and the accompanying stock option agreement for Athene Holding Ltd.’s 2019 Share Incentive Plan. It governs the grant, vesting, exercise, and related restrictive covenants of equity compensation to an employee. It does not involve any transfer of insurance risk, reinsurance or retrocession arrangements, nor does it constitute a reinsurance treaty, portfolio transfer, or any other type of reinsurance contract as defined in the classification rules. Consequently, it is not a reinsurance agreement and none of the subsequent classification fields apply.",False,,,,,
2019-822370-0001615774-19-007534-s118081_ex10-1.htm,"The document is an “Amended and Restated Separation and Distribution Agreement” that governs the corporate separation of Telemynd from its parent, the transfer of assets and liabilities, and the distribution of shares. It deals with corporate restructuring, tax matters, and corporate governance, but contains no provisions transferring insurance risk, reinsurance or retrocession, nor does it reference any reinsurance contract, treaty, or insurance coverage. Therefore it does not meet the definition of a reinsurance agreement.",False,,,,,
2019-1400810-0001193125-19-215297-d648468dex1031.htm,"The document is titled **PROPERTY CATASTROPHE EXCESS OF LOSS REINSURANCE CONTRACT** and contains the full terms, conditions, retention and limit schedule, premiums, reinstatement, exclusions, and other typical sections of a reinsurance treaty. It establishes the contractual relationship between **HOMEOWNERS CHOICE PROPERTY & CASUALTY INSURANCE COMPANY, INC.** (the cedent) and **TYPTAP INSURANCE COMPANY** (the reinsurer). The contract specifies layers of excess‑of‑loss coverage, which is a classic non‑proportional reinsurance structure. The coverage pertains to property perils (homeowners, condominium, renters, dwelling) and references the Florida Hurricane Catastrophe Fund, confirming it is a non‑life property line. As the document contains the complete agreement and not merely an amendment or endorsement, it is a main reinsurance contract. The treaty is obligatory in nature (a standard treaty between the insurer and reinsurer).",True,True,True,non-proportional,Non-Life,Property
2019-1323468-0001558370-19-004623-glp-20190331ex101e4ca1a.htm,"The document is an amendment to a credit agreement involving loan facilities, lenders, borrowers, and related financial covenants. It pertains to a credit facility and loan restructuring, not to any form of reinsurance, retrocession, or insurance-linked securities. Therefore it does not meet any of the criteria for a reinsurance agreement.",False,,,,,
2019-1095073-0001095073-19-000011-citibankamend2018.htm,"The document is a deed of amendment to a “Committed Facility Letter for Issuance of Payment Instruments” between Citibank and Everest Reinsurance. It amends the terms of a credit facility (letters of credit) and adds data‑protection clauses. It does not create, modify, or reference any reinsurance or retrocession contract, nor does it involve the transfer of insurance risk. Accordingly it is not a reinsurance agreement, nor an ancillary amendment to one.",False,,,,,
2019-1433195-0001433195-19-000016-a123118exhibit1017.htm,"The document is an amendment (Amendment Number Two) to a credit agreement for a corporate borrower (AppFolio, Inc.). It deals with loan terms, covenants, financial reporting, and related matters. It does not involve any reinsurance, retrocession, or any type of risk transfer agreement. Therefore it is not a reinsurance agreement.",False,,,,,
2019-913144-0000913144-19-000023-ex103b-ukaccessiontoci.htm,"The document is an Accession Undertaking whereby RenaissanceRe (UK) Limited accedes to an existing Master Agreement between several Renaissance Re entities and Citibank Europe Plc. The Master Agreement concerns the issuance of payment instruments (i.e., a financing or credit facility) and not the transfer of insurance risk. Although the parties are reinsurance companies, the agreement itself is a financial/credit arrangement rather than a reinsurance treaty, retrocession, or any of the listed reinsurance contract types. Consequently, the document does not meet the definition of a reinsurance agreement.",False,,,,,
2019-1328581-0001328581-19-000025-prudentialrtoneex1015.htm,"The document is a Group Annuity Contract between a primary insurer (Prudential) and a pension plan sponsor (Boise Cascade). It details the terms of a life annuity benefit for plan participants, including premium schedules, separate account provisions, and payment terms. This is a direct insurance policy, not a contract that transfers risk to another insurer. Consequently, it does not meet any of the criteria listed for reinsurance agreements. As it is not a reinsurance contract, none of the subsequent classification fields apply.",False,,,,,
2019-913144-0000913144-19-000010-ex1017bamendmenttofacility.htm,"The document is an amendment to a “Committed Letter of Credit Facility” issued by Citibank to three reinsurance companies. It merely extends the termination date of the credit facility and does not create, modify, or terminate a reinsurance contract or any risk‑transfer agreement that would be classified as reinsurance. Letters of credit are explicitly listed among the documents that are **not** considered reinsurance agreements. Consequently, the document does not meet any of the criteria for a reinsurance contract, nor does it contain a main reinsurance contract, obligatory status, proportionality, insurance type, or class of business.",False,,,,,
2019-1637655-0001637655-19-000136-hzn-063019xexh104.htm,"The document is an “Omnibus Consent, Waiver and Amendment” that amends a term loan credit agreement and provides consent for the reorganization of subsidiaries. It deals with loan documentation, governance, and corporate restructuring, not with the transfer of insurance risk. Consequently it does not fall under any of the categories of reinsurance agreements listed (e.g., reinsurance treaties, retrocession, loss portfolio transfers, etc.). Therefore it is not a reinsurance contract.",False,,,,,
2019-1273813-0001273813-19-000025-ago-03312019x10qex101.htm,"The document is a Performance‑Based Restricted Stock Unit (RSU) award agreement for an executive officer of Assured Guaranty Ltd. It sets out the terms of equity compensation, vesting conditions, performance metrics, and tax withholding. There is no transfer of insurance risk, retrocession, or any of the contract types listed as reinsurance agreements. Consequently, the document does not constitute a reinsurance contract or any ancillary reinsurance amendment.",False,,,,,
2019-1685040-0001685040-19-000032-bhf-20190630xex104.htm,"The document is an Investment Management Agreement between Brighthouse Services, LLC and MetLife Investment Management, LLC. Its purpose is to appoint the investment adviser as a sub‑investment manager for the assets of various insurance companies. Although it references “reinsurance trust agreements,” the agreement itself governs investment management services, not the transfer of insurance risk. Therefore it does not meet the definition of a reinsurance contract, nor does it constitute a main reinsurance contract or an obligatory reinsurance agreement. Consequently, the remaining classification fields are not applicable.",False,,,,,
2019-886982-0001193125-19-050198-d669877dex1059.htm,"The document is a signature card and related disclosures for employee equity awards under The Goldman Sachs Amended and Restated Stock Incentive Plan (SIP). It deals with grant of stock or cash awards, tax compliance, notice periods, confidentiality, and non‑competition restrictions. It does not involve any transfer of insurance or reinsurance risk, nor does it constitute a reinsurance, retrocession, or any of the listed reinsurance contract types. Therefore it is not a reinsurance agreement.",False,,,,,
2019-1527469-0001527469-19-000035-q22019exhibit106.htm,"The document is a Restricted Share Unit (RSU) award notice and agreement related to Athene Holding Ltd.’s 2019 Share Incentive Plan. It describes the grant of equity compensation to an employee, including vesting conditions, settlement, tax withholding, and restrictive covenants. There is no transfer of insurance risk, no reinsurance or retrocession arrangement, and no insurance‑related coverage being transferred. Therefore, it does not meet any of the criteria for a reinsurance agreement.",False,,,,,
2019-1296435-0001296435-19-000067-executionversionjpm_neenah.htm,"The document is a Fourth Amended and Restated Credit Agreement for Neenah, Inc. It details loan terms, definitions, covenants, guarantees, and related exhibits. It is a financial credit facility, not a reinsurance or retrocession contract. Therefore it does not meet any of the criteria for reinsurance agreements listed.",False,,,,,
2019-1288403-0001437749-19-015210-ex_151935.htm,"The document is a **Purchase and Sale Agreement** for oil and gas interests between Exxon Mobil entities and W & T Offshore, Inc. It outlines the sale, purchase price, closing conditions, environmental assessments, indemnities, and related operational provisions. This is a **direct asset transaction**, not a reinsurance contract, retrocession, reinstatement premium protection, loss portfolio transfer, or any other form of risk transfer that would qualify as a reinsurance agreement under the provided definitions. Consequently, it does not meet any of the criteria for a reinsurance or ancillary reinsurance document.",False,,,,,
2019-1527469-0001527469-19-000035-q22019exhibit109.htm,"The document is an exhibit describing a corporate share‑incentive plan, a restricted‑share award notice and the accompanying award agreement for an employee of Athene Holding Ltd. It governs the grant, vesting, forfeiture, tax withholding and restrictive covenants related to equity compensation. The content pertains to corporate governance and employment compensation, with no transfer of insurance risk, reinsurance treaty terms, retrocession, loss‑portfolio transfer, or any of the listed reinsurance‑related structures. Therefore it is not a reinsurance agreement.",False,,,,,
2019-1637655-0001637655-19-000079-d742864dex103.htm,"The document is a credit agreement and related guarantee and collateral agreements for Horizon Global Corporation. It outlines loan commitments, interest rates, covenants, and security arrangements. There is no reinsurance, retrocession, loss portfolio transfer, catastrophe bond, insurance pooling, or any other risk‑transfer contract typical of reinsurance. Therefore it does not meet any of the criteria for a reinsurance agreement.",False,,,,,
2019-886982-0001193125-19-050198-d669877dex101.htm,"The document is an **Amended and Restated Stock Incentive Plan** for Goldman Sachs. It describes the administration of equity‑based compensation awards (options, RSUs, SARs, etc.) granted to employees, officers and directors of the firm. The content relates to internal employee remuneration and corporate governance, not to any transfer of insurance risk, retrocession, or any of the contract types listed as reinsurance agreements. Therefore it does not meet the definition of a reinsurance agreement.",False,,,,,
2019-913144-0000913144-19-000023-ex104-confirmationoffa.htm,"The document is a “Confirmation of Increase in Letter of Credit” that amends a Letter of Credit Reimbursement Agreement. It deals with a credit facility, specifies the increase of the LC amount, and outlines the responsibilities of lenders and the borrower. Letters of credit are explicitly listed among the documents that are **not** considered reinsurance agreements. Therefore, this document does not constitute a reinsurance contract, nor any ancillary amendment to an existing reinsurance agreement.",False,,,,,
2019-1685040-0001685040-19-000020-bhf-20190331xex108revolvin.htm,"The document is an “Amended and Restated Revolving Credit Agreement” between Brighthouse Financial, Inc. and a syndicate of banks. It sets out the terms of a revolving credit facility, issuance of letters of credit, and related loans. Although the agreement references the company’s insurance subsidiaries and indicates that the credit facilities may be used to support reinsurance reserve requirements, the primary purpose of the document is a credit and loan agreement, not a contract that transfers insurance risk between parties. Therefore it does not meet the definition of a reinsurance agreement.",False,,,,,
2019-1576018-0001576018-19-000046-guptaemploymentagreementam.htm,"The document is an amendment to an employment agreement for an executive of Third Point Reinsurance Ltd. It does not contain any reinsurance terms, risk transfer provisions, or references to insurance contracts. Therefore it is not a reinsurance agreement, nor does it establish a reinsurance contract, nor contain any of the attributes required for the downstream classification fields.",False,,,,,
2019-1385613-0001385613-19-000016-laccurso_employmentagreeme.htm,"The document is an employment agreement (and amendment) between Greenlight Capital Re, Ltd. and its subsidiary with an executive. It outlines employment terms, compensation, duties, termination, and restrictive covenants. It does not involve the transfer of insurance risk, nor does it constitute a reinsurance treaty, retrocession, or any of the listed reinsurance agreements. Therefore it is not a reinsurance contract, nor does it contain a main reinsurance contract, nor any obligatory reinsurance provisions. Consequently, the subsequent classification fields are not applicable.",False,,,,,
2019-1267395-0001267395-19-000008-exhibit10492018rsuawardagr.htm,"The document is a Restricted Share Unit Award Agreement, which is an employee equity compensation arrangement under the company's Share Incentive Plan. It governs the granting, vesting, and payment of restricted share units to a participant. It does not involve any transfer of insurance risk, reinsurance terms, or any of the listed reinsurance contract types. Therefore it is not a reinsurance agreement, nor does it contain any reinsurance contractual provisions.",False,,,,,
2019-1385613-0001385613-19-000016-collateralassetsimaex1049.htm,"The document is an **Investment Management Agreement** that governs how DME Advisors will manage certain “Collateral Assets” for Greenlight Reinsurance. While the assets are held in support of the client’s reinsurance agreements, the agreement itself does **not** transfer insurance risk, nor does it constitute a reinsurance treaty, retrocession, or any of the listed reinsurance contract types. It is a service agreement for investment management of assets, which is considered an ancillary agreement rather than a reinsurance contract. Therefore the document is **not** a reinsurance agreement.",False,,,,,
2019-1412100-0001412100-19-000061-q22019exhibit102amtrustm.htm,"The document is a **Commutation Agreement and Release** between AmTrust International Insurance Ltd. (the insurer) and Maiden Reinsurance Ltd. (the reinsurer).  
It references the parties’ existing **Amended and Restated Quota Share Reinsurance Agreement**, a proportional quota‑share treaty covering workers’‑compensation business. The commutation agreement settles and releases the obligations arising from that treaty for specific accident years, providing a cash payment in exchange for a full release of liability.  

According to the provided rules:
- Documents that **commute**, settle, or otherwise modify the terms of an existing reinsurance agreement are classified as reinsurance agreements. Hence `is_reinsurance` is **True**.  
- A commutation is an **ancillary** document (it does not create a new reinsurance contract but modifies an existing one), so it is **not** a main contract → `is_main_contract` = **False**.  
- The document itself is not a primary obligatory treaty; it merely effects the termination of an existing obligatory quota‑share treaty. Therefore the obligatory status of this specific document is **unknown** → `is_obligatory` = **null**.  
- The underlying treaty is a **quota‑share** (proportional) arrangement, and the commutation does not introduce any non‑proportional terms. Consequently the reinsurance type is **proportional**.  
- Workers’ compensation is a **Non‑Life** line of insurance.  
- Within the given classification schema, workers’ compensation falls under **Accident and Health**.",True,False,,proportional,Non-Life,Accident and Health
2019-886982-0001193125-19-050198-d669877dex1057.htm,"The document is an internal employee award agreement for performance‑based restricted stock units (RSUs) granted under Goldman Sachs’ stock incentive plan. It governs the vesting, settlement, forfeiture, and tax treatment of the award. It does not involve any transfer of risk, insurance coverage, or reinsurance arrangements. Consequently it is not a reinsurance agreement, nor does it constitute a main reinsurance contract, an obligatory reinsurance contract, or any of the reinsurance classifications listed.",False,,,,,
2019-1400810-0001193125-19-215297-d648468dex1045.htm,"The document is a **Reimbursement Contract** between an insurance company and the State Board of Administration that administers the Florida Hurricane Catastrophe Fund (FHCF). The contract obligates the FHCF to reimburse the insurer for losses exceeding its retention on covered policies, subject to a statutory coverage level (45 %, 75 % or 90 %). This arrangement is a statutory, mandatory risk‑transfer mechanism that functions as a form of reinsurance (or retrocession) for catastrophe losses. It is the primary agreement establishing the reimbursement relationship, not merely an amendment or endorsement, thus it is a main contract. Because the contract is required by Florida statutes for any insurer writing covered policies, it is an **obligatory** reinsurance contract. The reimbursement is triggered only after the insurer’s retention is exceeded, i.e., it operates on an excess‑of‑loss basis, which classifies it as **non‑proportional**. The underlying insurance is homeowners property insurance, which is a **Non‑Life** line, and the class of business is **Property** (residential structure coverage).",True,True,True,non-proportional,Non-Life,Property
2019-73887-0000073887-19-000046-bristow-amendmentno1to2019.htm,"The document is an amendment to a term loan credit agreement between Bristow Group Inc. and its lenders. It deals with borrowing, loan terms, and securities, with no reference to reinsurance, retrocession, or any risk transfer that would qualify as a reinsurance agreement. Therefore it does not meet any of the criteria for being classified as a reinsurance contract or related ancillary document.",False,,,,,
2019-785786-0000785786-19-000046-plxsf1910-qq3exhibit101.htm,"The document is a First Amendment to a Note Purchase Agreement concerning the issuance and amendment of senior notes (debt securities). It deals with accounting terms, representations, and conditions relating to the note holders and the issuer. There is no transfer of insurance risk, no reinsurance or retrocession arrangement, and it does not fall under any of the listed categories of reinsurance agreements. Therefore it is not a reinsurance contract.",False,,,,,
2019-1045425-0001564590-19-041699-ras-ex1011_543.htm,"The document is an Equity and Asset Purchase Agreement concerning the sale and purchase of equity interests and assets of real estate entities in a bankruptcy context. It does not involve any reinsurance or retrocession arrangements, nor does it refer to insurance contracts, risk transfer, or any of the listed reinsurance categories. Therefore, it is not a reinsurance agreement.",False,,,,,
2019-1385613-0001385613-19-000016-sburton_optionxagreementx2.htm,"The document is a Stock Option Agreement that grants the participant the right to purchase shares of the company. It pertains to equity compensation under the company’s 2004 Stock Incentive Plan and includes provisions about vesting, exercise, tax withholding, and securities law compliance. There is no transfer of insurance risk, no reinsurance or retrocession language, and it does not relate to any insurance or reinsurance contract. Consequently, it does not meet the definition of a reinsurance agreement.",False,,,,,
2019-1214816-0001214816-19-000010-axs-20181231xexx1020.htm,"The document is an employment agreement for an executive of AXIS Specialty U.S. Services, Inc. It outlines compensation, benefits, duties, termination, confidentiality, non‑competition, and other employment‑related provisions. There is no transfer of insurance risk, premium, or any reinsurance‑related terms. It does not constitute a reinsurance contract, retrocession, loss portfolio transfer, or any other type of reinsurance agreement as defined in the criteria. Consequently, it is not a reinsurance document, nor does it serve as a main reinsurance contract, an obligatory reinsurance contract, nor contain any reinsurance‑specific proportional or non‑proportional terms, insurance type, or class of business.",False,,,,,
2019-1464343-0001437749-19-005717-ex_135561.htm,"The document is a “Fifth Amendment to Loan and Security Agreement” that amends an existing loan agreement between the borrower and the lender. It deals with definitions of excluded stock, representations, warranties, and other loan-related provisions. There is no reinsurance contract, retrocession, or any type of risk transfer agreement described. The mention of “CCR Reinsurance Ltd.” is merely part of a definition of excluded stock and does not constitute a reinsurance agreement. Therefore, this document is not a reinsurance agreement.",False,,,,,
2019-1412100-0001412100-19-000016-q42018exhibit1027-amtr.htm,"The document is an endorsement (Amendment No. 4) that modifies the term and termination provisions of an existing **Amended and Restated Quota Share Reinsurance Agreement** between AMTRUST International Insurance Ltd. and Maiden Reinsurance Ltd. Because it amends a reinsurance treaty, the document is clearly related to a reinsurance contract, making it a reinsurance agreement (albeit an ancillary amendment rather than a full contract).  

- **Reinsurance status**: Yes – it amends a quota‑share treaty, which is a reinsurance agreement.  
- **Main contract vs. ancillary**: The text is solely an endorsement; it does not contain the full substantive terms of the original treaty. Therefore it is an ancillary document, not a main contract.  
- **Obligatory nature**: Quota‑share treaties are obligatory reinsurance treaties (the reinsurer automatically accepts the ceding of risk for the entire portfolio covered by the treaty). Hence the agreement is obligatory.  
- **Proportional vs. non‑proportional**: Quota‑share is a classic proportional reinsurance structure. The endorsement does not change the proportional nature, so the contract remains proportional.  
- **Insurance type**: The underlying quota‑share treaty is not specified in the excerpt, but such treaties are most commonly used for non‑life (property & casualty) business. In the absence of explicit life‑insurance language, we classify the insurance type as **Non‑Life**.  
- **Class of business**: The specific line of business covered by the quota‑share treaty is not identified in the endorsement. Consequently the class of business cannot be determined from the available text, so we leave this field as **None**.",True,False,True,proportional,Non-Life,
2019-1576018-0001576018-19-000077-amendment6toemployment.htm,"The document is an amendment to an employment agreement for an executive of Third Point Reinsurance Ltd. It solely addresses employment terms, compensation, duties, and termination conditions. It does not contain any provisions that transfer insurance risk, nor does it constitute a reinsurance treaty, retrocession, or any other type of reinsurance contract listed in the guidelines. Therefore, it is not a reinsurance agreement.",False,,,,,
2019-723531-0000723531-19-000015-payx-20190228xex10_1.htm,"The document is a “Note Purchase and Guarantee Agreement” for the issuance of senior notes (debt securities) by Paychex. It details the terms of the bond, guaranty, and related procedural matters. There is no reference to an insurance or reinsurance contract, nor to the transfer of insurance risk. Therefore it does not meet any of the criteria for a reinsurance agreement.",False,,,,,
2019-1502292-0001502292-19-000008-a105mamndedandrestatednp.htm,"The document is an **Amended and Restated Note Purchase Agreement** for the issuance of subordinated notes by Conifer Holdings, Inc. to purchasers. It outlines the terms of a debt financing transaction, including purchase, closing, covenants, and repayment provisions. The instrument is a **debt security**, not an insurance or reinsurance contract, nor does it involve the transfer of insurance risk. Consequently, it does not meet any of the criteria for a reinsurance agreement, nor does it represent an ancillary modification of a reinsurance contract.",False,,,,,
2019-716006-0000716006-19-000012-yrcw-2019930xex101.htm,"The document is an “Amended and Restated Credit Agreement” for YRC Worldwide Inc. It sets out loan terms, definitions, covenants, events of default, collateral, and guarantees related to a term‑loan facility. The content pertains to borrowing and lending arrangements, not to the transfer of insurance risk. It does not involve any reinsurance treaty, retrocession, loss‑portfolio transfer, catastrophe bond, or any other type of reinsurance contract. Consequently, the document does not meet any of the criteria for a reinsurance agreement.",False,,,,,
2019-1724670-0001724670-19-000104-ex101secondamendmenttocred.htm,"The document is a “Second Amendment to Credit Agreement” for Perspecta Inc. It amends a credit facility, describing incremental revolving commitments, tranches, loan terms, covenants, and guarantees. The content deals exclusively with corporate financing, loan commitments, and related securities, and contains no provisions, terminology, or structure of any reinsurance contract (e.g., ceding, retrocession, quota share, excess‑of‑loss, or any insurance risk transfer). According to the provided definitions, this is not a reinsurance agreement, nor does it represent a main reinsurance contract, an obligatory reinsurance contract, or any proportional/non‑proportional structure. Consequently all reinsurance‑specific classification fields should be set to null.",False,,,,,
2019-886982-0001193125-19-050198-d669877dex1049.htm,"The document is an award agreement granting restricted stock units (RSUs) to an employee of Goldman Sachs. It outlines vesting, delivery, forfeiture, and tax provisions related to equity compensation. It does not involve any transfer of insurance risk, reinsurance, retrocession, or any of the other contract types listed as reinsurance agreements. Therefore, it is not a reinsurance agreement.",False,,,,,
2019-1527469-0001527469-19-000007-q42018exhibit1012.htm,"The document is a ""First Amendment to Credit Agreement"" that modifies the terms of a loan and credit facility between Athene Holding Ltd., its subsidiaries, and various lenders. It deals solely with credit and loan provisions, financial statement deliveries, and definitions of material subsidiaries. There is no reference to any reinsurance, retrocession, loss portfolio transfer, or any risk transfer arrangement typical of reinsurance contracts. Consequently, the document is not a reinsurance agreement.",False,,,,,
2019-1576018-0001576018-19-000028-exhibit1081scheduleofsigna.htm,"The document is an exhibit showing a schedule of signatories to a Director Service Agreement for Third Point Reinsurance Ltd. It lists the names of individuals involved in the director service agreement and does not contain any reinsurance contract terms, coverage details, risk transfer provisions, or any of the characteristics that define a reinsurance agreement (such as a treaty, retrocession, loss portfolio transfer, etc.). Consequently, the document is not a reinsurance agreement nor an ancillary amendment to one.",False,,,,,
2019-1513761-0001144204-19-010508-tv513897_ex10-46.htm,"The provided document is a loan agreement (a “Loan Agreement”) between Leonardo Six, Ltd. (the Borrower) and a syndicate of banks and financial institutions (the Lenders) for financing the construction and delivery of a cruise ship. The agreement details loan facilities, interest rates, drawdown procedures, security arrangements, and various covenants. It does not involve any transfer of insurance risk, reinsurance, retrocession, loss portfolio transfer, catastrophe bonds, or any other risk‑transfer mechanism that would qualify as a reinsurance contract. Therefore, it is not a reinsurance agreement.",False,,,,,
2019-1140536-0001564590-19-015683-wltw-ex101_144.htm,"The document is a Performance‑Based Restricted Share Unit (PRSU) award agreement under an equity incentive plan for company employees. It details grant, vesting, tax, and restrictive covenants related to equity compensation. There is no transfer of insurance risk, nor any reference to reinsurance, retrocession, or any of the listed reinsurance contract types. Consequently it does not meet the definition of a reinsurance agreement.",False,,,,,
2019-1052752-0001564590-19-037758-gty-ex101_347.htm,"The document is a Fourth Amended and Restated Note Purchase and Guarantee Agreement concerning the issuance of senior notes (debt securities) and the associated guarantees, subsidiaries, and covenants. It deals exclusively with debt financing, securities issuance, and related corporate and financial matters. There is no reference to any reinsurance contract, retrocession, loss portfolio transfer, catastrophe bond, or any other risk‑transfer arrangement that would qualify as a reinsurance agreement under the provided definitions. Consequently, this document is not a reinsurance agreement.",False,,,,,
2019-79282-0000079282-19-000006-exhibit109q42018.htm,"The document is an **Asset Purchase Agreement** in which the sellers transfer ownership of their insurance business assets (client accounts, tangible and intangible property, contracts, etc.) to the buyer. This transaction is structured as a sale of assets rather than a reinsurance treaty, retrocession, or any other risk‑transfer contract that fits the definitions of a reinsurance agreement. Although the assets pertain to an insurance business, the agreement does not create a reinsurance relationship; it simply conveys ownership of the underlying business and its liabilities. Consequently, it does not meet any of the criteria listed for reinsurance agreements (e.g., reinsurance treaty, retrocession, portfolio transfer that functions like a standard reinsurance contract, catastrophe bond, etc.). Therefore the document is **not** a reinsurance contract.",False,,,,,
2019-4977-0000004977-19-000077-afl33119ex1050.htm,"The document is a Shareholders Agreement and related Voting Trust Agreement that governs the acquisition and holding of common stock of Aflac Incorporated by Japan Post‑related entities. It sets out corporate governance, voting rights, transfer restrictions, and regulatory matters related to equity ownership. There is no transfer of insurance risk, no reinsurance treaty, retrocession, loss portfolio transfer, or any of the other types of contracts listed as reinsurance agreements. Therefore the document does not constitute a reinsurance agreement.",False,,,,,
2019-1400810-0001193125-19-215297-d648468dex1042.htm,"The document is titled “Reinstatement Premium Protection Reinsurance Contract” and sets out the full terms, conditions, and attachments of a reinsurance arrangement between a ceding insurer (Homeowners Choice Property & Casualty Insurance Company) and a reinsurer (TYPTAP Insurance Company). It indemnifies the ceding insurer for reinstatement premium obligations arising under an underlying “Property Catastrophe Excess of Loss Reinsurance Contract,” which is a non‑proportional treaty covering property catastrophe risks.  

Because the text contains the complete contract (preamble, articles, signatures, governing law, etc.) it is a main reinsurance agreement rather than a mere amendment or endorsement.  

Reinstatement Premium Protection contracts that refer to an underlying reinsurance treaty are considered obligatory when the underlying contract is a treaty (as is the case here).  

The underlying contract is an Excess‑of‑Loss (non‑proportional) treaty, and the protection contract follows the same non‑proportional structure; no proportional share‑of‑risk terms are present.  

The covered risks are property catastrophe lines (homeowners, condominium, renters), which are Non‑Life insurance.  

Accordingly the class of business is Property.",True,True,True,non-proportional,Non-Life,Property
2019-5513-0000005513-19-000004-unm123118ex1040.htm,"The document is a Performance Share Unit Agreement between Unum Group and an employee. It governs the granting, vesting, and settlement of performance‑based equity awards and contains employment‑related covenants (confidentiality, non‑competition, tax obligations, etc.). It does not involve any transfer of insurance risk, reinsurance, retrocession, or any of the listed reinsurance‑type agreements. Therefore it is not a reinsurance agreement, nor does it establish a reinsurance contract or any ancillary reinsurance provision.",False,,,,,
2019-320335-0000320335-19-000006-tmk201810-kexhibit1017.htm,"The document is an amendment to a Receivables Purchase Agreement between a seller, a life insurance company acting as servicer, and a Bermuda reinsurance corporation (Purchaser). The agreement concerns the purchase and servicing of receivables, not the transfer of insurance risk from an underlying insurance portfolio. Although a reinsurance entity is a party, the transaction is a financing arrangement rather than a reinsurance, retrocession, or any of the listed risk‑transfer contracts. Consequently, it does not meet the definition of a reinsurance agreement and is not a main reinsurance contract, nor does it contain obligatory, proportional, or non‑proportional reinsurance characteristics. All related classification fields are therefore set to `None`.",False,,,,,
2019-944695-0001564590-19-015295-thg-ex102_315.htm,"The document is a Credit Agreement that details a syndicated loan facility, revolving credit commitments, letters of credit, and related covenants for The Hanover Insurance Group, Inc. It does not involve any reinsurance, retrocession, or other risk transfer arrangements typical of reinsurance contracts. The agreement is a financing instrument rather than an insurance or reinsurance contract. Therefore it does not meet any of the criteria for being classified as a reinsurance agreement.",False,,,,,
2019-920112-0000920112-19-000046-ex1027bvbcmergeragreement.htm,"The document is an **Agreement and Plan of Merger** between Heartland Financial USA, Inc. and Blue Valley Ban Corp. It details the corporate merger, conversion of shares, representations, warranties, covenants, and closing conditions. There is no transfer of insurance risk, no reinsurance treaty, retrocession, loss portfolio transfer, or any of the other instruments listed as reinsurance agreements. It is a corporate restructuring document, not a reinsurance contract.",False,,,,,
2019-913144-0000913144-19-000038-ex102wellsfirstamendme.htm,"The document is a “First Amendment to Loan Documents” that amends a credit agreement and related loan documents. Although Renaissance Reinsurance entities are parties, the text concerns the addition of a new account party, guaranty provisions, and various administrative and legal amendments to the loan agreement. There is no reinsurance contract, retrocession, reinstatement premium protection, or any other risk‑transfer agreement that would qualify as a reinsurance agreement. Consequently, it is not a reinsurance agreement, and it does not constitute a main reinsurance contract, nor does it contain any of the reinsurance‑specific characteristics required for the subsequent fields.",False,,,,,
2019-1637655-0001637655-19-000079-d742864dex109.htm,"The document is a “SECOND LIEN TERM LOAN CREDIT AGREEMENT” (and related guarantees, collateral agreements, and ancillary documents). It governs the terms of a loan facility, the rights and obligations of lenders, the borrower, and collateral agents. There is no transfer of insurance risk, reinsurance, retrocession, or any of the listed reinsurance types. Consequently, it does not meet the criteria for a reinsurance agreement.",False,,,,,
2019-808461-0000808461-19-000007-glibexhibit1024-123118.htm,"The document is an **Amendment Agreement** to a credit facility (the “Sixth Amended and Restated Credit and Guarantee Agreement”) involving a borrower (GCI, LLC), its subsidiary guarantors, and a group of lenders and administrative agents. The text defines loan terms, revolving commitments, term loans, letters of credit, covenants, events of default, and related financial and legal provisions. It deals exclusively with credit and loan arrangements, not with any form of insurance or risk transfer that would be classified as a reinsurance contract. The content does not describe a reinsurance agreement, retrocession, loss portfolio transfer, catastrophe bond, insurance pooling, or any other document listed in the reinsurance definitions. Therefore, it is **not** a reinsurance agreement.

Accordingly, all downstream classification fields that apply only to reinsurance contracts are set to `None`.",False,,,,,
2019-1341141-0001341141-19-000018-exhibit1024cobank-xcttxx20.htm,"The document is an “Agreement Regarding Amendments and Term A‑4 Loan Credit Facility” and a series of related loan documents (credit agreements, loan notes, amendment schedules, guarantees, and covenants). It governs a credit facility, loan commitments, term loans, revolving loans, and related security arrangements among a borrower (CatchMark Timber Operating Partnership, L.P.) and multiple lenders/administrative agents. The content deals exclusively with loan financing, loan commitments, collateral, and loan administration. There is no transfer of insurance risk, no reinsurance, retrocession, or any of the insurance‑related contracts listed in the reinsurance definition. Consequently, this is not a reinsurance agreement.",False,,,,,
2019-86312-0000086312-19-000009-trv-123118x10kxex1036.htm,"The document is an award notification and agreement for performance share‑based compensation under The Travelers Companies’ internal stock incentive plan. It details grant, vesting, forfeiture, non‑solicitation, confidentiality and other employment‑related provisions. There is no transfer of insurance risk, no reinsurance or retrocession language, and the document does not pertain to any insurance or reinsurance contract. Consequently it does not meet any of the criteria for a reinsurance agreement.",False,,,,,
2019-874501-0000874501-19-000114-a02-018ambcxex102x2q19.htm,"The document is a Performance Stock Unit Agreement that grants equity‑based compensation to an employee of Ambac Financial Group. It outlines the terms of a long‑term incentive plan, vesting conditions, dividend equivalents, and settlement of stock units. The agreement concerns internal compensation and equity awards, not the transfer of insurance risk, retrocession, or any of the listed reinsurance contract types. Consequently it is not a reinsurance agreement, nor does it establish a reinsurance or retrocession contract, nor any ancillary reinsurance modification. As it is unrelated to insurance risk transfer, the remaining classification fields are inapplicable.",False,,,,,
2019-886982-0001193125-19-050198-d669877dex1047.htm,"The document is a Goldman Sachs Year‑End Restricted Stock Unit (RSU) award agreement. It outlines the terms of an equity compensation award to an employee, including vesting, delivery, tax withholding, and forfeiture provisions. It does not involve any transfer of insurance risk, nor does it relate to reinsurance, retrocession, or any of the listed reinsurance contract types. Consequently it is not a reinsurance agreement, nor does it contain any reinsurance main or ancillary contract.",False,,,,,
2019-75679-0000075679-19-000005-llcexhibit104-123118.htm,"The document is an amendment agreement to a credit agreement involving loan facilities, revolving and term loans, letters of credit, and related financial covenants. It governs the terms of borrowing, repayment, and collateral for a corporate borrower (GCI, LLC) and its lenders. There is no transfer of insurance risk, retention of reinsurance obligations, or any of the contractual features that define a reinsurance, retrocession, or similar risk‑transfer agreement. Therefore this document is not a reinsurance contract.",False,,,,,
2019-1363829-0001363829-19-000130-a2019q2-exx101maidenma.htm,"The document is an amendment to a Master Agreement between Maiden (and its reinsurance subsidiary) and Enstar. A Master Agreement in the reinsurance context is a reinsurance contract, and an amendment to it is an ancillary document that modifies the terms of that reinsurance agreement. Therefore the document is a reinsurance agreement (an amendment). Because it only amends the master contract and does not contain the full principal terms of a reinsurance contract, it is not a main contract but an ancillary amendment. The underlying Master Agreement is typically an obligatory reinsurance treaty, and the amendment does not change the obligatory nature of the agreement, so the amendment can be regarded as pertaining to an obligatory reinsurance contract. The amendment does not disclose any details about the type of reinsurance (proportional vs non‑proportional), the insurance line (life vs non‑life), or the specific class of business, so those fields remain unknown.",True,False,True,,,
2019-1582086-0001582086-19-000032-bcrhexhibit101q26302019.htm,"The document is an “Agreement to Terminate” a Credit Agreement between Blue Capital Reinsurance Holdings Ltd. and Endurance Specialty Insurance Ltd. It solely amends and terminates a loan‑type credit facility; there is no transfer of insurance risk, no reinsurance, retrocession, or any of the listed reinsurance contract types. Consequently, it does not meet any of the criteria for a reinsurance agreement.  

Since the document is not a reinsurance contract, all subsequent fields that pertain to reinsurance classification should be set to **None**.",False,,,,,
2019-1482430-0001482430-19-000007-kbsriiiq42018exhibit1015.htm,"The document is a Term Loan Agreement between real‑estate borrowing entities and U.S. Bank serving as administrative agent and lender. It governs a commercial loan, security interests, covenants, and loan administration. There are no provisions transferring insurance risk, no reinsurance or retrocession language, and the purpose is financing of real‑estate projects, not insurance. Therefore it is not a reinsurance agreement.",False,,,,,
2019-1412100-0001412100-19-000061-q22019exhibit104mcafully.htm,"The document is a **Master Collateral Agreement** that sets out the collateral and security arrangements for a reinsurance transaction involving a quota‑share (proportional) agreement and an Adverse Development Cover (ADC) (non‑proportional) between Maiden Reinsurance Ltd. (the cedent) and Cavello Bay Reinsurance Ltd. (the retrocessionaire).  
It references the **Existing Quota Share Agreement** and the **ADC Agreement**, which are reinsurance contracts. The collateral agreement therefore functions as an **ancillary** document that modifies and supports the underlying reinsurance arrangement, not the primary reinsurance contract itself.  

Because the underlying reinsurance is a quota‑share (obligatory) and an ADC (non‑proportional), the overall arrangement is **hybrid** (both proportional and non‑proportional). The underlying risks are non‑life commercial lines (property/casualty), and the most appropriate classification among the provided options is **Casualty**.

Hence:
- The document is a reinsurance‑related agreement → **True**.  
- It is not the main reinsurance contract but an ancillary collateral agreement → **False**.  
- The underlying reinsurance is obligatory (quota‑share/ADC) → **True**.  
- The structure is hybrid (contains both proportional and non‑proportional elements).  
- The insurance type is Non‑Life.  
- The class of business is best captured by **Casualty**.",True,False,True,hybrid,Non-Life,Casualty
2019-1549084-0001549084-19-000004-ekso-33119xex101.htm,"The document is an equity joint venture contract that establishes a new company (Exoskeleton Intelligent Robotics Co. Limited) between Zhejiang Youchuang Venture Capital, an industrial investment fund, and Ekso Bionics. It outlines capital contributions, governance, operating scope, and related corporate matters. There is no transfer of insurance risk, no reinsurance, retrocession, loss portfolio transfer, or any of the listed reinsurance‑type arrangements. Consequently, this document does not meet the definition of a reinsurance agreement.",False,,,,,
2019-874501-0000874501-19-000114-a02-018ambcxex101x2q19.htm,"The document is a **Performance Stock Unit Agreement** issued by Ambac Financial Group, Inc. to an employee as part of a long‑term incentive compensation plan. It grants equity‑based awards (performance stock units) that vest based on the employee’s performance and continued employment. The text describes grant terms, vesting conditions, dividend equivalents, settlement, tax withholding, and corporate event adjustments. 

There is no reference to any insurance, reinsurance, retrocession, risk transfer, or any of the contract types listed in the reinsurance definition. It is a private‑company compensation arrangement, not an insurance or reinsurance agreement.

Therefore it is **not** a reinsurance agreement, nor does it constitute a main or ancillary reinsurance contract, nor any obligatory reinsurance arrangement. Consequently, the remaining reinsurance‑specific fields are not applicable.",False,,,,,
2019-1069996-0001069996-19-000090-exhibit102-19xf7v1054red.htm,"The document is titled “Excess Catastrophe Reinsurance Contract” and contains the full terms, conditions, schedule, and definitions of a reinsurance treaty between FedNat Insurance Company (and related entities) and subscribing reinsurers. It clearly transfers risk from the ceding insurers to the reinsurer on an excess‑of‑loss basis, which matches the definition of a reinsurance agreement. The presence of all contractual articles, schedule A, and signatures indicates that this is a primary contract rather than an endorsement or amendment, so it is a main contract. The contract is a multi‑layer excess treaty covering the whole property portfolio of the cedants, which is characteristic of an obligatory treaty rather than a facultative arrangement. The risk transfer is excess‑of‑loss (non‑proportional). The underlying business is property insurance, a non‑life line. Hence the class of business is Property.",True,True,True,non-proportional,Non-Life,Property
2019-1328581-0001328581-19-000025-prudentialrttwoex1016.htm,"The document is a Group Annuity Contract between Boise Cascade Company (the contract‑holder) and Prudential Insurance Company of America. It outlines the terms of a primary insurance product (a life annuity for plan participants) and contains provisions for premium payments, annuity benefits, and related administrative details. There is no indication that this contract transfers risk to another insurer, nor does it constitute a reinsurance, retrocession, or any other form of risk‑transfer agreement listed in the reinsurance criteria. Consequently, the document is not a reinsurance agreement.",False,,,,,
2019-1069996-0001069996-19-000090-exhibit105-19xf7v1075xre.htm,"The document is a full reinsurance agreement titled “Non‑Florida Property Catastrophe Excess of Loss Reinsurance Contract”. It contains the complete terms, definitions, coverage layers, premium, exclusions, and all other provisions typical of a primary reinsurance treaty. Therefore it is a reinsurance contract (not an ancillary amendment) and serves as the main contract.

The contract provides excess‑of‑loss protection (the ceding insurer retains the first $2 million of loss and the reinsurer covers amounts above that up to $18 million per loss occurrence). This is a classic non‑proportional structure.

The underlying insurance covered is property business (dwelling fire, inland marine, mobile home, commercial and homeowners). Hence the insurance type is Non‑Life and the class of business is Property.

The treaty is not a facultative or optional arrangement; it is a standard catastrophe treaty that the insurer must place to manage its risk, which matches the definition of an obligatory reinsurance treaty.

Thus:
- is_reinsurance = True
- is_main_contract = True
- is_obligatory = True
- proportional_or_non_proportional = 'non-proportional'
- insurance_type = 'Non-Life'
- class_of_business = 'Property'",True,True,True,non-proportional,Non-Life,Property
2019-1535929-0001535929-19-000078-a2019q3voyaex101.htm,"The document is a “Third Amended and Restated Revolving Credit Agreement” for Voya Financial, Inc. It governs a revolving credit facility, letters of credit, swing‑line loans and related financial covenants. It does not involve any transfer of insurance or reinsurance risk, nor does it reference any insurance portfolio, premiums, or claims. Therefore it is **not** a reinsurance agreement and does not fall under any of the reinsurance classifications.",False,,,,,
2019-913144-0000913144-19-000038-ex103citideedofamendme.htm,"The document is a Deed of Amendment and Accession that amends a “Committed Facility Letter” concerning the issuance of letters of credit between a bank and several reinsurance companies. The content deals with accession to rights and obligations under a credit facility, security arrangements, and pledge agreements. It does not create, modify, or reference a risk‑transfer contract that would constitute a reinsurance agreement. Therefore, it is not a reinsurance contract, nor does it serve as a main or ancillary reinsurance document.",False,,,,,
2019-878726-0001564590-19-001471-tues-ex101_170.htm,"The document is a “Second Amendment” to a Credit Agreement that governs revolving loans, letters of credit, and related loan facilities among a borrower (Tuesday Morning, Inc.) and multiple lenders. It contains provisions for amendment of loan terms, extensions of credit, collateral requirements, events of default, and other loan‑related matters. There is no reference to any insurance, reinsurance, retrocession, loss portfolio transfer, catastrophe bond, or any other risk‑transfer arrangement that would qualify as a reinsurance contract. Consequently, it does not meet any of the criteria listed for reinsurance agreements.",False,,,,,
2019-5513-0000005513-19-000004-unm123118ex1039.htm,"The document is a **Performance Share Unit Agreement** between Unum Group and an employee. It outlines the grant, vesting, forfeiture, settlement, and related corporate governance provisions for equity compensation. This is an employee stock incentive plan, not a contract transferring insurance risk or reinsurance obligations. As such, it does **not** fall under any of the categories listed as reinsurance agreements (e.g., reinsurance treaties, retrocession, loss portfolio transfers, etc.). Consequently, it is not a reinsurance contract, nor an ancillary amendment to one.",False,,,,,
2019-1378992-0001378992-19-000015-exhibit106.htm,"The document is an “Amended and Restated Second Lien Bridge Credit Agreement.” It outlines loan commitments, borrowing facilities, interest rates, covenants, events of default, and collateral arrangements between a borrower (Berry Global) and multiple lenders. There is no reference to insurance or reinsurance risk transfer, no insurance coverage terms, premiums, or indemnities. Therefore it is a credit/loan agreement, not a reinsurance contract.",False,,,,,
2019-1095073-0001095073-19-000011-llyodsamend2018.htm,"The document is an amendment to a standby letter of credit facility (FAL) between Lloyds Bank and Everest International Reinsurance Ltd. Although the counter‑party is a reinsurance company, the agreement concerns a credit facility and security arrangements, not the transfer of insurance risk. Letters of credit and their amendments are expressly excluded from the definition of reinsurance agreements. Therefore the document is **not** a reinsurance contract, nor does it establish a reinsurance treaty or any proportional/non‑proportional risk‑transfer structure. Consequently, all downstream classification fields are not applicable.",False,,,,,
2019-1668428-0001668428-19-000032-fg-12312018x10xkex1071.htm,"The document is a Non‑Statutory Stock Option Agreement granting equity compensation to an employee. It governs the grant, vesting, exercise, and related restrictive covenants of stock options. It does not involve any transfer of insurance risk, reinsurance, retrocession, or any of the listed reinsurance‑related contract types. Therefore it is not a reinsurance agreement.",False,,,,,
2019-1668428-0001668428-19-000032-fg-12312018x10xkex1052.htm,"The document is a Non‑Statutory Stock Option Agreement issued under the FGL Holdings 2017 Omnibus Incentive Plan. It governs the grant, vesting, exercise, and termination of equity compensation to an employee/grantee. There is no transfer of insurance risk, no reinsurance or retrocession terms, and no reference to an underlying insurance portfolio. Consequently, it does not meet any of the criteria for a reinsurance agreement listed in the prompt.",False,,,,,
2019-1710155-0001710155-19-000053-a101-revisednvix2019re.htm,"The document is titled “JOINDER AND AMENDMENT AND RESTATEMENT AGREEMENT” and details the amendment, restatement, and joinder of loan and credit facilities between borrowers, lenders, and agents. It discusses term loans, revolving credit facilities, letters of credit, and related covenant and security provisions. There is no reference to the transfer of insurance risk, reinsurance, retrocession, or any insurance‑related contract. The content pertains to a financing (credit) agreement, not to a reinsurance arrangement. Consequently, the document is not a reinsurance agreement and none of the reinsurance‑specific classifications apply.",False,,,,,
2019-1096343-0001096343-19-000074-mkl_12312018xex104.htm,"The document is a “Third Amendment to Credit Agreement” that amends the terms of a credit facility between Markel Corporation, its subsidiaries, and a group of lenders. It deals solely with borrowing, security, and loan‑related provisions. There is no mention of reinsurance, retrocession, or any risk‑transfer contract typical of reinsurance agreements. Consequently, it does not fall under any of the categories of reinsurance contracts listed, nor does it modify an existing reinsurance agreement. Therefore it is not a reinsurance document.",False,,,,,
2019-800457-0001193125-19-216557-d718901dex101.htm,"The provided document describes an equity incentive plan for employees of Donegal Group Inc., detailing stock options, stock awards, and related administrative provisions. It pertains to employee compensation and corporate governance, not to any reinsurance, retrocession, or risk‑transfer arrangement. Consequently, the document does not fall under any of the defined categories of reinsurance agreements, nor does it contain any reinsurance contractual terms.",False,,,,,
2019-1400810-0001193125-19-215297-d648468dex1041.htm,"The document is titled **“WORKING LAYER CATASTROPHE EXCESS OF LOSS REINSURANCE CONTRACT”** and contains the full set of clauses, definitions, retention and limit, premium, term, exclusions, arbitration, etc. This is the complete reinsurance agreement between Homeowners Choice Property & Casualty Insurance Company, Inc. and TYPTAP Insurance Company. It is therefore a reinsurance treaty, not an ancillary endorsement or amendment.

The contract provides coverage on a *net excess of loss* basis (see “EXCESS OF LOSS” in Article 2). Excess‑of‑loss is a classic non‑proportional reinsurance structure. The underlying business is property insurance (homeowners, condominium, renters) – a non‑life line. Accordingly the class of business is Property.

Because the contract covers the company’s entire portfolio of property perils (subject to the listed exclusions) and is a treaty rather than a single‑named facultative, it is an obligatory reinsurance agreement.

Thus:
- **is_reinsurance**: True
- **is_main_contract**: True (the document is the main contract)
- **is_obligatory**: True
- **proportional_or_non_proportional**: non‑proportional
- **insurance_type**: Non‑Life
- **class_of_business**: Property",True,True,True,non-proportional,Non-Life,Property
2019-1576018-0001576018-19-000077-separationandwaiveragr.htm,"The document is a **Separation Agreement and Release** between Third Point Reinsurance Ltd. (a reinsurance company) and an executive. It concerns the termination of the executive’s employment, severance payments, equity awards, and related waivers and releases. The content deals exclusively with employment, compensation, and indemnification matters, and does not contain any provision transferring insurance risk, specifying reinsurance terms, or establishing a reinsurance contract. Therefore, it is not a reinsurance agreement, nor does it establish a main reinsurance contract, nor any of the other reinsurance‑specific classifications.",False,,,,,
2019-1127703-0001706397-19-000013-pra-20190930xex101.htm,"The document is an employment agreement between ProAssurance Corporation and an executive. It outlines employment terms, compensation, benefits, and termination provisions. It does not involve any transfer of insurance risk, reinsurance, retrocession, or any of the other contracts listed as reinsurance agreements. Consequently, it is not a reinsurance contract nor an ancillary reinsurance document.",False,,,,,
2019-1174922-0001174922-19-000021-a1021-commontermsagreement.htm,"The document is a “Common Terms Agreement” amendment that governs loan facilities, security arrangements, and covenants for Wynn Resorts. It contains definitions and provisions related to term and revolving credit facilities, security documents, and financial covenants. There is no reference to a reinsurance contract, reinsurance policy, retrocession, loss portfolio transfer, or any insurance risk transfer. Consequently, it does not meet the definition of a reinsurance agreement.",False,,,,,
2019-1598665-0001564590-19-017314-hrtg-ex108_209.htm,"The document is a Credit Agreement that outlines revolving loans, term loans, letters of credit, and related financing arrangements between Heritage Insurance Holdings, Inc. and various lenders. It does not transfer insurance risk, nor does it constitute a reinsurance contract, retrocession, or any of the other types of agreements listed as reinsurance agreements. Therefore it is not a reinsurance agreement.",False,,,,,
2019-1123360-0001123360-19-000008-ex107sixthamendmenttosecon.htm,"The document is an amendment to a credit agreement (the “Sixth Amendment to Second Amended and Restated Credit Agreement”) involving Global Payments Inc., its borrowers, guarantors, lenders, and an administrative agent. It specifies loan terms, interest rates, definitions, and procedural details related to term loans, revolving loans, and other credit facilities. The content pertains to a corporate financing arrangement and does not involve the transfer of insurance risk, reinsurance, retrocession, or any of the other contract types listed as reinsurance agreements. Consequently, it falls under the category of a credit agreement amendment rather than a reinsurance contract.",False,,,,,
2019-1513761-0001144204-19-010508-tv513897_ex10-44.htm,"The provided document is a loan agreement (a “Loan Agreement” and “Facility Agreement”) between Leonardo Five, Ltd. (the borrower) and a syndicate of banks and financial institutions (the lenders). The purpose of the document is to finance the construction and purchase of a cruise ship, detailing loan amount, drawdown procedures, interest, repayments, security, and various covenants. 

It does **not** transfer insurance risk, does not involve any reinsurance, retrocession, or any of the listed reinsurance‑type contracts. Consequently it is not a reinsurance agreement, nor does it contain any ancillary reinsurance amendment. All reinsurance‑specific classification fields are therefore not applicable.",False,,,,,
2019-1084384-0001144204-19-014694-tv515953_ex10-38.htm,"The document is a credit agreement (a syndicated loan facility) between Pareteum Corporation, its subsidiaries, guarantors, lenders and administrative/collateral agents. It outlines loan terms, interest, covenants, events of default, security documents, etc. There is no reference to insurance, reinsurance, retrocession, loss portfolio transfers, catastrophe bonds, or any risk transfer contract typical of reinsurance. Therefore it is not a reinsurance agreement.",False,,,,,
2019-898174-0000898174-19-000019-ex1032019q110-qnonxqualifi.htm,"The document is a Non‑Qualified Stock Option Agreement granted to an employee of Reinsurance Group of America, Inc. It details the terms of an equity compensation plan, including option grant, vesting, exercise, and termination provisions. There is no reference to any reinsurance transaction, risk transfer, or insurance coverage. Consequently, the document does not constitute a reinsurance agreement, nor does it establish a main reinsurance contract, nor any obligatory reinsurance arrangement. All subsequent classification fields are therefore not applicable.",False,,,,,
2019-1214816-0001214816-19-000010-axs-20181231xexx1022.htm,"The document is an employment agreement between David Phillips and AXIS Specialty U.S. Services, Inc. It outlines the terms of employment, compensation, benefits, termination provisions, confidentiality, and related matters. It does not involve any transfer of insurance risk, reinsurance terms, retrocession, loss portfolio transfer, or any of the other categories listed as reinsurance agreements. Therefore it is not a reinsurance contract, nor an ancillary document relating to one.",False,,,,,
2019-1561032-0001561032-19-000002-ex1049firstamendedandresta.htm,"The provided document is a “First Amended and Restated Senior Secured Credit Agreement” and related loan documentation (including credit facilities, revolving credit, term loans, letters of credit, collateral assignments, etc.). It governs a loan arrangement between a borrower (Healthcare Trust Operating Partnership, L.P.) and multiple lenders/agents. The content deals exclusively with credit facilities, loan covenants, security, and related financial terms. There is no language describing reinsurance, retrocession, or any risk transfer contract typical of reinsurance agreements. Accordingly, the document does not meet any of the criteria for a reinsurance agreement, nor does it contain a main reinsurance contract, nor any obligatory reinsurance features. Therefore all reinsurance‑related classifications are not applicable.",False,,,,,
2019-1513761-0001144204-19-010508-tv513897_ex10-53.htm,"The provided document is a loan and financing agreement (a “Loan Agreement”) that documents a term loan facility for the construction and purchase of a cruise ship. It details the borrowers, lenders, facility agent, security arrangements, interest rates, repayment terms, and various covenants. There is no transfer of insurance risk, no reinsurance treaty, retrocession, loss portfolio transfer, catastrophic bond, or any of the other types of agreements listed as reinsurance contracts. Therefore it does not meet the definition of a reinsurance agreement.",False,,,,,
2019-1371285-0001371285-19-000039-ex1019q42018.htm,"The document is an **Addendum #5** that amends an existing **Quota Share Reinsurance Agreement** between Omega General Insurance Company (the Reinsured) and Wyndham Insurance Company (the Reinsurer). Since it modifies a reinsurance treaty, it qualifies as a reinsurance agreement (the list explicitly includes amendments, endorsements, and addenda to existing reinsurance contracts).  
The addendum is an ancillary document, not the original treaty or a contract slip, so it is not a main contract.  
Quota Share treaties are **obligatory** proportional reinsurance arrangements that transfer risk from the entire underlying portfolio, thus the underlying contract is obligatory.  
The treaty type is **Quota Share**, which is a **proportional** reinsurance structure.  
No life‑related coverage is mentioned; the treaty appears to cover a generic “subject Business”, typical of non‑life lines such as property or casualty. Hence the insurance type is **Non‑Life**.  
The specific class of business (e.g., Property, Casualty, etc.) is not identified in the text, so the class of business is unknown.",True,False,True,proportional,Non-Life,
2019-62709-0000062709-19-000016-non-competeagreement_hearn.htm,"The document is a **Non‑Competition and Non‑Solicitation Agreement** between Marsh & McLennan Companies and an executive. It governs post‑employment restrictions, confidentiality, and intellectual‑property assignments. It does not transfer insurance risk, nor does it create any reinsurance, retrocession, or other risk‑transfer contract. Therefore it is not a reinsurance agreement and does not contain any of the contractual characteristics required for the other classification fields.",False,,,,,
2019-1069996-0001069996-19-000090-exhibit104-p19x0086fedna.htm,"The document is titled **“NET QUOTA SHARE REINSURANCE AGREEMENT”** and contains the full terms of a reinsurance treaty between FedNat Insurance Company (cedent) and Swiss Reinsurance America (reinsurer). It specifies the cession percentage (10 % quota share) of the cedent’s ultimate net liability, outlines retention, premium, loss sharing, exclusions, termination, and other standard treaty provisions.  

* **Reinsurance status** – The agreement is a reinsurance contract (quota‑share treaty).  
* **Main contract** – The text presents the entire treaty, not merely an amendment or endorsement, so it is the primary reinsurance agreement.  
* **Obligatory** – Quota‑share treaties are typically mandatory cessions; there is no indication that the cession is optional or facultative, therefore it is an obligatory treaty.  
* **Proportional vs non‑proportional** – A quota‑share arrangement transfers a fixed percentage of all losses and premiums, which is the classic definition of a **proportional** reinsurance contract.  
* **Insurance type** – The underlying business covered is homeowners (property) and dwelling‑fire (casualty) lines, both of which are non‑life insurance.  
* **Class of business** – The dominant coverage is homeowners/property risk; consequently the class is classified as **Property** (the contract also includes casualty but the primary exposure is property).",True,True,True,proportional,Non-Life,Property
2019-3499-0000003499-19-000004-regoparkii-arloanandsecuri.htm,"The document is an amended and restated loan and security agreement between REGO II BORROWER LLC and the Bank of China, New York Branch. It details loan terms, interest rates, collateral, security interests, covenants, defaults, insurance requirements for the underlying real‑property lease, and many related provisions. There is no reinsurance arrangement, retrocession, loss‑portfolio transfer, catastrophe bond, or any other contract that transfers insurance risk. Consequently, the document is not a reinsurance agreement.",False,,,,,
2019-1385613-0001385613-19-000016-sburton_restrictedxstockag.htm,"The document is a **Restricted Stock Award Agreement** that grants equity (restricted shares) to an employee as part of a stock incentive plan. It deals with vesting, repurchase, tax withholding, and shareholder rights. There is no transfer of insurance risk, no reinsurance, retrocession, or any of the listed reinsurance‑type agreements. It is purely a compensation/equity arrangement and therefore does not fall under any of the definitions of a reinsurance contract.",False,,,,,
2019-1527469-0001527469-19-000049-q32019exhibit101.htm,"The document is a Master Framework Agreement between an Athene reinsurance affiliate (ACRA 1A) and Athene Life Re Ltd. It establishes the terms under which the affiliate will participate in “Qualifying Transactions” and how risks will be transferred through “Flow Reinsurance Agreements” and “Quota Share” arrangements. This defines the rights, obligations, fees, and governance of the reinsurance relationship, which is the core of a reinsurance contract. Consequently, the document is a reinsurance agreement and constitutes a main contract (not merely an amendment or endorsement).  

The agreement obliges the parties to reinsure risks arising from the qualifying transactions; it is not a facultative, but an obligatory framework that governs the transfer of risk from the life insurer to the reinsurance affiliate.  

The reinsurance described is based on a “Quota Share” – a proportional sharing of risks – and there is no indication of excess‑of‑loss or other non‑proportional structures. Hence the contract is proportional.  

Both parties are life insurers; the underlying business involves annuity and life‑insurance liabilities, making the insurance type “Life”.  

Given the focus on life‑insurance and annuity risks, the primary line of business falls under mortality (death‑benefit) risk, so the class of business is classified as “Mortality”.",True,True,True,proportional,Life,Mortality
2019-1363829-0001363829-19-000023-ex-1036enhanzedsubagmnt.htm,"The document is a Subscription Agreement in which an investor purchases shares of a reinsurance company. It outlines the purchase of equity capital, representations, warranties, and closing procedures, but it does not transfer insurance risk, nor does it contain the terms of a reinsurance or retrocession contract. Therefore it is not a reinsurance agreement. Consequently, all downstream classification fields are not applicable.",False,,,,,
2019-1592386-0001592386-19-000008-virtuq1x19x10qxexhibit101.htm,"The document is a Credit Agreement detailing loan facilities, borrowing terms, covenants, and collateral arrangements between various entities (VIRTU FINANCIAL LLC, IMPALA BORROWER LLC, VFH PARENT LLC, and lenders). It governs a credit facility, not an insurance or reinsurance contract. The content focuses on loan commitments, interest rates, and financial covenants, with no reference to the transfer of insurance risk, reinsurance treaties, retrocession, or any of the reinsurance categories listed. Therefore, it does not meet the definition of a reinsurance agreement.",False,,,,,
2019-1133421-0001133421-19-000007-noc-123118xex10dd.htm,"The document is a Group Personal Excess Liability policy issued by a direct insurer (Federal Insurance Company) to Northrop Grumman Corporation. It outlines the terms, coverage, premiums, and conditions of a personal liability insurance contract for the insured’s members, not a contract that transfers risk from one insurer to another (i.e., not a reinsurance or retrocession agreement). Therefore it does not meet any of the listed criteria for a reinsurance agreement.",False,,,,,
2019-1363829-0001363829-19-000073-a2019q1-exx102maidenma.htm,"The document is a Master Agreement that establishes a reinsurance transaction between Maiden Reinsurance (the ceding insurer) and a Retrocessionaire (an indirect subsidiary of Enstar). It contains the terms of an Adverse Development Cover (ADC) Agreement, whereby the Retrocessionaire reinsures 100 % of the quota‑share portion of Maiden’s underlying policies for losses exceeding a retention up to a defined limit. This is a classic retrospective reinsurance/retrocession arrangement that transfers risk from the cedent to the reinsurer.

Because the agreement sets out the primary terms of the reinsurance relationship (quota‑share plus excess‑of‑loss coverage) and is not merely an amendment or endorsement, it is a main contract.

The transaction is obligatory: the Retrocessionaire assumes the entire quota‑share portion of the underlying business under the ADC Agreement, which is a required (mandatory) transfer of risk rather than a facultative arrangement.

The coverage is structured as an excess‑of‑loss (non‑proportional) arrangement: the Retrocessionaire covers losses only above the retention amount up to a specified limit, rather than sharing a fixed proportion of every loss.

The underlying insurance is non‑life (property and casualty) in nature – the Original Cedents (AmTrust) write property/casualty policies, and the reinsured policies are not life contracts.

The class of business for the underlying portfolio is best characterized as Property, as the quota‑share agreements and the ADC Agreement refer to “Covered Business” which, in the context of AmTrust, primarily consists of property insurance.",True,True,True,non-proportional,Non-Life,Property
2019-1527469-0001527469-19-000007-q42018exhibit10328.htm,"The document is an **Addendum to a Master Sub‑Advisory Agreement** that governs the relationship between Athene Asset Management (the investment manager) and several sub‑advisors. It describes the amendment of fee schedules, investment guidelines, and management of hybrid value accounts. The purpose of the agreement is to set out advisory and fee terms for investment management, not to transfer insurance risk or to constitute a reinsurance, retrocession, or any of the listed reinsurance‑type contracts. Although the document references “reinsurance trusts” in a descriptive clause, it does not create, modify, or govern a reinsurance contract. Consequently, it does not meet the definition of a reinsurance agreement nor an ancillary reinsurance document.

Therefore:
- The document is **not** a reinsurance agreement.
- There is no main or ancillary reinsurance contract present.
- No obligations, proportionality, insurance type, or class of business can be derived.",False,,,,,
2019-1637655-0001637655-19-000079-d742864dex102.htm,"The document is a “Fourth Amendment to Amended and Restated Loan Agreement” that amends loan and credit facility terms among Horizon Global Corporation, its subsidiaries, and various lenders. It contains provisions related to loan commitments, guarantees, collateral, default events, and amendments to loan documents. There is no indication that this document creates, modifies, or references any reinsurance, retrocession, or any form of insurance risk transfer. Therefore it does not meet any of the criteria for a reinsurance agreement.",False,,,,,
2019-1576018-0001576018-19-000028-exhibit10331secondamendeda.htm,"The document is a **Second Amended and Restated Exempted Limited Partnership Agreement** for *Third Point Enhanced LP*. It establishes a partnership in which the reinsurance entities (TP Re Bermuda and TP Re USA) transfer all of their “Investable Assets” (i.e., the underlying insurance liabilities) to the partnership in exchange for limited partner interests. This constitutes a **portfolio transfer / loss‑portfolio‑transfer** type of reinsurance arrangement, which is listed among the documents considered reinsurance agreements.

Because the agreement contains the full set of terms governing the creation, capital contributions, allocations, withdrawals, management, tax treatment, and other fundamental provisions, it is the **main contract** that defines the reinsurance relationship (not merely an amendment or endorsement). Therefore it is both a reinsurance agreement and a main contract.

The partnership is designed to carry the entire underlying risk of the joint‑venture insurance portfolios and is not a facultative, small‑risk transfer; it functions as an obligatory, full‑portfolio reinsurance transaction.

The structure resembles a **loss‑portfolio‑transfer** (or similar retrospective reinsurance) rather than a quota‑share or surplus treaty, so it is classified as **non‑proportional**.

TP Re is a Bermuda Class 4 insurer that writes **non‑life** reinsurance (property, casualty, specialty lines). Hence the insurance type is **Non‑Life**.

The underlying portfolio is not limited to a single line of business; it covers multiple lines of the reinsurance program. Since the classification schema does not provide a specific “Multi‑Line” category, the class of business is left as **unknown**.",True,True,True,non-proportional,Non-Life,
2019-1400810-0001193125-19-215297-d648468dex1043.htm,"The document is titled “REINSTATEMENT PREMIUM PROTECTION REINSURANCE CONTRACT” and sets out the terms under which the reinsurer will cover the reinstatement premium obligations of an underlying “First Excess CAT” reinsurance contract. This establishes a risk‑transfer agreement between the ceding insurer (HOMEOWNERS CHOICE PROPERTY & CASUALTY INSURANCE COMPANY, INC.) and the reinsurer (TYPTAP INSURANCE COMPANY). The contract contains all principal terms (business covered, coverage, term, premium, definitions, etc.) and is not merely an amendment or endorsement. Therefore it is a reinsurance agreement and constitutes a main contract.

Reinstatement premium protection contracts are classified as reinsurance agreements. Because it protects the premium obligations of an underlying “First Excess” treaty, which is a treaty‑type (obligatory) reinsurance arrangement, the contract itself is considered obligatory.

The underlying “First Excess CAT” contract is an excess‑of‑loss (non‑proportional) arrangement, and the premium protection follows the same risk‑transfer logic. Hence the contract is non‑proportional.

The risks covered relate to property catastrophe lines (homeowners, condominium, renters, dwelling), which are non‑life insurance.

Accordingly the class of business is Property.",True,True,True,non-proportional,Non-Life,Property
2019-1411059-0001411059-19-000062-kbsriiq32019exhibit103.htm,"The provided document is a syndicated loan agreement (including the loan agreement, promissory note, and related exhibits) for financing the acquisition and development of a real‑estate property (Granite Tower). It defines loan terms, interest rates, covenants, default provisions, and administrative arrangements between the borrower, lenders, and the administrative agent. There is no language indicating a reinsurance, retrocession, or any type of risk‑transfer contract typical of reinsurance agreements. Therefore the document does not meet any of the criteria listed for reinsurance agreements.",False,,,,,
2019-9346-0000009346-19-000012-ex10_11.htm,"The document is a Confidentiality, Non‑Competition, and Non‑Solicitation Agreement between Baldwin & Lyons, Inc. and an executive. It governs employment‑related matters (confidential information, restrictive covenants, separation payments, etc.) and does not involve the transfer, ceding, or sharing of insurance risk. Consequently it does not meet any of the criteria listed for reinsurance agreements (e.g., treaty, retrocession, loss‑portfolio transfer, etc.). Therefore it is **not** a reinsurance contract, nor an ancillary amendment of one.",False,,,,,
2019-886982-0001193125-19-050198-d669877dex1048.htm,"The document is an award agreement for Restricted Stock Units (RSUs) granted to an employee of Goldman Sachs. It details the terms of the equity compensation, vesting, delivery, forfeiture, and related administrative provisions. It does not involve any transfer of insurance risk, reinsurance, retrocession, or any of the insurance‑related contracts listed in the criteria for reinsurance agreements. Consequently, it is not a reinsurance agreement and none of the subsequent classification fields apply.",False,,,,,
2019-1724670-0001724670-19-000104-ex102amendedcreditagreement.htm,"The document is a Credit Agreement (a syndicated loan facility) between Perspecta Inc. and a group of lenders. It outlines loan terms, advances, covenants, and guarantees, with no reference to insurance, reinsurance, risk transfer, or any of the reinsurance contract types listed in the guidelines. Therefore, it does not meet the definition of a reinsurance agreement or any related ancillary reinsurance document.",False,,,,,
2019-1750735-0001558370-19-002678-mrbk-20181231ex1056486a0.htm,"The document is an **Asset Purchase Agreement** for the sale of the business and assets of HJ Wealth Management to Meridian Bank. It details the transfer of assets, liabilities, and related contractual obligations. This is a corporate acquisition agreement, not a reinsurance contract, retrocession, or any of the other forms listed as reinsurance agreements. Consequently, it does not meet any of the criteria for being classified as a reinsurance agreement, nor does it contain any reinsurance-specific terms such as quota share, excess of loss, or risk transfer provisions typical of reinsurance.

Because the document is not a reinsurance agreement, all downstream classification fields (main contract, obligatory status, proportionality, insurance type, and class of business) are not applicable.",False,,,,,
2019-1637655-0001637655-19-000079-d742864dex1011.htm,"The document is a Seventh Amendment to an Amended and Restated Loan Agreement involving Horizon Global Corporation and various lenders. It details modifications to loan terms, credit facilities, guarantees, and collateral arrangements. There is no mention of insurance, reinsurance, retrocession, or any risk transfer contract that would qualify as a reinsurance agreement. Therefore, it does not meet the criteria for a reinsurance document.",False,,,,,
2019-1385613-0001385613-19-000016-solasglaslpaamendmentno1ex.htm,"The document is an amendment to an exempted limited partnership agreement of Solasglas Investments, LP. It amends definitions related to capital accounts, performance allocations, and carry‑forward accounts. The parties involved are the General Partner and the Limited Partners, including entities named “GREENLIGHT REINSURANCE, LTD.” and “GREENLIGHT REINSURANCE IRELAND.” Although the limited partners have “Reinsurance” in their names, the content of the amendment does not create, modify, or reference any reinsurance risk transfer, retrocession, or other reinsurance contract. It solely pertains to the internal accounting and governance of the partnership. Therefore, this document is not a reinsurance agreement.",False,,,,,
2019-1069996-0001069996-19-000090-exhibit101-19xf7v1099xre.htm,"The document is an **Excess Catastrophe Reinsurance Contract** entered into between FedNat Insurance Company and the Subscribing Reinsurer(s).  
It contains the full terms, conditions, schedule, retention, limits, premium, reinstatement, arbitration, confidentiality, and other typical clauses of a reinsurance treaty.  
Therefore it is a **reinsurance agreement** (not a direct insurance policy or a mere endorsement).  
Because it sets out the entire agreement – including the classes of business, territory, term, and premium – it serves as the **main contract** rather than an ancillary amendment.  
The contract covers the insurer’s entire property portfolio (Property business) and is not a facultative or single‑risk arrangement; it transfers the excess loss of the whole portfolio, making it an **obligatory** reinsurance treaty.  
The contract is an **Excess (catastrophe) layer**, which is a classic **non‑proportional** (excess‑of‑loss) structure.  
The underlying insurance is **Non‑Life**, specifically **Property** business (dwelling fire, inland marine, commercial homeowners, etc.).",True,True,True,non-proportional,Non-Life,Property
2019-1404624-0001564590-19-011537-aghi-ex1037_966.htm,"The document is a Fourth Amendment to a Credit Agreement involving Affinion Group Holdings, Inc. and its lenders. It amends loan terms, defines credit facilities, and outlines financial covenants. It does not pertain to any insurance, reinsurance, retrocession, or related risk-transfer contracts. Therefore, it is not a reinsurance agreement.",False,,,,,
2019-1069996-0001069996-19-000090-exhibit106-19xf7v1055xre.htm,"The document is titled “Reinstatement Premium Protection Reinsurance Contract” and contains full contractual terms, articles, schedules, and signatures. It expressly provides reinsurance coverage (the reinsurer indemnifies the ceding insurers for reinstatement premiums arising from an “Excess Catastrophe Reinsurance Contract”). This matches the definition of a reinsurance agreement, specifically a reinstatement premium protection contract that refers to an underlying reinsurance contract.

The contract includes all principal terms (coverage, premium, termination, arbitration, etc.) and is not merely an amendment or endorsement, so it qualifies as a main reinsurance contract.

The coverage applies to the ceding insurers’ entire portfolio of excess catastrophe layers rather than a single or limited set of insureds, indicating an obligatory transfer of risk.

The underlying excess catastrophe reinsurance is a non‑proportional arrangement (excess of loss), and the reinstatement premium protection follows the same excess‑layer structure. Therefore the contract is classified as non‑proportional.

The underlying risk pertains to catastrophe losses on property, which is a non‑life line of business.

Accordingly, the class of business is Property (catastrophe/property damage coverage).",True,True,True,non-proportional,Non-Life,Property
2019-1378992-0001378992-19-000015-exhibit102.htm,"The document is an “Amended and Restated Term Loan Credit Agreement” that sets out the terms of a corporate loan facility, including definitions, covenants, and collateral arrangements for Berry Global Group, Inc. It deals with borrowing, lending, securities, and corporate financing, not with the transfer of insurance risk. The content does not describe any reinsurance contract, retrocession, loss portfolio transfer, catastrophe bond, or any other risk‑transfer arrangement that would qualify as a reinsurance agreement under the provided criteria. Therefore, it is not a reinsurance agreement.",False,,,,,
2019-47518-0000047518-19-000057-exhibit102q32019.htm,"The provided document is a ""Third Amendment to the Credit Agreement"" involving Hill‑Rom Holdings, Inc., its lenders, and JPMorgan Chase Bank as administrative agent. It details amendments to loan terms, collateral arrangements, covenants, and various loan‑related provisions. The content pertains to a credit facility amendment and not to any reinsurance, retrocession, or insurance‑related contract. Therefore it does not meet any of the criteria for a reinsurance agreement.",False,,,,,
2019-1637655-0001637655-19-000079-hzn-033119xexhibit1012.htm,"The document is a **Seventh Amendment to a Credit Agreement** for Horizon Global Corporation. It amends the terms of a term loan credit agreement among the borrower, lenders, and an administrative agent. The content deals exclusively with loan repayment, covenants, and other loan document provisions. There is no reference to reinsurance, retrocession, or any risk transfer from an insurer to a reinsurer. Therefore, this document does not meet any of the criteria defining a reinsurance agreement.",False,,,,,
2019-1267395-0001267395-19-000008-exhibit10422018performance.htm,"The document is a **Performance Share Award Agreement** issued by Aspen Insurance Holdings Limited to an individual participant. It outlines the grant, vesting conditions, and payment of performance shares under the company's Share Incentive Plan. This is an executive compensation agreement, not an insurance or reinsurance contract. The content does not involve risk transfer, premium, or any of the characteristics of reinsurance, retrocession, or related agreements listed in the guidelines. Therefore, the document is not a reinsurance agreement, nor does it contain any reinsurance contractual terms.",False,,,,,
2019-79282-0000079282-19-000006-exhibit101eq42018.htm,"The document is an employment agreement between Brown & Brown, Inc. and an executive. It addresses employment terms, compensation, covenants, and confidentiality but does not create, modify, or transfer any insurance or reinsurance risk. It is not a reinsurance treaty, retrocession, loss‑portfolio transfer, or any other contract listed as a reinsurance agreement. Consequently it is not a reinsurance contract, nor an ancillary amendment to one.",False,,,,,
2019-884887-0000884887-19-000046-a2019q3exhibit101.htm,"The document is a loan and facility agreement concerning a term loan for the purchase and construction of a cruise vessel. It sets out financing terms, commitments, interest rates, and repayment schedules between the borrower (Royal Caribbean Cruises Ltd.) and a group of lenders (banks). There is no transfer of insurance risk, no reinsurance, retrocession, or insurance‑linked securities. Therefore it does not meet any of the criteria for a reinsurance agreement.",False,,,,,
2019-944695-0001564590-19-003788-thg-ex1037_183.htm,"The document is an employment Service Agreement between Chaucer Underwriting Services Limited and an individual (John Fowle). It outlines employment terms, duties, remuneration, confidentiality, and other typical employment provisions. It does not involve the transfer of insurance risk, reinsurance, retrocession, or any of the listed types of reinsurance contracts. Consequently, it is not a reinsurance agreement, nor does it constitute a main reinsurance contract, nor any obligatory reinsurance arrangement. As it is not a reinsurance contract, the fields concerning proportionality, insurance type, and class of business are not applicable.",False,,,,,
2019-929545-0000929545-19-000040-cdor-20190630xex10_3.htm,"The document is a detailed **Term Loan Agreement** for a hospitality real‑estate transaction (Condor Hospitality REIT, Spring Street Hotel Property, etc.). It outlines loan commitments, interest rates, covenants, collateral, and related banking and legal provisions. There is no reference to any reinsurance, retrocession, or risk‑transfer contract. It is a direct financing instrument, not an insurance or reinsurance contract. Consequently, it does not meet the criteria for a reinsurance agreement.",False,,,,,
2019-1400810-0001193125-19-215297-d648468dex1032.htm,"The document is titled “PROPERTY CATASTROPHE EXCESS OF LOSS REINSURANCE CONTRACT” and contains the full terms, articles, definitions, retention and limit schedule, premium schedule, and all contractual provisions typical of a reinsurance treaty. This matches the definition of a reinsurance agreement. It is not an amendment or endorsement; it is the complete contract, so it is a main contract. The contract is a treaty covering a portfolio of property policies (homeowners, condo, renters, dwelling) and is structured as an excess‑of‑loss (non‑proportional) treaty, which is generally an obligatory reinsurance arrangement. The risk transferred is property risk, a non‑life line, and the class of business is Property.",True,True,True,non-proportional,Non-Life,Property
2019-1620459-0001620459-19-000087-jrvrex10209302019.htm,"The document is an employment agreement between James River Group Holdings, Ltd. and its executive. It outlines salary, bonuses, benefits, confidentiality, non‑competition, and termination provisions. There is no mention of any reinsurance, retrocession, risk transfer, or insurance coverage terms. Therefore, it does not meet the definition of a reinsurance agreement or any of the related contract types listed. Consequently, all reinsurance‑specific classifications are not applicable.",False,,,,,
2019-1527469-0001527469-19-000007-q42018exhibit10324.htm,"The document is an **Addendum to a Master Sub‑Advisory Agreement** describing the relationship between an investment manager and various sub‑advisors. It sets forth fee structures, management responsibilities, and investment guidelines for the “Hybrid Value Managed Account.” There is no transfer of insurance risk, no reinsurance, retrocession, or any of the listed reinsurance‑related contract types. Consequently, the document does not meet the definition of a reinsurance agreement.",False,,,,,
2019-1620459-0001620459-19-000052-jrvrex103112312018.htm,"The document is an employment agreement between JRG Reinsurance Company, Ltd. and an executive (Daniel Heinlein). It sets out employment terms, compensation, duties, confidentiality, non‑competition, termination, and related provisions. There is no transfer of insurance risk, no reinsurance or retrocession terms, and no reference to any insurance contract that would constitute a reinsurance agreement. Therefore, the document is not a reinsurance contract, nor does it contain a main reinsurance agreement. Consequently, all downstream classification fields are not applicable.",False,,,,,
2019-1637655-0001637655-19-000079-d742864dex1010.htm,"The document is a sixth amendment to a credit agreement involving loan terms, commitments, collateral, and various financial covenants. It does not relate to any insurance, reinsurance, or risk transfer contract. Therefore, it is not a reinsurance agreement, nor does it contain any reinsurance provisions.",False,,,,,
2019-1585583-0001585583-19-000069-tacoq32019102.htm,"The provided document is an amendment to a credit agreement (a loan facility) involving a restaurant company, its lenders, and an administrative agent. It details borrowing, revolving credit commitments, letters of credit, and related loan terms. There is no transfer of insurance risk, no reinsurance or retrocession language, and it does not pertain to any insurance contract. Therefore, it is not a reinsurance agreement.",False,,,,,
