filename,reasoning,is_reinsurance,is_main_contract,is_obligatory,proportional_or_non_proportional,insurance_type,class_of_business
2024-1081316-0001081316-24-000022-pac93024ex104.htm,"The document is a settlement agreement and release between parties to resolve a legal dispute related to wildfires. It does not involve any transfer of risk from one insurance entity to another, which is the defining characteristic of a reinsurance agreement. Therefore, it is not a reinsurance agreement.",False,,,,,
2024-1363829-0001363829-24-000106-exhibit101-amendedandresta.htm,"The document is an ""Amended and Restated Employment Agreement"" between Enstar (US) Inc. and an executive, Nazar Alobaidat. It details the terms of employment, compensation, duties, termination clauses, and other standard employment-related provisions. There is no mention of reinsurance, retrocession, or any risk transfer from one insurance entity to another. Therefore, it is not a reinsurance agreement.",False,,,,,
2024-59527-0000059527-24-000029-leco-20240630xex10d4.htm,"The user has provided a document that is a First Amendment to a Note Purchase Agreement. The document details amendments to an existing agreement, defines various terms, and outlines conditions for the amendment to become effective.

Here's a breakdown of the classification:

1.  **is_reinsurance**: The document is an amendment to a ""Note Purchase Agreement"" which is a debt financing instrument. It does not involve risk transfer in the way reinsurance does. Therefore, it is not a reinsurance agreement.
2.  **is_main_contract**: The document is an *amendment* to an existing Note Purchase Agreement. Amendments modify existing contracts; they do not establish the primary reinsurance or retrocession relationship themselves. Therefore, this is not considered a main contract.
3.  **is_obligatory**: Since it is not a reinsurance contract, this classification is not applicable.
4.  **proportional_or_non_proportional**: Since it is not a reinsurance contract, this classification is not applicable.
5.  **insurance_type**: Since it is not a reinsurance contract, this classification is not applicable.
6.  **class_of_business**: Since it is not a reinsurance contract, this classification is not applicable.",False,False,,,,
2024-1039828-0001039828-24-000020-a2023-12x31ex1049.htm,"The document appears to be a letter regarding a special cash incentive payment related to a proposed merger between American Equity Investment Life Holding Company and Brookfield Reinsurance Ltd. It does not contain terms or conditions of a reinsurance or retrocession agreement. Therefore, it is not a reinsurance contract.",False,,,,,
2024-1273813-0001273813-24-000031-ago-03312024x10qex104.htm,"The document is an employment agreement related to incentive compensation, not a contract for the transfer of insurance risk between entities. Key indicators are the focus on employee performance, bonus payouts, and conditions for retaining the award, as well as clauses defining ""Detrimental Activity"" which include competition with the company's business, rather than risk transfer mechanisms.",False,,,,,
2024-5272-0000005272-24-000126-q32024exhibit102.htm,"The document is an ""AMENDED AND RESTATED CREDIT AGREEMENT"" which outlines the terms and conditions for loans and letters of credit provided to American International Group, Inc. and its subsidiaries. It details borrowing limits, interest rates, fees, covenants, events of default, and the roles of various parties involved in the credit facility. There is no mention of risk transfer between insurance entities, which is the defining characteristic of a reinsurance agreement. Therefore, it is not a reinsurance agreement. It is a main contract that establishes a credit facility and does not appear to be ancillary to any other agreement. The concept of obligatory or non-obligatory does not apply to credit agreements. Likewise, proportional, non-proportional, and insurance types are not applicable to this financial instrument.",False,True,,,,
2024-1509991-0001509991-24-000072-amendedandrestatedfacility.htm,"The user has provided a document that appears to be a facility agreement. The document details a loan facility provided by various financial institutions to Kosmos Energy Finance International and other related entities. It outlines the terms of the facility, including commitments, repayment schedules, interest rates, fees, conditions precedent, covenants, events of default, and governing law.

There is no indication within the document that it constitutes insurance or reinsurance. It is a financial agreement for a loan facility. Specifically, it's an ""Amended and Restated Facility Agreement"" which provides for loans and letters of credit.

Therefore, it is not a reinsurance agreement. Since it's a loan facility agreement and not an insurance contract, the subsequent fields related to reinsurance classification (is_main_contract, is_obligatory, proportional_or_non_proportional, insurance_type, class_of_business) are not applicable.",False,,,,,
2024-1532286-0001532286-24-000014-nine-20240630x10qex101.htm,"The document is a ""SECOND AMENDMENT TO CREDIT AGREEMENT."" This indicates it is an amendment to an existing financial agreement, specifically a credit agreement. Credit agreements are financial instruments related to loans and debt, not insurance or reinsurance. Reinsurance agreements involve the transfer of risk between insurance companies. This document does not describe a mechanism for risk transfer in the insurance sense; instead, it details changes to loan terms, interest rates, and other financial covenants. Therefore, it is not a reinsurance agreement. Since it is not a reinsurance agreement, all subsequent classifications related to reinsurance (main contract, obligatory, proportional/non-proportional, insurance type, and class of business) should be None.",False,,,,,
2024-898174-0000898174-24-000097-ex101202410-q.htm,"The document is a Performance Contingent Share Agreement between Reinsurance Group of America, Inc. and an employee. It details the terms and conditions for the employee to receive shares of the company's common stock based on certain performance criteria (ROE, BVPS Growth, and relative Total Shareholder Return) over a specified performance period. This agreement is part of an employee stock plan and is related to executive compensation, not the transfer of risk between insurance entities. Therefore, it is not a reinsurance agreement.",False,,,,,
2024-1220754-0001220754-24-000082-ex102amendmentno4tocredita.htm,"The user has provided a document that is an amendment to a credit agreement. The document outlines changes to an existing credit agreement between ModivCare Inc. and its lenders. It details amendments, conditions of effectiveness, representations and warranties, governing law, and other standard clauses found in loan and credit agreements. The core of the document is the modification of an existing financial contract (credit agreement), not the establishment of a reinsurance contract. There is no mention of insurance, premiums, ceded risks, or any other terms characteristic of a reinsurance agreement. Therefore, it is not a reinsurance document.",False,False,,,,
2024-2002473-0001628280-24-036134-exhibit1018amendedandresta.htm,"The document is a Managing General Agency Agreement that explicitly mentions a reinsurance agreement. Article 15.2 states ""All business coming within the scope of this Agreement shall be reinsured under the Reinsurance Agreement, as may be amended or renewed from time to time."" This indicates that the agreement is directly related to and governs business that is reinsured.",True,True,,proportional,Non-Life,Specialty
2024-914748-0000914748-24-000008-eg-20240331xexx101holdings.htm,"The document is an amendment to an employment agreement between an executive and several related companies, including Everest Reinsurance Holdings, Inc. The amendment modifies terms related to the executive's title, duties, compensation, and termination of employment. It does not involve the transfer of risk from one insurance entity to another, nor does it reinsure any underlying insurance policies. Therefore, it is not a reinsurance agreement.",False,,,,,
2024-1612720-0001628280-24-010236-ex-1047.htm,"The user has provided an amendment to a credit agreement. This document is not a reinsurance agreement as it is a credit agreement and an amendment to it, not an insurance or reinsurance contract. Therefore, `is_reinsurance` should be False. As it is an amendment to a main contract (the credit agreement), it is not the main contract itself, so `is_main_contract` should be False. Since it is not a reinsurance agreement, the following fields are not applicable and should be None.",False,False,,,,
2024-1781755-0001781755-24-000016-exhibit-1011fy2023q4.htm,"The document is a retirement and separation agreement between an individual employee and their employer. While it mentions the insurance industry and prohibits the employee from engaging in certain activities within that industry upon retirement, such as working for an insurance or reinsurance brokerage or carrier, the primary purpose of the document is to govern the terms of employment termination and the provision of severance benefits. It does not involve the transfer of insurance risk from one insurance entity to another, which is the defining characteristic of a reinsurance agreement.",False,,,,,
2024-891166-0000891166-24-000075-creditagreementdatedmay3.htm,"The user has provided a document that is a Credit Agreement. This agreement outlines a loan facility between Universal Insurance Holdings, Inc. (the Borrower) and several lenders, with JPMorgan Chase Bank, N.A. acting as the Administrative Agent. The document details terms related to loans, commitments, fees, interest rates, representations and warranties, covenants, events of default, and miscellaneous provisions. Importantly, the document does not describe an agreement for risk transfer between insurance companies. Instead, it concerns a financial debt arrangement. Therefore, it is not a reinsurance agreement. Since it is not a reinsurance agreement, the flags for main contract, obligatory, proportional/non-proportional, insurance type, and class of business should all be null or false.",False,,,,,
2024-1772695-0001772695-24-000056-exhibit105-isdebtamendment.htm,"The document is identified as the ""FIRST AMENDMENT TO CREDIT AGREEMENT"". A Credit Agreement is a contract between a borrower and a group of lenders (or a single lender) that establishes the terms and conditions under which the borrower can obtain loans. This document specifically amends an existing Credit Agreement. Credit agreements are financing contracts and do not involve the transfer of risk in the manner of insurance or reinsurance. Therefore, this document is not a reinsurance agreement.",False,,,,,
2024-5513-0000005513-24-000015-unm123123ex1021.htm,"The document is a ""FIRST AMENDMENT TO SECOND AMENDED AND RESTATED CREDIT AGREEMENT"". This type of agreement is financial in nature and does not involve reinsurance. The agreement is between Unum Group and various lenders to amend an existing credit facility. Therefore, it is not a reinsurance contract.",False,False,,,,
2024-853816-0001193125-24-189687-d853858dex101.htm,"The user provided a document that is an amendment to a credit agreement. The document outlines changes related to benchmark transition events for Canadian Dollars (CDOR Rate) and the implementation of a replacement benchmark rate. It details amendments to the credit agreement, conditions for effectiveness, reaffirmations of existing obligations, and governing law. The document is clearly a financial agreement concerning credit facilities and not a reinsurance contract.

1. **is_reinsurance**: The document is an amendment to a credit agreement, not a reinsurance agreement.
2. **is_main_contract**: The document is an amendment to an existing credit agreement. It modifies the terms of the main contract but is not the main contract itself. However, the prompt states: ""If the document contains a main contract and ancillary agreements, answer the question positively."" Since this is an amendment to a main contract (the Credit Agreement), and it modifies the terms of that main contract, we consider it to be related to the main contract. Therefore, it should be classified as True.
3. **is_obligatory**: Not applicable as it's not a reinsurance contract.
4. **proportional_or_non_proportional**: Not applicable as it's not a reinsurance contract.
5. **insurance_type**: Not applicable as it's not an insurance or reinsurance contract.
6. **class_of_business**: Not applicable as it's not an insurance or reinsurance contract.

Therefore, the document is not a reinsurance agreement. It is an amendment to a credit agreement, which is a type of financial contract. The question on whether it's a ""main contract"" is tricky as it's an *amendment* to a main contract. However, the definition states it modifies terms of an existing contract, making it ancillary. But the final sentence says ""If the document contains a main contract and ancillary agreements, answer the question positively."" This amendment deals with the main credit agreement. Given the ambiguity and that it directly modifies a main financial agreement, classifying it as ""True"" for `is_main_contract` seems more appropriate in this context, as it's directly tied to the primary financial obligation. However, strictly speaking, an amendment is ancillary. Let's re-evaluate `is_main_contract`. Amendments, addenda, etc., modify existing reinsurance agreements. If this were a reinsurance agreement, it would likely be considered ancillary. Since it's not a reinsurance agreement at all, `is_main_contract` should be ""None"".

Revised reasoning:
The document is an amendment to a credit agreement, which is a financial contract, not an insurance or reinsurance agreement. It modifies the terms of an existing credit agreement, making it an ancillary document to that credit agreement. Since it is not a reinsurance agreement at all, the flags for `is_reinsurance`, `is_main_contract`, `is_obligatory`, `proportional_or_non_proportional`, `insurance_type`, and `class_of_business` should reflect this. `is_main_contract` should be None because the document is not a reinsurance agreement.[[ ## reasoning ## ]]
The provided document is the ""FIRST AMENDMENT TO SECOND AMENDED AND RESTATED CREDIT AGREEMENT"". This document amends an existing credit agreement, which is a financial contract related to borrowing and lending money between a borrower (Landstar System Holdings, Inc.) and lenders (financial institutions). It does not involve insurance or reinsurance.

Therefore:
1.  `is_reinsurance` is False because it is a credit agreement amendment, not a reinsurance agreement.
2.  `is_main_contract` is None because the document is not a reinsurance agreement at all.
3.  `is_obligatory` is None because it is not a reinsurance agreement.
4.  `proportional_or_non_proportional` is None because it is not a reinsurance agreement.
5.  `insurance_type` is None because it is not an insurance or reinsurance agreement.
6.  `class_of_business` is None because it is not an insurance or reinsurance agreement.",False,,,,,
2024-315293-0001628280-24-005392-exhibit103-amendmentnoic.htm,"The user has provided a document which is an amendment to a credit agreement. The document details changes to an existing credit facility between Aon Corporation and various lenders. It does not involve any risk transfer from one insurance entity to another, which is the defining characteristic of reinsurance. Therefore, it is not a reinsurance agreement. Since it is not a reinsurance agreement, the remaining fields are not applicable.",False,,,,,
2024-1593275-0001593275-24-000028-exhibit10144-fourthamend.htm,"The document is an amendment to a reimbursement agreement, which itself is related to letters of credit issued for the benefit of a Bermuda insurance and reinsurance company. While it mentions ""reinsurance company"" in the context of the borrower's entity type, the core of the document is about amending a financial agreement related to letters of credit and collateral. It does not describe a direct reinsurance contract or a contract that transfers risk between two insurance entities in the manner of a typical reinsurance treaty or policy. The agreement is between a borrower (Hamilton Re, Ltd.) and an issuing lender (UBS AG), which is a financial institution, not another insurance or reinsurance company acting as a cedent or reinsurer. Therefore, it is not a reinsurance agreement.",False,,,,,
2024-1403528-0001403528-24-000019-exh104-fourthamendedandres.htm,"The document is an amended and restated exchange agreement between Atlas Top LLC, Oaktree Capital Group, LLC, and other parties. It details the procedures for exchanging OCGH units for cash, Class A Shares, Atlas Notes, or ExchangeCo Units. The agreement focuses on the exchange of ownership interests and does not appear to transfer insurance risk from one party to another. Therefore, it is not a reinsurance agreement.",False,False,False,,,
2024-884887-0000884887-24-000130-a2024q2exhibit109.htm,The user has provided a document that is an amendment to a credit agreement. The document details changes to the terms of a loan facility provided to Royal Caribbean Cruises Ltd. for the financing of a cruise vessel. There is no mention of insurance or reinsurance in the context of risk transfer between insurance entities.,False,,,,,
2024-874501-0000874501-24-000040-a01-012ex1038x4q23x10k.htm,"The document is a Stipulation and Order between Ambac Assurance Corporation (""Respondent"") and the Office of the Commissioner of Insurance (OCI) of the State of Wisconsin. It outlines the terms and conditions under which the Respondent must operate, specifically regarding its surplus, contingency reserves, capital model, and affiliate transactions. The document mentions that the Respondent's operations require a structure of supervision and that the OCI is establishing additional factors and adjustments to the Respondent's compulsory surplus to assure an adequate margin of safety. While it references ""policyholders"" and ""reserves"" and the need for financial security, it does not describe a reinsurance agreement, retrocession agreement, or any other type of risk transfer contract between two insurance entities. Instead, it appears to be a regulatory compliance and supervisory agreement imposed by an insurance regulator on a specific insurance company (Ambac Assurance Corporation). Therefore, it is not a reinsurance agreement.",False,,,,,
2024-1371285-0001371285-24-000029-ex109q42023.htm,"The document is an Addendum to a Quota Share Reinsurance Agreement, which is a type of reinsurance. It modifies an existing reinsurance contract, specifically Article 8 concerning Ceding Commission. Therefore, it is a reinsurance agreement and an ancillary agreement to the main contract.",True,False,,proportional,Non-Life,Accident and Health
2024-1655050-0000950170-24-091840-bcsf-ex10_32.htm,"The document provided is a Third Amendment to a Senior Secured Revolving Credit Agreement and a First Amendment to a Guarantee and Security Agreement. These are financial agreements related to loans and security, not reinsurance agreements. Reinsurance agreements involve the transfer of risk between insurance entities. This document outlines changes to credit terms, lender commitments, and security agreements, which are typical of debt financing, not insurance risk transfer.",False,False,,,,
2024-1095073-0001095073-24-000027-eg-20240331xexx101.htm,"The document is an amendment to an employment agreement for the executive of Everest Global Services, Inc., Everest Group, Ltd., and Everest Reinsurance Holdings, Inc. It details changes to the executive's title, duties, compensation, and termination clauses. This is an employment contract amendment and not a reinsurance agreement.",False,,,,,
2024-1593275-0001593275-24-000028-exhibit101411-eleventham.htm,"The document is an amendment to a reimbursement agreement for letters of credit issued for the account of Hamilton Re, Ltd., a Bermuda insurance and reinsurance company. While it involves a reinsurance company as the borrower, the agreement itself is a financing arrangement (letters of credit) rather than a direct reinsurance contract. Therefore, it is not a reinsurance agreement.",False,False,False,,,
2024-1612720-0001628280-24-037219-ex103.htm,"The document is an amendment to a Credit Agreement, outlining loan terms, repayment schedules, and financial covenants related to project financing. It does not contain any provisions or references to reinsurance or retrocession. The nature of the agreement is purely financial and contractual regarding debt and credit facilities.",False,False,,,,
2024-1547903-0001547903-24-000103-ex1031q12024.htm,"The document is a CREDIT AGREEMENT, which is a loan agreement. It details the terms and conditions under which lenders provide funds to a company. It does not involve the transfer of risk from one insurance entity to another, which is the hallmark of reinsurance. Therefore, it is not a reinsurance agreement. Since it is not a reinsurance agreement, the remaining fields are not applicable.",False,,,,,
2024-1592386-0001592386-24-000076-exhibit101q224.htm,"The user provided a document that appears to be an amendment to a Credit Agreement. The core of the document discusses loans, credit facilities, interest rates, fees, and financial covenants related to borrowing rather than insurance or reinsurance. Terms like ""Credit Agreement,"" ""Lender,"" ""Borrower,"" ""Term Loans,"" ""Revolving Commitments,"" ""Administrative Agent,"" and currency translation all point towards a financial services agreement, specifically a loan or credit facility. There is no mention of risk transfer, premiums, policies, or insurance underwriting that would indicate a reinsurance agreement. Therefore, the document is not a reinsurance agreement.",False,,,,,
2024-10329-0001437749-24-022523-ex_695614.htm,"The user provided a document that is an ""EIGHTH AMENDED AND RESTATED CREDIT AGREEMENT"". This document outlines a credit facility between Bassett Furniture Industries, Inc. and Truist Bank. It details terms related to loans, letters of credit, interest rates, fees, covenants, and defaults.

Based on the criteria:
- **is_reinsurance**: This document is a credit agreement and does not represent a reinsurance agreement. Therefore, it should be `False`.
- **is_main_contract**: Since this is a credit agreement and not a reinsurance contract, this field should be `None`.
- **is_obligatory**: This document is not a reinsurance contract, so this field should be `None`.
- **proportional_or_non_proportional**: This document is not a reinsurance contract, so this field should be `None`.
- **insurance_type**: This document is not an insurance or reinsurance contract, so this field should be `None`.
- **class_of_business**: This document is not an insurance or reinsurance contract, so this field should be `None`.",False,,,,,
2024-1873529-0000950170-24-129727-klc-ex10_6.htm,"The user wants to classify the provided document, which is labeled as ""REFINANCING AMENDMENT NO. 4 TO CREDIT AGREEMENT"". The document details amendments to an existing Credit Agreement, specifically concerning the refinancing of term loans.

1. `is_reinsurance`: The document is explicitly titled ""REFINANCING AMENDMENT NO. 4 TO CREDIT AGREEMENT."" Credit agreements are debt financing instruments, not reinsurance agreements. Reinsurance involves transferring risk between insurance entities. Therefore, this is not a reinsurance agreement.

2. `is_main_contract`: The document is an amendment to an existing Credit Agreement. Amendments modify the terms of a main contract but are not the main contract itself. However, the definition states: ""If the document contains a main contract and ancillary agreements, answer the question positively."" This amendment modifies the main Credit Agreement. The definition also says: ""The following documents are considered main contracts: Renewals of an existing reinsurance contract. Ancillary agreements include endorsement, extension, addendum, commutations, novations, and other documents which modify the terms of an existing reinsurance agreement."" This is an amendment, which modifies terms. It's similar to an addendum or extension. However, it *amends* the credit agreement, which is the main contract. The specific wording ""amend, restate, amended and restated, supplemented or otherwise modified prior to the date hereof, the 'Credit Agreement' and as amended by this Amendment, the 'Amended Credit Agreement'"" indicates it *changes* the main contract.

Let's re-evaluate `is_main_contract`. The document is an *amendment* to a Credit Agreement. Amendments are typically considered ancillary as they modify an existing main contract. However, the instructions state ""If the document contains a main contract and ancillary agreements, answer the question positively."" This amendment modifies the main Credit Agreement. If we consider the *amended credit agreement* as the operative main contract being referenced, then this amendment is a modification. The instructions also list renewals as main contracts. Amendments are very similar to renewals in that they continue the life of the contract with modified terms. Given the wording ""to the extent an original reinsurance contract exists,"" and considering that this is an amendment to a credit facility, it is modifying the main contract rather than being a wholly separate new main contract itself. However, the wording ""If the document contains a main contract and ancillary agreements, answer the question positively"" suggests that if it's *part of* a main agreement, it should be positive. Let's consider the scope: this document is *the* refinancing amendment, which establishes new refinancing term loans and modifies existing terms. It's not merely a collateral release or a minor operational change; it's a significant modification to the core financial terms. The definition notes that ""entire reinsurance contracts"" are main contracts, and ancillary agreements modify existing ones. This *modifies* an existing contract. However, I will lean towards 'True' because it is a *refinancing amendment* that is critical to the *amended credit agreement*.

3. `is_obligatory`: The document pertains to a credit agreement, which is a loan facility. Loan facilities are not typically characterized as ""obligatory"" or ""non-obligatory"" in the same way reinsurance treaties are. Loan agreements are bilateral contracts for borrowing and lending, not risk transfer mechanisms between insurers. The concept of ""obligatory"" vs. ""non-obligatory"" typically applies to reinsurance treaties where the reinsurer is obligated to accept risks within defined parameters or where facultative acceptance is required. This document is a refinancing amendment to a credit agreement, which is fundamentally different. It modifies terms for existing and new loans but does not fit the description of obligatory reinsurance. Given it's not a reinsurance contract, this question is not applicable. However, if forced to answer in the context of the classification scheme, and considering it's a loan facility, it's not fitting the definition of obligatory reinsurance treaties. Thus, it's not applicable. I will mark it as None.

4. `proportional_or_non_proportional`: This classification applies to reinsurance. This document is a credit agreement amendment, not a reinsurance agreement. Therefore, this classification is not applicable. I will mark it as None.

5. `insurance_type`: This document is a credit agreement amendment, not related to life or non-life insurance. Therefore, this classification is not applicable. I will mark it as None.

6. `class_of_business`: This document is a credit agreement amendment, not related to any class of insurance business. Therefore, this classification is not applicable. I will mark it as None.

Final check:
- `is_reinsurance`: False (it's a credit agreement amendment).
- `is_main_contract`: True (It's a significant amendment to the primary credit agreement, establishing refinancing terms).
- `is_obligatory`: None (Not a reinsurance contract).
- `proportional_or_non_proportional`: None (Not a reinsurance contract).
- `insurance_type`: None (Not a reinsurance contract).
- `class_of_business`: None (Not a reinsurance contract).[[ ## reasoning ## ]]
The document is identified as a ""REFINANCING AMENDMENT NO. 4 TO CREDIT AGREEMENT"". A credit agreement is a debt financing instrument, not a reinsurance agreement. Reinsurance involves the transfer of insurance risk. Therefore, this document is not a reinsurance agreement.

1.  **is\_reinsurance**: The document is an amendment to a credit agreement, which is a debt financing contract, not a contract for transferring insurance risk. Thus, it is not a reinsurance agreement. Answer: `False`.
2.  **is\_main\_contract**: The document is an amendment to an existing Credit Agreement. Amendments modify a main contract. The guidelines state that ""Ancillary agreements include endorsement, extension, addendum, commutations, novations, and other documents which modify the terms of an existing reinsurance agreement."" An amendment falls into this category of modifying an existing agreement. Therefore, it is not considered a main contract itself in the context of establishing a new reinsurance agreement, but rather modifies one. However, the instruction ""If the document contains a main contract and ancillary agreements, answer the question positively"" needs careful consideration. This document *is* the primary modification being discussed. Given that it significantly restructures the financial terms (refinancing), it could be argued it's establishing the terms of the ""Amended Credit Agreement"" which functions as the main agreement going forward for the refinanced debt. The example of a ""renewal"" being a main contract implies significant continuation and modification. Let's consider the purpose: it's to refinance and amend the credit facility. This is a core document for the underlying financial arrangement. I will classify it as `True` because it establishes the terms for the refinanced debt facility, acting as a primary governing document for that specific refinancing.
3.  **is\_obligatory**: The question of obligatory vs. non-obligatory applies to reinsurance treaties. Since this is not a reinsurance contract, this classification is not applicable. Answer: `None`.
4.  **proportional\_or\_non\_proportional**: This classification refers to the nature of reinsurance risk transfer. As this is a credit agreement amendment, it is not applicable. Answer: `None`.
5.  **insurance\_type**: This classification is for life or non-life insurance. This document is a financial agreement and not related to insurance coverage. Answer: `None`.
6.  **class\_of\_business**: This classification pertains to the type of insurance portfolio reinsured. Since this document is not related to insurance, this classification is not applicable. Answer: `None`.",False,True,,,,
2024-884887-0000884887-24-000130-a2024q2exhibit1010.htm,"The document is an amendment to an existing credit agreement related to financing for a cruise vessel. It details changes to loan terms, conditions, and guarantees. It does not involve the transfer of risk from one insurance entity to another, which is characteristic of reinsurance. Therefore, it is not a reinsurance agreement, nor is it related to any class of insurance business.",False,False,,,,
2024-315293-0001628280-24-005392-exhibit1022023.htm,"The document is a Term Loan Credit Agreement. It outlines the terms and conditions under which a borrower (Aon North America, Inc.) can obtain loans from a group of lenders. The agreement details loan amounts, interest rates, repayment terms, fees, and various covenants and conditions. This is a direct lending agreement and not a reinsurance contract. Therefore, the `is_reinsurance` field should be `False`. Since it is not a reinsurance agreement, the remaining fields (`is_main_contract`, `is_obligatory`, `proportional_or_non_proportional`, `insurance_type`, `class_of_business`) are not applicable and should be set to `None`.",False,,,,,
2024-874501-0000874501-24-000128-a02-032ambcxex104x1q24x10q.htm,"The document is a performance stock unit agreement for long-term incentive compensation, not a reinsurance agreement.",False,False,False,,,
2024-1400810-0000950170-24-094718-hci-ex10_8.htm,"The document is a Reimbursement Contract between Homeowners Choice Property and Casualty Insurance Company and the State Board of Administration of Florida (SBA) administering the Florida Hurricane Catastrophe Fund (FHCF). The FHCF's purpose is to provide reimbursement to insurance companies for hurricane-related losses, which is a form of reinsurance. The contract outlines the terms and conditions, scope of agreement, parties involved, term, liability of the FHCF, definitions, exclusions, and various operational procedures such as reporting, remittances, claims management, and commutation. The contract itself establishes the reinsurance relationship.

The contract is between two parties for the transfer of risk related to hurricane catastrophes. It is a direct agreement between the insurer and the state fund, establishing a reinsurance arrangement. The contract is not a standard primary insurance policy. It directly facilitates the transfer of catastrophic risk from an insurer to a governmental entity/fund, fulfilling the definition of reinsurance by providing coverage for a portion of the insurer's losses.

The document is a primary reinsurance agreement, not an amendment, endorsement, or commutation of an existing one. Therefore, it is considered a main contract.

The contract is a statutory requirement for companies writing covered policies in Florida. It mandates participation as a condition of doing business. Therefore, it is an obligatory reinsurance agreement.

The contract specifies reimbursement for ""Ultimate Net Loss on Covered Policies, which were in force and in effect at the time of the Covered Event causing the Loss, in excess of the Company's Retention."" This structure, where a certain amount of loss is retained by the company, and the excess is reinsured, is characteristic of non-proportional reinsurance. The reimbursement is based on the amount of loss exceeding a retention, rather than a proportional share of all premiums and losses.

The contract deals with property and casualty insurance, specifically hurricane-related property damage and additional living expenses. This falls under Non-Life insurance.

The contract's focus is on property damage and additional living expenses resulting from hurricanes, which is a type of property insurance. Therefore, the class of business is Property.",True,True,True,non-proportional,Non-Life,Property
2024-1593275-0001593275-24-000028-exhibit1061-craighowiehi.htm,"The user has provided an employment agreement between Craig Howie and Hamilton Insurance Group, Ltd. I need to determine if this document is a reinsurance agreement, if it's a main contract, its obligatory nature, its proportional/non-proportional classification, the insurance type, and the class of business.

The document is clearly an employment agreement, detailing the terms of employment, duties, compensation, termination, and restrictive covenants for an executive. It does not contain any language or clauses typical of a reinsurance or retrocession agreement, such as risk transfer, premiums, claims handling specific to reinsurance, or indemnification related to reinsurance. The definition of ""Business"" in section 3(b)(vii) does mention ""insurance or reinsurance business"" as part of the company's operations, but the agreement itself is not a contract *of* reinsurance.

Given this, the document is not a reinsurance agreement. Therefore, all subsequent fields related to reinsurance characteristics should be None or False as appropriate.",False,,,,,
2024-1400810-0000950170-24-094718-hci-ex10_11.htm,"The document is explicitly titled ""SECOND LAYER REINSTATEMENT PREMIUM PROTECTION REINSURANCE CONTRACT"", clearly identifying it as a reinsurance agreement. It details the terms, conditions, and coverage provided by the reinsurer to the ceding company for reinstatement premium obligations related to an underlying reinsurance contract. The contract establishes the primary obligations between the parties for this specific type of coverage, making it a main contract. While the document type implies a treaty, it does not explicitly state whether it is obligatory or facultative, hence `is_obligatory` is None. The underlying contract described is a ""Property Catastrophe Excess of Loss Reinsurance Contract,"" which is non-proportional. This contract provides protection for reinstatement premiums related to that non-proportional contract. The business covered includes homeowners, renters, and dwelling policies, which fall under property insurance.",True,True,,non-proportional,Non-Life,Property
2024-1838126-0001838126-24-000079-exhibit1010-amendmentagr.htm,"The user has provided a document that is a ""SECOND AMENDMENT AGREEMENT"" to a ""Credit Agreement."" The document details modifications to an existing credit facility, including changes to interest rates (""Applicable Margin""), fees, and other terms. The parties involved are a borrower, lenders, an administrative agent, and other financial entities. There is no mention of insurance or reinsurance in the traditional sense. This agreement pertains to a credit facility and not the transfer of insurance risk from one party to another. Therefore, it is not a reinsurance agreement.",False,,,,,
2024-1593275-0001593275-24-000028-exhibit10146-sixthamendm.htm,"This document is a sixth amendment to a reimbursement agreement. It details changes to the terms of a facility where a lender issues Letters of Credit for an insurance/reinsurance company. While the company is in the reinsurance business, the document itself is a financial services agreement related to letters of credit, not a direct reinsurance contract, retrocession, or an agreement that modifies an existing reinsurance contract. It is an ancillary financial agreement, not a reinsurance agreement.",False,,,,,
2024-1745032-0001558370-24-004049-lfr-20220930xex10d249.htm,"The document is a Reorganization and Membership Interest Purchase Agreement, detailing a business restructuring and investment. It does not contain any provisions related to insurance or reinsurance. The agreement focuses on the transfer of property, equity interests, and operational changes within a company. There is no mention of risk transfer, premiums, claims, underwriting, or any other elements characteristic of insurance or reinsurance contracts.",False,,,,,
2024-898174-0000898174-24-000130-ex1012024q210-q.htm,"The user provided a document which is the ""REINSURANCE GROUP OF AMERICA, INCORPORATED EMPLOYEE STOCK PURCHASE PLAN"".
The document outlines a plan for employees to purchase company stock through payroll deductions and receive matching company stock.
This is an employee benefit plan and not a reinsurance agreement. Therefore, all fields related to reinsurance classification should be False or None.

Looking at the provided definitions:
- Reinsurance agreements are contracts where one insurance company transfers risk to another. This document does not involve risk transfer between insurance entities.
- Insurance policies and other direct insurance contracts are not reinsurance agreements. This document, focused on employee stock purchase, is not a reinsurance agreement.

Therefore, `is_reinsurance` should be `False`.

Since it is not a reinsurance agreement, `is_main_contract`, `is_obligatory`, `proportional_or_non_proportional`, `insurance_type`, and `class_of_business` should all be `None`.",False,,,,,
2024-1666291-0000950170-24-017115-cmtg-ex10_77.htm,"The document is an amendment to a term loan credit agreement. It modifies an existing loan agreement and does not involve any form of insurance or reinsurance. Therefore, all classification fields related to insurance are set to None.",False,,,,,
2024-1849253-0000950170-24-021657-ryan-ex10_12.htm,"The document is a ""CLASS C COMMON INCENTIVE UNIT GRANT AGREEMENT"" which outlines the terms and conditions for granting incentive units to a participant. This is related to employee compensation and equity, not the transfer of insurance risk. Therefore, it is not a reinsurance agreement.",False,,,,,
2024-1593275-0001593275-24-000028-exhibit10141-firstamendm.htm,"This document is a First Amendment Agreement to a Third Amended and Restated Reimbursement Agreement. The Reimbursement Agreement itself concerns the Issuing Lender issuing Letters of Credit for the Borrower, Hamilton Re, Ltd., a reinsurance company, and the Borrower's obligation to reimburse the Issuing Lender. While it involves a reinsurance company (Hamilton Re, Ltd.), the core of the agreement is about Letters of Credit and reimbursement, not the direct transfer of insurance risk as typically defined in reinsurance. Therefore, it is not a reinsurance agreement itself, but rather a financial arrangement involving reinsurers.",False,False,,,,
2024-1873923-0001873923-24-000061-wfb_orion-thirdamendment.htm,"The user wants me to classify the provided document. I need to determine if it's a reinsurance agreement, if it's a main contract, if it's obligatory, its proportionality, its insurance type, and its class of business.

The document is titled ""THIRD AMENDMENT TO CREDIT AGREEMENT"". It involves a ""Borrower"", ""Parent"", ""Agent"", and ""Lenders"". It amends an ""Existing Credit Agreement"" and is referred to as a ""Loan Document"" and ""Agreement"". It details terms related to loans, commitments, fees, and repayment.

This document is clearly a credit agreement amendment, not a reinsurance or retrocession agreement. Therefore, `is_reinsurance` should be False. Since it's not a reinsurance agreement, the other fields related to reinsurance classification (`is_main_contract`, `is_obligatory`, `proportional_or_non_proportional`, `insurance_type`, `class_of_business`) should be None.

1. **is_reinsurance**: The document is an amendment to a credit agreement, not a reinsurance or retrocession agreement.
2. **is_main_contract**: Since it's not a reinsurance agreement, this should be None.
3. **is_obligatory**: Not applicable as it's not a reinsurance agreement.
4. **proportional_or_non_proportional**: Not applicable as it's not a reinsurance agreement.
5. **insurance_type**: Not applicable as it's not a reinsurance agreement.
6. **class_of_business**: Not applicable as it's not a reinsurance agreement.",False,,,,,
2024-1681622-0001681622-24-000059-exhibit102equipmentcredita.htm,"The user wants me to classify a document based on its content.
The document is a ""DELAYED-DRAW TERM LOAN CREDIT AND GUARANTY AGREEMENT"".
This document details a loan agreement between VAREX IMAGING CORPORATION and ZIONS CREDIT CORPORATION. It outlines the terms and conditions of a term loan, including commitments, borrowings, interest rates, fees, and events of default. There is no mention of risk transfer as typically found in reinsurance contracts. Therefore, this is not a reinsurance agreement.",False,,,,,
2024-1630805-0001630805-24-000014-exhibit1063final-credita.htm,"The document is titled ""CREDIT AGREEMENT"" and outlines terms for loans, commitments, and credit extensions. It details definitions, covenants, events of default, remedies, and miscellaneous provisions related to financial accommodations between Babcock & Wilcox Enterprises, Inc. (Borrower) and various lenders. There is no mention of insurance, reinsurance, or risk transfer in the context of underwriting or indemnifying insurance policies. The document is a financial agreement for lending purposes.",False,False,,,,
2024-1140536-0000950170-24-048159-wtw-ex10_1.htm,"The document is a Time-Based Restricted Share Unit Award Agreement for executive officers. It outlines the terms and conditions for granting restricted share units (RSUs) as an incentive. The agreement details vesting schedules, potential forfeitures, settlement procedures, tax implications, and restrictive covenants. There is no mention or indication of reinsurance or retrocession.",False,False,,,,
2024-1901164-0001901164-24-000006-ocred-masternotepurchaseag.htm,"The document is a Master Note Purchase Agreement for Senior Notes, which is a debt financing agreement and not a reinsurance agreement. The document outlines the terms and conditions for the sale and purchase of these notes. It details obligations, representations, warranties, and covenants related to the issuance of debt, not the transfer of risk from one insurance entity to another. Therefore, it does not fit any of the definitions of a reinsurance agreement.",False,,,,,
2024-1668673-0001628280-24-007822-petq-20231231xex1018.htm,"The document is an ABL Credit and Guaranty Agreement, which is a senior secured asset-based revolving credit facility. It outlines terms for loans, letters of credit, fees, covenants, and events of default between lenders and a borrower. It is not a reinsurance agreement as it concerns direct lending and credit facilities, not the transfer of risk between insurance entities. Therefore, all reinsurance-specific fields should be null or false.",False,False,,,,
2024-1400810-0000950170-24-094718-hci-ex10_10.htm,"The document explicitly states ""UNDERLYING SECOND LAYER PROPERTY CATASTROPHE EXCESS OF LOSS REINSURANCE CONTRACT"" in multiple places, clearly identifying it as a reinsurance agreement. The type of reinsurance is ""Excess of Loss,"" which is a form of non-proportional reinsurance. The coverage is for property perils, specifically related to homeowners and dwellings, which falls under the ""Property"" class of business and ""Non-Life"" insurance type. The contract appears to be the primary agreement establishing the reinsurance coverage, rather than an amendment or rider. It details terms like retention, limits, and exclusions, characteristic of a main reinsurance contract. It does not appear to be an obligatory reinsurance agreement, as it is an excess of loss contract, which is typically facultative or facultative-obligatory in nature, and the document does not suggest automatic acceptance of all risks within a portfolio.",True,True,False,non-proportional,Non-Life,Property
2024-1544206-0001544206-24-000054-csli_20240630x10-qxex101.htm,"The document provided is a ""SENIOR SECURED REVOLVING CREDIT AGREEMENT"". This agreement outlines the terms of credit extended by lenders to a borrower, including provisions for loans, interest rates, fees, and conditions related to the credit facility. It does not describe a risk transfer arrangement between insurance or reinsurance entities. Therefore, it is not a reinsurance agreement.",False,,,,,
2024-885508-0000885508-24-000071-exhibit107_amendmenttoloan.htm,"The document is an amendment to a loan agreement, specifically modifying terms of a construction loan. It concerns principal balances, commitment increases, fees, and other financial arrangements between a borrower and a lender. There is no indication of risk transfer related to insurance or reinsurance. Therefore, it is not a reinsurance agreement. As it is not a reinsurance agreement, all other classifications are not applicable.",False,,,,,
2024-1400810-0000950170-24-094718-hci-ex10_17.htm,"The document is explicitly titled ""Reinstatement Premium Protection Reinsurance Contract"" and details the terms under which one party reinsures another's potential liability for reinstatement premiums on an existing reinsurance contract. This makes it a reinsurance agreement. The contract establishes the primary terms of this coverage, acting as a main contract rather than an amendment or endorsement. The nature of covering reinstatement premiums on a property catastrophe excess of loss treaty implies a non-proportional reinsurance structure. The underlying business covered is property insurance, making it a Non-Life insurance product in the Property class of business. The obligatoriness is not explicitly stated, hence it is marked as unknown.",True,True,,non-proportional,Non-Life,Property
2024-886982-0000886982-24-000006-a1034_formxofxyear-endxrsu.htm,"The user wants me to classify a document. I need to determine if the document is a reinsurance agreement, a main contract, obligatory, the type of reinsurance (proportional/non-proportional), the insurance type (Life/Non-Life), and the class of business.

Upon reviewing the document, it is clearly an ""Award Agreement"" for ""Year-End RSU Award"" from The Goldman Sachs Group, Inc. RSUs stand for Restricted Stock Units, which are a form of employee compensation. The document details terms related to vesting, delivery of shares, transfer restrictions, dividend equivalents, and forfeiture of awards. There is no mention of insurance, reinsurance, or risk transfer between insurance entities. Therefore, this document is not a reinsurance agreement.",False,,,,,
2024-1606909-0001606909-24-000118-a50mcreditagreement.htm,"The user has provided a credit agreement. This document outlines a loan facility for Bulk Endurance (MI) Corp. and other borrowers, secured by vessels and other collateral, and guaranteed by Pangaea Logistics Solutions Ltd. and its subsidiaries. The core purpose of the document is to establish terms for borrowing money, including interest rates, repayment schedules, fees, covenants, and events of default. It does not involve the transfer of risk from one insurance entity to another, which is the primary characteristic of reinsurance or retrocession. Therefore, it is not a reinsurance agreement. Since it is not a reinsurance agreement, none of the subsequent classifications related to reinsurance are applicable.",False,,,,,
2024-1400810-0000950170-24-094718-hci-ex10_16.htm,"The document is clearly titled ""PROPERTY CATASTROPHE EXCESS OF LOSS REINSURANCE CONTRACT"". This explicitly states it is a reinsurance agreement. The contract details terms such as ""Retention and Limit"", ""Premium"", and ""Reinstatement"", which are characteristic of a reinsurance contract. The business covered refers to ""property perils of Business Owners, Homeowners, Condominium Owners, Renters and Dwelling,"" indicating it is Non-Life insurance. The specific type of reinsurance is ""Excess of Loss,"" which falls under non-proportional reinsurance. The document establishes the primary terms and conditions of the reinsurance coverage, making it a main contract. It appears to be an obligatory contract as it covers a portfolio of business rather than specific named insureds and describes it as a ""Property Catastrophe Excess of Loss Reinsurance Contract"" suggesting a treaty structure.",True,True,True,non-proportional,Non-Life,Property
2024-1527469-0001527469-24-000070-q22024exhibit103.htm,"The document is an award letter for points in Apollo ADIP Advisors II, L.P., which entitles the recipient to share in carried interest and other income. It also includes an execution page that acknowledges receipt of several agreements, including a limited partnership agreement and forms of personal guarantees related to 'clawback obligations' and a Secured Reimbursement Agreement. While one of the entities mentioned is 'Athene Co-Invest Reinsurance Affiliate Holding 2, Ltd.', the core of the document is about employee awards and profit sharing, not a direct reinsurance agreement. Therefore, it is not a reinsurance contract.",False,False,,,,
2024-1273813-0001273813-24-000007-ago-12312023x10kex1069.htm,"The document is a separation agreement between an executive and the company. It details the terms of the executive's departure, including severance pay, bonus payments, and the continuation of certain benefits. The agreement also includes non-competition and non-disparagement clauses. There is no mention of reinsurance, retrocession, or any form of risk transfer between insurance entities. Therefore, it is not a reinsurance agreement.",False,,,,,
2024-1823529-0001823529-24-000036-exhibit104amendedandrestat.htm,"The document is an Amended and Restated Shared Services Agreement between Genworth Financial, Inc. and Enact Holdings, Inc. The agreement details the provision of administrative and support services. It does not involve the transfer of insurance risk from one party to another in the way that a reinsurance contract does. Therefore, it is not a reinsurance agreement.",False,,,,,
2024-1788882-0001628280-24-044321-a102secondamendmenttoterml.htm,"The document is a limited consent and second amendment to a term loan credit agreement. It details amendments to an existing credit agreement, including consent to a non-pro rata optional prepayment and commitments for new term loans. The document's primary purpose is to modify the terms of a credit agreement, not to establish a reinsurance contract. There is no indication of risk transfer between insurance entities as is characteristic of reinsurance.",False,,,,,
2024-2002473-0001628280-24-036134-exhibit105-amendedandresta.htm,"The document is an Amended and Restated Managing General Agency Agreement. While it mentions a reinsurance agreement in the ""WHEREAS"" clause and Article 15, the primary purpose of this document is to establish the relationship and responsibilities between Midvale Indemnity Company and Bowhead Specialty Underwriters, Inc. as a managing general agent. It outlines the authority, compensation, and operational guidelines for the MGA. It is not a direct reinsurance contract itself, nor does it solely focus on risk transfer between two insurance entities. The agreement is about delegating underwriting and administrative functions, not about reinsuring risks directly. Therefore, it is not a reinsurance agreement.",False,,,,,
2024-1095073-0001095073-24-000027-eg-20240331xexx104.htm,"The document is an employment agreement between Everest National Insurance Company and Michael Karmilowicz. It outlines the terms and conditions of his employment, including his title, duties, compensation, benefits, and termination provisions. There is no mention of reinsurance or risk transfer between insurance entities. Therefore, it is not a reinsurance agreement.",False,,,,,
2024-1778129-0000950170-24-031450-tsndf-ex10_9.htm,"The document is a ""JOINDER AND SECOND AMENDMENT TO CREDIT AGREEMENT AND SECURITY AGREEMENTS"". It details amendments and joinders to an existing credit agreement, primarily concerning financial terms, borrowers, and lenders. There is no mention of risk transfer, premiums, or indemnification related to insurance or reinsurance. The document focuses on debt financing and security agreements. Therefore, it is not a reinsurance agreement. Since it's not a reinsurance agreement, the other fields are not applicable.",False,,,,,
2024-1400810-0000950170-24-094718-hci-ex10_19.htm,"The document explicitly states at the beginning and throughout that it is a ""REINSURANCE CONTRACT."" It details the terms and conditions under which the Reinsurer indemnifies the Company against ""Reinstatement Premium"" obligations under an ""Original Contract."" This makes it a reinsurance agreement. The contract itself establishes the reinsurance coverage and terms, rather than modifying an existing one, thus it is a main contract. The document does not explicitly state whether it is obligatory or facultative. The contract covers ""Reinstatement Premium Protection"" on a ""Property Catastrophe Excess of Loss Reinsurance Contract."" Excess of Loss is a form of non-proportional reinsurance. The underlying business covered is ""property perils of Homeowners, Condominium Owners, Renters and Dwelling,"" indicating a Non-Life insurance type and a Property class of business.",True,True,,non-proportional,Non-Life,Property
2024-1735948-0001104659-24-089106-gbnh-20240630xex10d3.htm,"The document is an ""Arrangement Agreement"" between Neuronetics, Inc. and Greenbrook TMS Inc. It details the terms and conditions of a business combination where Neuronetics will acquire Greenbrook. The agreement covers aspects like definitions, the arrangement process, representations and warranties, covenants, conditions for completion, and termination clauses. There is no mention of insurance policies, risk transfer, premiums, or claims. Therefore, it is not a reinsurance agreement.",False,,,,,
2024-1039828-0001039828-24-000020-a2023-12x31ex1044.htm,"The document is a letter agreement detailing accelerated payment and vesting of awards in connection with a merger. It discusses incentive plans, tax implications, and repayment obligations related to employment. There is no mention of risk transfer, insurance, or reinsurance. Therefore, it is not a reinsurance agreement.",False,,,,,
2024-1273813-0001273813-24-000031-ago-03312024x10qex101.htm,"The Devo is a Performance-Based Restricted Share Unit Agreement for executive officers, detailing terms of award, performance metrics (Relative Total Shareholder Return), vesting conditions, and termination clauses. It is an equity-based compensation plan, not a reinsurance agreement. Therefore, it is not a reinsurance contract.",False,,,,,
2024-1811210-0001628280-24-034730-q2fy2410q-ex102.htm,"The user wants me to analyze a document to determine if it's a reinsurance agreement and provide specific details about it.

The document provided is titled ""AMENDMENT NO. 1 TO CREDIT AGREEMENT"". It discusses an amendment to a credit agreement between Lucid Group, Inc. (Borrower Representative) and Bank of America, N.A. (Agent). The content of the document revolves around financial terms, loans, commitments, interest rates, fees, and conditions precedent to effectiveness, all of which are characteristic of a credit or loan agreement, not a reinsurance agreement. There is no mention of risk transfer, premiums paid by an insurer to a reinsurer, or any other core components of reinsurance.

Therefore, the document is not a reinsurance agreement.

1.  **is_reinsurance**: False, as it's a credit agreement amendment.
2.  **is_main_contract**: None. Since it's not a reinsurance agreement, this field is not applicable.
3.  **is_obligatory**: None. Not applicable as it's not a reinsurance agreement.
4.  **proportional_or_non_proportional**: None. Not applicable.
5.  **insurance_type**: None. Not applicable.
6.  **class_of_business**: None. Not applicable.",False,,,,,
2024-1400810-0000950170-24-094718-hci-ex10_18.htm,"The document is explicitly titled ""Layer 3B Property Catastrophe Excess of Loss Reinsurance Contract"". It details terms and conditions for reinsurance, covering liabilities related to property perils for homeowners, condominium owners, renters, and dwelling policies. Key articles like ""Business Covered,"" ""Retention and Limit,"" ""Premium,"" and ""Exclusions"" are characteristic of a direct reinsurance agreement. The ""Excess of Loss"" nature classifies it as non-proportional. The business covered falls under property insurance, which is a Non-Life insurance type.",True,True,,non-proportional,Non-Life,Property
2024-896159-0000896159-24-000006-cb-3312024xex102.htm,"The document is a Performance Based Restricted Stock Unit Award Terms under the Chubb Limited 2016 Long-Term Incentive Plan. It details the terms of awarding stock units to participants based on company performance. This is an employee compensation agreement, not a reinsurance contract.",False,False,False,,,
2024-21175-0000021175-24-000007-q42023cnaexhibit101.htm,"The document is a ""SECOND AMENDED AND RESTATED REVOLVING CREDIT AGREEMENT"". This type of agreement is a financial contract related to borrowing money and is not a reinsurance agreement. Therefore, `is_reinsurance` should be False. Since it is not a reinsurance agreement, the other classification fields (`is_main_contract`, `is_obligatory`, `proportional_or_non_proportional`, `insurance_type`, `class_of_business`) are not applicable and should be None.",False,,,,,
2024-1496099-0001496099-24-000040-smbc-newmountainxamended.htm,"The document is a ""SECOND AMENDED AND RESTATED SENIOR SECURED REVOLVING CREDIT AGREEMENT"". This indicates it is a credit agreement, not a reinsurance agreement. Reinsurance agreements involve the transfer of risk from one insurer to another, which is not the case here. This document outlines terms for loans and credit facilities provided to ""New Mountain Finance Corporation"" by various lenders. Therefore, `is_reinsurance` should be False. Since it establishes the primary credit facility, it is a main contract. The document describes a credit agreement, which is a form of debt financing and not insurance or reinsurance. Therefore, it is not a reinsurance agreement.",False,True,,,,
2024-1498710-0001498710-24-000220-save-ex102x2024930x10q.htm,"The document is a ""Fourth Amendment to Credit and Guaranty Agreement,"" which is an amendment to a loan agreement. It details financial terms such as credit facilities, loans, interest rates, and repayment schedules between a borrower and lenders. It does not involve the transfer of risk between insurance or reinsurance companies. Therefore, it is not a reinsurance agreement.",False,False,,,,
2024-1552033-0001552033-24-000027-transunion-amendmentno21ed.htm,"The document is an amendment to a credit agreement, not a reinsurance agreement. It details various financial transactions, including refinancing and loan commitments, between TransUnion Intermediate Holdings, Inc. and various lenders. There is no mention of risk transfer or indemnity typically found in reinsurance contracts.",False,False,,,,
2024-29905-0000029905-24-000020-a2024033110-qexhibit103.htm,"The document is a credit agreement, not a reinsurance agreement. It outlines terms and conditions for loans between Dover Corporation and various lenders, including borrowing amounts, interest rates, repayment schedules, and covenants. There is no mention of risk transfer from one insurance entity to another, which is the defining characteristic of reinsurance. Therefore, all reinsurance-specific classifications are not applicable.",False,,,,,
2024-2002473-0001628280-24-036134-exhibit107-amendedandresta.htm,"The document is titled ""AMENDED AND RESTATED 100% QUOTA SHARE REINSURANCE AGREEMENT"". The preamble explicitly states that it is a reinsurance arrangement. The agreement details the terms and conditions under which one company (the Company) cedes, and another company (the Reinsurer) accepts, a portion of its liabilities. This squarely fits the definition of a reinsurance agreement.

The document establishes the primary terms of the reinsurance relationship, including the classes of business covered, commencement and termination of liability, credit for reinsurance, rights of third parties, retention and limits, commissions, payments, fees, accounts, reports, loss and loss adjustment expense, and other operational aspects. It is not an amendment, addendum, or commutation to an existing agreement but the foundational contract itself. Therefore, it is considered a main contract.

This agreement is a ""100% Quota Share Reinsurance Agreement,"" which implies an obligatory cession of business as defined by the terms set forth. The company obligates itself to cede and the reinsurer obligates itself to accept the quota share of all policies under specified classes. While facultative reinsurance exists, the structure described here, with a 100% quota share, indicates an obligatory nature.

The document explicitly states it is a ""100% QUOTA SHARE REINSURANCE AGREEMENT."" Quota share reinsurance is a type of proportional reinsurance where the reinsurer accepts a fixed percentage of each risk ceded.

The document mentions ""CLASSES OF BUSINESS REINSURED"" and ""SCHEDULE A - CLASSES AND LINES OF BUSINESS; TERRITORIES."" While the specific classes are omitted in the provided text, the context of insurance being reinsured typically falls under Non-Life categories unless explicitly stated otherwise (e.g., life, annuity, etc.). There is no indication of life insurance products being reinsured.

Based on the typical classes of business covered by insurance companies like American Family Mutual Insurance Company (which generally offers property and casualty insurance), and the absence of any mention of life insurance products, the class of business is likely Non-Life. The agreement broadly covers business produced through agency agreements and specific classes listed in Schedule A. Without Schedule A, it's difficult to pinpoint a single class. However, the overall structure and types of clauses (e.g., loss adjustment expense, liabilities, premiums, policy terms) are characteristic of Non-Life insurance. Given the lack of specificity beyond ""GENERAL LIABILITY"" and ""PROPERTY"" in the context of what's cited, ""Multi-Line"" might be considered if it was a broad, diverse portfolio. However, without more information or Schedule A's content, a precise classification is difficult. Let's re-examine. Article I, Section 1.01(b) refers to ""those that are set forth on Schedule A and issued by certain affiliates of the Company"". Schedule A is omitted. However, given the typical business of American Family Mutual Insurance Company, it's likely property and casualty, which would fall under Non-Life. The lack of specific detail in the provided text means we cannot definitively determine a more granular class of business than Non-Life. Given the available options, and without Schedule A, it's safest to classify it broadly if possible. However, there is no explicit mention of ""Multi-Line"" as an insurance type, only as a class of business. Since the document does not specify Life insurance, it must be Non-Life. For class of business, without Schedule A, it's impossible to determine if it's Property, Casualty, Specialty, or Accident and Health. Therefore, acknowledging this limitation and selecting the most general applicable option or None is appropriate. However, if forced to pick from the provided choices and recognizing the context, it's likely either Property or Casualty, or potentially Multi-Line if it covers a broad range. Re-reading the prompt, the options for class of business are quite specific. Since Schedule A is omitted, and no specific lines are detailed in the excerpt that allow for definitive classification into Property, Casualty, Specialty, or Accident and Health, ""None"" would be the most accurate if that were an option for class of business. Since it is not, and given the nature of such broad reinsurance agreements, it's possible it covers multiple lines. If we assume it's a typical insurance company's portfolio, it might encompass more than one category. However, without explicit information, I cannot confidently select one of the specific classes. Let's consider if any part of the document hints at the class of business. Article IX mentions ""Assigned Risk Plan"" and ""insurance guaranty and insolvency funds, pools, associations, joint underwriting associations, FAIR plans and similar plans,"" which are often associated with property and casualty insurance. However, this is not definitive. Given the absence of Schedule A, a more granular classification is impossible. I will default to ""None"" for class of business as I cannot determine it from the provided text.

Let me reconsider the class of business. The document refers to ""General Managing Agency Agreement"" and ""Managing General Agency Agreement"" related to ""Homesite Insurance Company"" and ""Homesite Insurance Company of Florida."" Homesite is known for offering homeowners, renters, and condominium insurance, which falls under Property insurance. Therefore, ""Property"" seems like a plausible classification.

Let me review for any further clues. The document mentions ""Auto Liability"" in the context of agency agreements in the preamble's ""Classes of Business,"" which is actually a misreading of the document: ""Article I CLASSES OF BUSINESS REINSURED"". The document mentions ""General Managing Agency Agreement"" and ""Managing General Agency Agreement"" related to ""Homesite Insurance Company"" and ""Homesite Insurance Company of Florida."" Homesite is primarily known for property and casualty insurance, particularly homeowners insurance. This strongly suggests that the underlying insurance is in the Property category.",True,True,True,proportional,Non-Life,Property
2024-885725-0000885725-24-000068-ex101-bscthirdamendmentto2.htm,"The document is an amendment to a Credit Agreement. It details financial arrangements, such as revolving credit commitments, loans, fees, and repayment terms, between Boston Scientific Corporation and various lenders. There is no mention of insurance, reinsurance, or risk transfer in the context of insurance. Therefore, it is not a reinsurance agreement. Since it is not a reinsurance agreement, the subsequent fields regarding reinsurance classification (main contract, obligatory, proportional/non-proportional, insurance type, and class of business) are not applicable.",False,,,,,
2024-1095073-0001095073-24-000009-eg-20231231xexx1044.htm,"The document is an ""Amended and Restated Standby Letter of Credit Agreement"". Letters of credit are financial instruments issued by a bank on behalf of its client, guaranteeing payment to a third party in case the client fails to meet its obligations. This agreement establishes the terms under which Lloyds Bank Corporate Markets plc will issue these letters of credit for Everest Reinsurance (Bermuda), Ltd. and Everest Insurance (Ireland), DAC. This is a financial guarantee and a direct financial instrument, not a reinsurance agreement. While it involves entities that are typically reinsurers, the contract itself is a banking product and not a risk transfer agreement between insurers. Therefore, it is not a reinsurance agreement.",False,,,,,
2024-1095073-0001095073-24-000046-eg-20240930xexx101.htm,"The document is a First Amendment to a Standby Letter of Credit Agreement. It details changes to the terms of the credit agreement between EVEREST REINSURANCE (BERMUDA), LTD. and BAYERISCHE LANDESBANK. While 'EVEREST REINSURANCE' is in the name, the core nature of the agreement is a financial instrument (Letter of Credit) and its amendment, not a risk transfer agreement typical of reinsurance. There is no indication of risk transfer from one insurance entity to another. Therefore, it is not a reinsurance contract.",False,False,False,,,
2024-898174-0000898174-24-000130-ex1022024q210-q.htm,"The document is an amendment to a Credit Agreement that deals with benchmark rate adjustments for loans denominated in Canadian Dollars. It does not involve the transfer of risk from one insurance entity to another, which is the defining characteristic of a reinsurance agreement. The parties involved are a borrower (Reinsurance Group of America, Inc.) and an administrative agent (Bank of America, N.A.), and the subject matter is lending and interest rate benchmarks, not insurance risk.",False,,,,,
2024-1214816-0001214816-24-000024-axs-20231231xexx1013.htm,"The document is an employment agreement detailing the terms of employment for an individual at AXIS Specialty U.S. Services, Inc. It covers aspects like position, duties, compensation, benefits, and termination clauses. There is no indication that this document facilitates risk transfer between insurance entities, which is the core characteristic of a reinsurance agreement. Consequently, it is not a reinsurance contract.",False,,,,,
2024-1552033-0001552033-24-000040-tu-amendmentno22tocreditag.htm,"The user wants me to determine if the provided document is a reinsurance agreement and classify it accordingly.

The document is titled ""AMENDMENT NO. 22 TO CREDIT AGREEMENT"". It discusses terms like ""Holdings,"" ""Borrower,"" ""Administrative Agent,"" ""Lender,"" ""Loans,"" ""Commitments,"" and ""Credit Agreement."" These are typical terms found in debt financing and loan agreements, not reinsurance agreements.

Specifically, the document details an amendment to an existing credit agreement, involving the establishment of new ""Replacement Term Loans"" to repay existing loans and other financial arrangements. There is no mention of insurance, risk transfer, premiums, claims, policies, or underwriting, which are characteristic of reinsurance contracts.

Therefore, this document is not a reinsurance agreement.",False,,,,,
2024-1289419-0001289419-24-000059-morn_exhibitx105x0630202.htm,"The user wants me to classify the provided document based on its content and extract specific metadata.

The document is titled ""THIRD AMENDMENT TO CREDIT AGREEMENT"".
It is an amendment to a Credit Agreement dated May 6, 2022, between Morningstar, Inc. (the ""Company""), certain Subsidiaries, Bank of America, N.A. (the ""Administrative Agent""), and other Lenders.
The amendment's purpose is to replace the CDOR reference rate with Term CORRA.
The document explicitly refers to a ""Credit Agreement"" and ""Loan Documents"".
It outlines amendments to the Credit Agreement, representations and warranties, effective dates, costs and expenses, governing law, and other standard contract amendment clauses.
There are no mentions of insurance, reinsurance, policies, premiums, claims, coverage, underwriting, or risk transfer in the context of insurance.
Instead, the document details financial terms, borrowing, credit extensions, commitments, interest rates, fees, defaults, remedies, and covenants related to debt financing.

Therefore, this document is a contract amendment for a credit facility, not a reinsurance agreement.

1. **is_reinsurance**: This is clearly not a reinsurance agreement. It's an amendment to a credit agreement.
2. **is_main_contract**: Since it's not a reinsurance agreement, this should be None.
3. **is_obligatory**: Since it's not a reinsurance agreement, this should be None.
4. **proportional_or_non_proportional**: Since it's not a reinsurance agreement, this should be None.
5. **insurance_type**: Since it's not a reinsurance agreement, this should be None.
6. **class_of_business**: Since it's not a reinsurance agreement, this should be None.",False,,,,,
2024-1845257-0000950170-24-123376-lfst-ex10_1.htm,"The user has provided a document that is labeled as ""THIRD AMENDMENT TO CREDIT AGREEMENT"". This document amends an existing ""Credit Agreement"" that governs loans and credit facilities between LifeStance Health Holdings, Inc. (the Borrower) and various lenders. The document focuses on financial terms, loan provisions, and other contractual obligations related to debt financing. There is no mention of insurance, risk transfer, premiums, claims, or any other elements typically found in reinsurance agreements. Therefore, this document is not a reinsurance agreement.",False,False,,,,
2024-354190-0000950170-24-013370-ajg-ex10_17.htm,"The document is a stock option award agreement, which is a form of employee compensation. It does not involve the transfer of risk between insurance entities, nor does it replicate the function of reinsurance agreements. Therefore, it is not a reinsurance contract.",False,,,,,
2024-896159-0000896159-24-000006-cb-3312024xex103.htm,"The document outlines the terms and conditions for a Restricted Stock Unit Award granted under the Chubb Limited 2016 Long-Term Incentive Plan. This is an equity compensation plan for employees, not a reinsurance agreement. Therefore, all subsequent fields related to reinsurance classification should be null or false.",False,False,False,,,
2024-1612720-0001628280-24-010236-ex-1045.htm,"The user has provided a document which is an amendment to a credit agreement. The document outlines changes to an existing credit agreement between RIO GRANDE LNG, LLC (the Borrower) and various lenders. The content clearly indicates it is a financial agreement related to loans and credit facilities, not an insurance or reinsurance contract. The document refers to ""CD Credit Agreement,"" ""Senior Lenders,"" ""Revolving LC Issuing Bank,"" ""Revolving Loans,"" ""Construction/Term Loans,"" and ""Obligations,"" all of which are terms associated with debt financing, not insurance. Therefore, it is not a reinsurance agreement.",False,False,,,,
2024-315293-0001628280-24-005392-exhibit104-xannexixamend.htm,"The document is an amendment to a Credit Agreement. It details changes to the terms of an existing credit facility between Aon Corporation and various lenders, facilitated by Citibank, N.A. as the administrative agent. The document outlines conditions for the amendment's effectiveness, details specific amendments to the Credit Agreement, and covers related matters such as costs, expenses, governing law, and waivers. There is no mention of reinsurance, retrocession, or any form of risk transfer between insurance entities. Therefore, it is not a reinsurance agreement.",False,,,,,
2024-1297996-0001558370-24-014149-dlr-20240930xex10d4.htm,"The document is an amendment to a Term Loan Agreement. It details changes to an existing credit agreement between Digital Realty Trust, L.P. (the Borrower) and various lenders. The document is primarily a legal and financial agreement related to debt financing, not insurance or reinsurance. Therefore, it does not fit the criteria for a reinsurance agreement.",False,,,,,
2024-1545654-0001545654-24-000020-a10axviithirdamendedandres.htm,"The document is a ""Third Amended and Restated Note Purchase and Private Shelf Agreement."" This is a financing agreement where a company (Alexander & Baldwin, LLC) is issuing notes to be purchased by investors (primarily PGIM, Inc. and its affiliates). The agreement outlines the terms of the purchase and sale of these notes, including interest rates, maturity dates, covenants, and events of default. It is not a reinsurance agreement, as it does not involve the transfer of risk from one insurance company to another. Instead, it is a debt-issuance agreement. Therefore, `is_reinsurance` should be False. Because it is not a reinsurance agreement, `is_main_contract`, `is_obligatory`, `proportional_or_non_proportional`, `insurance_type`, and `class_of_business` should all be None.",False,,,,,
2024-1400810-0000950170-24-094718-hci-ex10_23.htm,"The document is identified as a ""LAYER 3C PROPERTY CATASTROPHE EXCESS OF LOSS REINSURANCE CONTRACT"". This clearly indicates it is a reinsurance agreement. The contract is for ""PROPERTY CATASTROPHE EXCESS OF LOSS"", which specifies the type of insurance and that it is non-proportional. The business covered is ""Homeowners, Condominium Owners, Renters and Dwelling"", which falls under Property insurance. As it establishes new terms and conditions for reinsurance, it is a main contract. The contract is of the ""Excess of Loss"" type, which is a form of non-proportional reinsurance. It focuses on property risks, and not life insurance.",True,True,,non-proportional,Non-Life,Property
2024-923120-0000950170-24-117047-gbx-ex10_35.htm,"The document is an amendment to a Warehouse Loan Agreement, which is a financing agreement, not a reinsurance or insurance contract. Therefore, none of the fields related to reinsurance classification are applicable.",False,,,,,
2024-1273813-0001273813-24-000051-ago-09302024x10qex101.htm,"The document is an Executive Grant Award Eligibility Agreement. It pertains to the terms of employment and stock incentives for an executive, not to the transfer of risk between insurance companies. Therefore, it is not a reinsurance agreement. Since it is not a reinsurance agreement, none of the subsequent classification fields related to reinsurance are applicable.",False,,,,,
2024-914748-0000914748-24-000008-eg-20240331xexx104holdings.htm,"The document is an ""AMENDED AND RESTATED EMPLOYMENT AGREEMENT"" between Everest National Insurance Company and Michael Karmilowicz. It outlines the terms of employment, including title, duties, compensation, benefits, and termination conditions. This is a direct employment contract, not a contract that transfers risk between insurance entities. Therefore, it is not a reinsurance agreement. Since it is not a reinsurance agreement, none of the subsequent fields related to reinsurance classification (is_main_contract, is_obligatory, proportional_or_non_proportional, insurance_type, class_of_business) are applicable.",False,,,,,
2024-1849253-0000950170-24-021657-ryan-ex10_11.htm,"The document is an agreement for Restricted LLC Units granted to a participant under an incentive plan. It details the terms of the award, vesting schedule, and restrictive covenants. It does not involve the transfer of risk between insurance entities, which is the defining characteristic of reinsurance. Therefore, it is not a reinsurance agreement.",False,,,,,
2024-1783180-0001783180-24-000088-settlementandplansupportag.htm,"The document is a Settlement Support Agreement related to a bankruptcy case. It outlines terms for settling various claims, including those against Carrier Global Corporation and related to AFFF MDL claims. The agreement focuses on the distribution of assets, claims resolution, and legal processes within the bankruptcy framework. It does not represent a reinsurance contract, as it does not involve the transfer of risk between insurance entities. Instead, it's a legal agreement to settle liabilities and claims arising from past business operations and litigation.",False,False,False,,,
2024-886982-0000886982-24-000006-a1033_formofone-timeslashy.htm,"The user has provided a document and metadata related to an ""EX-10.33 EX-10.33 The Goldman Sachs Group, Inc. [One-Time][Year-End] RSU Award"". This document is an award agreement for Restricted Stock Units (RSUs). It details the terms and conditions of the RSU award, including vesting, delivery of shares, potential forfeiture, and tax implications. The document is a contract between an employer (The Goldman Sachs Group, Inc.) and an employee (the Grantee) regarding compensation in the form of company stock. It does not involve risk transfer between insurance entities, which is the defining characteristic of reinsurance. Therefore, it is not a reinsurance agreement.",False,,,,,
2024-1039828-0001039828-24-000020-a2023-12x31ex1048.htm,"The document is an Employee Restricted Stock Unit Award Agreement, which is a form of employee compensation related to stock options. It does not involve the transfer of risk between insurance entities, which is the defining characteristic of reinsurance. Therefore, it is not a reinsurance agreement.",False,False,False,,,
2024-886982-0000886982-24-000006-a1044_formxofxperformance-.htm,"The document is a Performance-Based RSU Award Agreement detailing the terms and conditions for employees of The Goldman Sachs Group, Inc. to receive performance-based restricted stock units. This is an employment-related equity compensation plan, not a reinsurance agreement.",False,,,,,
2024-1605888-0001213900-24-069169-ea021096301ex10-2_atlantic.htm,"The document is an amendment to a loan agreement and forbearance agreement. It details amendments to the terms of a loan, acknowledges events of default, and outlines a forbearance period. It does not involve any form of risk transfer characteristic of reinsurance. The parties involved are borrowers, an agent, and lenders, which are financial institutions providing loans, not reinsurers. The listed lenders include entities like ""SOUTHERN ATLANTIC REINSURANCE, INC."", but their role in this document is solely as lenders, not as reinsurers of an underlying insurance portfolio. Therefore, it is not a reinsurance agreement.",False,,,,,
2024-1400810-0000950170-24-094718-hci-ex10_12.htm,"The document is clearly labeled as a ""THIRD LAYER PROPERTY CATASTROPHE EXCESS OF LOSS REINSURANCE CONTRACT"". This explicitly states that it is a reinsurance agreement. The contract details terms related to property catastrophe excess of loss reinsurance, including coverages, retentions, limits, premium payments, and dispute resolution mechanisms, all of which are characteristic of a reinsurance contract. The document details how Homeowners Choice Property & Casualty Insurance Company, Inc. is being reinsured for property risks, specifically excess of loss for catastrophe events. The contract defines ""Business Covered"" as property perils like Business Owners, Homeowners, Condominium Owners, Renters and Dwelling. This aligns with ""Property"" as the class of business. As it's a property risk, it falls under ""Non-Life"" insurance. Since it's a contract detailing the terms of reinsurance for specific layers of catastrophe risk, it is a main contract. The nature of excess of loss reinsurance, especially for catastrophe events, typically signifies a non-proportional reinsurance arrangement. Specifically, it's an ""Excess of Loss"" contract, which is a form of non-proportional reinsurance.",True,True,,non-proportional,Non-Life,Property
2024-1788882-0001628280-24-035605-a1012024short-termincentiv.htm,"The document describes an employee incentive plan, not a reinsurance contract. It outlines how employees will be rewarded based on company performance metrics like 'Policy-in-Force Growth' and 'Accident Period Gross Loss Ratio'. The document explicitly states its purpose is to motivate employees and reward outstanding business results. None of the typical characteristics of a reinsurance agreement, such as risk transfer between entities or specific reinsurance terms, are present.",False,,,,,
2024-1504461-0001504461-24-000017-ex10106302410-q.htm,"The user provided a document that is a ""FIRST AMENDMENT TO TERM LOAN CREDIT AGREEMENT"". This document amends an existing credit agreement. The document details changes to interest rates, fees, and other terms of a loan. It does not involve the transfer of risk from an insurer to a reinsurer. It is a loan agreement modification, not a reinsurance agreement.",False,False,,,,
2024-1781755-0001781755-24-000016-exhibit-109fy2023q4.htm,"The document is a ""Retirement Agreement & General Release"" between an employee and their employer. It details the terms of the employee's retirement, severance benefits, and a release of claims. The document does not mention any form of risk transfer, reinsurance, or retrocession. Therefore, it is not a reinsurance agreement. The employment context and the nature of the agreement (severance and release) mean it's not a main contract for reinsurance, nor is it related to any insurance type or class of business in the context of reinsurance classification.",False,,,,,
2024-2002473-0001628280-24-036134-exhibit101-investormatters.htm,"The document is an ""Investor Matters Agreement"" between Bowhead Specialty Holdings Inc. and American Family Mutual Insurance Company. The agreement outlines terms related to the Investor's ownership of shares and its rights as an investor, including board representation. While it references a ""Reinsurance Agreement"" in section 1(a)(ii) and section 2(g), and also mentions ""MGA Agreements"" (Managing General Agency Agreements), the primary purpose of this document is not to establish or modify a reinsurance contract itself. Instead, it details investor rights and obligations, which are ancillary to the underlying insurance and reinsurance business. The reference to the ""Reinsurance Agreement"" is to define the term of certain investor rights, not to establish or alter the reinsurance contract's terms directly. Therefore, it is not a reinsurance agreement and not a main contract.",False,,,,,
2024-1527469-0001527469-24-000070-q22024exhibit101.htm,"The user wants me to classify a document based on its content.

The document is a 364-Day Credit Agreement. It outlines terms and conditions for loans between Athene Holding Ltd. and Athene Life Re Ltd. (as Borrowers) and various lenders. The agreement details provisions for borrowings, repayments, interest rates, fees, taxes, representations and warranties, covenants (affirmative and negative), events of default, and remedies.

Based on the content, this document is a financing/loan agreement and not a reinsurance agreement.

Therefore:
- `is_reinsurance`: False
- `is_main_contract`: None (as it's not a reinsurance contract)
- `is_obligatory`: None (as it's not a reinsurance contract)
- `proportional_or_non_proportional`: None (as it's not a reinsurance contract)
- `insurance_type`: None (as it's not a reinsurance contract)
- `class_of_business`: None (as it's not a reinsurance contract)",False,,,,,
2024-1297996-0001558370-24-014149-dlr-20240930xex10d3.htm,"The document is a First Amendment to a Term Loan Agreement. It amends an existing loan agreement between Digital Dutch Finco B.V. and its lenders. There is no mention of reinsurance, retrocession, or any risk transfer mechanisms typically found in reinsurance contracts. This is a debt financing document.",False,,,,,
2024-2002473-0001628280-24-036134-exhibit106-amendedandresta.htm,"The document is an Amended and Restated Managing General Agency Agreement. While it mentions a ""Reinsurance Agreement"" and refers to reinsuring business, the primary purpose of this document is to establish the relationship and terms between a primary insurer (Homesite Insurance Company) and its managing general agent (Bowhead Specialty Underwriters, Inc.). It details the MGA's authority, responsibilities, compensation, and operational guidelines. It is not a direct reinsurance contract itself, but rather an agreement governing the operations of an MGA that handles business that is subsequently reinsured. Therefore, ""is_reinsurance"" is False.

Since this is the primary agreement establishing the MGA's appointment and operational framework, it is considered a main contract defining the underlying agency relationship related to insurance business. The document explicitly states it's an ""Amended and Restated Managing General Agency Agreement,"" indicating it establishes the core agreement for the agency's functions.

The document's focus is on the operational aspects of a managing general agency, including underwriting, claims handling, and premium collection. It does not specify whether the business handled under this agreement is obligatory or facultative in nature.

The document is a Managing General Agency Agreement. While Article 15, ""REINSURANCE,"" discusses the ""Reinsurance Agreement"" and how business written under this MGA agreement is reinsured, this document itself is not a reinsurance contract. It is an agency agreement that facilitates business which is then reinsured. Therefore, it does not define whether the underlying reinsurance is proportional or non-proportional.

The document details the operations of a managing general agent for Homesite Insurance Company, which underwrites and issues insurance policies. There is a mention of ""Subject Business"" that is reinsured, but the MGA agreement itself pertains to the direct insurance policies being underwritten and managed. Therefore, the insurance type is Non-Life.

The document specifies that the Managing General Agent is authorized to produce and handle ""classes of business specified in Exhibit A (the Subject Business)"". Exhibit A is omitted, and the rest of the document does not specify the class of business for the Subject Business. Therefore, the class of business cannot be determined from the provided text.",False,True,,,Non-Life,
2024-11544-0000011544-24-000005-wrb1231202310-kex1012.htm,"The document is a Restricted Stock Unit Agreement between W. R. Berkley Corporation and a Grantee. It outlines the terms and conditions for granting restricted stock units, which are a form of equity-based compensation. This agreement does not involve the transfer of risk between insurance entities, which is the defining characteristic of reinsurance. Therefore, it is not a reinsurance agreement.",False,,,,,
2024-1782754-0000950170-24-011986-azek-ex10_3.htm,"The user wants me to analyze a document and extract specific information about it. The document is identified as ""FOURTH AMENDMENT TO AMENDED AND RESTATED REVOLVING CREDIT AGREEMENT"".

Here's a breakdown of the analysis based on the provided criteria:

1.  **is_reinsurance**: The document is an amendment to a revolving credit agreement, which is a financial contract related to lending and borrowing, not a risk transfer mechanism like reinsurance. Therefore, it is not a reinsurance agreement.

2.  **is_main_contract**: The document is an amendment to an existing Credit Agreement. While it modifies an existing contract, it is an amendment, not the establishment of a new primary reinsurance or retrocession contract. It falls under the category of ancillary agreements.

3.  **is_obligatory**: Since it's not a reinsurance agreement, this field should be None.

4.  **proportional_or_non_proportional**: Since it's not a reinsurance agreement, this field should be None.

5.  **insurance_type**: This document is a credit agreement amendment, not related to insurance. Therefore, this field should be None.

6.  **class_of_business**: This document is a credit agreement amendment, not related to insurance. Therefore, this field should be None.",False,False,,,,
2024-1333986-0001333986-24-000009-eqh-12312023exhibit1019.htm,"The document is a ""REIMBURSEMENT AGREEMENT"" detailing the terms under which MUFG Bank, Ltd. (LC Issuer) will issue a Letter of Credit for Equitable Holdings, Inc. and its subsidiaries. The stated purpose of the Letter of Credit is to ""facilitate reinsurance cessions for its Affiliates by enabling the Subsidiary Account Parties to provide the Letter of Credit to the beneficiaries for statutory recognition of reinsurance ceded to reinsurers."" This explicitly indicates that the Letter of Credit serves as a financial instrument to support reinsurance arrangements. While the agreement itself is a reimbursement and LC facility agreement, its primary function as described is to enable the recognition of reinsurance. Therefore, it is directly related to reinsurance.

The agreement establishes the terms of the Letter of Credit, which is the primary financial undertaking related to the reinsurance. It defines the obligations of the parties, conditions for issuance, fees, and default provisions. It is not an amendment, endorsement, or modification of an existing reinsurance contract, but rather an agreement that facilitates it. Thus, it's considered a main contract.

The document does not describe a treaty or a facility that automatically transfers risk based on a portfolio. Instead, it facilitates a Letter of Credit, which is a financial guarantee. The nature of obligatory vs. non-obligatory reinsurance is not directly ascertainable from this document alone, as it details the *financing* mechanism rather than the underlying reinsurance structure. Therefore, this is unknown.

The document is about a Letter of Credit used to support reinsurance. The specifics of whether the underlying reinsurance is proportional or non-proportional are not detailed in this credit agreement. Therefore, this is unknown.

The document consistently refers to ""reinsurance ceded to reinsurers"" and ""statutory recognition of reinsurance ceded."" The context suggests that the underlying insurance business being reinsured is likely related to insurance operations, which points towards ""Non-Life"" insurance, especially given terms like ""insurance company"" and ""Statutory Statement"" in the context of regulatory filings. There is no indication of life insurance products being reinsured.

The purpose of the Letter of Credit is to provide collateral for reinsurance ceded by affiliates. The document mentions ""insurance or reinsurance company"" and the context of ""statutory recognition of reinsurance ceded"" strongly suggests an insurance business underpinning the reinsurance. Without further specifics on the type of insurance, ""Casualty"" or ""Property"" could be general categories, but ""Specialty"" often encompasses various lines of insurance underwriting. Given the lack of specific detail about the underlying reinsured policies, and the broad nature of the financial instrument, it's difficult to pinpoint a precise class of business. However, the term ""insurance company"" and the context of statutory recognition of reinsurance points to a broad insurance operation. ""Specialty"" might be too narrow. If the entity is a diversified insurer, it could be ""Multi-Line"". However, without more context on the specific types of insurance being reinsured, it is difficult to determine. The document mentions ""insurance or reinsurance company"" and ""statutory recognition of reinsurance ceded to reinsurers,"" which is broad. Given the options, and the lack of specific product details, ""Other Life"" seems unlikely as there's no mention of life insurance products. ""Accident and Health"" is possible but not explicitly stated. ""Property"" and ""Casualty"" are also possibilities. Lacking concrete information about the underlying insurance portfolio, it's hard to classify. However, the nature of reinsurance often involves specialized financial arrangements. Considering the broad nature and lack of specific product lines, 'Multi-Line' or 'Other Life' might be considered, but there's no indication of Life insurance. Let's revisit the definitions. 'Multi-Line' is for ""Whole Account reinsurance when not limited to one of the categories above"" or ""Coverage that explicitly includes many of the lines of insurance described above, excluding ancillary coverage"". Since this is a financing agreement for reinsurance, and the underlying business is not detailed, it's hard to classify the business lines. However, if the reinsured business is broad, Multi-Line would fit. As there's no direct mention of Life insurance, and the context is general insurance operations, it may be a broad reinsurance of various lines. Let's consider what supports reinsurance. ""Statutory recognition of reinsurance ceded to reinsurers"". It is a financial instrument. The underlying business is insurance. It's hard to determine the exact class. Given the provided options, and the general nature of the document as a financial facilitator for reinsurance, it's difficult to assign a specific class of business. However, the company is Equitable Holdings, Inc., which is a financial services company involved in insurance and investments. Without specific details on the reinsured portfolio, it is difficult to classify. If we consider the potential scope of reinsurance for a large financial holding company, it could encompass various lines of business. Since it's not explicitly stated as Life insurance, it's likely Non-Life. Among Non-Life options, ""Multi-Line"" could apply if it covers various insurance types. Alternatively, if it's a diverse portfolio, it might fall under ""Other Life"" if it's a financial product supporting life insurance business, or it could be related to the general insurance portfolio. Given the ambiguity, and that ""Multi-Line"" is for ""Whole Account reinsurance"" or explicit inclusion of many lines, it's hard to confirm. If it's a broad financial services company that might reinsure various aspects of its business, it's difficult to place it definitively. Let's assume it supports the general insurance operations, which are likely diversified. The prompt instructs to classify according to the main type of coverage. Since no primary type of coverage is mentioned, and it is a financial instrument supporting reinsurance, it is difficult to classify. However, the term ""insurance company"" and ""reinsurer"" are used. Let's review the options. ""Accident and Health"", ""Property"", ""Casualty"", ""Specialty"". ""CreditMulti-Line"", ""Health"", ""Longevity"", ""Mortality"", ""Other Life"". There is no mention of Life or Health insurance. The document is about a Letter of Credit supporting reinsurance in general. Given the broad nature, and the fact that it is supporting insurance operations, classifying it under a specific insurance line without more information is speculative. However, the company is Equitable Holdings, which has significant life insurance and asset management businesses. The mention of ""reinsurance ceded to reinsurers"" implies the underlying business is insurance. If the company has diversified insurance operations, ""Multi-Line"" may be applicable. Given the lack of specific information about the underlying insurance portfolio, it's difficult to definitively assign a class of business. It's a financial agreement for reinsurance, not the reinsurance itself. If the reinsurance covers multiple lines of business, ""Multi-Line"" would be appropriate. Otherwise, without more information, ""None"" might be the most accurate. However, the prompt asks for a classification related to the *underlying* insurance portfolio. Since this is a financial instrument facilitating reinsurance, and the underlying business is not specified, it's a challenge. Let's consider that a large financial institution like Equitable Holdings would likely have diversified operations. The term ""insurance company"" is used broadly. Given no explicit mention of specific lines of business, and the company's background, it's possible it covers a range of insurance products. If we assume it might cover various types of insurance as part of its overall financial operations, ""Multi-Line"" could be a plausible, albeit speculative, choice. However, without more information, it is hard to confirm. Let's reconsider if any part of the document hints at the business type. The document itself doesn't detail the underlying insurance. It's a reimbursement agreement for a Letter of Credit. The Letter of Credit is for ""statutory recognition of reinsurance ceded to reinsurers"". This is general. Given the ambiguity, and the absence of direct information about the underlying insurance portfolio in this specific document, it's best to mark this as unknown if possible. However, if a choice must be made, and considering Equitable Holdings' known business areas, it might involve a mix. Let's look at the definition of ""Multi-Line"": ""Whole Account reinsurance when not limited to one of the categories above."" or ""Coverage that explicitly includes many of the lines of insurance described above"". This document is a *financial* agreement, not the *reinsurance* agreement itself. Thus, it doesn't contain coverage details. Since we cannot determine the underlying insurance portfolio from this document, ""None"" is the most appropriate choice for class_of_business.

Revised reasoning for class_of_business: The document is a financial agreement (Reimbursement Agreement for a Letter of Credit) that facilitates reinsurance. It does not contain details about the *underlying* insurance portfolio being reinsured. Therefore, classifying the class of business of the underlying portfolio is not possible based solely on this document.[[ ## reasoning ## ]]
The document is a Reimbursement Agreement that facilitates the issuance of a Letter of Credit, which in turn is to be used for ""statutory recognition of reinsurance ceded to reinsurers."" This indicates that the purpose of the agreement is directly tied to supporting reinsurance activities. Therefore, it is related to reinsurance.

The agreement establishes the primary terms and conditions for the Letter of Credit, which serves as the financial mechanism for the reinsurance. It is not an amendment, endorsement, or other accessory to an existing reinsurance contract but rather the agreement that enables the reinsurance transaction to be recognized for statutory purposes. Therefore, it can be considered a main contract.

The document outlines a Letter of Credit facility. Whether this facility supports obligatory or facultative reinsurance is not specified within the text. The nature of the underlying reinsurance (obligatory vs. facultative) is not detailed in this financial agreement. Therefore, discerning if it's obligatory is not possible from this document.

The document pertains to a Letter of Credit, which is a financial instrument used to support reinsurance. The agreement does not specify whether the underlying reinsurance is proportional or non-proportional. Thus, this classification cannot be determined from the provided text.

The document refers to ""reinsurance ceded to reinsurers"" and mentions ""insurance company"" and ""statutory recognition of reinsurance ceded."" There is no specific mention of ""Life"" insurance products. The context suggests a general insurance or reinsurance operation, which falls under ""Non-Life"" insurance.

The document is a financial agreement facilitating reinsurance and does not describe the specific underlying insurance products or lines of business. The mention of ""insurance company"" and ""reinsurance"" is general. Without information detailing the classes of insurance being reinsured, it's impossible to determine the specific class of business. Therefore, the class of business cannot be determined from this document.",True,True,,,Non-Life,
2024-1006837-0001006837-24-000023-exhibit1068q42023combined.htm,"This document is identified as a ""SECOND AMENDMENT TO CREDIT AGREEMENT."" A credit agreement is a contract that governs loans and other forms of credit extended by a lender to a borrower. It details the terms and conditions of the loan, interest rates, repayment schedules, and other financial obligations. Reinsurance agreements, on the other hand, are contracts where one insurance company (the reinsurer) agrees to indemnify another insurance company (the ceding company) against all or part of the loss that the latter may sustain under a specific insurance policy or portfolio of policies.

The content of the provided document focuses on amending loan terms, including definitions, amendments to the credit agreement, representations and warranties related to the credit facility, and miscellaneous provisions common in loan agreements. There is no mention of risk transfer, insurance policies, premiums, claims, or any other elements characteristic of insurance or reinsurance. The document solely pertains to the modification of a credit facility between a borrower (DBM Global Inc. and its affiliates) and lenders (UMB Bank, N.A., BMO Harris Bank N.A., etc.).

Therefore, this document is not a reinsurance agreement, and consequently, the other classifications related to reinsurance are not applicable.",False,,,,,
2024-898174-0000898174-24-000048-a202310-kex106.htm,"The document describes a ""Phantom Stock Plan for Directors"" established by Reinsurance Group of America, Inc. This plan is a form of deferred compensation for directors, designed to incentivize performance by linking their compensation to the company's stock value. It details how directors can elect to receive phantom stock units in lieu of their fees, how these units are accounted for, and how they are paid out. The plan does not involve the transfer of insurance risk from one party to another, which is the defining characteristic of a reinsurance agreement. It functions as a corporate benefit and compensation scheme, not a risk transfer mechanism. Therefore, it is not a reinsurance agreement.",False,,,,,
2024-1006837-0001006837-24-000122-exhibit106-q22024combined.htm,"The document is a Third Amendment to a Credit Agreement, which is a debt financing instrument. It outlines terms related to loans, interest, fees, and collateral between a group of borrowers (DBM Global Inc. and others) and a group of lenders. There is no mention of insurance, risk transfer, or any other element that would classify this document as a reinsurance agreement.",False,,,,,
2024-1081316-0001081316-24-000022-pac93024ex105.htm,"The document is a settlement agreement resolving claims related to a wildfire. It involves a payment from Pacific Power to the settling plaintiffs and a release of claims, with provisions for confidentiality, legal fees, and tax liability. There is no mention of risk transfer, premiums, or reinsurance terms. The agreement's purpose is to settle legal disputes arising from the wildfire, not to provide insurance or reinsurance coverage. Therefore, it is not a reinsurance agreement. Since it is not a reinsurance agreement, the other fields related to reinsurance classification (main contract, obligatory, proportional, insurance type, class of business) are not applicable.",False,,,,,
2024-703604-0000703604-24-000079-dsg-secondamendmenttocre.htm,"The user provided a document that is an ""AMENDED AND RESTATED CREDIT AGREEMENT"". This is a loan agreement, not a reinsurance agreement. It outlines terms for loans, commitments, interest rates, fees, covenants, and events of default between Distribution Solutions Group, Inc. (as Borrower) and various Lenders, with JPMorgan Chase Bank, N.A. acting as Administrative Agent. The document does not involve risk transfer from one insurance entity to another as typically seen in reinsurance. Therefore, it is not a reinsurance agreement.",False,False,,,,
2024-1455863-0001628280-24-008042-firstamendmenttodec42018ar.htm,"The document is an amendment to a Note and Guaranty Agreement, which is a debt financing instrument. It does not involve any form of risk transfer characteristic of reinsurance. Therefore, fields related to reinsurance classification are not applicable.",False,,,,,
2024-1400810-0000950170-24-094718-hci-ex10_22.htm,"The document is titled 'First and Second Layer Property Catastrophe Excess of Loss Reinsurance Contract' and clearly outlines terms and conditions related to reinsurance. It specifies the reinsured parties, the reinsurer, the business covered (property perils of Homeowners, Condominium Owners, Renters and Dwelling), and the nature of the excess of loss coverage. This indicates it is a reinsurance agreement. It is also a main contract as it establishes the primary reinsurance terms. The contract is for excess of loss, which is a form of non-proportional reinsurance.",True,True,False,non-proportional,Non-Life,Property
2024-1400810-0000950170-24-094718-hci-ex10_9.htm,"The document is a Reimbursement Contract between TypTap Insurance Company and the State Board of Administration of Florida (administering the Florida Hurricane Catastrophe Fund - FHCF). The contract outlines the terms under which the FHCF will reimburse the Company for losses incurred on ""Covered Policies"" due to hurricane events. This type of arrangement, where a governmental fund or entity provides financial protection against specific catastrophic events to insurers, functions as a form of reinsurance, specifically a catastrophe bond or a state-backed reinsurance program. It's not a direct insurance policy sold to individuals but a contract between insurers and a fund to manage large-scale risks. Therefore, it is a reinsurance agreement.

The contract establishes the principal terms and conditions for the reimbursement coverage for the period June 1, 2024, to May 31, 2025. It details the scope of the agreement, parties involved, term, liability of the FHCF, definitions of key terms like ""Covered Event"" and ""Ultimate Net Loss,"" exclusions, reporting and remittance procedures, and specific elections regarding coverage level. These elements indicate that this document is the primary agreement establishing the reinsurance relationship.

The contract is a statutory requirement in Florida for companies writing ""Covered Policies"" (related to hurricane damage to property). Section 215.555, Florida Statutes, mandates that the SBA enter into such contracts with each company writing these policies. This implies a mandatory participation for insurers. The contract also specifies that under Section 215.555(4)(a), the SBA *must* enter into such a contract with each company, and each company *must* enter into it as a condition of doing business in Florida. This clearly marks it as an obligatory reinsurance agreement.

The FHCF provides reimbursement for ""Ultimate Net Loss"" on ""Covered Policies"" in excess of the Company's Retention, multiplied by a Coverage Level (e.g., 90%, 75%, or 45%). This structure, where the reinsurer covers a specific percentage of losses above a retention, is characteristic of proportional reinsurance, where the reinsurer shares in the profits and losses in proportion to the sum reinsured. The coverage is tied to a percentage of the underlying losses, indicating a proportional sharing of risk.

The contract pertains to losses from hurricane events impacting real or personal property located in Florida, specifically residential structures and their contents. This falls under property insurance. Therefore, the insurance type is Non-Life.

The contract specifically deals with hurricane-related property damage. This is a type of property insurance. The document does not mention life insurance products or categories. Therefore, the class of business is Property.",True,True,True,proportional,Non-Life,Property
2024-1552033-0001552033-24-000065-tu-amendmentno23tocreditag.htm,"The user wants me to analyze the provided document and extract specific information about the contract.

1. **`is_reinsurance`**: The document is an ""AMENDMENT NO. 23 TO CREDIT AGREEMENT"". It deals with loan agreements, refinancing, and credit facilities, not with insurance or reinsurance. Therefore, it is not a reinsurance agreement.

2. **`is_main_contract`**: The document is an amendment to an existing credit agreement. Amendments modify existing agreements, making them ancillary rather than the main contract itself. Therefore, it is not a main contract.

3. **`is_obligatory`**: This document is an amendment to a credit agreement. Credit agreements are typically obligatory in nature, but the classification of an *amendment* as obligatory or non-obligatory in the context of reinsurance doesn't directly apply here since it's not a reinsurance contract. However, if we consider the nature of the underlying credit facility it modifies, it's obligatory. Since it's not a reinsurance contract, this field should be None.

4. **`proportional_or_non_proportional`**: This classification applies to reinsurance contracts. Since the document is not a reinsurance contract, this should be None.

5. **`insurance_type`**: This classification applies to insurance contracts. Since the document is not an insurance or reinsurance contract, this should be None.

6. **`class_of_business`**: This classification applies to reinsurance contracts. Since the document is not a reinsurance contract, this should be None.

Based on this analysis:
- `is_reinsurance` is False.
- `is_main_contract` is False.
- `is_obligatory` is None.
- `proportional_or_non_proportional` is None.
- `insurance_type` is None.
- `class_of_business` is None.",False,False,,,,
2024-1683606-0000950170-24-056894-cars-ex10_1.htm,"The document is an amendment to a credit agreement, detailing changes to loan facilities, commitments, and other financial terms. It does not involve the transfer of risk from one insurance or reinsurance company to another. Therefore, it is not a reinsurance agreement. Since it is not a reinsurance agreement, none of the subsequent fields related to reinsurance classification can be determined.",False,,,,,
2024-1232582-0001232582-24-000035-arremingtonhmaahtv2.htm,"The document is a Second Consolidated, Amended and Restated Hotel Master Management Agreement. This type of agreement governs the management and operation of hotels and does not involve risk transfer characteristic of reinsurance. Therefore, it is not a reinsurance agreement. As it is not a reinsurance agreement, all other fields are not applicable and set to null or their default 'None' value.",False,False,False,,,
2024-2002473-0001628280-24-036134-exhibit103-commonstockpurc.htm,"The document is a Common Stock Purchase Warrant, which is a financial instrument that grants the holder the right to purchase a company's stock at a specified price. It does not represent a reinsurance agreement. The document mentions a 'Reinsurance Agreement' in its definitions, but the warrant itself is not a reinsurance contract.",False,False,,,,
2024-1778129-0000950170-24-031450-tsndf-ex10_10.htm,"The document is a loan agreement, not a reinsurance agreement. It details the terms of a loan provided by Pelorus Fund REIT, LLC to TerrAscend NJ LLC and other entities. The document outlines loan amounts, interest rates, repayment terms, collateral, and events of default. None of the content suggests a risk transfer mechanism characteristic of reinsurance. Therefore, it is not a reinsurance agreement. Since it's not a reinsurance agreement, the subsequent classifications related to reinsurance (main contract, obligatory, proportional or non-proportional, insurance type, class of business) are not applicable.",False,,,,,
2024-1694426-0001694426-24-000028-dk-ex1027exfirstamendmentt.htm,"The document is an amendment to an ""Inventory Intermediation Agreement"" which facilitates the purchase and sale of crude oil and refined products. This type of agreement primarily involves commercial transactions and does not function as a risk transfer mechanism characteristic of reinsurance. Reinsurance involves one insurer transferring part of its risk portfolio to another insurer. This agreement deals with the supply chain and inventory management of commodities, not the transfer of insurance risk from an ceding insurer to a reinsurer. The agreement's purpose is to manage inventory and associated financial risks, not to provide indemnity against insurance liabilities. Therefore, it is not a reinsurance agreement.",False,False,,,,
2024-1412100-0001412100-24-000047-a1maidenrenewalrightsass.htm,"The document is an Asset Purchase Agreement where one company is selling its renewal rights and assets related to its insurance business to another company. It involves the transfer of insurance contracts and related data, but it is not a reinsurance or retrocession agreement itself. Instead, it facilitates the transfer of an existing insurance portfolio rather than a risk transfer arrangement between insurers. Therefore, it is not a reinsurance agreement, a main contract, or an obligatory contract. Since it's not a reinsurance agreement, the proportional_or_non_proportional, insurance_type, and class_of_business fields are not applicable.",False,False,False,,,
2024-914748-0000914748-24-000008-eg-20240331xexx103holdings.htm,"The document is an Amended and Restated Employment Agreement between Everest Global Services, Inc. and James Williamson. It outlines the terms of employment, including title, duties, compensation, benefits, and termination clauses. There is no mention of reinsurance, retrocession, or any form of risk transfer related to insurance or reinsurance contracts. Therefore, it is not a reinsurance agreement.",False,,,,,
2024-1527469-0001527469-24-000021-q42023exhibit10103.htm,"The document is an amendment to a reinsurance agreement, specifically a ""Partial Recapture Amendment."" This clearly indicates it modifies an existing reinsurance contract. Therefore, it is considered a reinsurance agreement, but it is an ancillary agreement rather than the main contract itself. The document mentions ATHEANE ANNUITY & LIFE ASSURANCE COMPANY and VENERABLE INSURANCE AND ANNUITY COMPANY, suggesting the underlying insurance is Life. ""FA Business"" and the mention of annuities point towards ""Longevity"" as the class of business. The document does not specify whether the original reinsurance agreement was obligatory or facultative, so this information is unknown. Similarly, the proportional or non-proportional nature of the underlying agreement is not specified, hence it is unknown.",True,False,,,Life,Longevity
2024-765880-0001628280-24-018706-ex106.htm,"The document is an amendment to a term loan agreement, modifying the terms of existing credit facilities and adding a new term loan facility. It involves financial arrangements, not risk transfer as typically seen in reinsurance. Therefore, it is not a reinsurance agreement, a main contract, obligatory, nor is it related to any class of insurance business.",False,False,False,,,
2024-1384905-0001384905-24-000060-rng-20240930x10qxex103.htm,"The user wants to classify a document. The document is titled ""FOURTH AMENDMENT TO CREDIT AGREEMENT"". It is an amendment to an existing Credit Agreement, involving Ringcentral, Inc. and various lenders. The document details changes to loan commitments and terms. It is not a reinsurance agreement, as it pertains to a credit facility and loan commitments, not insurance risk transfer. It is an amendment to a main contract, making it an ancillary agreement rather than a main contract itself. It's not an obligatory reinsurance agreement. It's not related to insurance at all, therefore it's not proportional or non-proportional reinsurance. It's not related to insurance, so the insurance type and class of business cannot be determined.",False,False,,,,
2024-1593275-0001593275-24-000028-exhibit10147-seventhamen.htm,"The document is an amendment to a Reimbursement Agreement. The Reimbursement Agreement, in turn, concerns the Issuing Lender's agreement to issue Letters of Credit for the Borrower's account and the Borrower's agreement to reimburse the Issuing Lender. Letters of Credit are financial instruments used to guarantee payment obligations, not to transfer risk in the manner of reinsurance. Therefore, this document, and the underlying agreement it amends, are not reinsurance agreements.",False,,,,,
2024-1224608-0001224608-24-000041-exhibit105-creditagreement.htm,"The document is a Fifth Amendment and Restatement Agreement to a Credit Agreement. It details the terms and conditions for financial arrangements between CNO Financial Group, Inc. and various lenders. The main purpose of the document is to amend and restate an existing credit agreement, which is a form of debt financing. There is no mention of insurance policies, reinsurance, or any risk transfer from an insurer to a reinsurer. Therefore, it is not a reinsurance agreement.",False,,,,,
2024-1781870-0001781870-24-000004-gs-newmountainxcreditagr.htm,"The user wants me to classify a document based on its content.

The document is a CREDIT AGREEMENT dated November 28, 2023, by and among NEW MOUNTAIN GUARDIAN III SPV, L.L.C., as Borrower, VARIOUS LENDERS, GOLDMAN SACHS BANK USA, as Syndication Agent and Administrative Agent, and WESTERN ALLIANCE TRUST COMPANY, N.A., as Collateral Agent, Collateral Custodian, and Collateral Administrator.

The document outlines the terms and conditions for loans and commitments, conditions precedent, representations and warranties, covenants, accounts, application of monies, sale of collateral obligations, events of default, agency, miscellaneous provisions, subordination, assignment of collateral management agreement, and collateral custodian duties.

It details the origination and management of credit facilities and the collateral securing those facilities. The agreement involves borrowing money from lenders and securing that debt with assets. It is a debt financing agreement, not a reinsurance agreement. The purpose is to provide funding to the borrower, which will then use these funds to manage collateral obligations. Insurance or reinsurance coverage is not mentioned as the primary subject or purpose of this agreement.

Therefore, this document is not a reinsurance agreement.",False,,,,,
2024-1604738-0001604738-24-000017-ainc2023q4xex1073arremingt.htm,"The document is a ""SECOND CONSOLIDATED, AMENDED AND RESTATED HOTEL MASTER MANAGEMENT AGREEMENT"". This type of agreement establishes the terms and conditions under which a manager will operate and manage hotels. It does not involve the transfer of risk between insurance entities, which is characteristic of a reinsurance agreement. Therefore, it is not a reinsurance agreement. Since it's not a reinsurance agreement, the subsequent fields related to reinsurance classification (main contract, obligatory, proportional/non-proportional, insurance type, class of business) are not applicable and should be null.",False,,,,,
2024-1273813-0001273813-24-000031-ago-03312024x10qex103.htm,"The document is an Executive Restricted Share Unit Agreement, which is a form of compensation agreement for employees, not a reinsurance contract. It outlines terms related to restricted stock units, vesting periods, and termination of employment, all of which are standard elements of executive compensation. Therefore, it does not fit any of the criteria for a reinsurance agreement.",False,,,,,
2024-1214816-0001214816-24-000024-axs-20231231xexx1017.htm,"The document is an employment contract between a company (AXIS UK SERVICES LIMITED) and an employee (DAN DRAPER). It outlines the terms and conditions of employment, including job title, duties, remuneration, benefits, termination clauses, and restrictive covenants. There is no mention of reinsurance or any transfer of risk between insurance entities. Therefore, it is not a reinsurance agreement.",False,,,,,
2024-1670076-0001670076-24-000155-frontier-ex101axjsa_fronti.htm,"The user has provided a document that appears to be a credit agreement related to aircraft financing. It details loans, fees, conditions for the loans, representations and warranties, general indemnity, and various covenants. The document also includes exhibits and schedules related to the agreement, such as tax compliance certificates, loan certificates, and aircraft schedules.

Based on the content, this document is a financing agreement, not a reinsurance agreement. It outlines terms for providing funds for aircraft purchases, not for transferring risk from one insurer to another. Therefore, it is not a reinsurance contract.",False,,,,,
2024-1527469-0001527469-24-000021-q42023exhibit10122.htm,"The document is explicitly titled ""PARTIAL RECAPTURE AMENDMENT To that Certain MODIFIED COINSURANCE AGREEMENT (FA BUSINESS)"". The content further elaborates on the reinsurance relationship between the Ceding Company and the Reinsurer, discussing the cession and recapture of ""Reinsured Liabilities"" and ""Reinsured Policies."" The ""FA Business"" typically refers to Fixed Annuities, which fall under Life insurance, specifically relating to longevity risk. The amendment modifies a pre-existing reinsurance agreement, and while it's an amendment, it's intrinsically linked to the main reinsurance contract. The mention of ""Treaty Number VIACAAREFA - 12312019"" suggests a treaty, which is typically obligatory.",True,True,True,,Life,Longevity
2024-1745032-0001558370-24-004065-lfr-20221231xex10d270.htm,"The document is a Contribution Agreement, detailing the transfer of a hotel property and associated assets from CS Real Estate Holding LLC to Lodging Fund REIT III OP, LP. It outlines terms for purchase, conditions precedent, representations and warranties, indemnification, and closing procedures. The document does not involve risk transfer between insurance entities or retrocession of insurance risks. Therefore, it is not a reinsurance agreement. Since it is not a reinsurance agreement, further classification is not applicable.",False,,,,,
2024-1973266-0001973266-24-000013-tko-20240331xex10_1.htm,"The user has provided a document that appears to be a refinancing amendment to a credit agreement. I need to determine if this document constitutes a reinsurance agreement and if it is a main contract.

Based on the content, this document is a ""FOURTH REFINANCING AMENDMENT, dated as of May 1, 2024 (this ""Amendment""), to the Credit Agreement"". It involves ""Holdings,"" ""Borrower,"" ""Administrative Agent,"" and ""Revolving Lenders."" The purpose is to amend an existing credit agreement by creating new revolving credit commitments and modifying terms related to loans.

This document is clearly a financial agreement related to debt and credit, not an insurance or reinsurance contract. It does not involve the transfer of risk from one insurance entity to another. Therefore, it is not a reinsurance agreement.

Since it's not a reinsurance agreement, the fields `is_main_contract`, `is_obligatory`, `proportional_or_non_proportional`, `insurance_type`, and `class_of_business` should be set to `None`.",False,,,,,
2024-11544-0000011544-24-000012-wrb331202410-qex101.htm,"The user has provided a document that appears to be a ""2024 Performance Unit Award Agreement"" under the W. R. Berkley Corporation 2019 Long-Term Incentive Plan. The document outlines terms and conditions for granting performance units to participants based on the increase in the company's Book Value Per Share. It details performance periods, compensation structures, and various clauses related to employment, non-competition, and business conduct.

The term ""reinsurance"" is mentioned in the document within the definition of ""Confidential Information"" (Section 9(k)(x)(A) and Exhibit A, Part II, Section K, Clause 2.1.6(1)), where it lists ""reinsurance terms and conditions"" as confidential information. However, the core purpose and subject matter of the agreement are not related to reinsurance. It is an employee compensation agreement tied to company performance, not a contract for risk transfer between insurance entities. Therefore, it is not a reinsurance agreement.",False,,,,,
2024-62709-0000062709-24-000037-mmc0331202410qex_106.htm,"The user has provided a document that is a Non-Competition and Non-Solicitation Agreement between Marsh & McLennan Companies, Inc. and an employee, Dean Klisura. This type of agreement is related to employment terms and does not involve the transfer of risk between insurance entities, which is characteristic of reinsurance. Therefore, it's not a reinsurance agreement. Since it's not a reinsurance agreement, the subsequent fields related to reinsurance classification (main contract, obligatory, proportional_or_non_proportional, insurance_type, class_of_business) should be None.",False,,,,,
2024-1035443-0001035443-24-000298-a2024-ex101.htm,"The document provided is titled ""THIRD AMENDED AND RESTATED CREDIT AGREEMENT"". It details terms related to loans, commitments, credit extensions, interest rates, fees, and repayment between Alexandria Real Estate Equities, Inc. (the Borrower) and various lenders. Such agreements are financial contracts for debt rather than risk transfer agreements like reinsurance. The definitions and clauses within the document pertain to financial obligations, credit facilities, and lending practices, not the principles of insurance or reinsurance.",False,,,,,
2024-1681459-0001681459-24-000070-ex1022c-thirdamendmentto.htm,"The user wants to classify a document that is a ""THIRD AMENDMENT TO CREDIT AGREEMENT"". I need to determine if this is a reinsurance agreement based on the provided definition.

The definition of reinsurance agreements includes:
- Reinsurance agreements
- Retrocession agreements
- Reinstatement Premium Protection contracts if they refer to an underlying reinsurance contract
- Capital Maintenance agreements
- Loss Portfolio Transfer, Adverse Development Cover, Reinsurance To Close and other retrospective reinsurance agreements
- Portfolio Transfers in connection to mergers, acquisitions, sales and other corporate restructurings, if they include provisions similar to standard reinsurance agreements
- Catastrophe Bonds and other Insurance Linked Securities if they fulfill a risk transfer objective similar to standard reinsurance
- Insurance pooling agreements and government insurance schemes that fulfill a risk transfer objective similar to standard reinsurance, like the FHCF, NFIP, CEA in the US
- All documents that renew, cancel, novate, terminate, settle, commute, amend, or otherwise modify the terms of an existing reinsurance agreement

The definition explicitly excludes:
- Insurance policies and other direct insurance contracts
- Letters of credit
- Bonds, loans and credit instruments except for Catastrophe Bonds and other Insurance Linked Securities as described above
- Financial guarantees and other agreements that secure the payment obligations arising from insurance or reinsurance contracts
- Referral Agreements, Underwriting Agency Agreements between reinsurance companies and reinsurance underwriting management companies or agents

The document is a ""THIRD AMENDMENT TO CREDIT AGREEMENT"". It amends a credit agreement, which is fundamentally a loan and financial agreement, not an insurance or reinsurance contract. It deals with terms like LIBOR replacement, interest rates, commitments, loans, letters of credit, fees, and penalties. None of these aspects align with the definition of a reinsurance agreement. Therefore, it is not a reinsurance agreement.

Since it is not a reinsurance agreement, the following fields should be `None`:
- `is_main_contract`
- `is_obligatory`
- `proportional_or_non_proportional`
- `insurance_type`
- `class_of_business`",False,,,,,
2024-1612720-0001628280-24-010236-ex-1056.htm,"The document is a Credit Agreement for a loan facility, not a reinsurance agreement. It outlines terms for borrowing, repayment, interest, fees, covenants, and events of default. There is no mention of risk transfer from one insurance company to another, which is characteristic of reinsurance. Therefore, it is not a reinsurance agreement.",False,,,,,
2024-2007596-0002007596-24-000013-exhibit1010amendedmanagi.htm,"The document is an Amended Managing General Agency and Claims Administration Agreement between The Woodlands Insurance Company and TWFG General Agency, LLC. It outlines the appointment of TWFG as a managing general agent for the production of business, specifying administrative services, underwriting authority, compensation, and claims handling. While it mentions reinsurance in the context of MGA's obligations regarding MGA's ability to cede reinsurance and the cost of reinsurance for the Company, the primary purpose of this agreement is to define the agency relationship for underwriting and claims administration. It is not a reinsurance contract itself, but rather an agreement for managing general agency services for an insurance company. Therefore, it is not a reinsurance agreement.",False,False,False,,Non-Life,Property
2024-2002473-0001628280-24-036134-exhibit109-employmentagree.htm,"The document is an employment agreement between Bowhead Specialty Holdings Inc. and Stephen J. Sills. It outlines the terms of his employment as Chief Executive Officer, including salary, bonus, benefits, equity compensation, and termination clauses. There is no mention of reinsurance, retrocession, or any form of risk transfer related to insurance policies. Therefore, it is not a reinsurance agreement.",False,,,,,
2024-1691421-0001691421-24-000026-exhibit1026-amendedresta.htm,"The document is an ""AMENDED AND RESTATED CUSTOMER INVESTMENT AGREEMENT"" between Lemonade, Inc. and GC CUSTOMER VALUE ARRANGER, LLC. The agreement outlines terms for funding to ""Company"" by ""Investors"" to acquire ""Reference Cohorts"" through advertising and marketing expenses. The investors are entitled to ""Reference Income"" based on these cohorts. The core of the transaction involves financial investment and return based on customer acquisition performance, not the transfer of insurance risk from one insurance entity to another. Therefore, it is not a reinsurance agreement.",False,,,,,
2024-11544-0000011544-24-000028-wrb930202410-qex101.htm,"The document is a Restricted Stock Unit Agreement, which is an employee incentive plan related to company stock. It does not involve the transfer of insurance risk or define terms of an insurance or reinsurance contract. Therefore, it is not a reinsurance agreement, nor does it fit any other insurance-related classifications.",False,False,False,,,
2024-1692819-0001692819-24-000069-vistra-20240930xex105.htm,"The document is an amendment to a credit agreement. It details changes to existing revolving credit commitments and the terms of those commitments. There is no mention or indication of any insurance or reinsurance activity. Therefore, it is not a reinsurance agreement.",False,,,,,
2024-914748-0000914748-24-000008-eg-20240331xexx102holdings.htm,"The document is an ""AMENDED AND RESTATED EMPLOYMENT AGREEMENT"" between Everest Global Services, Inc. and Mark Kociancic. It outlines the terms of employment, including title, duties, compensation, benefits, and termination conditions. This is a personal employment contract and does not involve any form of risk transfer or reinsurance.",False,,,,,
2024-70502-0000070502-24-000007-nrufy2024q2form10-qxex101.htm,"The user has provided a document that is an amendment to a revolving credit agreement. The presence of terms like ""Revolving Credit Agreement,"" ""Banks party hereto,"" ""Administrative Agent,"" ""Commitments,"" ""Loans,"" ""Interest,"" and ""Fees"" clearly indicates a financial agreement, specifically a credit facility, and not a reinsurance contract. The document details amendments to the terms, such as extending the termination date of commitments and modifying certain provisions. Therefore, it is a financial agreement and not a reinsurance agreement. As it is not a reinsurance agreement, all subsequent classification fields should be set to None or False as appropriate.",False,,,,,
2024-1400810-0000950170-24-094718-hci-ex10_15.htm,"The document is titled ""PANHANDLE NAMED STORM PROPERTY CATASTROPHE EXCESS OF LOSS REINSURANCE CONTRACT"". This title unequivocally identifies the document as a reinsurance contract. The content further details the terms and conditions of a reinsurance relationship, including risk transfer mechanisms (excess of loss), financial arrangements (premiums, retentions, limits), and operational aspects (term, territory, exclusions, claims handling, arbitration), all consistent with a primary reinsurance agreement. The specific mention of ""Property Catastrophe Excess of Loss"" clearly defines its nature as non-proportional reinsurance covering property risks from perils like named storms.",True,True,,non-proportional,Non-Life,Property
2024-1400810-0000950170-24-094718-hci-ex10_13.htm,"The document is identified as a ""Third Layer Reinstatement Premium Protection Reinsurance Contract"". The contract's purpose is to indemnify the ceding company for reinstatement premiums it may become liable to pay under an underlying reinsurance contract. This directly indicates it is a form of reinsurance. The contract itself defines the primary terms and conditions between the reinsurer and the ceding company, establishing it as a main contract. The business covered includes ""property perils of Business Owners, Homeowners, Condominium Owners, Renters and Dwelling,"" which falls under Non-Life insurance and specifically the ""Property"" class of business. Reinstatement premium protection typically relates to non-proportional reinsurance treaties (like excess of loss), and the underlying contract mentioned is a ""Property Catastrophe Excess of Loss Reinsurance Contract"".",True,True,,non-proportional,Non-Life,Property
2024-914748-0000914748-24-000008-eg-20240331xexx105holdings.htm,"The document is an employment agreement between a company and an executive. It details the terms of employment, duties, compensation, benefits, and termination of employment. It does not mention anything about reinsurance or retrocession.",False,False,False,,,
2024-1018164-0001018164-24-000013-a1070assetpurchaseagreem.htm,"The document describes an Asset Purchase Agreement where Willis Lease Finance Corporation (Willis) is selling and transferring its right, title, and interest in certain ""Asset Interests"" and ""Title Transfer Assets"" to Willis Engine Structured Trust VII (WEST). The agreement outlines the terms and conditions of this transfer, including definitions, representations and warranties, additional agreements, conditions precedent, survival of liabilities, and miscellaneous provisions. There is no mention of risk transfer from one insurance entity to another, which is characteristic of reinsurance. Instead, it's a direct purchase of assets.",False,,,,,
2024-1039828-0001039828-24-000020-a2023-12x31ex1050.htm,"The document is a letter agreement regarding a retention award for an executive in connection with a merger between American Equity Investment Life Holding Company and Brookfield Reinsurance Ltd. It outlines the terms and conditions of the award, including vesting schedules and potential payouts upon termination. The document does not describe a reinsurance or retrocession agreement itself, but rather relates to executive compensation tied to a corporate transaction involving a company in the life insurance sector. Therefore, none of the reinsurance-specific fields can be populated.",False,,,,,
2024-1018979-0000950170-24-019428-amsf-ex10_31.htm,"The document explicitly states 'PRIVATE CASUALTY CATASTROPHE EXCESS OF LOSS REINSURANCE CONTRACT'. It details terms, conditions, and coverage specific to a reinsurance agreement. The contract covers excess liability under policies classified as Workers' Compensation and Employers' Liability, defining terms like 'Ultimate Net Loss' and outlining the reinsurer's liability and premium. The extensive nature of the contract, covering numerous articles from business covered to arbitration, indicates it is the primary reinsurance agreement and not an endorsement or amendment.",True,True,False,non-proportional,Non-Life,Accident and Health
2024-3499-0000003499-24-000041-exhibit1010-731lexingtonof.htm,"The document is a Loan Agreement between 731 Office One LLC (as Borrower) and multiple lenders. It outlines the terms and conditions for a loan of $400,000,000, secured by a property at 731 Lexington Avenue, New York. The agreement covers various aspects of the loan, including its disbursement, interest rate, payments, prepayments, borrower covenants, insurance, cash management, events of default, remedies, and the potential sale and securitization of the mortgage. The content clearly indicates a debt financing arrangement rather than a reinsurance agreement. Therefore, `is_reinsurance` should be False. Since it is not a reinsurance agreement, the subsequent classification fields should be None.",False,,,,,
2024-1692819-0001692819-24-000069-vistra-20240930xex106.htm,"The document is an amendment to a credit agreement, not a reinsurance agreement. It pertains to financial arrangements and debt rather than risk transfer as seen in reinsurance.",False,False,,,,
2024-1095073-0001095073-24-000027-eg-20240331xexx105.htm,"The document is an employment agreement between Everest Global Services, Inc. and Ricardo A. Anzaldua. It outlines the terms of employment, including title, duties, compensation, benefits, and termination clauses. There is no mention of reinsurance, retrocession, or risk transfer between insurance entities. Therefore, it is not a reinsurance agreement.",False,,,,,
2024-1794783-0001794783-24-000026-exhibit101slqt-ninthamendm.htm,"The user wants me to classify a document based on provided criteria. The document is identified as a ""NINTH AMENDMENT TO CREDIT AGREEMENT"".

1. **is_reinsurance**: The document is an amendment to a Credit Agreement. Credit agreements and their amendments are financial contracts related to loans and debt, not reinsurance. Therefore, it is not a reinsurance agreement.
2. **is_main_contract**: The document is an amendment to an existing Credit Agreement. Amendments modify existing contracts but are not the primary agreement establishing the reinsurance or retrocession. They are ancillary. Therefore, it is not a main contract.
3. **is_obligatory**: This document is not a reinsurance contract, so this field is not applicable. Based on the provided schema, it should be None.
4. **proportional_or_non_proportional**: This document is not a reinsurance contract, so this field is not applicable. Based on the provided schema, it should be None.
5. **insurance_type**: This document is not a reinsurance contract, so this field is not applicable. Based on the provided schema, it should be None.
6. **class_of_business**: This document is not a reinsurance contract, so this field is not applicable. Based on the provided schema, it should be None.",False,False,,,,
2024-784199-0000784199-24-000215-ex101-ares_artivionxfirsta.htm,"The document is an amendment to a credit and guaranty agreement, modifying the terms of a loan facility. It pertains to financial lending and includes parties such as a borrower, guarantors, and lenders. There is no indication of risk transfer related to insurance policies or premiums, which are hallmarks of reinsurance agreements. While ""SWISS REINSURANCE AMERICA CORPORATION"" is listed as a lender, its participation is in a lending capacity, not as a reinsurer. Thus, the document is not a reinsurance agreement.",False,,,,,
2024-1018979-0000950170-24-019428-amsf-ex10_30.htm,"The document is explicitly titled ""private CASUALTY CATASTROPHE Excess of loss REINSURANCE CONTRACT,"" clearly indicating it is a reinsurance agreement. It establishes the terms between the ""Company"" (American Interstate Insurance Company, Silver Oak Casualty, Inc., and American Interstate Insurance Company of Texas) and the ""Reinsurer(s)"" for covering excess losses. The contract covers a defined term and outlines liabilities, premiums, and claims procedures specific to reinsurance. The structure and content confirm it is the main contract establishing the reinsurance relationship. The nature of a catastrophe excess of loss reinsurance contract covering a portfolio typically implies an obligatory arrangement rather than facultative acceptance of individual risks. The business covered, such as Workers' Compensation and Employers Liability, falls under Non-Life insurance, specifically the ""Accident and Health"" class of business as defined in the schema.",True,True,True,non-proportional,Non-Life,Accident and Health
2024-896159-0000896159-24-000006-cb-3312024xex101.htm,"The user has provided a document that is a ""Performance Based Restricted Stock Unit Award Terms"" under the ""Chubb Limited 2016 Long-Term Incentive Plan"". This document outlines the terms and conditions for granting stock units to participants as a form of compensation. It details performance metrics, vesting schedules, and conditions related to employment termination and company performance.

Based on the provided definitions, this document is not a reinsurance agreement. It is an employee compensation plan, specifically a stock award, and does not involve the transfer of insurance risk from one party to another in the way a reinsurance contract does. Therefore, all fields related to reinsurance classification should be None or False.",False,,,,,
2024-1400810-0000950170-24-094718-hci-ex10_14.htm,"The document is a Market Reform Contract which is a type of reinsurance agreement. It covers excess liability for losses occurring from named windstorms in Florida. The contract specifies reinsurers, reinsured, period, type of coverage (County Weighted Industry Loss Reinsurance Contract), and detailed terms and conditions typical of a reinsurance treaty. It is not an insurance policy but a contract between an insurer and reinsurers. The contract defines specific triggers, limits, and payout structures based on industry loss data, characteristic of non-proportional reinsurance. Specifically, it's a catastrophe excess of loss type of reinsurance. The underlying business is property insurance, specifically related to windstorms in Florida.",True,True,False,non-proportional,Non-Life,Property
2024-1400810-0000950170-24-094718-hci-ex10_20.htm,"The document is explicitly titled ""Property Catastrophe Excess of Loss Reinsurance Contract"". The content details terms like ""Retention and Limit"", ""Premium"", ""Territory"", ""Exclusions"", and specifies that it indemnifies the company in respect of its ""net excess liability as a result of any loss or losses which may occur during the term of this Contract under any Policies in force at the effective date hereof or issued or renewed on or after that date, covering direct and assumed business classified by the Company as the property perils of Homeowners, Condominium Owners, Renters and Dwelling"". This clearly indicates a reinsurance arrangement. The business covered (Homeowners, Condominium Owners, Renters, and Dwelling property perils) falls under Non-Life insurance. The term ""Excess of Loss"" indicates it is a non-proportional reinsurance. Given the focus on property perils, the class of business is Property.",True,True,,non-proportional,Non-Life,Property
2024-1095073-0001095073-24-000009-eg-20231231xexx1045.htm,"The document is an employment agreement between Everest Global Services, Inc. and Ricardo A. Anzaldua. It outlines the terms of his employment, including his title, duties, compensation, benefits, and termination clauses. The document does not contain any provisions related to reinsurance or risk transfer between insurance entities. Therefore, it is not a reinsurance agreement.",False,,,,,
2024-1781755-0001781755-24-000093-exhibit-101fy2024q3.htm,"The document describes an executive severance and change in control benefit program. It details payments and benefits provided to executives upon termination of employment, including provisions related to base salary, health insurance, awards, and bonus payments. It does not contain any clauses or language related to the transfer of insurance risk from one party to another, which is the core characteristic of reinsurance. The document is an employment-related agreement, not a financial contract for risk sharing between insurance entities.",False,False,,,,
2024-1794783-0001794783-24-000013-exhibit101slqt-eighthamend.htm,"The user has provided a document that is an ""EIGHTH AMENDMENT TO CREDIT AGREEMENT"". This document modifies an existing credit agreement, which is a form of loan or debt agreement, not an insurance or reinsurance contract. The document details amendments to loan terms, conditions, and covenants between SelectQuote, Inc. (the Borrower) and various lenders, represented by Wilmington Trust, National Association as Administrative Agent. There is no mention of risk transfer, premiums, claims, or policies typically found in reinsurance agreements. Therefore, it is not a reinsurance agreement.",False,False,,,,
2024-1986395-0000950170-24-057719-ck0001986395-ex10_1.htm,"The document is a Master Repurchase and Securities Contract Agreement between SCredit Mortgage Funding Sub-4, LLC and SCredit Mortgage Funding Sub-4-T, LLC (as Seller) and Morgan Stanley Bank, N.A. (as Buyer). This type of agreement is a financial transaction where assets are sold with an agreement to repurchase them at a later date, typically for financing purposes. It is not a contract for insurance or reinsurance, as it does not involve the transfer of risk from an insurer to a reinsurer. Instead, it is a repurchase agreement, which is a form of short-term borrowing for the seller.",False,False,,,,
2024-1596961-0001596961-24-000081-oaktree-rumbleonxamendme.htm,"The document is an amendment to a Term Loan Credit Agreement. It does not involve insurance or reinsurance in any capacity. It is a financial agreement between a borrower and lenders, modifying existing loan terms. Therefore, it is not a reinsurance agreement. Since it's not a reinsurance agreement, the fields for is_main_contract, is_obligatory, proportional_or_non_proportional, insurance_type, and class_of_business should be None.",False,,,,,
2024-315293-0001628280-24-005392-aon-amendmentno1to2021cr.htm,"The document is an amendment to a Credit Agreement. Credit agreements are financial contracts, specifically loan agreements, between a borrower and lenders. They are not insurance or reinsurance contracts. Therefore, it is not a reinsurance agreement. Since it is not a reinsurance agreement, the remaining fields are not applicable.",False,,,,,
2024-59527-0000059527-24-000029-leco-20240630xex10d3.htm,"The provided document is a ""SECOND AMENDMENT TO NOTE PURCHASE AGREEMENT"". A Note Purchase Agreement details the terms and conditions under which a company issues notes (debt securities) to purchasers. This document specifically amends an existing Note Purchase Agreement. It does not describe a reinsurance or retrocession agreement. Reinsurance agreements typically involve an insurer transferring risk to another insurer. This document is a financial agreement related to debt but not insurance or reinsurance. Therefore, it is not a reinsurance agreement, which means the downstream fields related to reinsurance classification do not apply.",False,,,,,
2024-1464790-0001628280-24-023642-ex101-firstamendmenttonomu.htm,"The document is an amendment to a credit agreement. It details changes and terms related to loans between B. Riley Financial, Inc., its subsidiaries, and various lenders. There is no mention of reinsurance, retrocession, risk transfer, or insurance in the context of an insurance company ceding risk to another party. Therefore, it is not a reinsurance agreement. Since it is not a reinsurance agreement, the other classifications are not applicable.",False,,,,,
2024-1140536-0000950170-24-048159-wtw-ex10_2.htm,"The user has provided a document that is a ""PERFORMANCE-BASED RESTRICTED SHARE UNIT AWARD AGREEMENT FOR EXECUTIVE OFFICERS"". This type of agreement is related to employee compensation, specifically stock awards, and is not a reinsurance agreement. Therefore, `is_reinsurance` should be `False`. Since it's not a reinsurance agreement, all other fields related to reinsurance classification (main contract, obligatory, proportional_or_non_proportional, insurance_type, class_of_business) should be `None` or their Python equivalent.",False,,,,,
2024-914748-0000914748-24-000004-holdings-20231231xexx1010.htm,"The document is an employment agreement for an individual executive, not a contract for the transfer of insurance risk.",False,,,,,
2024-1273813-0001273813-24-000031-ago-03312024x10qex102.htm,"The document is a Performance-Based Restricted Share Unit Agreement, which is an employee compensation plan. It does not involve the transfer of risk between insurance entities, which is the defining characteristic of reinsurance. Therefore, it is not a reinsurance agreement.",False,,,,,
2024-1849253-0000950170-24-052483-ryan-ex10_14.htm,"The document is an agreement related to employee stock units and compensation, not a contract for the transfer of risk between insurance entities.",False,,,,,
2024-1828723-0001828723-24-000026-altus-amendmentno2xexecuti.htm,"The document is an amendment to a credit agreement. It details changes to interest rates, loan definitions, fees, and other terms related to a loan facility provided by various lenders, some of which are insurance companies. However, it does not involve the transfer of risk from one insurance entity to another, which is the defining characteristic of reinsurance. It is a financial agreement related to borrowing and lending, not an insurance or reinsurance contract. Therefore, it is not a reinsurance agreement.",False,,,,,
2024-1794783-0001794783-24-000061-exhibit101510tenthamendmen.htm,"The user wants me to classify a document based on its content.
The document is titled ""TENTH AMENDMENT TO CREDIT AGREEMENT"". It details amendments to a credit agreement between SelectQuote, Inc. and Wilmington Trust, National Association, as Administrative Agent for the Lenders. The document concerns loans and credit facilities, not insurance or reinsurance.

- **is_reinsurance**: The document is about a credit agreement and loans, not a reinsurance agreement.
- **is_main_contract**: This document is an amendment to an existing credit agreement. It modifies the terms of the agreement but does not establish a new main contract. Therefore, it is an ancillary agreement.
- **is_obligatory**: Not applicable as it's not a reinsurance agreement.
- **proportional_or_non_proportional**: Not applicable as it's not a reinsurance agreement.
- **insurance_type**: Not applicable as it's not an insurance or reinsurance agreement.
- **class_of_business**: Not applicable as it's not an insurance or reinsurance agreement.",False,False,,,,
2024-1889539-0001889539-24-000006-q42023exhibit1051.htm,"The document is a ""Corebridge Financial, Inc. Long Term Incentive Plan"". It outlines a plan for providing selected officers and key employees with incentives in the form of performance share units (PSUs), restricted stock units (RSUs), and stock options. This type of plan is related to employee compensation and stock incentives, not to insurance or reinsurance agreements. Therefore, it is not a reinsurance contract.",False,,,,,
2024-1095073-0001095073-24-000037-eg-20240630xexx105.htm,"The document is a 'Second Amended and Restated Standby Letter of Credit Agreement' between EVEREST REINSURANCE (BERMUDA), LTD. and WELLS FARGO BANK, NATIONAL ASSOCIATION. It outlines the terms and conditions under which the bank will issue letters of credit for the benefit of the account party. Notably, section 7(g)(i) states that the Account Party shall use the Letters of Credit to support 'insurance obligations, obligations under reinsurance agreements and retrocession agreements and similar risk obligations'. While the agreement facilitates risk management and potentially supports reinsurance activities, it is fundamentally a financial instrument (a letter of credit agreement) and not a direct reinsurance or retrocession contract itself. It is an agreement between a company and a bank, not between two insurance/reinsurance entities to transfer risk. Therefore, it is not a reinsurance agreement.",False,False,False,,,
2024-886982-0000886982-24-000006-a1045_formxofxperformance-.htm,"The document is an employment award agreement detailing the terms of performance-based restricted stock units (PSUs). It focuses on compensation, vesting, performance metrics, and forfeiture conditions related to an employee's service with the company. There is no indication or mention of insurance, reinsurance, or risk transfer between entities in the context of insurance. Therefore, it is classified as not a reinsurance agreement.",False,,,,,
2024-1364479-0001364479-24-000026-herc2024q1ex101amendmentno.htm,"The user has provided a document and associated metadata and expects a classification of the document based on its content. The document is an ""AMENDMENT NO. 2 TO CREDIT AGREEMENT"". This document amends an existing credit agreement, which is a form of debt financing, not a reinsurance agreement. It involves a ""senior secured revolving credit facility,"" ""loans and advances"" from ""Lenders"" to ""Borrowers,"" and terms related to interest rates, fees, payments, and defaults. These are all characteristics of a loan or credit agreement, not a reinsurance contract. Therefore, it is not a reinsurance agreement. As it is not a reinsurance agreement, the other classification fields (main contract, obligatory, proportional/non-proportional, insurance type, class of business) are not applicable.",False,,,,,
2024-1691421-0001691421-24-000108-exhibit102-pprcontractju.htm,"The document is explicitly titled ""PROPERTY PER RISK EXCESS OF LOSS REINSURANCE CONTRACT"", which definitively identifies it as a reinsurance agreement. The contract outlines the terms, conditions, retentions (e.g., $750,000 each loss, each risk), and limits (e.g., $2,250,000 each loss, each risk) for the reinsurer's liability. It covers ""Property business, as well as Third Party Property Damage for Renters', Condo and Co-op business,"" indicating the underlying insurance is in the property and casualty line of business. The ""Excess of Loss"" structure signifies a non-proportional reinsurance arrangement. As it sets out the primary terms of the reinsurance relationship, it is considered the main contract.",True,True,,non-proportional,Non-Life,Property
2024-898174-0000898174-24-000097-ex103202410-q.htm,"The user has provided a document which is a Restricted Stock Unit Agreement between Reinsurance Group of America, Incorporated and an Employee. This document outlines the terms of a stock award, including vesting schedules, conditions for forfeiture, and provisions related to changes in control and employment termination. The metadata identifies the company as ""REINSURANCE GROUP OF AMERICA INC,"" which strongly suggests a connection to the reinsurance industry. However, the document itself is an employment agreement related to stock options, not a contract for the transfer of risk between insurance entities. Therefore, it does not constitute a reinsurance agreement.",False,,,,,
2024-354190-0000950170-24-013370-ajg-ex10_20.htm,"The document is a ""Performance Share Unit Grant Agreement"" between Arthur J. Gallagher & Co. and a participant. It outlines terms for awarding performance share units, which are tied to the company's financial performance (Adjusted EBITDAC per Share Growth). The agreement details how these units vest, the performance period, and conditions related to employment termination, retirement, death, or disability. It also covers dividend equivalents, tax withholding, clawback provisions, and restrictive covenants. There is no mention of insurance or reinsurance policies, risks being transferred from one party to another in an insurance or reinsurance context, or premiums. Therefore, this document is not a reinsurance agreement.",False,,,,,
2024-1095073-0001095073-24-000027-eg-20240331xexx103.htm,"The document is an employment agreement between Everest Global Services, Inc. and James Williamson, detailing terms of engagement, duties, compensation, benefits, and termination clauses. It does not involve reinsurance or retrocession of insurance policies. Therefore, it is not a reinsurance agreement.",False,,,,,
2024-1849253-0000950170-24-021657-ryan-ex10_15.htm,"The document is titled ""RYAN SPECIALTY GROUP SERVICES, LLC EXECUTIVE SEVERANCE PLAN"". It outlines the purpose, definitions, eligibility, severance benefits, and restrictive covenants for employees of Ryan Specialty Group Services, LLC. The plan details severance pay, continuation of health benefits, and equity award acceleration under specific termination conditions (Qualifying Termination). Restrictive covenants include non-solicitation, non-acceptance, and non-competition clauses. The document clearly defines terms related to employment, termination, and compensation benefits. It does not mention any form of reinsurance, retrocession, or risk transfer between insurance entities. Therefore, it is not a reinsurance agreement.",False,,,,,
2024-886982-0000886982-24-000006-a1035_formxofxyear-endxrsu.htm,"The provided document is an ""Award Agreement"" for Restricted Stock Units (RSUs) granted by The Goldman Sachs Group, Inc. It details the terms and conditions under which RSUs are awarded, vested, delivered, and potentially forfeited. These RSUs are a form of employee compensation tied to the company's stock, not an agreement to transfer risk between insurance entities. Therefore, it is not a reinsurance agreement.",False,,,,,
2024-898174-0000898174-24-000097-ex102202410-q.htm,"The document is a Stock Appreciation Right Award Agreement between Reinsurance Group of America, Incorporated and an employee. This is an employee stock option plan, not a reinsurance agreement. Therefore, it is not reinsurance, not a main contract, not obligatory, and has no proportional or non-proportional classification. The insurance type and class of business are also not applicable.",False,,,,,
2024-1593275-0001593275-24-000028-exhibit101412-twelfthame.htm,"The document is an amendment to a ""Reimbursement Agreement"" between Hamilton Re, Ltd. (a Bermuda insurance and reinsurance company) and UBS AG. The Reimbursement Agreement itself involved the Issuing Lender issuing Letters of Credit for the borrower and the borrower reimbursing the Issuing Lender. This document, as an amendment to that agreement, does not establish a new reinsurance contract but rather modifies an existing financial arrangement that is related to the borrower's operations as a reinsurance company. Specifically, it amends provisions related to early prepayment events and amends ""The Reimbursement Agreement"" which is described as an agreement where the Issuing Lender agrees to issue Letters of Credit for the account of the Borrower. Letters of Credit are typically guarantees of payment or performance, not risk transfer mechanisms in the way reinsurance is. Therefore, this document is not a reinsurance agreement.",False,,,,,
2024-1385613-0001385613-24-000016-exh1038cibclocagreement-de.htm,"The document is a Credit Agreement, which is a loan facility agreement. It is not a contract of reinsurance or retrocession. Although the borrower is a reinsurance company and the proceeds of the credit facility are used to support reinsurance agreements, the agreement itself is a financial instrument rather than an insurance or reinsurance contract that transfers risk.",False,,,,,
2024-1593275-0001593275-24-000028-exhibit10142-secondamend.htm,"The document is an amendment to a reimbursement agreement concerning letters of credit. It does not constitute a reinsurance or retrocession agreement itself, although it mentions that the proceeds of the letters of credit are to be used as credit support for reinsurance agreements. The primary subject matter is a credit facility, not direct risk transfer between insurers or reinsurers.",False,,,,,
2024-5272-0000005272-24-000023-q42023exhibit1050.htm,"The document is a restatement of American International Group, Inc.'s Long Term Incentive Plan. This plan is designed to provide incentives to officers and key employees. It outlines awards such as performance share units, restricted stock units, and stock options, which are tied to the company's performance and employee retention. This is an employee compensation plan related to equity and does not involve reinsurance or insurance risk transfer in the context of a reinsurance agreement.",False,False,,,,
2024-935036-0000935036-24-000018-aciw-20240331xexx1001.htm,"The user has provided a document that is a ""SECOND AMENDED AND RESTATED CREDIT AGREEMENT"". This is a loan agreement that outlines the terms and conditions for borrowing money between ACI WORLDWIDE, INC. and its subsidiaries (as Borrowers) and various lenders, with Bank of America acting as the Administrative Agent.

The document details revolving credit facilities, term loan facilities, letters of credit, interest rates, fees, repayment terms, default conditions, and general provisions related to the loan.

Crucially, the document does not mention anything about reinsurance, retrocession, or any form of risk transfer between insurance entities. Instead, it centers on financial lending and credit arrangements between a corporate entity, its subsidiaries, and financial institutions.

Therefore, it is not a reinsurance agreement. Since it's not a reinsurance agreement, the fields related to reinsurance specifics (`is_main_contract`, `is_obligatory`, `proportional_or_non_proportional`, `insurance_type`, `class_of_business`) should be None.

1.  **is_reinsurance**: The document is a credit agreement, not a reinsurance agreement. So, this must be `False`.
2.  **is_main_contract**: Since it's not a reinsurance agreement, this should be `None`.
3.  **is_obligatory**: Since it's not a reinsurance agreement, this should be `None`.
4.  **proportional_or_non_proportional**: Since it's not a reinsurance agreement, this should be `None`.
5.  **insurance_type**: Since it's not a reinsurance agreement, this should be `None`.
6.  **class_of_business**: Since it's not a reinsurance agreement, this should be `None`.",False,,,,,
2024-1400810-0000950170-24-094718-hci-ex10_21.htm,"The document is clearly identified as a ""Reinstatement Premium Protection Reinsurance Contract."" This confirms that it is a reinsurance agreement. The contract covers reinstatement premiums related to an underlying ""Property Catastrophe Excess of Loss Reinsurance Contract."" This indicates that the underlying business is property insurance. The contract itself establishes the terms of the reinsurance, making it a main contract. The nature of ""Reinstatement Premium Protection"" in relation to an ""Excess of Loss"" contract suggests a non-proportional structure. The business covered is ""property perils of Homeowners, Condominium Owners, Renters and Dwelling,"" which falls under Property insurance.",True,True,,non-proportional,Non-Life,Property
2024-1031316-0001558370-24-001708-fsp-20231231xex10d4.htm,"The user has provided a document that is a ""FIRST AMENDMENT TO NOTE PURCHASE AGREEMENT"". This document amends an existing note purchase agreement between Franklin Street Properties Corp. and its purchasers. The core of the document is about financial arrangements related to notes (debt instruments), not about insurance or reinsurance. Reinsurance agreements transfer risk from one insurance entity to another. This document details amendments to a financial agreement involving the issuance and terms of notes, which are debt securities. Therefore, it is not a reinsurance agreement. Since it's not a reinsurance agreement, the subsequent classifications like ""is_main_contract"", ""is_obligatory"", ""proportional_or_non_proportional"", ""insurance_type"", and ""class_of_business"" would not apply or would be ""None"".",False,,,,,
2024-317788-0001628280-24-035686-digitalturbine-fourthamend.htm,"The document is a Fourth Amendment to an Amended and Restated Credit Agreement. This agreement outlines terms related to loans, commitments, interest rates, fees, and repayment schedules between Digital Turbine, Inc. (Holdings), its subsidiaries (Borrower, Loan Parties), and various lenders, with Bank of America, N.A. acting as the Administrative Agent. The amendment specifically details changes to revolving commitments, the applicable rate, financial covenants, and other related provisions. There is no mention of insurance, reinsurance, retrocession, or any form of risk transfer typically associated with insurance or reinsurance contracts. Instead, it clearly pertains to debt financing and credit facilities. Therefore, it is not a reinsurance agreement.",False,False,,,,
2024-1691421-0001691421-24-000108-exhibit103-wqshannoverju.htm,"The document is explicitly titled ""WHOLE ACCOUNT QUOTA SHARE REINSURANCE CONTRACT"". This title unequivocally identifies the document as a reinsurance agreement. The contract details the terms under which the reinsurer accepts a quota share of the business ceded by the company, which is a form of proportional reinsurance. The business covered includes personal property, personal liability, private passenger auto, and pet insurance, all of which are categories within Non-Life insurance. Auto insurance falls under Casualty, and pet insurance could fall under Accident and Health. The contract establishes the core reinsurance relationship and terms, indicating it is a main contract. The use of ""quota share"" and the broad coverage of the ""whole account"" suggest an obligatory nature rather than facultative.",True,True,True,proportional,Non-Life,Casualty
2024-1596961-0001596961-24-000113-ex102a-ninthamendmenttoter.htm,"The document is an amendment to a Term Loan Credit Agreement. It details changes to an existing loan agreement between RumbleOn, Inc., its subsidiary guarantors, Oaktree Fund Administration, LLC (as agent), and various lenders. The document focuses on financial terms, obligations, and conditions related to a loan, not on transferring insurance risk. Therefore, it is not a reinsurance agreement. Since it is not a reinsurance agreement, the fields for `is_main_contract`, `is_obligatory`, `proportional_or_non_proportional`, `insurance_type`, and `class_of_business` should be set to `None`.",False,,,,,
2024-1849253-0001628280-24-044413-seventhamendmenttocreditag.htm,"The user wants me to classify the provided document. I need to determine if it's a reinsurance agreement, a main contract, obligatory, proportional/non-proportional, and its insurance type and class of business.

The document is the ""SEVENTH AMENDMENT TO CREDIT AGREEMENT"". It details amendments to a credit agreement primarily concerning loan facilities, commitments, fees, and covenants between Ryan Specialty, LLC (the Borrower) and various lenders, with JPMorgan Chase Bank, N.A. as the Administrative Agent. There is no mention of insurance or reinsurance. This document is related to financial borrowing and lending, not insurance or reinsurance.

Therefore:
- It is not a reinsurance agreement.
- It is not a main contract in the context of insurance/reinsurance.
- It is not applicable to reinsurance classification.
- It is not applicable to reinsurance classification.
- It is not applicable to insurance type classification.
- It is not applicable to class of business classification.",False,,,,,
2024-1018979-0000950170-24-019428-amsf-ex10_29.htm,"The document is titled ""CASUALTY per occurrence EXCESS Of loss REINSURANCE CONTRACT"", clearly identifying it as a reinsurance agreement. It outlines the terms of coverage, liabilities, and other conditions between the ceding company and the reinsurer, establishing a primary contractual relationship. The contract's nature as an ""Excess of Loss"" indicates it is non-proportional reinsurance. The business covered, ""Workers' Compensation, Employers Liability"", falls under Non-Life insurance and specifically the Casualty class of business.",True,True,,non-proportional,Non-Life,Casualty
2024-1095073-0001095073-24-000027-eg-20240331xexx102.htm,"The document is an employment agreement between Everest Global Services, Inc. and Mark Kociancic. It outlines the terms and conditions of Mr. Kociancic's employment, including his title, duties, compensation, benefits, and termination provisions. There is no mention or implication of reinsurance or retrocession activities within this document.",False,,,,,
2024-1691421-0001691421-24-000108-exhibit104-wqsmapfrejuly.htm,"The document is a Whole Account Quota Share Reinsurance Contract. This clearly indicates it is a reinsurance agreement. It establishes the terms and conditions of the reinsurance coverage, making it a main contract. The contract covers all business reinsured, which is characteristic of an obligatory reinsurance agreement. The contract specifies a 'quota share' of all business, indicating a proportional reinsurance type. The business covered includes personal property insurance and personal liability insurance, specifically mentioning private passenger auto insurance, which falls under Non-Life insurance. The specific classes of business mentioned are personal property and personal liability, which align with Casualty and Property classifications. Given the mention of private passenger auto insurance and personal liability, 'Casualty' is the most appropriate classification.",True,True,True,proportional,Non-Life,Casualty
2024-1849253-0000950170-24-052483-ryan-ex10_15.htm,"The document outlines a performance-based restricted LLC unit agreement, which is an employee incentive plan. It does not involve the transfer of insurance risk between insurance companies, which is the defining characteristic of a reinsurance agreement. Therefore, it is not a reinsurance contract.",False,,,,,
2024-886982-0000886982-24-000006-a1036_formxofxyear-endxrsu.htm,"The document provided is an award agreement for Restricted Stock Units (RSUs) granted by The Goldman Sachs Group, Inc. This is a form of employee compensation, not a reinsurance agreement. Therefore, all other fields related to reinsurance classification are not applicable and set to null.",False,,,,,
2024-1018164-0001018164-24-000066-williswarehouse-creditag.htm,"The document is a Secured Credit Agreement, which is a loan agreement. It details a $500,000,000 credit facility provided to Willis Warehouse Facility LLC. The agreement outlines the terms of loans, commitments, fees, interest rates, conditions for drawdowns, representations and warranties, covenants, events of default, and miscellaneous provisions. There is no mention of reinsurance, retrocession, or any risk transfer from one insurance entity to another.",False,,,,,
2024-24090-0000024090-24-000141-exhibit101creditagreemen.htm,"The document is a First Amendment to a Credit Agreement, which is a debt financing agreement. It does not involve the transfer of risk from one insurance company to another, which is characteristic of reinsurance. Therefore, it is not a reinsurance agreement.",False,False,,,,
2024-1691421-0001691421-24-000108-exhibit101-gcaragreement.htm,"The document is a customer investment agreement where Lemonade, Inc. is receiving funding from GC Customer Value Arranger, LLC (on behalf of Investors) to fund customer acquisition through advertising and marketing expenses. The investors are entitled to a return based on 'Reference Income' generated from acquired customers. This is not a traditional reinsurance agreement where risks are transferred from one insurance company to another. Instead, it's a financing agreement structured around the expected revenue from future customers.",False,False,False,,,
2024-1385613-0001385613-24-000016-exh1034employmentagreement.htm,"The document is an employment agreement that details the terms of employment for an individual. It does not contain any provisions related to reinsurance, such as risk transfer, premiums, or claims between insurers and reinsurers. The parties involved are an employer and an employee, not a cedent and a reinsurer.",False,,,,,
2024-1606909-0001606909-24-000118-bulkprudencefacilityagreem.htm,"The document is a loan facility agreement between Bulk Prudence Corp. as borrower and Esperance Line S.A. as lender. It outlines the terms and conditions of a term loan facility provided for the financing of a ship. The document details repayment schedules, interest calculations, fees, representations, undertakings, events of default, and security arrangements. There is no mention of reinsurance, retrocession, or any form of risk transfer between insurers or reinsurers. Therefore, this document is not a reinsurance agreement.",False,,,,,
2024-1404912-0001404912-24-000011-ex10_3.htm,"The document is a Credit Agreement between Global Atlantic Limited, Global Atlantic (Fin) Company, various lenders, and Wells Fargo Bank, N.A. as Administrative Agent. This agreement outlines the terms and conditions for a revolving credit facility provided to the Borrower. The document defines various financial terms, establishes covenants, events of default, and administrative procedures related to the credit facility. There is no mention of reinsurance, retrocession, or any risk transfer mechanisms typical of reinsurance agreements. The core purpose of the document is to establish a debt financing arrangement, not a reinsurance contract. Therefore, it is not a reinsurance agreement. As it is not a reinsurance agreement, the subsequent classifications of main contract, obligatory, proportional or non-proportional, insurance type, and class of business are not applicable.",False,,,,,
2024-1095073-0001095073-24-000009-eg-20231231xexx1041.htm,"The document is a ""Standby Letter of Credit Agreement"" between EVEREST REINSURANCE (BERMUDA) LTD. and BAYERISCHE LANDESBANK. This agreement establishes a facility for the issuance of Letters of Credit, which are financial instruments used to guarantee payment or performance. While the Letters of Credit are intended to support insurance and reinsurance obligations, the agreement itself is between a financial institution (the Bank) and an insurance company, structuring a credit facility, not a risk transfer agreement between entities acting as insurer and reinsurer. Therefore, it is not a reinsurance contract.",False,,,,,
2024-1588972-0000950170-24-035480-sctl-ex10_28.htm,"The document is a THIRD AMENDMENT TO CREDIT AGREEMENT. It amends an existing credit agreement between Societal CDMO, Inc. (the Borrower) and various lenders. The agreement concerns loans, commitments, and financial covenants, not reinsurance. Therefore, it is not a reinsurance agreement.",False,,,,,
2024-1679049-0001558370-24-007204-insw-20240331xex10d1.htm,"The user has provided a document that is identified as a ""SECOND AMENDMENT TO CREDIT AGREEMENT"".
The document details amendments to an existing Credit Agreement, involving extending maturity dates, converting loans, and increasing revolving commitments. It also includes provisions for releasing and adding collateral.
The document is an amendment to a credit agreement, not a reinsurance agreement. Credit agreements are financial contracts related to lending, not risk transfer in the insurance sense. Therefore, `is_reinsurance` should be False.
Since it's not a reinsurance agreement, `is_main_contract`, `is_obligatory`, `proportional_or_non_proportional`, `insurance_type`, and `class_of_business` should all be None.",False,,,,,
2024-1620459-0001620459-24-000083-jrvrex1044-hoffmannemploym.htm,"The document is an employment agreement for an individual working as Chief Underwriting Officer, not a contract between insurance entities for the transfer of risk. It outlines employment terms, compensation, and duties.",False,,,,,
2024-1385613-0001385613-24-000016-exh1039stockoptions-gregr.htm,"The user wants me to classify a document. I need to determine if it's a reinsurance agreement, if it's a main contract, if it's obligatory, what type of reinsurance it is (proportional/non-proportional), and what the insurance type and class of business are.

The document is titled ""GREENLIGHT CAPITAL RE, LTD. 2023 OMNIBUS INCENTIVE PLAN OPTION AGREEMENT"" and outlines an ""Option Agreement"" for the purchase of company shares. It details the grant of stock options to a participant, vesting schedules, exercise periods, and termination clauses.

Based on this content, it is clearly an employee stock option agreement, not a reinsurance agreement. Therefore, all the subsequent classification fields should reflect this.",False,,,,,
2024-1095073-0001095073-24-000027-eg-2024x03x31xchangeinco.htm,"The document describes the Everest Reinsurance Group, Ltd. Senior Executive Change of Control Plan. This plan is designed to provide benefits to senior executives in the event of a material change in control of the company, which includes provisions for stock options, medical and dental insurance, and cash payments. While it is related to a reinsurance company (Everest Reinsurance Group, Ltd.), the document itself is an employee benefit plan, not a direct reinsurance or retrocession agreement. It does not transfer risk from one insurance entity to another. Therefore, it is not a reinsurance contract.",False,,,,,
2024-1845257-0000950170-24-022131-lfst-ex10_19.htm,"The user wants me to classify a document based on its content. This document is a ""FIRST AMENDMENT TO CREDIT AGREEMENT"". It amends an existing ""Credit Agreement"". The document itself is an amendment and not a primary contract, nor is it a reinsurance agreement. It is related to financing and debt, not insurance or reinsurance. Therefore, it's not a reinsurance agreement, not a main contract, and irrelevant to insurance type or class of business.",False,False,,,,
2024-86312-0000086312-24-000012-a1035trv2024mcmperfsharesa.htm,"The document is an agreement between an employer (The Travelers Companies, Inc.) and an employee regarding performance shares. This is a form of employee compensation and stock incentive, not an agreement to transfer insurance risk between two insurance entities. Therefore, it is not a reinsurance agreement.",False,,,,,
2024-1363829-0001363829-24-000106-exhibit103-contractofemplo.htm,"The document is a contract of employment between Enstar (EU) Limited and Paul Brockman. It outlines the terms and conditions of employment, job duties, salary, benefits, and termination clauses. There is no mention of reinsurance or risk transfer. Therefore, it is not a reinsurance agreement.",False,False,False,,,
2024-874501-0000874501-24-000128-a02-032ambcxex103x1q24x10q.htm,"The document is a Performance Stock Unit Agreement for Long-Term Incentive Compensation Award relating to employees of AMBAC FINANCIAL GROUP, INC. It outlines the grant of performance stock units, their earning, vesting, and settlement, and is tied to the company's performance metrics. The document does not involve any form of risk transfer or insurance between entities, which is characteristic of reinsurance agreements. Therefore, it is classified as not a reinsurance agreement.",False,,,,,
2024-1794783-0001794783-24-000100-exhibit101-eleventhamendme.htm,"The user has provided a document which is an amendment to a credit agreement. The document concerns loans, administrative agents, and financial covenants, not insurance or reinsurance. Therefore, it is not a reinsurance agreement. Since it is not a reinsurance agreement, most of the subsequent fields are not applicable or should be None. Because it is not a reinsurance agreement, `is_main_contract` should also be None.",False,,,,,
2024-70502-0000070502-24-000007-nrufy2024q2form10-qxex102.htm,"The document is an amendment to a revolving credit agreement. A credit agreement is a type of financing contract, not an insurance or reinsurance contract. Therefore, it is not a reinsurance agreement. Since it is not a reinsurance agreement, the fields for main contract, obligatory, proportional_or_non_proportional, insurance_type, and class_of_business should be set to None.",False,,,,,
2024-1612720-0001628280-24-010236-ex-1050.htm,"The document is an amendment to a Common Terms Agreement, which is a debt financing agreement. It does not involve insurance or reinsurance. Therefore, it is not any type of reinsurance agreement.",False,,,,,
2024-1865782-0000950170-24-051607-btsg-ex10_1.htm,"The user has provided a document that is a ""JOINDER AGREEMENT AND AMENDMENT NO. 7"" to a ""First Lien Credit Agreement"". The document details amendments to a credit agreement, including the establishment of new term loan commitments and the refinancing of existing loans. It involves borrower entities, lenders, and an administrative agent, which are standard components of a loan agreement, not a reinsurance agreement. Therefore, it is not a reinsurance contract.",False,False,,,,
2024-2002473-0001628280-24-036134-exhibit108-amendedandresta.htm,"The document is an Amended and Restated Insurance Trust Agreement. It references a 'Reinsurance Agreement' in Section 1.33 and throughout the text, particularly in Section 1.28 which defines 'Obligations' in the context of ceded reinsurance. The trust is established to hold assets for the benefit of the Beneficiary, in relation to the Grantor's reinsurance obligations. Therefore, while the trust agreement itself is not the reinsurance contract, it is directly linked to and serves the purpose of securing reinsurance arrangements. Specifically, Section 1.28 references 'reinsurance ceded pursuant to the Reinsurance Agreement'. This indicates the underlying purpose is related to reinsurance, making it a document supporting a reinsurance agreement.",True,False,,,,
2024-317788-0001628280-24-003730-digitalturbine-thirdamendm.htm,"The user has provided a document and its metadata and is asking for a classification of the document.
The document is a ""Third Amendment"" to an ""Amended and Restated Credit Agreement"". It details amendments to an existing credit agreement, specifically modifying the Applicable Rate, financial covenants, and certain negative covenants. The document explicitly states it is an amendment to a credit agreement between a borrower (Digital Turbine, Inc. and its subsidiaries) and several lenders, facilitated by Bank of America as the Administrative Agent.

Based on the definitions provided:
- **is_reinsurance**: The document is a credit agreement amendment, not a reinsurance agreement. It does not involve the transfer of insurance risk.
- **is_main_contract**: This document is an amendment to an existing credit agreement. While it modifies the terms of the main contract, it is not the primary contract itself. It is an ancillary agreement. However, the definition of 'main contract' includes 'renewals of an existing reinsurance contract' and 'amend... or otherwise modify the terms of an existing reinsurance agreement'. This document amends an existing credit agreement. The prompt states ""If the document contains a main contract and ancillary agreements, answer the question positively."" Since this amends a main contract (the Credit Agreement), it should be considered True.
- **is_obligatory**: This is not a reinsurance agreement, so this field is not applicable. The definition states ""Reply 'None' if not a reinsurance agreement at all.""
- **proportional_or_non_proportional**: This is not a reinsurance agreement, so this field is not applicable. The definition states ""Reply 'None' if not a full reinsurance contract or unknown.""
- **insurance_type**: This document is related to a credit agreement, not an insurance policy. It does not pertain to Life or Non-Life insurance. The definition states ""Reply 'None' if not a full reinsurance contract or unknown.""
- **class_of_business**: This document is related to a credit agreement, not an insurance portfolio. It does not pertain to any specific class of business within insurance. The definition states ""Reply 'None' if not a full reinsurance contract or unknown.""

Therefore, the document is not a reinsurance agreement, and most classification fields should be None. However, the `is_main_contract` field is nuanced due to the 'amendment' clause. The prompt specifies ""If the document contains a main contract and ancillary agreements, answer the question positively."" While this is an amendment, it modifies a main contract. The definition for `is_main_contract` includes documents that ""renew, cancel, novate, terminate, settle, commute, amend, or otherwise modify the terms of an existing reinsurance agreement"". This document amends a *credit agreement*, not a reinsurance agreement. Given the prompt explicitly defines when a document is NOT a reinsurance agreement, and this document clearly falls into that category, all flags specific to reinsurance should be False or None. The `is_main_contract` definition is also tied to reinsurance contracts: ""The following documents are considered main contracts: Entire reinsurance contracts... Renewals of an existing reinsurance contract... Ancillary agreements include endorsement, extension, addendum, commutations, and other documents which modify the terms of an existing reinsurance agreement."" Since this is not a reinsurance agreement, it cannot be a main or ancillary reinsurance contract. Therefore, `is_main_contract` should be None.

Revisiting the `is_reinsurance` flag:
The prompt clearly states ""The following documents are considered reinsurance agreements: ... All documents that renew, cancel, novate, terminate, settle, commute, amend, or otherwise modify the terms of an existing reinsurance agreement"". This document amends a credit agreement by adding ""THIRD AMENDMENT dated as of February 5, 2024"". It is an amendment to a credit agreement, not a reinsurance agreement. Thus, `is_reinsurance` must be `False`.

Therefore, all fields related to reinsurance should be False or None.

- `is_reinsurance`: False
- `is_main_contract`: None (as it's not a reinsurance contract)
- `is_obligatory`: None (as it's not a reinsurance contract)
- `proportional_or_non_proportional`: None (as it's not a reinsurance contract)
- `insurance_type`: None (as it's not a reinsurance contract)
- `class_of_business`: None (as it's not a reinsurance contract)

Double checking the prompt's definition for `is_main_contract`: ""Does the document establish a reinsurance or retrocession contract or is it merely an ancillary agreement? ... Ancillary agreements include endorsement, extension, addendum, commutations, and other documents which modify the terms of an existing reinsurance agreement. If the document contains a main contract and ancillary agreements, answer the question positively. Respond 'None' if not a reinsurance agreement at all.""

Since it is not a reinsurance agreement at all, `is_main_contract` should be None.",False,,,,,
2024-1031203-0001031203-24-000033-a2024q1exhibit103.htm,"The user has provided a document that is a ""SECOND AMENDMENT TO TWELFTH AMENDED AND RESTATED REVOLVING CREDIT AGREEMENT"".
This document amends an existing credit agreement between GROUP 1 AUTOMOTIVE, INC. and various lenders.
The document details changes to the credit agreement, adds new exhibits, and confirms the continuation of existing terms where not amended.
The document does not relate to the transfer of insurance risk from one insurer to another, which is characteristic of reinsurance. It is a financial agreement between a company and its lenders to amend the terms of a credit facility. Therefore, it is not a reinsurance agreement.
Since it is not a reinsurance agreement, the following fields should be None: `is_main_contract`, `is_obligatory`, `proportional_or_non_proportional`, `insurance_type`, and `class_of_business`.",False,,,,,
2024-1018164-0001018164-24-000013-a1071trustindenture.htm,"The user wants me to analyze a document which appears to be a Trust Indenture related to financing structured for aircraft engines.

My task is to determine if this document is a reinsurance agreement and classify its characteristics if it is.

Based on my analysis of the document's content and defined terms:

1.  **Is_reinsurance**: The document describes a ""TRUST INDENTURE"" related to ""WILLIS ENGINE STRUCTURED TRUST VII, as the Issuer"" and financing through ""Notes."" It involves assets (aircraft engines and airframes), leases, purchasers, trustees, and financial obligations. There is no mention of risk transfer from an insurance company to another for underlying insurance policies. This is a structured finance and debt issuance agreement, not a reinsurance agreement. Therefore, `is_reinsurance` should be `False`.

2.  **Is_main_contract**: Since `is_reinsurance` is `False`, `is_main_contract` should be `None`.

3.  **Is_obligatory**: As `is_reinsurance` is `False`, this field should be `None`.

4.  **Proportional_or_non_proportional**: As `is_reinsurance` is `False`, this field should be `None`.

5.  **Insurance_type**: As `is_reinsurance` is `False`, this field should be `None`.

6.  **Class_of_business**: As `is_reinsurance` is `False`, this field should be `None`.

Therefore, the document is not a reinsurance agreement.",False,,,,,
2024-1995807-0000950170-24-122700-lb-ex10_7.htm,"The user provided a ""SECOND AMENDMENT TO CREDIT AGREEMENT"". This document is an amendment to an existing credit agreement, modifying its terms rather than establishing a new one. The original agreement is dated July 3, 2023, and this amendment is dated November 4, 2024. The document outlines changes to loan commitments, lender agreements, conditions for effectiveness, and other related financial terms. It does not involve the transfer of risk from one party to another in the way a reinsurance contract does. Therefore, it is not a reinsurance agreement. Since it's not a reinsurance agreement, it cannot be a main contract in the context of reinsurance.",False,,,,,
2024-879585-0001558370-24-011708-atni-20240630xex10d1.htm,"The user wants me to classify the provided document based on whether it is a reinsurance agreement, its main contract status, obligatory nature, proportional or non-proportional coverage, insurance type, and class of business.

The document is identified as a ""JOINDER, CONSENT, FIRST AMENDMENT AND REAFFIRMATION AGREEMENT"" to a ""Credit Agreement"". It involves a Borrower (ATN INTERNATIONAL, INC.), New Guarantors, Existing Guarantors, Administrative Agent (COBANK, ACB), and Lenders. The agreement amends terms of the Credit Agreement and Security Agreement, and joins new entities as Guarantors.

This document clearly relates to a loan and security agreement, not an insurance or reinsurance contract. It is a financial agreement between a borrower and lenders. Therefore, it should not be classified as reinsurance.

- **is_reinsurance**: False, as it's a credit/loan agreement.
- **is_main_contract**: None. Since it's not reinsurance, this field is not applicable.
- **is_obligatory**: None. Not a reinsurance contract.
- **proportional_or_non_proportional**: None. Not a reinsurance contract.
- **insurance_type**: None. Not an insurance/reinsurance contract.
- **class_of_business**: None. Not an insurance/reinsurance contract.",False,,,,,
