filename,reasoning,is_reinsurance,is_main_contract,is_obligatory,proportional_or_non_proportional,insurance_type,class_of_business
2022-886982-0001193125-22-052682-d192225dex1054.htm,"The document is a signature card and award acceptance form for Goldman Sachs' employee Stock Incentive Plan. It details the terms of equity awards, tax obligations, notice periods, and related employment matters. It does not involve any transfer of insurance risk, reinsurance contracts, retrocession, or any of the listed reinsurance‑related agreements. Therefore it is not a reinsurance agreement.",False,,,,,
2022-1745032-0001558370-22-004948-tmb-20211231xex10d150.htm,"The document is a **Contribution Agreement** whereby a limited liability company (the Contributor) transfers ownership of a hotel property and related assets to a limited partnership (Lodging Fund REIT III OP, LP). The agreement governs the conveyance of real‑estate, assets, liabilities, and related contractual rights. Its purpose is the acquisition of a property and capital contribution to a REIT, not the transfer of insurance risk between an insurer and a reinsurer. No reinsurance, retrocession, loss portfolio transfer, or similar risk‑transfer language is present. Consequently, this document does not fall under any of the categories listed as reinsurance agreements.",False,,,,,
2022-1581874-0001581874-22-000023-exhibit103eaglepoint-conse.htm,"The document is a consent letter and amendment to a credit agreement relating to a merger of Terra Income Fund entities. It addresses waivers, amendments, and assignments under the credit agreement and lists lenders, some of which are reinsurance companies. However, the primary purpose of the document is to modify a credit facility, not to create or amend a reinsurance contract. It does not contain the terms of a reinsurance agreement, nor does it transfer insurance risk. Consequently, it is not a reinsurance agreement.",False,,,,,
2022-1561032-0001561032-22-000011-ex101-keybank_htixfourtham.htm,"The document is a Fourth Amendment to a Senior Secured Credit Agreement, which modifies loan terms, covenants, and collateral arrangements for a borrowing entity. It pertains to a credit facility and loan financing, not to the transfer of insurance risk. Therefore it does not meet any of the criteria for a reinsurance agreement, nor does it contain any reinsurance main contract or ancillary amendment.",False,,,,,
2022-1069899-0001558370-22-017157-pahc-20220930xex10d1.htm,"The provided document is an amendment (Amendment No. 1) to a credit agreement involving a borrower, lenders, and an administrative agent. It details modifications to loan and revolving credit facilities, definitions, covenants, and other banking terms. There is no indication that the document establishes a reinsurance arrangement, nor does it refer to the transfer of insurance risk, reinsurance premiums, or any of the reinsurance‑related concepts listed in the instructions. Consequently, this document is **not** a reinsurance agreement.",False,,,,,
2022-1273813-0001273813-22-000026-ago-03312022x10qex102.htm,"The document is a Performance‑Based Restricted Stock Unit (RSU) award agreement issued under the Assured Guaranty Ltd. 2004 Long‑Term Incentive Plan. It outlines the terms for granting, vesting, and settlement of equity compensation to an executive participant. The content deals exclusively with stock‑based compensation, employment termination, change‑in‑control provisions, and tax withholding. There is no transfer of insurance risk, no reinsurance or retrocession arrangement, and no reference to an underlying insurance portfolio. Consequently, the document does not meet any of the criteria for a reinsurance agreement.",False,,,,,
2022-1400810-0000950170-22-016021-hci-ex10_134.htm,"The document is a full “Property Catastrophe Excess of Loss Reinsurance Contract” issued to Typtap Insurance Company. It sets out the principal terms (business covered, retention and limit, premium, termination, etc.) and therefore constitutes a reinsurance treaty rather than an ancillary amendment. Excess‑of‑Loss contracts are non‑proportional and apply to a portfolio of property policies (homeowners, condominium, renters, dwelling), which classifies the underlying insurance as Non‑Life Property business. Because it covers the insurer’s entire property portfolio for a defined per‑risk layer, it is an obligatory (mandatory) reinsurance arrangement.",True,True,True,non-proportional,Non-Life,Property
2022-1745032-0001558370-22-004948-tmb-20211231xex10d178.htm,"The document is a Contribution Agreement for the transfer of a hotel property and its related assets between a contributor and an operating partnership. It outlines the sale, conveyance, and related covenants, but it does not involve any reinsurance, retrocession, or risk‑transfer arrangement typical of reinsurance contracts. Therefore it does not meet any of the criteria listed for reinsurance agreements.",False,,,,,
2022-1400810-0000950170-22-016021-hci-ex10_145.htm,"The document is a full reinsurance contract titled “TOP LAYER FLOOD/WIND PROPERTY CATASTROPHE EXCESS OF LOSS REINSURANCE CONTRACT”.  
It establishes the terms under which the reinsurer will indemnify the ceding insurer for net excess loss on flood, wind and other property catastrophes. This is a classic excess‑of‑loss (stop‑loss) treaty, which transfers risk from the insurer to the reinsurer.  

Because the document contains the entire agreement with all principal terms (preamble, articles, definitions, retention, limits, premium, etc.) it is a main contract rather than a simple amendment or endorsement.  

The treaty covers an entire portfolio of property risks and is not a facultative arrangement on a single named insured; thus it is an obligatory reinsurance treaty.  

The contract is an excess‑of‑loss arrangement, which is a non‑proportional form of reinsurance.  

The underlying insurance is property‑related (flood, wind, homeowners, condominium, renters) and therefore belongs to the non‑life line of business.  

Accordingly the class of business is Property.",True,True,True,non-proportional,Non-Life,Property
2022-727920-0000727920-22-000013-efl-93022exhibit101.htm,"The document is a Master Transaction Agreement that sets out the terms under which Equitable Financial Life Insurance Company (the Ceding Company) will cede a 50 % quota‑share of the liabilities of its Group EQUI‑VEST® deferred variable annuity contracts to First Allmerica Financial Life Insurance Company (the Reinsurer). The agreement references an Exhibit A that is the “Reinsurance Agreement” and includes related documents (trust, guarantee, investment management agreement, retrocession agreement, etc.). The core purpose is to create a reinsurance relationship – specifically a quota‑share (coinsurance) arrangement – which is a proportional reinsurance treaty. Because the agreement contains the principal terms of the reinsurance transaction (the quota‑share, premium, ceding commission, etc.) and not merely a later amendment, it qualifies as the main reinsurance contract. The arrangement is obligatory (a treaty‑type quota‑share that the ceding company must deliver) rather than a facultative transaction. The underlying contracts are deferred variable annuities, which are life‑insurance products and belong to the longevity line of business.",True,True,True,proportional,Life,Longevity
2022-800457-0001140361-22-008115-brhc10034696_ex10-26.htm,"The document is an **Amended and Restated Services Allocation Agreement** that governs the allocation of costs, reimbursement, and provision of various services (underwriting, claims, investments, etc.) between Donegal Mutual and several insurance subsidiaries. Although it references a *Proportional Reinsurance Agreement* to determine cost allocation, the agreement itself does **not** transfer insurance risk, nor does it set out terms of a reinsurance or retrocession contract. It is a service‑level agreement rather than a reinsurance treaty, and therefore does not meet the definition of a reinsurance agreement provided. Consequently, it is not a main reinsurance contract, nor is it an obligatory reinsurance agreement, and no proportionality classification, insurance type, or class of business can be derived.",False,,,,,
2022-1400810-0000950170-22-016021-hci-ex10_131.htm,"The document is a full reinsurance treaty titled “WORKING LAYER CATASTROPHE EXCESS OF LOSS REINSURANCE CONTRACT” issued to Homeowners Choice Property & Casualty Insurance Company. It contains all principal terms (business covered, term, retention and limits, premium, exclusions, definitions, etc.) and is not merely an endorsement or amendment. Therefore it is a reinsurance agreement and constitutes the main contract. The contract provides coverage on a defined portfolio of property risks (homeowners, condo, renters, business‑owner policies) across the State of Florida, indicating that the reinsurer must accept all such business – an obligatory treaty rather than a facultative arrangement. The structure is an excess‑of‑loss layer, which is a classic non‑proportional reinsurance form. The underlying insurance is Property & Casualty, i.e., Non‑Life. The covered line of business is property damage perils, so the appropriate class of business is “Property”.",True,True,True,non-proportional,Non-Life,Property
2022-74046-0000074046-22-000047-odcex102oildriprudentialam.htm,"The document is an amendment to a “Note Purchase and Private Shelf Agreement” concerning a corporate debt instrument (notes), providing revised definitions of financial metrics and various procedural provisions. It deals with the terms of a financing arrangement, guaranty obligations, and related corporate covenants. There is no indication that this document creates, modifies, or relates to a reinsurance or retrocession contract, nor does it involve the transfer of insurance risk. Consequently, it does not meet the definition of a reinsurance agreement as outlined in the provided criteria.",False,,,,,
2022-1371285-0001371285-22-000130-ex101creditagreement.htm,"The document is a “Credit Agreement” that sets out loan facilities, commitments, interest rates, covenants, and administrative agent duties for Trupanion, Inc. It describes borrowing arrangements, security documents, and loan terms. There is no transfer of insurance risk, reinsurance, retrocession, or any of the listed reinsurance contract types. Therefore it does not meet the definition of a reinsurance agreement.",False,,,,,
2022-1126328-0001104659-22-020401-pfg-20211231xex10d11d3.htm,"The document is a Change‑of‑Control Employment Agreement between Principal Financial Group, Inc., its affiliates and an executive. It governs the executive’s compensation, benefits, restrictive covenants, termination, and related matters. It does not involve any transfer of insurance risk, reinsurance treaty terms, retrocession, or any of the listed types of reinsurance contracts. Therefore it is not a reinsurance agreement. Consequently, all reinsurance‑specific classification fields are not applicable.",False,,,,,
2022-1083301-0001104659-22-041168-wulf-20211231xex10d24.htm,"The document is a “Loan, Guaranty and Security Agreement” that sets out the terms of a term loan, guarantees, security interests, and related covenants. It deals with borrowing money, repayment, interest, collateral, and loan administration. There is no reference to any insurance, reinsurance, risk transfer, or insurance-related contracts. Therefore it does not meet any of the criteria for a reinsurance agreement.",False,,,,,
2022-1276520-0001193125-22-055674-d299054dex1051.htm,"The document is a **Performance Stock Unit Award Agreement** issued under Genworth Financial’s 2018 Omnibus Incentive Plan. It outlines equity compensation for an employee, describing grant of performance stock units, vesting conditions, conversion to shares, and related employment terms. There is no transfer of insurance risk, no reinsurance or retrocession language, and no reference to insurance policies, premiums, or loss coverage. Consequently, it does not meet any of the criteria for a reinsurance agreement.",False,,,,,
2022-1400810-0000950170-22-016021-hci-ex10_132.htm,"The document is a full “Property Catastrophe Excess of Loss Reinsurance Contract” issued between Homeowners Choice Property & Casualty Insurance Company and a subscribing reinsurer. It contains the entire set of terms, conditions, and schedules that constitute the reinsurance agreement (e.g., business covered, retention and limit, premium, reinstatement, definitions, exclusions, etc.). Therefore it is a reinsurance agreement and represents the main contract (not merely an amendment or endorsement).  

The contract is an excess‑of‑loss treaty, which is a standard non‑proportional, obligatory reinsurance treaty covering catastrophe risk for an entire portfolio of property policies. Consequently it qualifies as an obligatory reinsurance agreement.  

The contract transfers property risk (non‑life) and the underlying business is property‑related (homeowners, business owners, condominium, renters, dwelling). Hence the insurance type is Non‑Life and the class of business is Property.  

Overall classification:
- Reinsurance: Yes  
- Main contract: Yes  
- Obligatory: Yes  
- Non‑proportional (excess of loss)  
- Insurance type: Non‑Life  
- Class of business: Property",True,True,True,non-proportional,Non-Life,Property
2022-1400810-0000950170-22-016021-hci-ex10_146.htm,"The document is the Florida Hurricane Catastrophe Fund (“FHCF”) Reimbursement Contract between Typtap Insurance Company and the State Board of Administration of Florida.  
It obligates the insurer to submit the contract and, in return, the FHCF reimburses the insurer for losses on “Covered Policies” subject to a retention and a coverage‑level percentage. This arrangement transfers catastrophic hurricane risk from the insurer to the FHCF, which is the statutory risk‑transfer mechanism for Florida insurers. Consequently, it fits the definition of a reinsurance (or insurance‑linked) agreement and is a mandatory, statutory contract for participating insurers.  

The contract contains the full terms, signatures, and execution requirements, meaning it is the principal agreement rather than a mere amendment or endorsement; therefore it is a main contract.  

Because participation in the FHCF is required by Florida law for any insurer writing covered policies, the contract is an obligatory reinsurance agreement.  

The reimbursement is based on the insurer’s “Ultimate Net Loss” exceeding its retention, multiplied by a coverage‑level (45 %, 75 % or 90 %). This structure is characteristic of a non‑proportional layer (excess‑of‑loss style), not a quota‑share or surplus arrangement.  

The underlying policies are residential property (hurricane) policies, which are non‑life insurance.  

Accordingly, the class of business is Property (residential structures subject to hurricane loss).",True,True,True,non-proportional,Non-Life,Property
2022-1635650-0001635650-22-000008-gpp-20211231xex10_7.htm,"The document is an amendment to an existing credit agreement (a loan facility) between Green Plains Operating Company LLC, its guarantors, lenders and an administrative agent. It concerns borrowing, loan terms, assignments of lender interests and related covenants. Although a reinsurer (ARCH Reinsurance Ltd.) appears among the lenders, the document itself is a loan agreement amendment, not a reinsurance contract or any of the listed reinsurance types. Consequently it does not meet the criteria for a reinsurance agreement, nor does it constitute a main or ancillary reinsurance contract.",False,,,,,
2022-1889539-0001889539-22-000005-tm2228843d1_ex10-3.htm,"The document is a Separation Agreement between American International Group, Inc. and Corebridge Financial, Inc. It outlines the corporate separation, asset transfers, IPO mechanics, corporate governance, indemnifications, and related ancillary agreements. There is no language describing a reinsurance contract, retrocession, loss portfolio transfer, or any risk transfer arrangement typical of reinsurance. It does not involve insurance policies, reinsurance terms, or any of the defined reinsurance categories. Therefore, this document is not a reinsurance agreement.",False,,,,,
2022-1845257-0000950170-22-004096-lfst-ex10_4.htm,"The document is a “Third Amendment to Credit Agreement” that amends a loan and credit facility agreement between LifeStance Health Holdings, Inc., its subsidiaries, and various lenders. It details loan commitments, term loan structures, incremental facilities, and related financial and legal terms. There is no transfer of insurance risk, no reinsurance, retrocession, or any of the listed reinsurance contract types. The content pertains to credit facilities and corporate financing, not to insurance or reinsurance agreements. Therefore it is not a reinsurance contract.",False,,,,,
2022-1142417-0000950170-22-015132-nxst-ex10_1.htm,"The provided document is an amendment (Amendment No. 5) to a credit agreement for Nexstar Media Inc. It details revisions to loan commitments, revolving credit facilities, term loans, and related covenants, as well as definitions, representations, warranties, events of default, and administrative agent duties. This is a banking/financial loan document, not an insurance or reinsurance contract. Consequently it does not meet any of the criteria for a reinsurance agreement, nor does it contain any insurance‑related terms, coverages, or classifications.",False,,,,,
2022-898174-0000898174-22-000053-ex1032022q110-q.htm,"The document is a Non‑Qualified Stock Option Agreement that grants an employee the right to purchase shares of the company's common stock. It pertains to compensation and equity awards, not to the transfer of insurance risk, reinsurance treaties, retrocession, or any of the listed reinsurance‑related agreements. Therefore it does not meet any of the criteria for being classified as a reinsurance agreement.",False,,,,,
2022-1527469-0001527469-22-000018-q42021exhibit1025.htm,"The document is an Amended and Restated Shareholders Agreement governing the equity holdings and corporate governance of several reinsurance‑related investment entities (Athene Co‑Invest Reinsurance affiliates, ACRA, ACRA HoldCo, etc.). It sets out share ownership, board composition, transfer restrictions, pre‑emptive rights, and other corporate matters. It does **not** contain the substantive risk‑transfer terms of a reinsurance treaty (e.g., quota‑share, excess‑of‑loss, stop‑loss, retrocession, or any other contract that directly transfers insurance risk). Rather, it is a shareholders agreement that governs the owners of reinsurance entities. Under the provided criteria, such a shareholders agreement is **not** a reinsurance agreement (it is an ancillary corporate document, not a treaty or retrocession agreement, nor a document that amends an existing reinsurance contract). Consequently, the document should be classified as not a reinsurance agreement, and all subsequent classification fields are set to None.",False,,,,,
2022-84246-0001564590-22-005648-rli-ex1010_9.htm,"The document is an internal “Underwriting Profit Program Guideline” that describes eligibility, metrics, payout calculations, and administrative rules for bonuses paid to RLI employees based on underwriting performance. It governs an incentive compensation scheme and does not create a risk‑transfer arrangement, nor does it constitute a reinsurance, retrocession, or any of the listed reinsurance‑related contracts. Therefore it is not a reinsurance agreement.",False,,,,,
2022-1674356-0001674356-22-000024-exhibit103eaglepoint-conse.htm,"The document is a consent letter and amendment to an existing credit agreement governing a corporate merger and loan facility. It concerns waivers, amendments, and assignments related to the credit agreement and does not constitute a reinsurance contract, retrocession agreement, or any of the specified reinsurance‑type documents. Although a reinsurer (Wilton Reinsurance Company) appears as a lender, the agreement is fundamentally a loan amendment, not a reinsurance agreement. Therefore it is not a reinsurance contract, nor does it contain a main reinsurance contract, nor any obligatory reinsurance provisions, nor any proportional or non‑proportional reinsurance terms. Consequently, the remaining classification fields are not applicable.",False,,,,,
2022-1400810-0000950170-22-003351-hci-ex10_128.htm,"The document is a full **Property Quota Share Reinsurance Contract** issued by United Property and Casualty Insurance Company to a reinsurer. It specifies the cession of 85 % of the underlying property business, defines retention, limits, premium, commission, and numerous operational clauses typical of a reinsurance treaty. This matches the definition of a reinsurance agreement (not an ancillary amendment) and contains all principal terms of the contract, making it a main reinsurance contract. The treaty obligates the reinsurer to accept the ceded share, which characterises it as an obligatory (quota‑share) reinsurance treaty. The quota‑share mechanism is a classic proportional reinsurance structure. The underlying risk is property (residential property and associated liability) covered in the southeastern United States, which is a non‑life line of business. Accordingly, the class of business is Property.",True,True,True,proportional,Non-Life,Property
2022-1745032-0001558370-22-004948-tmb-20211231xex10d157.htm,"The document is an **Amended and Restated Contribution Agreement** concerning the transfer of a hotel property, its assets, and associated liabilities from a contributor (ELP MC Venture, LLC) to an operating partnership (Lodging Fund REIT III OP, LP). It details real‑estate contributions, title transfers, escrow, representations, warranties, indemnifications, and related covenants. There is no language indicating any form of risk transfer typical of reinsurance (such as quota‑share, excess‑of‑loss, retrocession, loss‑portfolio‑transfer, etc.). The agreement is fundamentally a corporate real‑estate transaction rather than a reinsurance contract. Consequently, it does not meet the criteria for a reinsurance agreement under the provided definitions.",False,,,,,
2022-1070081-0001070081-22-000031-tmb-20220630xex10d1.htm,"The document is a commercial **Lease Agreement** between Warren CC Acquisitions, LLC (landlord) and PTC Therapeutics, Inc. (tenant). It details lease terms, rent, premises, maintenance, insurance, and other real‑estate related provisions. It does not transfer insurance risk, nor does it create, modify, or terminate a reinsurance or retrocession contract. Therefore it is not a reinsurance agreement. Consequently, none of the subsequent classification fields (main contract status, obligatory nature, proportionality, insurance type, or class of business) are applicable.",False,,,,,
2022-1273813-0001273813-22-000007-ago-12312021x10kex1072.htm,"The document is an executive retirement agreement, release, and related awards (RSU, PSU) for an employee of Assured Guaranty Ltd. It details resignation, retirement benefits, and restrictive covenants. It does not involve any risk transfer, reinsurance, retrocession, or any of the listed reinsurance contract types. Therefore it is not a reinsurance agreement.",False,,,,,
2022-1273813-0001273813-22-000026-ago-03312022x10qex101.htm,"The document is a Performance‑Based Restricted Stock Unit (RSU) agreement issued to an executive under Assured Guaranty Ltd.’s 2004 Long‑Term Incentive Plan. It governs the grant, vesting, forfeiture, and settlement of equity awards to an individual participant. The content deals exclusively with compensation, stock units, and employment‑related terms; it does not involve any transfer of insurance risk, reinsurance, retrocession, or any of the listed reinsurance‑related contract types. Consequently, it is not a reinsurance agreement.",False,,,,,
2022-1400810-0000950170-22-008121-hci-ex10_5.htm,"The document is an internal “2012 Omnibus Incentive Plan” for HCI Group, Inc. It outlines employee compensation, stock options, and related corporate governance matters. It does not involve the transfer of insurance risk, nor does it constitute a reinsurance, retrocession, or any of the other listed reinsurance‑type contracts. Consequently it is not a reinsurance agreement, nor does it contain a main reinsurance contract, nor any reinsurance‑related classifications.",False,,,,,
2022-1745032-0001558370-22-004948-tmb-20211231xex10d156.htm,"The document is a Contribution Agreement for the transfer of a hotel property and related assets from a contributor LLC to a limited partnership operating a REIT. It details the conveyance of real‑estate, assets, liabilities, consideration, and related covenants. This is a real‑estate capital contribution, not a contract that transfers insurance risk or provides reinsurance coverage. It does not fall under any of the listed reinsurance agreement categories (e.g., reinsurance treaty, retrocession, loss portfolio transfer, catastrophe bond). Therefore it is not a reinsurance agreement.",False,,,,,
2022-716006-0000950170-22-021218-yell-ex10_1.htm,"The document provided is an extensive “Loan and Security Agreement” (including amendments, definitions, credit facilities, collateral, covenants, events of default, etc.) that governs a credit facility between borrowers, lenders, and an agent. It details loan terms, interest rates, collateral provisions, and other financing arrangements. There is no indication that the document constitutes a reinsurance contract, retrocession, or any of the other types of reinsurance agreements listed in the instructions. Therefore, it should be classified as **not** a reinsurance agreement.",False,,,,,
2022-1400810-0000950170-22-016021-hci-ex10_143.htm,"The document is a full **Flood Property Catastrophe Excess of Loss Reinsurance Contract**. It contains all the principal terms, definitions, conditions, and signatures of the parties, indicating that it is a primary reinsurance agreement rather than an amendment or endorsement. Therefore it is a reinsurance agreement and serves as the main contract.

The contract is a treaty‑type excess‑of‑loss (non‑proportional) arrangement, which transfers the insurer’s net excess liability for flood events to the reinsurer. Such treaty arrangements are considered obligatory reinsurance because they cover an entire portfolio of flood risks rather than a single facultative risk.

The risk covered is flood damage to property, which is a **Non‑Life** line of business. Within the Non‑Life taxonomy, flood coverage falls under the **Property** class of business.

Hence the appropriate classifications are:

- **Reinsurance agreement**: True  
- **Main contract**: True  
- **Obligatory**: True  
- **Proportional or non‑proportional**: non‑proportional (excess‑of‑loss)  
- **Insurance type**: Non‑Life  
- **Class of business**: Property",True,True,True,non-proportional,Non-Life,Property
2022-1552033-0001552033-22-000008-exhibit107amendmentno19toc.htm,"The document is an amendment (Amendment No. 19) to a credit agreement between TransUnion and its lenders, detailing loan commitments, restructuring of credit facilities, and various financial covenants. It concerns corporate financing, loan terms, and securities, with no reference to insurance, reinsurance, or risk transfer contracts. Consequently, it does not fall under any of the categories defined as reinsurance agreements. Therefore, the document is not a reinsurance contract, nor does it contain any reinsurance main or ancillary provisions. All subsequent classification fields are not applicable.",False,,,,,
2022-1018979-0001564590-22-007154-amsf-ex1024_327.htm,"The document is titled “REINSURANCE CONTRACT” and contains the full terms and conditions of a reinsurance treaty, including articles on business covered, term, definitions, coverage limits, reinstatement, premium, claims handling, and many contractual provisions typical of a primary reinsurance agreement. It covers the excess liability of the cedent for Workers’ Compensation, Employers Liability and related casualty lines, which is a classic excess‑of‑loss (non‑proportional) treaty. Since it is the complete contract (not merely an endorsement, amendment, or commutation), it qualifies as a main reinsurance contract. The treaty cedes the whole portfolio of the listed casualty lines, indicating an obligatory (mandatory) treaty rather than a facultative arrangement. The risk transferred is non‑life (casualty) and the class of business is “Casualty”.",True,True,True,non-proportional,Non-Life,Casualty
2022-1061630-0001061630-22-000036-exhibit103.htm,"The document provided is a ""Sixth Amendment to Term Loan Credit Agreement"" for Blackstone Mortgage Trust, Inc. It amends a credit facility, outlines loan commitments, financial covenants, and related terms. There is no indication that this document pertains to insurance, reinsurance, or any risk transfer contract. It is a loan amendment rather than a reinsurance agreement, retrocession, loss portfolio transfer, catastrophe bond, or any of the listed reinsurance categories. Consequently, it should be classified as not a reinsurance agreement.",False,,,,,
2022-1096343-0001096343-22-000039-mkl12312021ex105.htm,"The document is an Amended and Restated Executive Employment Agreement between Markel Corporation and an executive. It outlines employment duties, salary, benefits, termination provisions, confidentiality, and related covenants. It does not involve the transfer of insurance risk, reinsurance, retrocession, or any of the listed reinsurance contract types. Therefore, it is not a reinsurance agreement.",False,,,,,
2022-1400810-0000950170-22-016021-hci-ex10_144.htm,"The document is a full reinsurance agreement titled “PROPERTY CATASTROPHE SHARED MULTI‑REGION EXCESS OF LOSS REINSURANCE CONTRACT”. It sets out the principal terms (business covered, retention and limit, term, premium, definitions, exclusions, etc.) between the ceding insurer (TypTap Insurance Company / Homeowners Choice Property & Casualty Insurance Company) and the reinsurer. This clearly qualifies as a reinsurance contract, not an ancillary amendment, and therefore is a main contract.  

The contract provides coverage on a quota of loss (excess of loss) basis, which is a classic non‑proportional form of reinsurance. The coverage is for the whole portfolio of property perils (homeowners, condominium, renters, dwelling) and the reinsurer is obligated to accept all such business subject to the terms, with a “Special Acceptance” clause for out‑of‑scope business. Hence the agreement is an obligatory treaty rather than a facultative contract.  

Because the underlying risk is property insurance, the insurance type is Non‑Life, and the class of business is Property (property catastrophe).",True,True,True,non-proportional,Non-Life,Property
2022-5272-0000005272-22-000027-q32022exhibit102.htm,"The document describes AIG’s Long Term Incentive Plan, which outlines stock‑based awards (PSUs, RSUs, options) for officers and key employees. It governs compensation, vesting, and termination provisions. It does not involve the transfer of insurance risk, nor does it constitute a reinsurance, retrocession, or any other type of reinsurance agreement listed. Therefore it is not a reinsurance contract.",False,,,,,
2022-1273813-0001273813-22-000026-ago-03312022x10qex105.htm,"The document describes a Performance Retention Award granted to a non‑executive employee under the company's Long‑Term Incentive Plan. It details vesting, payment calculations, and conditions related to employee termination, disability, death, etc. There is no transfer of insurance risk, nor any reference to reinsurance, retrocession, or insurance‑linked securities. Consequently, it does not meet any of the criteria for a reinsurance agreement.",False,,,,,
2022-1620459-0001620459-22-000084-a1q22jrvrex103.htm,"The document is a **Certificate of Designations** that creates and describes a series of preferred shares for James River Group Holdings, Ltd. It outlines the rights, preferences, conversion mechanisms, dividend terms, and corporate governance matters related to the preferred equity. There is no transfer of insurance risk, no reference to reinsurance or retrocession arrangements, and no insurance‑related underlying portfolio. Consequently, the document does not meet any of the criteria listed for reinsurance agreements.",False,,,,,
2022-886982-0001193125-22-052682-d192225dex1042.htm,"The document is an award agreement governing the grant, vesting, delivery, transfer restrictions, forfeiture and repayment of Restricted Stock Units (RSUs) to an employee of Goldman Sachs. It pertains to equity compensation under the firm's stock incentive plan and contains no terms related to the transfer of insurance risk, reinsurance, retrocession, or any of the listed reinsurance contract types. Therefore it is not a reinsurance agreement.",False,,,,,
2022-1840776-0001840776-22-000147-hgty-20220930xex101.htm,"The document is an Amended and Restated Credit Agreement (a syndicated loan facility) between The Hagerty Group, LLC and a group of lenders, administered by JPMorgan Chase Bank. It details loan commitments, definitions, covenants, events of default, and related ancillary provisions. The content relates to borrowing, revolving credit, letters of credit, and collateral arrangements, and contains no reference to insurance, reinsurance, retrocession, catastrophe bonds, or any risk transfer contract characteristic of reinsurance agreements. Consequently, it does not meet any of the criteria for a reinsurance contract, nor does it contain a main reinsurance contract or ancillary reinsurance amendment.",False,,,,,
2022-1527469-0001527469-22-000049-ex103jbelardiemploymentagr.htm,"The document is an amended and restated employment agreement between Athene Holding Ltd. and an executive. It governs employment terms, compensation, duties, confidentiality, restrictive covenants, termination, and related matters. It does not involve any transfer of insurance risk, reinsurance treaty, retrocession, or any of the other contract types listed as reinsurance agreements. Therefore, it is not a reinsurance contract.",False,,,,,
2022-1333986-0001333986-22-000022-eqh93022-exhibit102.htm,"The document is a “Coinsurance and Modified Coinsurance Agreement” between a life insurance company (Equitable Financial Life Insurance Company) and a reinsurer (First Allmerica Financial Life Insurance Company). It outlines the cession of a quota‑share (50 %) of the General Account Liabilities and Separate Account Liabilities of the ceding insurer’s group variable annuity contracts to the reinsurer. This is a classic reinsurance treaty – it establishes the reinsurance relationship, defines the parties’ obligations, payment terms, security, and the mechanisms for termination, recapture, and indemnification.  

Because the agreement is the primary contract setting out the reinsurance terms (not merely an amendment or endorsement), it is a main contract. The quota‑share arrangement is obligatory; the ceding company must cede the specified share of each contract and the reinsurer must accept it. The structure is a quota‑share (coinsurance), which is a proportional form of reinsurance. The underlying business consists of group variable annuity contracts, which are life‑insurance products classified under longevity (annuity) coverage.  

Therefore, the document meets the criteria for a reinsurance agreement, is a main contract, is obligatory, is proportional, concerns life insurance, and falls under the “Longevity” class of business.",True,True,True,proportional,Life,Longevity
2022-886982-0001193125-22-052682-d192225dex1041.htm,"The document is an award agreement for Restricted Stock Units (RSUs) granted to an employee of Goldman Sachs. It governs the vesting, delivery, transfer restrictions, dividend equivalents, and forfeiture of equity compensation. This is an internal executive compensation document, not a contract that transfers insurance risk or reinsurance coverage. Consequently, it does not meet any of the criteria for a reinsurance agreement, nor does it represent a main reinsurance contract, an obligatory reinsurance arrangement, or any proportional/non‑proportional reinsurance structure. As it is unrelated to insurance or reinsurance, the remaining classification fields are not applicable.",False,,,,,
2022-1065201-0001437749-22-007724-ex_352293.htm,"The document is a Managing General Agency (MGA) Agreement between a program administrator and an MGA. It governs the MGA’s authority to solicit, underwrite, bind, and service insurance policies on behalf of the insurer. The agreement expressly prohibits the MGA from ceding, purchasing, or binding any reinsurance or retrocession. It does not transfer risk from the insurer to the MGA or to any third party, nor does it contain the terms of a reinsurance treaty, retrocession, or any other risk‑transfer contract. Consequently, the document does not meet any of the criteria for a reinsurance agreement.",False,,,,,
2022-1691421-0001691421-22-000055-lmnd-20220630xex101xpprexc.htm,"The document is titled **“PROPERTY PER RISK EXCESS OF LOSS REINSURANCE CONTRACT”** and contains the full text of a reinsurance agreement between Lemonade Insurance Company (the ceding insurer) and a subscribing reinsurer. It includes all standard sections of a treaty – preamble, definitions, coverage, retention, limits, term, premium, special termination, exclusions, etc. This matches the definition of a *reinsurance agreement* and constitutes the primary contract rather than an ancillary amendment.

The contract transfers the property risk of Lemonade’s portfolio to the reinsurer on an excess‑of‑loss basis (per‑risk retention of $500,000 and limits up to $7.5 million per loss and $20 million aggregate). Excess‑of‑loss is a classic non‑proportional form of reinsurance, indicating that the contract is **non‑proportional**.

Because the arrangement is a treaty covering an entire portfolio (all property business of the cedent) rather than a facultative, single‑risk placement, it is an **obligatory** reinsurance contract – the reinsurer is obligated to accept the defined risks under the terms of the treaty.

The underlying insurance is property insurance, which falls under **Non‑Life** insurance. The class of business is therefore **Property**.

Hence:  
- The document is a reinsurance agreement.  
- It is the main contract (not merely an endorsement or amendment).  
- It is obligatory.  
- The contract is non‑proportional.  
- The insurance type is Non‑Life.  
- The class of business is Property.",True,True,True,non-proportional,Non-Life,Property
2022-1527469-0001527469-22-000018-q42021exhibit1024.htm,"The document is an **Amended and Restated Master Framework Agreement** between Athene Co‑Invest Reinsurance Affiliate 1A Ltd. (a Bermuda reinsurer) and Athene Life Re Ltd. (a Bermuda life insurer). It sets out the rights and obligations of the parties with respect to participating in “Qualifying Transactions”, the creation of “ACRA Quota Share” reinsurance arrangements, fee and wrap‑fee structures, and the relationships among the various ACRA investment entities.  

- The agreement expressly creates and governs **reinsurance relationships** (e.g., “ACRA Reinsurance Agreement”, “Flow Reinsurance Agreement”, “Quota Share” participation).  
- It is the **primary contract** establishing the reinsurance framework (not merely an amendment or ancillary endorsement).  
- The treaty is **obligatory** in nature: the parties commit to provide capital, pay wrap fees, and assume quota‑share portions of underlying life/annuity liabilities.  
- The risk transfer mechanism described is a **quota‑share** (a proportional reinsurance structure); there is no excess‑of‑loss or other non‑proportional language.  
- The underlying business is **life insurance and annuities** (the insurer is a life reinsurer).  
- For the class of business, the contract concerns **life‑insurance mortality risk** (coverage of life and annuity liabilities), which falls under the “Mortality” category.

Therefore the document is a main, obligatory, proportional reinsurance treaty covering Life insurance (Mortality).",True,True,True,proportional,Life,Mortality
2022-1091748-0001628280-22-029243-ex101a9302022.htm,"The document is titled “Amended and Restated LOSS PORTFOLIO TRANSFER REINSURANCE AGREEMENT” and describes a transaction in which Argonaut Insurance Company cedes the Ultimate Net Loss (UNL) of a group of its insurance subsidiaries to Cavello Bay Reinsurance Limited. A loss‑portfolio‑transfer (LPT) is a classic form of retrospective reinsurance that transfers the entire loss experience of a portfolio. Accordingly, the document meets the definition of a reinsurance agreement.

The agreement contains all of the principal terms of the reinsurance transaction (definitions, closing, coverage, consideration, collateral, representations, etc.) and is not merely an amendment or endorsement to a prior contract. Therefore it is a main reinsurance contract.

Loss‑portfolio‑transfer transactions are considered obligatory reinsurance because they transfer the risk from the entire portfolio of insureds, not just a few named risks.

The structure of the LPT is non‑proportional: the reinsurer assumes the full UNL up to an aggregate limit, which is characteristic of excess‑of‑loss (non‑proportional) coverage rather than a quota‑share arrangement.

The underlying insurance business consists of several property‑ and casualty‑focused insurers (e.g., Argonaut‑MidWest, Colony Insurance, Colony Specialty). No life lines are involved, so the insurance type is Non‑Life.

The portfolio includes multiple non‑life lines (property, casualty, specialty). While the classification list does not contain a “Multi‑Line” option, the most appropriate single class from the allowed list is **Specialty**, as the transaction explicitly covers a broad range of specialty and other non‑life lines.",True,True,True,non-proportional,Non-Life,Specialty
2022-1273813-0001273813-22-000026-ago-03312022x10qex103.htm,"The document is a **Restricted Stock Unit (RSU) agreement** for an executive officer of Assured Guaranty Ltd. It outlines the terms of an equity compensation award, including vesting, forfeiture, delivery of shares, and related tax and administrative provisions. It does not involve any transfer of insurance risk, reinsurance, retrocession, or any of the other contract types listed as reinsurance agreements. Therefore it is not a reinsurance contract, nor an ancillary amendment to one.",False,,,,,
2022-1576018-0001576018-22-000021-fourthamendedandrestatedlp.htm,"The document is a Fourth Amended and Restated Exempted Limited Partnership Agreement for Third Point Enhanced LP. It outlines the formation, capital contributions, withdrawal rights, management fees, investment guidelines, tax treatment, and governance of a private‑equity/hedge‑fund style partnership. The content relates to the operation of a investment fund and does not involve any transfer of insurance risk, reinsurance or retrocession provisions, nor does it reference any insurance contracts, policies, or liability coverage. Therefore it does not meet any of the criteria listed for reinsurance agreements.",False,,,,,
2022-1289419-0001289419-22-000019-morn_exhibitx101x09302022.htm,"The document is a “First Amendment to Credit Agreement” for Morningstar, Inc. It amends the terms of an existing credit facility, adding commitments, terminating term commitments, and modifying other loan‑related provisions. The content deals entirely with corporate borrowing, loan commitments, revolving facilities, interest rates, and related covenants. There is no reference to any insurance, reinsurance, retrocession, catastrophe bond, or any risk‑transfer arrangement that would fall under the definition of a reinsurance agreement. Consequently, the document is not a reinsurance contract, nor does it contain any insurance‑type provisions.

Given that it is not a reinsurance agreement:
- **is_reinsurance** is **False**.
- Since it is not a reinsurance contract, **is_main_contract**, **is_obligatory**, **proportional_or_non_proportional**, **insurance_type**, and **class_of_business** are all **None** as per the specification for non‑reinsurance documents.",False,,,,,
2022-315293-0001628280-22-003180-exhibit10202021.htm,"The document is an employee “Leadership Performance Program” describing performance share units, award certificates, restrictive covenants, tax and legal notices, and various jurisdiction‑specific appendices. It governs executive compensation and share‑based incentives, not a contract transferring insurance risk. No terms characteristic of reinsurance (e.g., quota‑share, excess‑of‑loss, retrocession, loss‑portfolio‑transfer, or any risk‑transfer mechanism) are present. Therefore it is not a reinsurance agreement.",False,,,,,
2022-1812360-0001213900-22-074296-f10q0922ex10-14_foxotech.htm,"The document is an amended and restated employment agreement between GWG Holdings, Inc. and an employee. It contains provisions related to employment duties, compensation, confidentiality, non‑competition, termination, and other employee‑related matters. There is no indication that the document creates, modifies, or references any reinsurance, retrocession, or other risk‑transfer agreement. Consequently, it does not meet any of the criteria for a reinsurance agreement and is not an ancillary amendment to such an agreement.",False,,,,,
2022-86312-0000086312-22-000013-a1034trv2022mcmpsaagreemen.htm,"The document is an award notification and agreement for performance shares granted to an employee of The Travelers Companies, Inc. It sets out the terms of an equity compensation plan, including vesting, forfeiture, and non‑solicitation covenants. It does not involve any transfer of insurance risk, reinsurance treaty language, or any of the contract types listed as reinsurance agreements. Therefore it is not a reinsurance contract.",False,,,,,
2022-109177-0000109177-22-000005-spb-q1f22ex101.htm,"The document is a “Second Amendment to Amended and Restated Credit Agreement” that amends a credit facility between a borrower (Spectrum Brands, Inc.) and lenders/administrative agents. It governs loan terms, interest rates, and other credit‑related provisions. It does not involve any transfer of insurance risk, reinsurance, retrocession, or any of the listed reinsurance‑type contracts. Therefore it is not a reinsurance agreement.",False,,,,,
2022-886982-0001193125-22-052682-d192225dex1043.htm,"The document is a **Year‑End RSU Award Agreement** for an employee of Goldman Sachs. It outlines the grant, vesting, delivery, transfer restrictions, forfeiture, and repayment of restricted stock units. This is an equity compensation arrangement, not a contract that transfers insurance risk between insurers or reinsurers. Consequently, it does not fall within any of the categories listed as reinsurance agreements, nor does it involve any insurance‑related lines of business.

Since the document is not a reinsurance agreement, all subsequent classification fields are not applicable and should be set to `None`.",False,,,,,
2022-11544-0000011544-22-000016-wrb331202210-qex101.htm,"The document is a Performance Unit Award Agreement that grants equity‑based compensation to an employee under the company’s Long‑Term Incentive Plan. It governs the award, vesting, payout, and related employee obligations. It does not involve the transfer of insurance risk, reinsurance terms, retrocession, or any of the contract types listed as reinsurance agreements. Consequently, it is not a reinsurance contract, nor does it contain any reinsurance‑related provisions or risk transfer mechanisms.",False,,,,,
2022-1280784-0000950170-22-013380-htgc-ex10_7.htm,"The document is a “Second Supplement to Note Purchase Agreement” for the issuance and sale of senior notes of Hercules Capital, Inc. It details the terms, conditions, and execution of a debt financing transaction (senior notes) and references a Note Purchase Agreement. There is no indication that the document pertains to insurance or reinsurance, nor does it involve any risk transfer of insurance contracts. Consequently, it does not meet any of the criteria for a reinsurance agreement.",False,,,,,
2022-1823529-0001823529-22-000038-exhibit104sharedservicesag.htm,"The document is titled “SHARED SERVICES AGREEMENT” between Genworth Financial, Inc. and Enact Holdings, Inc. It governs the provision of administrative, support, and information‑system services, outlines service charges, indemnification, termination, and other operational matters. There is no transfer of insurance risk, no reinsurance or retrocession language, and no reference to an underlying insurance portfolio. Therefore it does not meet any of the criteria for a reinsurance agreement.",False,,,,,
2022-1096343-0001096343-22-000039-mkl12312021ex104.htm,"The document is an amended and restated executive employment agreement for a senior officer of Markel Corporation. It governs employment terms, compensation, confidentiality, intellectual property, and related releases. It does not involve the transfer of insurance or reinsurance risk, nor does it constitute a reinsurance, retrocession, or any of the listed reinsurance contract types. Therefore it is not a reinsurance agreement.",False,,,,,
2022-1376339-0001376339-22-000007-ex1038hayfinloanamendmentv2.htm,"The document is an amendment to a credit/loan agreement between MIMEDX Group, Inc. and its lenders, detailing loan terms, covenants, and related financial arrangements. It contains no language typical of reinsurance contracts (e.g., ceding, premium, loss, or risk transfer language). It is therefore not a reinsurance agreement, nor an ancillary amendment to one. Consequently, all downstream classification fields are not applicable.",False,,,,,
2022-1552033-0001552033-22-000008-exhibit108secondliencredit.htm,"The document is a “Second Lien Credit Agreement” outlining loan terms, covenants, collateral, and guarantees for a syndicated credit facility involving TransUnion and various lenders. It concerns a loan financing arrangement rather than any reinsurance, retrocession, or risk‑transfer contract. Consequently it is not classified as a reinsurance agreement.",False,,,,,
2022-1768267-0000950170-22-025785-crnc-ex10_31.htm,"The document is an amendment (Amendment No. 2) to a Credit Agreement for Cerence Inc. It details changes to loan terms, benchmark replacement, fee structures, and other lending provisions. This is a financial loan‑credit instrument, not a reinsurance contract, retrocession, or any of the listed reinsurance‑type agreements. Therefore it does not fall under any of the categories defined as reinsurance agreements.",False,,,,,
2022-1884697-0001193125-22-092062-d267075dex1012.htm,"The document is an “Amended and Restated Credit Agreement” that outlines loan facilities, commitments, borrowing procedures, interest, covenants, events of default, and administrative agent duties. It pertains to credit extensions, term loans, delayed draw loans, and related financial arrangements between Starry Group Holdings, Inc. (and its subsidiaries) and various lenders. There is no mention of insurance, reinsurance, retrocession, loss portfolio transfer, or any risk‑transfer contract typical of reinsurance agreements. Therefore, the document does not meet any of the criteria for a reinsurance agreement as defined.",False,,,,,
2022-1479094-0001479094-22-000012-exhibit102-stagnotepurchas.htm,"The document is a “Note Purchase Agreement” for the issuance of $400 million of 4.12% Senior Guaranteed Notes by STAG Industrial Operating Partnership, L.P. It details the sale and purchase of debt securities, the authorization of the notes, affiliate guaranties, closing conditions, covenants, events of default, and related guarantees. The content concerns financing, debt issuance, and security arrangements rather than any transfer of insurance risk. It does not establish, modify, or reference a reinsurance or retrocession contract, nor does it involve insurance or reinsurance policies, loss portfolios, or risk‑transfer mechanisms typical of reinsurance agreements. Therefore, this document is not a reinsurance agreement.",False,,,,,
2022-1091748-0001628280-22-029243-ex1029302022.htm,"The document is a Share Purchase Agreement (SPA) governing the sale and purchase of the entire issued share capital of Argo Underwriting Agency Limited. While the SPA references several reinsurance agreements (e.g., TPV/PRI Reinsurance Agreement, D&F/Casualty Reinsurance Agreement) and contains a “Reinsurance Protocols” schedule, the SPA itself is not a reinsurance contract but a corporate transaction document. According to the criteria, only stand‑alone reinsurance treaties, retrocession agreements, or documents that constitute the reinsurance contract itself are classified as reinsurance agreements. An SPA that merely incorporates or refers to reinsurance agreements is an ancillary document, not a reinsurance agreement. Therefore, the document should be classified as **not a reinsurance agreement**.",False,,,,,
2022-1273813-0001273813-22-000007-ago-12312021x10kex1045.htm,"The document is an **Executive Severance Plan** for Assured Guaranty Ltd., describing eligibility, benefits, and administration of severance payments to company executives. It is an internal employee benefit plan, not a contract that transfers insurance risk between parties. The content does not involve reinsurance, retrocession, loss portfolio transfers, or any of the listed reinsurance‑related structures. Consequently it does not meet any of the criteria for a reinsurance agreement.",False,,,,,
2022-1813756-0001813756-22-000026-a101wework-fourthamendment.htm,"The document is a “Fourth Amendment to the Credit Agreement” between SoftBank Group Corp., WeWork Companies LLC, and various banks and financial institutions. It amends a credit facility, details letters of credit, commitments, and related covenants. The content concerns a syndicated loan/letter‑of‑credit facility rather than any contract that transfers insurance risk. It does not constitute a reinsurance agreement, retrocession, loss‑portfolio transfer, catastrophe bond, or any other type of risk‑transfer contract listed in the reinsurance definitions.

Therefore, this document is **not** a reinsurance agreement.",False,,,,,
2022-1175454-0001628280-22-004531-exhibit1055executed11thame.htm,"The document is an “Eleventh Amendment to Credit Agreement” for FleetCor Technologies. It amends a credit facility, establishes incremental term loans, and details borrowing, repayment, covenants, and collateral arrangements. This is a corporate financing agreement, not a reinsurance or retrocession contract, nor does it involve any insurance risk transfer. Therefore it does not meet any of the criteria for reinsurance agreements.",False,,,,,
2022-75252-0000075252-22-000030-amendmentno2tocreditagre.htm,"The provided document is an amendment and joinder to a Credit Agreement (a loan and revolving credit facility) involving borrowers, lenders, and an administrative agent. It details extensions of credit commitments, security arrangements, and corporate restructuring related to a merger. There is no reference to insurance, reinsurance, retrocession, or any risk transfer contract typical of reinsurance agreements. Therefore, it does not meet the definition of a reinsurance agreement.",False,,,,,
2022-1637655-0001637655-22-000062-hzn-20211231xexh1056consen.htm,"The document is a “Consent and First Amendment to Credit Agreement” for Horizon Global Corporation. It amends a term loan credit agreement, outlining borrowing limits, interest rates, covenants, and collateral provisions. This is a loan and credit amendment, not an insurance or reinsurance contract. Therefore it does not fall under any of the listed categories of reinsurance agreements.",False,,,,,
2022-1858681-0001858681-22-000045-ex103jbelardiemploymentagr.htm,"The document is an **Amended and Restated Employment Agreement** between Athene Holding Ltd. (AHL) and James R. Belardi. It governs the executive’s employment, duties, compensation, termination, confidentiality, non‑competition, and related release provisions.  
There is no transfer of insurance risk, no reinsurance or retrocession language, and the agreement does not pertain to any insurance contract (life or non‑life). Consequently, it does not fall under any of the categories listed as reinsurance agreements.  
Because it is purely an employment contract, it is not a reinsurance or retrocession main contract, nor an ancillary amendment to one. Therefore all reinsurance‑specific classification fields are not applicable.",False,,,,,
2022-1590714-0001590714-22-000029-esi10-k20211231exx104.htm,"The document is an amendment (Amendment No. 4) to a Credit Agreement between Element Solutions Inc, MacDermid, and Barclays Bank PLC. It details modifications to loan terms, interest rates, and other financial covenants. The content pertains to a loan and credit facility, not to any form of reinsurance, retrocession, or insurance-linked contracts. It does not transfer risk from an insurer to a reinsurer, nor does it involve any insurance coverage. Therefore, it is not a reinsurance agreement.",False,,,,,
2022-874766-0000874766-22-000019-hig12312021-10xkex1001.htm,"The document is an **Aggregate Excess of Loss Reinsurance Agreement** between Hartford Fire Insurance Company (the Reinsured) and National Indemnity Company (the Reinsurer). It sets out the ceding of Ultimate Net Loss in excess of a retention, defines an aggregate limit, and contains the full terms of a reinsurance treaty. This is a classic reinsurance contract, not an ancillary amendment.

The agreement covers the Reinsured’s **property and casualty** liabilities, specifically asbestos and pollution claims, which are non‑life lines. The contract is an **excess‑of‑loss** structure, i.e., non‑proportional reinsurance.

Because it is a treaty that obligates the reinsurer to pay losses above the retention for the entire portfolio of covered liabilities, it is an **obligatory** reinsurance contract.

Thus:
- Reinsurance: Yes  
- Main contract (full treaty): Yes  
- Obligatory: Yes  
- Non‑proportional (excess of loss)  
- Insurance type: Non‑Life  
- Class of business: Property (covers property damage from asbestos/pollution claims).",True,True,True,non-proportional,Non-Life,Property
2022-1828937-0001193125-22-076304-d21917dex10183.htm,"The document is an amendment to a Master Repurchase Agreement, which is a securities financing (repo) contract. Although it references Crop Insurance Policies and a “standard reinsurance agreement” in the context of the underlying crop loans, the primary purpose of the document is to amend the terms of the repurchase (repo) transaction—not to create, amend, or otherwise govern a reinsurance contract. Consequently, it does not fall under any of the categories listed as reinsurance agreements. Therefore, it is not a reinsurance agreement.",False,,,,,
2022-913341-0000913341-22-000012-cffi-20211231ex10153f1c4.htm,"The document is an **Amended and Restated Change in Control Agreement** between C&F Financial Corporation, Citizens and Farmers Bank, and an executive. It governs the executive’s employment, compensation upon a change in control, and related covenants. It does not involve the transfer of insurance risk, reinsurance, retrocession, loss portfolio transfer, or any of the listed reinsurance structures. Therefore it is not a reinsurance contract and does not meet any criteria for a reinsurance agreement, main reinsurance contract, or related classifications.",False,,,,,
2022-1482430-0001482430-22-000016-kbsriiiq42021exhibit102.htm,"The document is an Amended and Restated Loan Agreement governing a syndicated loan facility between a group of real‑estate LLC borrowers and a consortium of lenders administered by Bank of America. It sets out loan terms, covenants, security instruments, interest rates, default provisions, and related ancillary documents (exhibits, swap contracts, tax certificates, etc.). The content is clearly a loan (credit) agreement, not a contract transferring insurance risk. Therefore it does not fall under any category of reinsurance agreements listed.",False,,,,,
2022-1400810-0000950170-22-016021-hci-ex10_133.htm,"The document is titled “Reinstatement Premium Protection Reinsurance Contract” and is issued to Homeowners Choice Property & Casualty Insurance Company. It explicitly states that it indemnifies the company for the reinstatement premium obligations arising under an underlying “Property Catastrophe Excess of Loss Reinsurance Contract.” This clearly identifies the document as a reinsurance agreement (it transfers risk from the ceding insurer to a reinsurer).  

The contract contains all principal terms (preamble, business covered, coverage, term, premium, definitions, etc.) and is not merely an amendment or endorsement to another contract, thus it functions as a main reinsurance contract rather than an ancillary document.  

Reinstatement Premium Protection contracts that refer to an underlying obligatory reinsurance treaty are themselves considered obligatory reinsurance agreements. The underlying contract is an excess‑of‑loss (catastrophe) treaty, which is a standard obligatory treaty; therefore this contract is also obligatory.  

The underlying treaty is an “Excess of Loss” contract, which is a non‑proportional form of reinsurance. The reinstatement premium protection does not change the risk‑transfer nature, so the contract is classified as non‑proportional.  

The underlying exposure is property perils (Business Owners, Homeowners, Condominium, Renters, Dwelling), which are non‑life lines of insurance. Hence the insurance type is “Non‑Life” and the class of business is “Property”.  

Accordingly, the classification fields are set as follows.",True,True,True,non-proportional,Non-Life,Property
2022-898174-0000898174-22-000053-ex1022022q110-q.htm,"The document is a Stock Appreciation Right (SAR) award agreement issued under the REINSURANCE GROUP OF AMERICA, INCORPORATED Flexible Stock Plan. It concerns the granting, vesting, exercise, and termination of equity compensation to an employee. There are no provisions that transfer insurance risk, cover reinsurance, retrocession, or any of the listed reinsurance contract types. It is a compensation and securities agreement, not an insurance or reinsurance contract. Therefore it is **not** a reinsurance agreement.",False,,,,,
2022-1849253-0000950170-22-009885-ryan-ex10_17.htm,"The document describes a Restricted LLC Unit Award Agreement, which is an equity compensation arrangement granting restricted units to an employee under an incentive plan. It concerns the issuance, vesting, and transfer of company equity interests and includes restrictive covenants, tax withholding, and securities law compliance. There is no reference to the transfer of insurance risk, reinsurance treaties, retrocession, loss portfolio transfers, or any of the listed reinsurance structures. Therefore, this document is not a reinsurance agreement.",False,,,,,
2022-1309402-0001309402-22-000008-gpre-20211231xex10_26.htm,"The document is an amendment to an existing credit agreement that governs a $60 million credit facility between Green Plains Operating Company LLC, its guarantors, and a group of lenders. It deals with loan terms, assignments of lender interests, and related procedural matters. The content does not involve any transfer of insurance risk, reinsurance, retrocession, or any of the listed types of reinsurance contracts. Therefore, it is not a reinsurance agreement.",False,,,,,
2022-886982-0001193125-22-052682-d192225dex1051.htm,"The document is an award agreement for performance‑based restricted stock units (RSUs) issued by Goldman Sachs to an employee. It governs equity compensation, vesting, performance goals, forfeiture, and tax matters. It does not involve the transfer of insurance risk, nor does it constitute a reinsurance, retrocession, or any of the listed reinsurance‑related contracts. Therefore it is not a reinsurance agreement.",False,,,,,
2022-1858681-0001858681-22-000045-exhibit102agm2q22.htm,"The document is a “Second Amended and Restated Agreement of Exempted Limited Partnership” for AISG Holdings LP. It governs the formation, capital contributions, allocations, distributions, partner rights, and other partnership mechanics. While it references fee agreements (e.g., ACRA Fee Agreement, AHL Fee Agreement) that may involve reinsurance activities, the document itself is a partnership agreement, not a reinsurance treaty, retrocession agreement, or any other contract that transfers insurance risk. Therefore it does not meet the definition of a reinsurance agreement.",False,,,,,
2022-874501-0000874501-22-000101-a02-026ambcxex103x1q22x10q.htm,"The document is a Performance Stock Unit Agreement that grants equity‑based compensation to an employee of Ambac Financial Group. It outlines the terms of stock units, vesting, dividend equivalents, and settlement, and contains no language relating to the transfer or sharing of insurance risk, reinsurance, retrocession, or any of the listed reinsurance‑related contract types. Therefore it is not a reinsurance agreement.",False,,,,,
2022-1400810-0000950170-22-016021-hci-ex10_142.htm,"The document is titled “Non-Florida Reinstatement Premium Protection Reinsurance Contract” and explicitly states that it indemnifies the ceding insurer for reinstatement premium obligations arising under a “Non-Florida Property Catastrophe Excess of Loss Reinsurance Contract.” This ties the contract to an underlying excess‑of‑loss (non‑proportional) reinsurance treaty, satisfying the definition of a Reinstatement Premium Protection contract that refers to an underlying reinsurance contract. The contract contains all substantive terms (business covered, coverage, term, premium, definitions, etc.) and therefore functions as a standalone reinsurance agreement rather than a mere amendment or endorsement, making it a main contract. Because it provides protection for reinstatement premiums of an underlying obligatory excess‑of‑loss treaty, it is an obligatory reinsurance arrangement. The underlying risk is property catastrophe exposure (homeowners, condominium, renters, dwelling), which is a non‑life, property line of business, and the underlying treaty is an excess‑of‑loss (non‑proportional) contract.",True,True,True,non-proportional,Non-Life,Property
2022-1400810-0000950170-22-016021-hci-ex10_135.htm,"The document is a full “Property Catastrophe Excess of Loss Reinsurance Contract” issued to Typtap Insurance Company. It contains all principal articles, definitions, retention/limit, premium, term, exclusions, and other substantive clauses typical of a treaty‑type reinsurance agreement. Therefore it is a reinsurance agreement (not a direct insurance policy or a mere endorsement).

Because the text constitutes the entire contract (including the table of contents, articles, and signatures) rather than a supplemental endorsement, it is the main contract.

The contract is a treaty covering the company’s entire property portfolio and provides automatic coverage for all applicable policies during the term. Such treaty‑type coverage is considered obligatory reinsurance.

The contract is an “Excess of Loss” (catastrophe) structure, which is a classic non‑proportional reinsurance arrangement.

The underlying insurance is property risk (homeowners, condominium, renters, dwelling), which falls under Non‑Life insurance.

Accordingly, the class of business is Property.",True,True,True,non-proportional,Non-Life,Property
2022-1577134-0001577134-22-000021-exhibit103eaglepoint-conse.htm,"The document is a consent letter and amendment related to a credit agreement and a merger involving Terra Income Fund 6, Inc., its lenders, and the administrative agent. It outlines waivers, amendments to the credit agreement, and the assignment of obligations from the Initial Borrower to the Ultimate Borrower. Although a reinsurance company (Wilton Reinsurance Company) appears as one of the lenders, the purpose of the document is to modify a loan/credit facility, not to create, amend, or otherwise govern a reinsurance contract. Consequently, it does not fall under any of the categories defined as reinsurance agreements.",False,,,,,
2022-1400810-0000950170-22-016021-hci-ex10_141.htm,"The document is titled “Non‑Florida Reinstatement Premium Protection Reinsurance Contract” and contains a full set of contractual terms (preamble, definitions, coverage, premium schedule, termination, arbitration, etc.). It expressly refers to an underlying “Non‑Florida Property Catastrophe Excess of Loss Reinsurance Contract”, indicating that the contract provides protection for the reinstatement premium obligations of that underlying excess‑of‑loss (non‑proportional) treaty.  
- Because it is a reinstatement‑premium‑protection agreement linked to an underlying reinsurance treaty, it falls under the list of reinsurance agreements.  
- The document is a complete contract rather than an amendment or endorsement, so it is a main contract.  
- The underlying treaty is a portfolio‑wide excess‑of‑loss treaty covering the insurer’s entire non‑Florida property catastrophe portfolio, which is an obligatory treaty; the premium‑protection contract therefore inherits that obligatory nature.  
- The underlying treaty is an excess‑of‑loss (non‑proportional) arrangement, and the premium‑protection contract follows that risk‑transfer structure, so the contract is non‑proportional.  
- The covered risks are property catastrophe perils (homeowners, condo, renters, dwelling) – clearly non‑life insurance.  
- The class of business is property insurance.",True,True,True,non-proportional,Non-Life,Property
2022-1809104-0000950170-22-003360-alit-ex10_20.htm,"The document is “Amendment No. 7 to Credit Agreement” relating to a loan and credit facility between Tempo Acquisition, LLC (Borrower) and various lenders, with provisions on term loans, revolving credit, covenants, defaults, etc. It contains no insurance or reinsurance language, does not transfer risk from an insurer to a reinsurer, and is not a reinsurance contract, retrocession agreement, or any of the other listed reinsurance‑type documents. Therefore it is not a reinsurance agreement, and the subsequent classification fields are not applicable.",False,,,,,
2022-1140536-0000950170-22-001932-wtw-ex10_45.htm,"The provided document is an Employment Agreement between Willis Group Holdings and an individual executive. It outlines terms of employment, compensation, severance, confidentiality, non‑competition, arbitration, and related matters. There is no reference to any reinsurance, retrocession, or insurance risk transfer arrangement. Consequently, it does not meet any of the criteria listed for reinsurance agreements, nor does it represent a main reinsurance contract, an obligatory reinsurance contract, or contain any proportional/non‑proportional reinsurance terms. As such, all insurance‑related classifications are not applicable.",False,,,,,
2022-913144-0000913144-22-000099-rnrfalthirdamendment.htm,"The document is a “Third Amendment to Amended and Restated Letter of Credit Reimbursement Agreement.” It amends a credit facility that allows the borrower (Renaissance Reinsurance Ltd.) to issue letters of credit to support underwriting capacity at Lloyd’s. This is a financing/credit document, not a reinsurance contract. The amendment does not create, modify, or terminate a reinsurance or retrocession agreement; it merely changes the terms of a letter‑of‑credit reimbursement agreement. Therefore it does not meet any of the criteria for a reinsurance agreement.",False,,,,,
2022-1374535-0000950170-22-002319-aimc-ex10_18.htm,"The document is a syndicated credit agreement (a loan and credit facility arrangement) between Altra Industrial Motion Corp. and a group of lenders. It outlines loan terms, interest rates, covenants, defaults, and collateral arrangements. There is no transfer of insurance risk, no reinsurance treaty, retrocession, or any of the other types of reinsurance contracts listed. Therefore it is not a reinsurance agreement.",False,,,,,
2022-1620459-0001620459-22-000015-a4q21jrvrex102.htm,"The document is a “First Amendment to Second Amended and Restated Credit Agreement.” It amends a credit agreement governing loans, preferred equity issuance, and related covenants among the Borrowers (including a reinsurance company as an insured party), Lenders, and an Administrative Agent. The content focuses on loan terms, definitions, and conditions precedent, not on the transfer of insurance risk or reinsurance obligations. Although a reinsurance company is a party, the agreement itself is a loan amendment rather than a reinsurance contract, retrocession, or any of the listed reinsurance‑type documents. Therefore it is not a reinsurance agreement.",False,,,,,
2022-1691421-0001691421-22-000055-lmnd-20220630xex102xautoma.htm,"The document is titled **“AUTOMATIC FACULTATIVE PROPERTY PER RISK EXCESS OF LOSS REINSURANCE CONTRACT”** and contains the full set of terms, conditions, retention, limits, premium, reporting, etc. It is therefore a reinsurance agreement (facultative property excess‑of‑loss). Because it presents the entire contract rather than a simple endorsement or amendment, it functions as the main contract between Lemonade Insurance Company (cedent) and the reinsurer. The contract is described as “automatic facultative,” which indicates that the facultative placement is automatically accepted by the reinsurer – this matches the definition of a **facultative‑obligatory** facility with automatic acceptance, thus it is an obligatory reinsurance arrangement. The risk transfer mechanism is **Excess of Loss**, which is a classic non‑proportional structure. The underlying insurance lines are property (HO‑4 and HO‑6 homeowner policies), which are non‑life insurance. According to the classification scheme, the appropriate class of business for property damage lines is **Property**.",True,True,True,non-proportional,Non-Life,Property
2022-886982-0001193125-22-052682-d192225dex1052.htm,"The document is an award agreement for performance‑based restricted stock units (RSUs) granted under Goldman Sachs’ Stock Incentive Plan. It governs the granting, vesting, settlement, forfeiture, and tax aspects of equity compensation to an employee. It does not involve any transfer of insurance risk, reinsurance contracts, retrocession, loss portfolio transfers, catastrophe bonds, or any other insurance‑related risk‑transfer mechanisms. Consequently, it is not a reinsurance agreement.",False,,,,,
2022-1845257-0000950170-22-016508-lfst-ex10_1.htm,"The document is a Credit Agreement that sets out the terms of a loan facility, revolving commitments, term loans, and related securities and collateral arrangements. It pertains to financing arrangements for LifeStance Health Holdings, Inc., and contains definitions, covenants, and provisions typical of a syndicated loan agreement. There is no transfer of insurance risk, no reinsurance, retrocession, or any of the listed reinsurance contract characteristics. Therefore, it does not qualify as a reinsurance agreement.",False,,,,,
2022-1142417-0000950170-22-015132-nxst-ex10_2.htm,"The document is titled “Amendment No. 6 to Credit Agreement” and contains extensive provisions typical of a corporate credit facility amendment, including definitions of revolving credit commitments, loan terms, interest rates, covenants, and administrative agent duties. It governs the amendment of a credit agreement between Mission Broadcasting, Inc., various lenders, and Bank of America as administrative agent. The content relates to loan financing, credit extensions, and refinancing of revolving credit facilities. There is no reference to reinsurance, retrocession, insurance contracts, or any risk‑transfer mechanisms that would qualify it as a reinsurance agreement. Consequently, it is not a reinsurance document, nor does it contain an ancillary reinsurance amendment.

Therefore:
- **is_reinsurance**: False (the document is not a reinsurance agreement).
- **is_main_contract**: None (no reinsurance main contract present).
- **is_obligatory**: None (does not apply).
- **proportional_or_non_proportional**: None (not a reinsurance contract).
- **insurance_type**: None.
- **class_of_business**: None.",False,,,,,
2022-1475922-0001564590-22-028662-pri-ex102_141.htm,"The document is a “SECOND AMENDED AND RESTATED 80% COINSURANCE AGREEMENT” between Primerica Life Insurance Company (the ceding company) and Swiss Re Life & Health America Inc. (the reinsurer). It outlines the ceding of an 80 % quota‑share of the ceding company’s life insurance liabilities to the reinsurer and contains all principal terms, definitions, premium provisions, claims handling, recapture, trust account, and related schedules. This is a full reinsurance contract (not merely an amendment or endorsement) that establishes the reinsurance relationship. The quota‑share structure is a classic proportional reinsurance arrangement, and because it covers the entire portfolio of the ceding company’s life policies, it is obligatory. The underlying insurance is life insurance (term life policies and riders). The class of business is Mortality, as the policies are term life policies.",True,True,True,proportional,Life,Mortality
2022-1504461-0001504461-22-000010-ex10303312210-k.htm,"The document is a “Second Amendment to Credit Agreement” relating to a revolving credit facility for NGL Energy Operating LLC and its lenders. It details amendments to loan commitments, credit terms, and collateral arrangements. This is a financial loan agreement, not a reinsurance contract, nor does it involve insurance risk transfer. Consequently, it does not meet any of the criteria for a reinsurance agreement.",False,,,,,
2022-1400810-0000950170-22-003351-hci-ex10_127.htm,"The document is a “Renewal Rights Agreement” that incorporates a **Quota Share Reinsurance Agreement** (see Exhibit A). This agreement transfers 85 % of the liabilities from United Property and Casualty Insurance Company to Homeowners Choice Property & Casualty Insurance Company for the Southeast Homeowners Lines. The presence of a full reinsurance contract (quota‑share) makes the document a reinsurance agreement. Because the agreement transfers essentially the entire portfolio of the Southeast Homeowners Lines, it functions as an obligatory, portfolio‑transfer type of reinsurance. The quota‑share mechanism is a classic **proportional** reinsurance structure. The underlying insurance is property and casualty (homeowners, renters, liability, etc.), therefore it is **Non‑Life** insurance. The contract is explicitly titled “PROPERTY QUOTA SHARE REINSURANCE CONTRACT,” indicating the primary line of business is **Property**.",True,True,True,proportional,Non-Life,Property
2022-1400810-0000950170-22-016021-hci-ex10_138.htm,"The document is a full “Non‑Florida Property Catastrophe Excess of Loss Reinsurance Contract” issued between an insurer (TypTap Insurance Company) and a subscribing reinsurer. It contains the complete terms of the reinsurance agreement (preamble, articles, definitions, exclusions, premium schedule, etc.) and is not merely an amendment or endorsement. Therefore it is a reinsurance agreement and constitutes the main contract.  

The contract transfers the net excess liability of the ceding insurer’s entire portfolio of non‑Florida property policies (homeowners, condo, renters, dwelling) to the reinsurer, which is characteristic of an obligatory (portfolio‑wide) treaty rather than a facultative, name‑by‑name arrangement.  

The structure is an Excess‑of‑Loss (catastrophe) treaty, which is a classic non‑proportional form of reinsurance.  

The underlying insurance is Property, i.e., Non‑Life. The class of business is Property (property damage perils).  

Hence the appropriate classifications are as follows.",True,True,True,non-proportional,Non-Life,Property
2022-894627-0001437749-22-019814-ex_397445.htm,"The provided document is an exhibit of a revolving credit facility agreement (a loan and financing contract) involving a borrower, lenders, a facility agent, and security agents. It details the terms of a revolving loan facility, conditions precedent, utilization, repayment, interest, fees, and various covenants. There is no reference to insurance, reinsurance, retrocession, or any risk transfer arrangement typical of reinsurance contracts. Consequently, the document does not meet the definition of a reinsurance agreement.",False,,,,,
2022-1400810-0000950170-22-016021-hci-ex10_137.htm,"The document is titled “Reinstatement Premium Protection Reinsurance Contract” and sets out the full terms, conditions, and obligations between the ceding insurer (Typtap insurance company) and the reinsurer. It defines coverage for reinstatement premium obligations arising under an underlying “Property Catastrophe Excess of Loss Reinsurance Contract,” which is a non‑proportional treaty covering property catastrophe perils (homeowners, condo, renters, dwelling). Because the document contains the complete agreement (not merely an amendment or endorsement) it constitutes a main reinsurance contract. The contract is linked to an obligatory underlying treaty; reinstatement premium protection contracts that refer to obligatory reinsurance are themselves treated as obligatory. The underlying risk is property catastrophe, a non‑life line, and the class of business is Property. Hence the classification is: reinsurance = True, main contract = True, obligatory = True, non‑proportional, insurance type Non‑Life, class of business Property.",True,True,True,non-proportional,Non-Life,Property
2022-1304280-0001304280-22-000045-q1fy23ex101amendmentno6tot.htm,"The document is an “Amendment No. 6 to Credit Agreement” concerning a loan facility for Novelis Inc. It details amendments to loan terms, guarantees, collateral, and administrative provisions. The content relates to credit and loan arrangements, not to reinsurance, retrocession, or any form of risk transfer insurance. Therefore it does not meet the criteria for a reinsurance agreement.",False,,,,,
2022-1006837-0001006837-22-000117-exhibit101-q310xq2022combi.htm,"The document is a “First Amendment to Credit Agreement” that amends a loan and credit facility between borrowers and lenders. It details revolving commitments, term loans, interest rates, covenants, collateral, and related loan documents. There is no transfer of insurance risk, no reinsurance or retrocession language, and it does not pertain to any insurance contract. Therefore it does not meet the definition of a reinsurance agreement.",False,,,,,
2022-727920-0000727920-22-000013-efl-93022xexhibit102.htm,"The document is a “Coinsurance and Modified Coinsurance Agreement” between Equitable Financial Life Insurance Company (the ceding company) and First Allmerica Financial Life Insurance Company (the reinsurer). It sets out the full terms of a reinsurance arrangement, including definitions, coverage, payments, administration, and security, and references a Master Transaction Agreement. This clearly constitutes a reinsurance contract rather than an ancillary amendment. The agreement cedes a 50 % quota‑share of the general account and separate‑account liabilities, which is a classical quota‑share structure—a proportional form of reinsurance. The underlying insurance contracts are group variable annuity contracts, which are retirement‑savings products and therefore fall under the “Longevity” class of life insurance. The contract obligates the ceding company to transfer the entire portfolio (or a fixed quota share) to the reinsurer, making it an obligatory reinsurance treaty rather than a facultative one.",True,True,True,proportional,Life,Longevity
2022-79282-0000950170-22-001654-bro-ex10_5.htm,"The document is a “Second Amended and Restated Credit Agreement” for Brown & Brown, Inc. It outlines a syndicated revolving credit facility, term loans, letters of credit, and related covenants, definitions, and administrative provisions. The agreement governs borrowing, financing, and credit terms between the insurer and multiple banking lenders. It does not transfer insurance risk, nor does it constitute a reinsurance contract, retrocession, or any of the listed reinsurance‑type agreements. Therefore it is not a reinsurance agreement.",False,,,,,
2022-898174-0000898174-22-000053-ex1012022q110-q.htm,"The document is a Performance Contingent Share Agreement that governs the grant of equity compensation to an employee of Reinsurance Group of America, Inc. It details performance criteria, share awards, and employment conditions. The content pertains to internal executive compensation and does not involve the transfer or assumption of insurance risk, reinsurance treaty terms, retrocession, or any of the listed reinsurance contract types. Consequently, it is not a reinsurance agreement.",False,,,,,
2022-1745032-0001558370-22-004948-tmb-20211231xex10d151.htm,"The document is an **Amended and Restated Contribution Agreement** between Agassiz Hospitality, LLC (the Contributor) and Lodging Fund REIT III OP, LP (the Operating Partnership). It details the transfer of a hotel property, associated assets, liabilities, and consideration in exchange for limited partnership units. The agreement governs a real‑estate contribution transaction, not the transfer of insurance risk. It does not contain any of the characteristics of a reinsurance, retrocession, loss‑portfolio transfer, or other risk‑transfer contract enumerated in the provided criteria. Therefore, it is not a reinsurance agreement.",False,,,,,
2022-1404912-0001404912-22-000019-ex10_2.htm,"The supplied document is a “First Amendment to Credit Agreement” that amends a revolving credit facility, describes loan terms, interest rates, letters of credit, guarantees, and related covenants. It contains definitions for many financial terms and even a definition of “Reinsurance Agreements,” but the agreement itself is a credit‑facility amendment, not a contract that transfers insurance risk. Consequently, it does not fall under any of the categories of reinsurance, retrocession, loss‑portfolio transfer, catastrophe bond, or other insurance‑linked agreements listed in the classification rules.

Since the document is not a reinsurance contract, all downstream classification fields should be set to “None” (or null) as required.",False,,,,,
2022-1874178-0001874178-22-000029-ex-1022022q1.htm,"The document is an amendment to a credit agreement for Rivian Holdings, LLC and its subsidiaries. It details loan terms, borrowing base calculations, financial covenants, and related administrative and legal provisions. There is no reference to reinsurance, retrocession, or any risk transfer contract typical of reinsurance agreements. It does not contain any insurance policy language, premium protection, or risk transfer provisions. Therefore, it is not a reinsurance agreement.",False,,,,,
2022-1064728-0001064728-22-000042-btu_20220331xex104.htm,"The document is a Commitment Agreement in which Prudential Insurance Company of America issues a non‑participating single‑premium group annuity contract for a retirement plan. This is a direct insurance contract (a group annuity) between the insurer and the plan sponsor, not a transfer of risk between insurers or a reinsurance treaty. Therefore it does not meet any of the criteria for a reinsurance agreement.",False,,,,,
2022-1576018-0001576018-22-000102-danmalloyinterimceoagreeme.htm,"The document is an employment offer letter for an interim Chief Executive Officer of SiriusPoint Ltd. It outlines salary, bonuses, equity awards, duties, and other employment terms. It does not involve any transfer of insurance risk, reinsurance treaty, retrocession, or any of the listed reinsurance agreement types. Therefore it is not a reinsurance agreement.",False,,,,,
2022-1804745-0001628280-22-006676-exhibit1038incrementalassu.htm,"The document is an “Incremental Assumption and First Amendment” to a Credit Agreement for Driven Holdings, LLC. It details loan terms, tranche amounts, covenant compliance, and administrative procedures. It pertains to a commercial financing arrangement (term loans, revolving facilities) and contains no insurance, reinsurance, or risk‑transfer provisions. Therefore it does not meet any of the definitions of a reinsurance agreement listed.",False,,,,,
2022-874501-0000874501-22-000101-a02-026ambcxex104x1q22x10q.htm,"The document is a Performance Stock Unit Agreement that grants an employee award of equity compensation based on company performance metrics. It pertains to internal employee incentive compensation, not to any transfer of insurance risk, reinsurance treaty, retrocession, or any of the listed reinsurance‑related contracts. Consequently it does not meet any of the criteria for being classified as a reinsurance agreement, nor does it contain any reinsurance‑specific terms such as quota share, excess of loss, or risk transfer provisions. Therefore all reinsurance‑related output fields should be set to indicate that the document is not a reinsurance contract.",False,,,,,
2022-1289419-0001289419-22-000019-morn_exhibitx102x09302022.htm,"The document is a “Second Amendment to Credit Agreement” for Morningstar, Inc. It amends a syndicated loan facility, detailing borrowing commitments, interest rates, covenants, and administrative agent provisions. It concerns a loan/credit facility, not an insurance or reinsurance contract. Therefore it does not fall under any of the listed reinsurance types, nor does it contain reinsurance terms, structures, or risk transfer provisions.",False,,,,,
2022-1598665-0000950170-22-023719-hrtg-ex10_1.htm,"The document is a “Seventh Amendment to Credit Agreement” for Heritage Insurance Holdings, Inc. It amends a loan and credit facility (revolving loan, term loan, letters of credit) between the Borrower and a group of Lenders. The text describes loan commitments, interest rates, covenants, and administrative procedures. There is no reinsurance treaty, retrocession, loss‑portfolio transfer, catastrophe bond, or any other risk‑transfer contract that would transfer insurance risk from the insurer to a reinsurer. Therefore it does not fall under any of the categories listed as reinsurance agreements. Consequently, the document is not a reinsurance contract, nor an ancillary amendment to one, and all downstream classification fields are not applicable.",False,,,,,
2022-1400810-0000950170-22-003351-hci-ex10_124.htm,"The document is titled “PROPERTY QUOTA SHARE REINSURANCE CONTRACT” and contains the full text of a reinsurance agreement between United Property and Casualty Insurance Company (the ceding insurer) and Homeowners Choice Property and Casualty Insurance Company (the reinsurer). It sets out the principal terms – coverage, retention, limits, premium, commission, term, termination, etc. – and is not merely an amendment or endorsement. Therefore it is a reinsurance agreement and constitutes the main contract.

A quota‑share treaty transfers a fixed percentage of all covered property business from the insurer to the reinsurer. Such contracts are obligatory in nature because the reinsurer must accept the stipulated share of every policy that falls under the defined business. Hence the agreement is an obligatory reinsurance contract.

Quota‑share arrangements are classic examples of proportional reinsurance, as the reinsurer assumes an agreed proportion (69.5 %) of each loss, premium, and related expenses. The underlying insurance is property, which is classified as non‑life. Within the non‑life classification, the covered risks are property damage (residential property in the Northeast states). Accordingly the class of business is “Property”.",True,True,True,proportional,Non-Life,Property
2022-5513-0000005513-22-000030-unm123121ex1046.htm,"The document is a **Cash Incentive Unit Agreement** (an equity compensation plan) between Unum Group and an employee. It governs the grant, vesting, and settlement of cash incentive units tied to the company’s performance and does not involve any transfer of insurance risk, reinsurance, retrocession, or any of the insurance‑related contracts listed in the reinsurance definitions. Consequently, it is not a reinsurance agreement, nor does it contain any reinsurance‑specific terms such as proportional or non‑proportional structures, insurance type, or class of business. All reinsurance‑related output fields therefore default to `None`.",False,,,,,
2022-1095073-0001095073-22-000005-exhibit1040.htm,"The document is a **Letter of Credit Facility Agreement** between Everest Reinsurance (Bermuda) Ltd. (and its subsidiaries) and Barclays Bank Plc as the issuer of letters of credit. The purpose of the facility is to provide standby letters of credit to support the insurance or reinsurance business of the borrower, but the agreement itself governs the issuance, amendment, and repayment of letters of credit and the associated collateral arrangements. 

The content does **not** contain the terms of a reinsurance treaty, retrocession, loss portfolio transfer, or any other contract that transfers insurance risk directly between insurer and reinsurer. It is a financing and credit support arrangement, which is listed among the documents **NOT** considered reinsurance agreements (e.g., letters of credit are excluded unless they are catastrophe bonds or similar insurance‑linked securities, which this is not). Therefore, the document is not classified as a reinsurance agreement.

Since it is not a reinsurance contract, it is not a main reinsurance contract, nor is it obligatory or proportional/non‑proportional in nature, and no insurance type or class of business can be derived from it.",False,,,,,
2022-1527469-0001527469-22-000026-q12022exhibit101.htm,"The document is an “Eighth Amended and Restated Fee Agreement” between Apollo Insurance Solutions Group LP and Athene Holding Ltd. It governs investment‑management fees, sub‑advisory arrangements, indemnification, and related service provisions for accounts that may include reinsurance‑related assets. However, the agreement itself is not a reinsurance contract, retrocession contract, or any of the listed reinsurance‑type agreements. It functions as an ancillary fee and service agreement that supports the management of assets, some of which are tied to reinsurance entities, but it does not transfer risk or establish the reinsurance terms that would make it a reinsurance agreement. Consequently, it is not classified as a reinsurance agreement.",False,,,,,
2022-1267238-0001267238-22-000031-aiz-20220630ex10110q.htm,"The document is a Change in Control Agreement that governs the executive’s employment, compensation, termination, and related severance benefits. It does not involve any transfer of insurance risk, reinsurance, retrocession, or any of the listed reinsurance contract types. Therefore it is not a reinsurance agreement, nor does it contain a main reinsurance contract or any reinsurance‑specific terms.",False,,,,,
2022-5513-0000005513-22-000030-unm123121ex1047.htm,"The document is an employee cash incentive unit agreement related to Unum Group’s internal stock incentive plan. It governs the grant, vesting, forfeiture, and settlement of cash incentive units to an employee. The content deals with compensation, confidentiality, non‑competition, tax withholding, and corporate governance, but contains no language concerning risk transfer, reinsurance, retrocession, or any of the listed reinsurance contract types. Therefore it does not meet the definition of a reinsurance agreement.",False,,,,,
2022-1052752-0001564590-22-016457-gty-ex101_140.htm,"The document is a “Sixth Amended and Restated Note Purchase and Guarantee Agreement” for Getty Realty Corp. It governs the issuance, sale, and guaranty of senior unsecured notes (Series B, C, D, F, I, and Q) and related covenants, representations, warranties, and events of default. This is a financing / debt securities agreement, not a reinsurance, retrocession, or any other type of insurance risk‑transfer contract. Consequently it does not meet the definition of a reinsurance agreement.",False,,,,,
2022-1568651-0001568651-22-000011-a1012-oscarxsankaranofferl.htm,"The document is an employment offer letter and amendment of stock option agreements between Oscar Insurance Corporation (Oscar Health) and an employee, Sid Sankaran. It details compensation, employment terms, stock option vesting, indemnification, and other HR-related matters. There is no indication of any risk transfer, reinsurance, retrocession, or any of the contracts listed in the reinsurance definitions. Consequently, the document does not constitute a reinsurance agreement, nor does it contain any of the contractual characteristics (obligatory, proportional, etc.) required for the downstream classification fields.",False,,,,,
2022-1839412-0001558370-22-009132-qtekw-20220402xex10d1.htm,"The document is a **Conformed Credit Agreement** (Asset‑Based Lending (ABL) Credit and Guaranty Agreement) that sets out borrowing facilities, loan terms, guarantees, collateral, events of default, and related covenants. It governs a senior secured asset‑based revolving credit facility and associated guarantees, not an insurance or reinsurance arrangement. There is no transfer of insurance risk, no reinsurance treaty, retrocession, or any of the listed reinsurance contract types. Consequently, this document is not a reinsurance agreement, nor does it contain any ancillary reinsurance provisions. All subsequent classification fields therefore default to “not applicable”.",False,,,,,
2022-1576018-0001576018-22-000079-monicacramrmanhem-amendmen.htm,"The document is an amendment to an employment contract for an executive of SiriusPoint Ltd. It outlines changes to the executive’s position, compensation, and benefits. It does not create, modify, or reference any reinsurance or retrocession arrangement, nor does it involve the transfer of insurance risk. Consequently, it does not meet any of the criteria listed for reinsurance agreements.",False,,,,,
2022-1273813-0001273813-22-000026-ago-03312022x10qex104.htm,"The document is an executive non‑equity incentive compensation award agreement that outlines cash incentive payments, performance criteria, and employment conditions for an officer of Assured Guaranty Ltd. It does not involve any transfer of insurance or reinsurance risk, nor does it constitute a reinsurance treaty, retrocession, or any of the listed reinsurance‑related agreements. Therefore it is not a reinsurance contract.",False,,,,,
2022-1849253-0000950170-22-009885-ryan-ex10_18.htm,"The document is a “Fourth Amendment to Credit Agreement” that amends a credit agreement between Ryan Specialty Group, LLC (the Borrower) and a group of lenders administered by JPMorgan Chase Bank. It details changes to loan terms, interest rates, covenants, guarantees, and other financing provisions. This is a loan/credit financing document, not a reinsurance contract, nor any insurance‑related agreement. Consequently it does not meet any of the criteria for reinsurance, nor for the sub‑categories such as reinsurance main contracts, obligatory status, proportionality, or insurance type/class of business.",False,,,,,
2022-1749723-0001749723-22-000028-exhibit40_apolloepca.htm,"The document is an Equity Purchase and Contribution Agreement concerning the sale and transfer of equity interests in maritime and offshore assets (vessels, operating companies). It outlines the terms of a corporate transaction, including purchase price, closing conditions, representations and warranties, and various corporate covenants. There is no reference to any insurance, reinsurance, retrocession, loss portfolio transfer, catastrophe bonds, or any risk‑transfer mechanism typical of reinsurance contracts. Accordingly, the document does not meet any of the criteria for a reinsurance agreement.",False,,,,,
2022-1411494-0001411494-22-000014-exhibit1088.htm,"The document is a credit agreement and amendment relating to a syndicated loan facility for Apollo Management Holdings, with Citibank as administrative agent. It governs borrowing, loan commitments, interest rates, and collateral, and contains no provisions of a reinsurance, retrocession, or other risk transfer contract. Therefore it is not a reinsurance agreement and does not meet any of the reinsurance classifications.",False,,,,,
2022-1400810-0000950170-22-003351-hci-ex10_125.htm,"The document is a **Renewal Rights Agreement** that sets out the transfer of renewal rights for the Northeast Homeowners Lines and incorporates a **quota‑share reinsurance agreement** (Exhibit B) in which the seller cedes 69.5 % of the “Reinsured Liabilities” to the purchaser. The agreement also includes related ancillary documents (registration rights, trust agreement, commissions, etc.). Because it contains the full terms of the reinsurance contract (quota‑share) together with ancillary provisions, it qualifies as a **main reinsurance contract**.  

The reinsurance described is a **quota‑share** arrangement, which is a classic **proportional** form of reinsurance. The underlying insurance is the Northeast Homeowners Lines – a property and casualty (non‑life) portfolio covering personal homeowner, renter, condo, and related coverages, placing it in the **Property** class of business.  

Since the contract cedes a share of the liabilities from the entire portfolio of policies, it is an **obligatory** reinsurance agreement rather than a facultative one.",True,True,True,proportional,Non-Life,Property
2022-1739566-0001739566-22-000227-utz-amendmentno4totermlo.htm,"The document provided is an amendment to a First Lien Term Loan Credit Agreement for UTZ QUALITY FOODS, LLC and related parties. It details loan terms, amendments, definitions, covenants, events of default, and administrative agent responsibilities. It does not involve any insurance, reinsurance, retrocession, or risk transfer contracts. Consequently, it is not a reinsurance agreement, nor does it contain any of the ancillary reinsurance classifications.",False,,,,,
2022-72971-0000072971-22-000096-wfc-1231x2021xex10b.htm,"The document describes the Wells Fargo Bonus Plan, an internal employee incentive compensation plan detailing award eligibility, funding, payments, and administration. It does not involve any transfer of insurance risk, reinsurance treaty, retrocession, or any of the listed reinsurance contract types. It is a corporate compensation policy, not an insurance or reinsurance agreement.",False,,,,,
2022-1362468-0001362468-22-000018-exhibit1020sunseekercred.htm,"The document provided is a Credit Agreement (loan and financing documentation) describing a credit facility, loan commitments, interest, collateral, and related covenants. It governs a loan transaction between a borrower (Sunseeker Florida, Inc.) and lenders, with guarantees and security interests. It does not constitute a reinsurance agreement, retrocession, or any other form of risk transfer contract typical of reinsurance. Therefore it is not a reinsurance contract, nor does it contain a main reinsurance agreement. Consequently, fields relating to reinsurance characteristics are not applicable.",False,,,,,
2022-1745032-0001558370-22-009002-tmb-20220331xex10d195.htm,"The document is a Contribution Agreement for the transfer of a hotel property and related assets from a contributor (W&K Hotels, LLC) to an operating partnership (Lodging Fund REIT III OP, LP). It deals with real‑estate conveyance, capital contribution, and related covenants, indemnifications, and closing procedures. There is no indication that this document involves any reinsurance, retrocession, or risk‑transfer arrangement typical of insurance contracts. Therefore it does not fall under any of the categories listed as reinsurance agreements.",False,,,,,
2022-886982-0001193125-22-052682-d192225dex1040.htm,"The document is an award agreement for Restricted Stock Units (RSUs) granted to an employee of Goldman Sachs. It outlines vesting, delivery, transfer restrictions, forfeiture, and tax and arbitration provisions related to equity compensation. It does not involve any transfer of insurance risk, reinsurance, retrocession, or any of the listed types of reinsurance contracts. Therefore it is not a reinsurance agreement, nor does it contain a main reinsurance contract, nor any of the insurance‑related classifications.",False,,,,,
2022-1745032-0001558370-22-013328-tmb-20220630xex10d227.htm,"The document is a Contribution Agreement for the transfer of a hotel property and related assets from Wichita Airport Hospitality, LLC to Lodging Fund REIT III Operating Partnership. It outlines the contribution of real estate, assets, liabilities, and related covenants, but it does not involve any risk transfer, reinsurance, retrocession, or insurance-related contract. The agreement is a real estate transaction, not a reinsurance or retrocession treaty, nor does it fall under any of the listed categories of reinsurance agreements. Therefore it is not a reinsurance agreement, nor does it contain a main reinsurance contract or any ancillary reinsurance provisions.",False,,,,,
2022-1475922-0001564590-22-028662-pri-ex101_142.htm,"The document is an Assignment, Transfer and Novation Agreement that transfers the rights and obligations under an existing “80% Coinsurance Agreement” (a reinsurance treaty) from Pecan Re to Swiss Re Life & Health America. It therefore relates to a reinsurance contract and modifies that contract, but it does not contain the full reinsurance treaty itself. Consequently it is a reinsurance‑related document (is_reinsurance = True) and it is an ancillary document rather than a main contract (is_main_contract = False). The underlying Coinsurance Agreement is an obligatory treaty (obligatory = True). The Coinsurance Agreement is proportional (quota‑share) in nature, so the classification is “proportional”. The parties are life‑insurance entities (Primerica Life, Swiss Re Life & Health), indicating the insurance type is “Life”. The underlying business is a life‑insurance portfolio; without further detail the most appropriate class of business is “Mortality”.",True,False,True,proportional,Life,Mortality
2022-1267238-0001267238-22-000031-aiz-20220630ex10210q.htm,"The document is a Change in Control employment agreement between Assurant, Inc. and an executive. It sets out termination, severance, and other employment-related provisions. It does not involve the transfer, assumption, or ceding of insurance risk, nor does it reference any reinsurance, retrocession, loss portfolio transfer, catastrophe bonds, or similar risk‑transfer mechanisms. Consequently, it is not a reinsurance agreement, nor an ancillary amendment to one. All subsequent classification fields therefore do not apply.",False,,,,,
2022-1620459-0001620459-22-000015-a4q21jrvrex107.htm,"The document is a “Second Amendment to Credit Agreement” that amends a loan facility between James River Group Holdings, JRG Reinsurance Company Ltd. and BMO Harris Bank. It concerns loan terms, preferred equity issuance, and related covenants. The text does not create, modify, or reference any reinsurance or retrocession arrangement, nor does it involve risk transfer of insurance liabilities. Therefore it is not a reinsurance agreement and does not contain a main reinsurance contract, nor any obligatory or proportional/non‑proportional reinsurance characteristics. Consequently, the remaining classification fields are not applicable.",False,,,,,
2022-1839412-0001558370-22-009132-qtekw-20220402xex10d2.htm,"The document provided is a **Term Credit and Guaranty Agreement** that outlines loan facilities, guarantees, covenants, and related credit terms among a borrower, lenders, and agents. It contains extensive definitions, loan provisions, events of default, and administrative clauses typical of a loan or credit agreement. There is no reference to risk transfer, reinsurance, retrocession, loss portfolio transfer, or any of the other reinsurance‑related concepts listed in the classification criteria. Consequently, this document does not meet the definition of a reinsurance agreement.

Given that it is not a reinsurance contract, all ancillary classification fields that apply only to reinsurance documents should be left undefined.",False,,,,,
2022-1095073-0001095073-22-000005-exhibit1039.htm,"The document is a Standby Letter of Credit Agreement between Everest Reinsurance (an insurer) and Lloyds Bank. While the credit facility is intended to support the insurer’s obligations, the agreement itself is a financial instrument (a letter of credit) and not a reinsurance contract, retrocession agreement, or any of the listed reinsurance types. Accordingly, it does not meet the criteria for a reinsurance agreement or any of its ancillary forms.",False,,,,,
2022-1304280-0001304280-22-000066-abl_amendmentx10.htm,"The document is an amendment (Amendment No. 10) to a “Second Amended and Restated Credit Agreement” between Novelis Inc. and various lenders. It details changes to revolving credit commitments, interest rates, and other loan‑related terms. The content concerns a syndicated loan facility, not an insurance or reinsurance contract, nor any of the listed categories of reinsurance agreements. Therefore it does not meet the definition of a reinsurance agreement.",False,,,,,
2022-891166-0000891166-22-000114-uve-20220930xex10210312022.htm,"The document is a Credit Agreement for Universal Insurance Holdings, Inc. It describes a revolving credit facility, loan commitments, interest rates, letters of credit, and related covenants. There is no reference to a reinsurance contract, retrocession, loss portfolio transfer, or any other reinsurance‑related arrangement. Therefore it does not fall under any of the categories listed as reinsurance agreements.",False,,,,,
2022-1576018-0001576018-22-000021-exhibit1044-artpipsxtpocxi.htm,"The document is an “Amended and Restated Investment Management Agreement” between Third Point LLC (the investment manager) and SiriusPoint Ltd. (the insurance company). It describes discretionary investment management and advisory services for the “TPOC Portfolio,” sets out investment guidelines, fees, and operational provisions. There is no transfer of insurance risk, no reinsurance or retrocession language, and the agreement does not involve an underlying reinsurance contract. Therefore it does not meet any of the criteria for a reinsurance agreement.",False,,,,,
2022-1679049-0001558370-22-012758-insw-20220630xex10d1.htm,"The document is a credit agreement and related pledge, assignment, and security documents for a senior secured loan facility involving International Seaways, Inc. and various lenders. It outlines loan commitments, interest rates, collateral, and security interests but does not involve any transfer of insurance risk, reinsurance, retrocession, or other forms of risk transfer typical of reinsurance contracts. Therefore, it is not a reinsurance agreement.",False,,,,,
2022-776867-0000776867-22-000005-exhibit10210-q2022.htm,"The document is a “Loan and Security Agreement” that outlines a term loan, interest rates, collateral, covenants, events of default, and related loan provisions. It governs a credit facility between a borrower (HG GLOBAL LTD) and lenders, with an agent handling the loan administration. There is no transfer of insurance risk, reinsurance, retrocession, or any of the listed reinsurance contract types. Therefore it does not meet the definition of a reinsurance agreement.",False,,,,,
2022-317788-0001628280-22-029313-form10-qxexhibit101q2fy2023.htm,"The document is a “Second Amendment” to an existing credit agreement governing loan facilities, interest rates, and related covenants among corporate borrowers and lenders. It details amendments to loan terms, definitions of rates, and procedural provisions for loan administration. This is a financial loan agreement, not an insurance or reinsurance contract. Therefore it does not fall within any of the categories of reinsurance agreements listed. Consequently, none of the reinsurance‑related classification fields apply.",False,,,,,
2022-5272-0001104659-22-056167-tmb-20220419xex10d3.htm,"The document is an exhibit describing AIG's Long Term Incentive Plan, which outlines employee compensation, stock awards, and related administrative rules. It does not involve any transfer of risk, reinsurance, retrocession, or insurance-related contracts. Therefore it is not a reinsurance agreement, nor does it contain any main or ancillary reinsurance provisions.",False,,,,,
2022-1400810-0000950170-22-003351-hci-ex10_126.htm,"The document is a full **Property Quota Share Reinsurance Contract** issued to United Property and Casualty Insurance Company. It sets out the principal terms of a reinsurance agreement (premium, retention, limits, term, etc.) and therefore qualifies as a reinsurance agreement. It is not an ancillary endorsement or amendment; it contains the complete contract, so it is a main contract.  

The contract obligates the reinsurer to accept **100 %** of the covered business (quota‑share), which is a portfolio‑wide, obligatory reinsurance arrangement (as opposed to a facultative treaty).  

The contract is primarily a **quota‑share** which is a **proportional** form of reinsurance. However, the same document also references a separate **Property Catastrophe Excess‑of‑Loss** contract (a non‑proportional treaty) and a **Reinstatement Premium Protection** contract. Because both proportional and non‑proportional components are present within the same set of documents, the overall classification is **hybrid**.  

The underlying insurance is property risk, which falls under **Non‑Life** insurance. The specific line of business is residential and commercial property in the Northeast states, so the class of business is **Property**.",True,True,True,hybrid,Non-Life,Property
2022-1333274-0001564590-22-035496-merc-ex102_155.htm,"The document is a comprehensive revolving credit facility agreement (a loan contract) between several corporate borrowers (Zellstoff‑und Papierfabrik Rosenthal GmbH, Mercer Timber Products GmbH, etc.) and a syndicate of banks acting as lenders and agents. It sets out the terms for a revolving loan, interest, utilisation, repayment, covenants, guarantees, and related administrative provisions. There is no reference to insurance, reinsurance, retrocession, loss portfolio transfers, catastrophe bonds, or any risk‑transfer mechanism typical of reinsurance contracts. Therefore the document does not constitute a reinsurance agreement.",False,,,,,
2022-1638833-0001638833-22-000134-a2022q3exhibit101.htm,"The document is an “Eighth Amendment to Credit Agreement” that amends a syndicated loan facility, describing revolving credit commitments, lenders, administrative agents, and various loan terms. It relates to a credit agreement for Surgery Partners, Inc., not to any insurance, reinsurance, or risk‑transfer contract. Therefore it does not fall under any of the categories of reinsurance agreements listed.",False,,,,,
2022-1333986-0001333986-22-000022-eqh-93022exhibit101.htm,"The document is a “MASTER TRANSACTION AGREEMENT” that sets out the terms for a reinsurance transaction between Equitable Financial Life Insurance Company (the ceding company) and First Allmerica Financial Life Insurance Company (the reinsurer). It explicitly refers to entering into a “Coinsurance and Modified Coinsurance Agreement” (Exhibit A) in which the ceding company cedes a 50 % quota‑share of the liabilities of its deferred variable annuity contracts. A quota‑share is a classic proportional reinsurance structure. The agreement contains all principal terms of the reinsurance deal (ceding commission, closing conditions, representations, warranties, termination, indemnification, etc.) and therefore functions as the main reinsurance contract rather than a mere amendment or ancillary document. Because it covers the entire portfolio of the underlying annuity contracts, it is an obligatory (mandatory) transfer of risk for the whole business. The underlying contracts are life‑insurance annuity products, placing the coverage in the Life domain, specifically the Longevity class (annuity business).",True,True,True,proportional,Life,Longevity
2022-1812360-0001213900-22-074296-f10q0922ex10-11_foxotech.htm,"The document is an employment agreement between FOXO BioScience LLC and an individual executive. It governs the terms of employment, compensation, duties, confidentiality, non‑competition, and termination. It does not involve any transfer of insurance risk, reinsurance, retrocession, or any of the listed reinsurance contract types. Therefore it is not a reinsurance agreement.",False,,,,,
2022-1277998-0001213900-22-072325-f10q0922ex10-119_manufactur.htm,"The document is an **Interim Loan Agreement** between Timberview MHP LLC / Statesville MHP LLC (borrowers) and KeyBank National Association (lender). It details loan terms, interest rates, covenants, security instruments, and related exhibits. The content solely governs a credit transaction (loan) and contains no provisions that transfer insurance risk, nor does it reference any reinsurance or retrocession arrangements. Therefore, it does **not** meet the definition of a reinsurance agreement.",False,,,,,
2022-1400810-0000950170-22-016021-hci-ex10_139.htm,"The document is a full reinsurance contract titled “Non‑Florida Property Catastrophe Excess of Loss Reinsurance Contract”. It defines the business covered, retention, limits, term, premium, reinstatement, and many contractual provisions typical of a treaty‑style reinsurance agreement. The contract covers a portfolio of property lines (homeowners, condo, renters, dwelling) and provides excess‑of‑loss coverage, which is a classic non‑proportional reinsurance structure. It is not a subsidiary endorsement or amendment; it contains the entire set of terms and conditions, so it is a main contract. The contract is obligatory in nature because the ceding insurer is transferring all of its non‑Florida property catastrophe exposure to the reinsurer, rather than a facultative or optional placement. Consequently, the classification follows:

- Reinsurance agreement: **True**
- Main contract: **True**
- Obligatory: **True**
- Non‑proportional (excess‑of‑loss) contract.
- Pertains to Non‑Life insurance (property).
- Class of business is Property.",True,True,True,non-proportional,Non-Life,Property
2022-1400810-0000950170-22-016021-hci-ex10_136.htm,"The document is titled “Reinstatement Premium Protection Reinsurance Contract” and sets out the full terms and conditions for coverage of reinstatement premium obligations arising from an underlying “Property Catastrophe Excess of Loss Reinsurance Contract”. This is a distinct reinsurance agreement (not merely an endorsement or amendment) that provides premium protection linked to a non‑proportional excess‑of‑loss contract. Because it refers to an underlying obligatory reinsurance program, it is an obligatory reinsurance contract. The underlying contract is an excess‑of‑loss (non‑proportional) structure, so the reinstatement premium protection is classified as non‑proportional. The underlying risks are property perils (homeowners, condominium, renters), which are non‑life insurance, and the class of business is Property.",True,True,True,non-proportional,Non-Life,Property
2022-1745032-0001558370-22-009002-tmb-20220331xex10d194.htm,"The document is a Contribution Agreement that governs the transfer of a hotel property and related assets from W&K Hotels, LLC to Lodging Fund REIT III OP, LP. It details real‑estate contributions, consideration, closing conditions, warranties, indemnities, and ancillary agreements (non‑competition, confidentiality, etc.). There is no transfer of insurance risk, nor any reinsurance, retrocession, or similar risk‑transfer contract. Therefore it does not meet any of the listed categories of reinsurance agreements.",False,,,,,
2022-842633-0000842633-22-000008-trs-123121xexh102.htm,"The document is an amendment to a credit agreement governing loans, revolving credit facilities, and related financial covenants. It contains definitions, loan terms, and conditions typical of a syndicated loan and credit facility arrangement. There are no provisions transferring insurance risk, no reinsurance or retrocession language, and it does not pertain to insurance contracts. Consequently, it does not meet the criteria for a reinsurance agreement.",False,,,,,
2022-5272-0001104659-22-056167-tmb-20220419xex10d2.htm,"The document is a “3‑Year Delayed Draw Term Loan Agreement” between SAFG Retirement Services, Inc. and a group of lenders (banks). It sets out borrowing, interest, repayment, covenants, events of default, and related loan documentation. The content concerns a credit facility, not an insurance or reinsurance contract, and there is no transfer of insurance risk from an insurer to a reinsurer. Therefore it does not fall under any of the categories of reinsurance agreements listed. Consequently all classification fields related to reinsurance are not applicable.",False,,,,,
2022-1400810-0000950170-22-016021-hci-ex10_129.htm,"The document is a full “Property Quota Share Reinsurance Contract” issued to United Property and Casualty Insurance Company. It sets out the principal terms of the reinsurance agreement, including the business covered, retention, limits, premium, commissions, and other core provisions. This matches the definition of a reinsurance agreement and constitutes the main contract rather than an ancillary amendment. A quota‑share arrangement transfers a proportional share of all covered policies (100 % in this case), which is an obligatory form of reinsurance because it applies to the entire portfolio of Southeast Property business. The contract is a proportional reinsurance structure (quota share). The underlying insurance is property (residential property and liability) and therefore falls under Non‑Life insurance. The class of business is Property.",True,True,True,proportional,Non-Life,Property
2022-59558-0000059558-22-000008-lnc-20211231xex10_43.htm,"The document is an amendment to an Amended and Restated Credit Agreement for Lincoln National Corporation. It deals with credit facilities, loans, and letters of credit between the corporation (and its subsidiaries) and banks. There are no provisions that transfer insurance risk, nor does it constitute a reinsurance, retrocession, or any of the listed reinsurance‑type contracts. Consequently, this document is not a reinsurance agreement.",False,,,,,
2022-1276520-0001193125-22-055674-d299054dex1059.htm,"The document is a Performance Stock Unit Award Agreement issued to an employee under Genworth Financial’s 2021 Omnibus Incentive Plan. It outlines equity compensation, vesting, and related employment terms. It does not involve any transfer of insurance risk, reinsurance, retrocession, or any of the listed reinsurance contract types. Therefore it is not a reinsurance agreement.",False,,,,,
2022-877212-0000877212-22-000108-ex107conformedamendedand.htm,"The document is an amended and restated credit agreement between Zebra Technologies (the borrower) and a syndicate of lenders. It defines loan facilities, interest rates, covenants, events of default, collateral, and related banking and financing terms. No portion of the text refers to the transfer or assumption of insurance risk, reinsurance provisions, retrocession, loss portfolio transfers, catastrophe bonds, insurance pooling, or any of the contractual structures listed as reinsurance agreements. Therefore, the document is not a reinsurance contract.",False,,,,,
2022-1699150-0001628280-22-003991-ir2021ex109xamendmentno7to.htm,"The document is an amendment to a multi‑lender credit agreement concerning term loans, revolving credit facilities, letters of credit, and other financing provisions for Gardner Denver, Inc. and its affiliates. It outlines amendments to loan terms, commitments, interest rates, and covenant compliance. There is no reference to any insurance, reinsurance, retrocession, or risk‑transfer contract. Therefore the document does not fall under any of the listed reinsurance agreement categories and is not a reinsurance contract.",False,,,,,
2022-1592386-0001592386-22-000041-exhibit1011q421.htm,"The document is a Credit Agreement and related loan documentation for Virtu Financial, LLC and its subsidiaries. It details loan terms, definitions, covenants, and administrative provisions typical of a syndicated credit facility. There is no reference to insurance, reinsurance, retrocession, or risk transfer contracts. The content does not match any of the listed reinsurance agreement types (e.g., reinsurance treaties, loss portfolio transfers, catastrophe bonds, etc.). Consequently, the document is not a reinsurance agreement.",False,,,,,
2022-1296435-0001296435-22-000026-fifthamendmenttofourtha_rc.htm,"The document is a “Fifth Amendment to Fourth Amended and Restated Credit Agreement” for Neenah, Inc. It amends a credit agreement, detailing loan terms, borrowing bases, guarantees, collateral, and related financial covenants. There is no transfer of insurance risk, no reinsurance or retrocession language, and it does not pertain to any insurance product. Consequently, it does not meet any of the criteria for a reinsurance agreement or related ancillary document.",False,,,,,
2022-1048268-0001048268-22-000048-thirdamendedandrestatedcre.htm,"The document is a “Third Amended and Restated Credit Agreement” for IES Holdings, Inc. It outlines loan facilities, revolving loans, letters of credit, covenants, security interests, and related banking and financing terms. There is no reference to insurance, risk transfer, reinsurance, retrocession, or any of the reinsurance‑related structures listed in the classification rules. Therefore it does not fall under the definition of a reinsurance agreement or any ancillary reinsurance document.",False,,,,,
2022-1400810-0000950170-22-016021-hci-ex10_147.htm,"The document is the “FHCF Reimbursement Contract” between Homeowners Choice Property and Casualty Insurance Company and the Florida Hurricane Catastrophe Fund (FHCF). It obligates the insurer to submit a reimbursement contract, establishes a retention, a coverage level (45 %, 75 % or 90 % of loss), premium calculations, and reimbursement of losses caused by covered hurricane events. This is a classic government‑run catastrophe reinsurance program: the FHCF reimburses the insurer for losses in exchange for a premium, which matches the definition of a reinsurance agreement. The contract contains all principal terms (coverage level, retention, premium, term, obligations, etc.) and is not merely an amendment, so it is a main contract. Participation in the FHCF is mandatory for insurers writing “covered policies” in Florida under Florida Statutes, making the agreement obligatory. The reimbursement is based on a percentage of loss after a retention, which is a non‑proportional (excess‑of‑loss‑type) structure rather than a quota‑share. The underlying policies are homeowners (property) policies, i.e., non‑life insurance. Accordingly, the class of business is Property (residential property).",True,True,True,non-proportional,Non-Life,Property
2022-1643953-0001213900-22-010057-f10k2021ex10-60_purpleinn.htm,"The document is a “First Amendment to the 2020 Credit Agreement” between Purple Innovation, LLC, Purple Innovation, Inc., KeyBank National Association and the lenders. It amends the terms of a credit facility, describing loan commitments, revolving facilities, term loans, interest rates, covenants, and other financial arrangements. There is no reference to any insurance, reinsurance, retrocession, catastrophe bonds, insurance‑linked securities, or any transfer of insurance risk. Consequently the document does not fall under any of the categories listed as reinsurance agreements.",False,,,,,
2022-1745032-0001558370-22-004948-tmb-20211231xex10d155.htm,"The document is a **Contribution Agreement** concerning the transfer of a hotel property and its related assets from a contributor (RLC V RIFC, LLC) to an operating partnership (Lodging Fund REIT III OP, LP). It outlines the terms of the contribution, consideration, title, closing conditions, covenants, indemnification, and related ancillary agreements (non‑competition, confidentiality, etc.). The agreement is a real‑estate transaction and does not involve any risk‑transfer mechanism typical of reinsurance, retrocession, or other forms of insurance risk transfer. Therefore, it does not meet any of the criteria listed for reinsurance agreements.",False,,,,,
2022-921738-0000921738-22-000019-pennex10303312022.htm,"The document is a “Second Amended and Restated Credit Agreement” describing a revolving credit facility, term loan commitments, and related banking arrangements for Penn National Gaming, Inc. It contains definitions, loan terms, covenants, events of default, and various financial and legal provisions typical of a corporate loan or credit agreement. There is no reference to insurance, reinsurance, retrocession, or any risk transfer arrangement that would qualify as a reinsurance contract. Consequently, this document does not meet any of the criteria for reinsurance agreements listed in the instructions.",False,,,,,
2022-1304280-0001304280-22-000045-q1fy23ex102amendmentno1tos.htm,"The document is an amendment to a short‑term credit agreement between Novelis Inc. (the Borrower) and Axis Bank Limited (the Administrative Agent/Lender). It governs loan terms, covenants, guarantees, and other credit‑related provisions. The content is clearly a loan/credit agreement and does not involve any transfer of insurance risk, reinsurance, retrocession, or any of the listed reinsurance contract types. Therefore it is not a reinsurance agreement.",False,,,,,
2022-1735707-0001735707-22-000027-exhibit10_31-exx1031.htm,"The provided document is an amendment to a credit agreement for Garrett Motion Inc. It details modifications to loan commitments, revolving facilities, and related financial terms. It does not involve any transfer of insurance risk, reinsurance, retrocession, or any of the insurance‑related contracts listed in the reinsurance classification criteria. Therefore, it is not a reinsurance agreement.",False,,,,,
2022-913144-0000913144-22-000099-exhibit101secondamendmentt.htm,"The document is an amendment to a standby letter of credit agreement. A standby letter of credit is a credit instrument that provides a guarantee of payment and is classified as a letter of credit, not as a reinsurance contract. According to the provided classification rules, letters of credit are explicitly listed among the documents that are **NOT** considered reinsurance agreements. Therefore, this document does not meet the criteria for a reinsurance agreement, nor does it contain any reinsurance terms, risk transfer provisions, or references to insurance portfolios. Consequently, all downstream classifications that apply only to reinsurance contracts are inapplicable.",False,,,,,
2022-1289419-0001289419-22-000014-morn_exhibitx101x06302022.htm,"The document is a Credit Agreement for Morningstar, Inc. It details loan commitments, revolving facilities, term loans, letters of credit, guarantees, and related financial covenants. It governs a banking loan transaction rather than an insurance or reinsurance arrangement. No reinsurance, retrocession, or risk transfer contract typical of reinsurance is present. Therefore it is not a reinsurance agreement.",False,,,,,
2022-1160951-0001564590-22-001204-dct-ex101_29.htm,"The document is an amendment and restatement agreement that modifies a credit agreement, revolving credit facilities, guarantees, and security arrangements between a borrower (Duck Creek Technologies LLC) and lenders (banks). It deals with loan commitments, interest rates, collateral, and corporate restructuring, with no reference to insurance, reinsurance, or any risk transfer contracts. Therefore it does not fall under any of the categories of reinsurance agreements outlined.",False,,,,,
2022-850141-0001628280-22-013270-exhibit103d.htm,"The document is a Performance‑based Restricted Stock Units (PBRSU) agreement issued by Horace Mann Educators Corporation to an employee. It details grant terms, vesting conditions, settlement procedures, and employee covenants. The content relates to internal executive compensation and equity awards, not to the transfer or ceding of insurance risk. Consequently, it does not fall under any of the categories defined as reinsurance agreements, nor does it contain provisions typical of a reinsurance treaty, retrocession, or any risk‑transfer contract. Therefore, the document is not a reinsurance agreement, and all downstream reinsurance‑specific classification fields are inapplicable.",False,,,,,
2022-1687932-0000950170-22-011334-jill-ex10_1.htm,"The provided document is a “Amendment No. 5 to ABL Credit Agreement” that modifies the terms of an asset‑based loan facility, defines borrowing bases, collateral, interest rates, and various financial covenants. It concerns credit and loan arrangements between borrowers, lenders, and administrative agents. There is no reference to insurance, reinsurance, retrocession, catastrophe bonds, or any type of risk transfer agreement that would fall under the definitions of reinsurance contracts listed. Consequently, this document is not a reinsurance agreement.",False,,,,,
2022-5272-0001104659-22-056167-tmb-20220419xex10d1.htm,"The provided document is an “18‑Month Delayed Draw Term Loan Agreement” between SAFG Retirement Services, Inc. and a syndicate of lenders, administered by JPMorgan Chase Bank. The text defines loan terms, interest rates, borrowing requests, covenants, events of default, and related administrative provisions. There is no reference to reinsurance, retrocession, risk transfer, or any insurance‑related coverage. The agreement functions as a corporate credit facility rather than a reinsurance contract. Therefore, it is not a reinsurance agreement.",False,,,,,
2022-21175-0000021175-22-000016-q42021cnaex106.htm,"The document is the text of the “CNA Deferred Compensation and Savings Plan,” which is an employee retirement/deferred‑compensation plan. It describes eligibility, contribution, vesting, benefit payment, and administration of the plan. It does not involve the transfer of insurance risk between insurers or reinsurers, nor does it constitute a reinsurance, retrocession, or any of the other listed reinsurance‑type agreements. Therefore it is not a reinsurance contract.",False,,,,,
2022-5272-0000005272-22-000027-tm2228843d1_ex10-3.htm,"The document is a corporate Separation Agreement between American International Group, Inc. (AIG) and Corebridge Financial, Inc. It outlines the transfer of assets and liabilities, corporate governance, IPO provisions, and various ancillary arrangements related to the split of the Corebridge business from AIG. The content does not describe any reinsurance, retrocession, or risk-transfer contract typical of reinsurance agreements. It also does not modify an existing reinsurance treaty. Therefore, it is not classified as a reinsurance agreement.",False,,,,,
2022-818686-0001193125-22-138669-d312501dex101.htm,"The document is a “Senior Unsecured Sustainability‑Linked Revolving Credit Agreement” between Teva Pharmaceutical companies and a group of banks. It outlines loan commitments, interest rates, covenants, events of default, and related administrative provisions. This is a credit facility (a loan contract) and does not transfer insurance risk, nor does it relate to any reinsurance or retrocession arrangement. Therefore it is not a reinsurance agreement, nor does it contain any reinsurance‑type provisions. Consequently all reinsurance‑specific classification fields are not applicable.",False,,,,,
2022-1371285-0001371285-22-000048-ex1010q42021.htm,"The document is an Addendum #9 that amends an existing Quota Share Reinsurance Agreement between Omega General Insurance Company (the Reinsured) and Wyndham Insurance Company (the Reinsurer). It modifies the ceding commission provisions of the treaty. As it amends a reinsurance treaty, it is a reinsurance document. The original agreement is a quota‑share treaty, which is a proportional, treaty‑type (obligatory) reinsurance contract. The addendum itself is an ancillary amendment rather than the primary contract, so it is not the main contract. The underlying insurance is not specified but, given the parties and typical quota‑share usage, it is most likely non‑life. No specific line of business is identified, thus the class of business cannot be determined.",True,False,True,proportional,Non-Life,
2022-1699150-0001628280-22-013032-ir2022q1ex101-amendmentno8.htm,"The document is an amendment (Amendment No. 8) to a Credit Agreement between Gardner Denver, Inc. and Citibank, N.A. It details changes to loan terms, interest rates, and various corporate financing provisions. It contains no language relating to insurance, reinsurance, retrocession, or any risk‑transfer contract. Consequently, it is not a reinsurance agreement. Because it is not a reinsurance document, all downstream classification fields are not applicable and should be set to null.",False,,,,,
2022-1400810-0000950170-22-016021-hci-ex10_140.htm,"The document is an “EXCESS OF LOSS REINSURANCE CONTRACT” covering the company’s property catastrophe exposure (Homeowners, Condominium, Renters, Dwelling). It contains the full terms, conditions, definitions, premium, retention, limits, and all ancillary provisions, which characterizes it as a complete reinsurance treaty rather than a simple endorsement or amendment. Therefore it is a reinsurance agreement and serves as the principal contract (main contract). The contract transfers risk from the insurer (TypTap Insurance Company) to the reinsurer on a layer‑by‑layer basis, which is typical of an obligatory reinsurance programme used by the insurer to manage its overall risk exposure. The contract is an excess‑of‑loss arrangement, which is a classic non‑proportional form of reinsurance. The underlying insurance is property‑type, which is classified as non‑life insurance. The specific class of business covered is property (homeowners, condo, renters, dwelling).",True,True,True,non-proportional,Non-Life,Property
2022-1745032-0001558370-22-004948-tmb-20211231xex10d185.htm,"The document is a Contribution Agreement for the transfer of a hotel property and related assets from a contributor to a real estate investment partnership. It details the conveyance of real estate, assumptions of liabilities, and related covenants, but it does not involve the transfer of insurance risk, reinsurance, retrocession, or any of the defined reinsurance contract types. Consequently, it is not a reinsurance agreement.",False,,,,,
2022-1527469-0001527469-22-000049-ex101formofrsuawardagreeme.htm,"The document consists of a Restricted Share Unit (RSU) award agreement and a related restrictive covenants agreement issued by Apollo Global Management, Inc. (and referenced to Athene Holding Ltd). These are equity compensation contracts governing the grant, vesting, and restrictions of RSUs to an employee, along with confidentiality and non‑competition clauses. The content does not involve any transfer of insurance risk, retrocession, reinsurance, or any of the listed reinsurance‑related contract types. Therefore it does not meet the definition of a reinsurance agreement.",False,,,,,
2022-1475922-0001564590-22-028662-pri-ex103_140.htm,"The document is a **Reinsurance Trust Agreement** that is entered into by Swiss Re Life & Health America Inc. (grantor) and Primerica Life Insurance Company (beneficiary) with The Bank of New York Mellon as trustee.  
It expressly refers to an underlying **Reinsurance Agreement** (Exhibit A) – a “Second Amended and Restated 80 % Coinsurance Agreement” – and its purpose is to secure the obligations under that reinsurance treaty by holding collateral in a trust.  

- The document therefore qualifies as a **reinsurance‑related agreement** (it is a trust arrangement that supports a reinsurance contract).  
- It is **not the primary reinsurance contract** itself; the primary contract is the underlying Reinsurance Agreement attached as Exhibit A. Hence the Trust Agreement is an **ancillary** document.  
- The underlying reinsurance treaty is a **quota‑share (coinsurance)** arrangement, which is an **obligatory proportional treaty**. The trust agreement is intended to enforce that obligatory treaty.  
- The parties are life insurers, so the coverage is **Life** insurance.  
- The reinsurance treaty concerns life‑insurance policies (mortality risk), so the appropriate class of business is **Mortality**.",True,False,True,proportional,Life,Mortality
2022-1552797-0001552797-22-000088-dkl-ex101xlimitedconsentana.htm,"The document is a “Limited Consent and Second Amendment to Third Amended and Restated Credit Agreement” concerning the amendment of a credit facility, issuance of senior notes, and related loan covenants for Delek Logistics Partners, LP. It governs borrowing, loan documents, and collateral arrangements, not the transfer, assumption, or indemnification of insurance risk. The content does not describe any reinsurance, retrocession, or insurance‑related contract.

Therefore, it does not meet the definition of a reinsurance agreement, nor does it contain any reinsurance‑type terms such as quota‑share, excess‑of‑loss, or other risk‑transfer provisions. Accordingly, all downstream classification fields are not applicable.",False,,,,,
