filename,reasoning,is_reinsurance,is_main_contract,is_obligatory,proportional_or_non_proportional,insurance_type,class_of_business
2021-1819035-0001213900-21-019209-f10k2020ex10-24_metromile.htm,"The document is an offer letter for employment with Metromile, Inc., detailing compensation, equity awards, severance, and other employment terms. It does not involve any transfer of insurance risk, reinsurance treaty, retrocession, loss portfolio transfer, or any other reinsurance‑related arrangement. Therefore it is not a reinsurance agreement. Because it is not a reinsurance document, all downstream classifications (main contract status, obligatory nature, proportionality, insurance type, and class of business) are not applicable.",False,,,,,
2021-1069996-0001069996-21-000098-exhibit106.htm,"The document is a full “Property Aggregate Excess of Loss Reinsurance Contract” between Maison Insurance Company and a reinsurer. It contains the principal terms—business covered, term, definitions, limits, retention, premium, and numerous contractual provisions—clearly establishing a reinsurance treaty rather than an ancillary amendment. Therefore it is a reinsurance agreement and a main contract.

The contract transfers the entire property portfolio of the ceding insurer (all policies classified as Property business) to the reinsurer, which is characteristic of an obligatory treaty rather than a facultative arrangement.

The contract specifies an “Excess of Loss” structure, which is a classic non‑proportional reinsurance form.

The underlying insurance is Property, which falls under Non‑Life insurance.

Accordingly, the class of business is Property insurance.",True,True,True,non-proportional,Non-Life,Property
2021-1069996-0001069996-21-000098-exhibit104.htm,"The document is an “Excess Catastrophe Reinsurance Contract”. It contains the full terms, schedule, definitions, exclusions, retention/limits, premium, and signatures – i.e., the complete reinsurance treaty between the cedent insurers (FedNat, Monarch, Maison) and the subscribing reinsurers. Therefore it is a reinsurance agreement (not an insurance policy, letter of credit, etc.) and it is the primary contract rather than a mere amendment. The contract provides excess‑of‑loss coverage (the reinsurer assumes liability only above the cedent’s retention) which is a classic non‑proportional arrangement. The underlying insurance portfolio is described as “Property business” (dwelling fire, inland marine, mobile home, commercial and homeowners). This places the contract in the Non‑Life insurance category, specifically the Property line of business. The treaty is a treaty‑type arrangement that obligates the cedent to cede the excess catastrophe risk, making it an obligatory reinsurance treaty.",True,True,True,non-proportional,Non-Life,Property
2021-1069996-0001069996-21-000098-exhibit105.htm,"The document is a full reinsurance contract titled “PROPERTY AGGREGATE EXCESS OF LOSS REINSURANCE CONTRACT”. It sets out the terms, coverage, premium, limits, termination, and other core provisions, which are characteristic of a main reinsurance agreement rather than an ancillary amendment. The contract covers property business, which is a non‑life line, and it provides excess‑of‑loss coverage – a classic non‑proportional reinsurance structure. Because it is a treaty‑type arrangement covering an entire portfolio of policies and not a facultative or single‑named‑insured contract, it is an obligatory reinsurance treaty. Consequently, the classification is:

- **Reinsurance**: Yes  
- **Main contract**: Yes (the document itself is the primary contract)  
- **Obligatory**: Yes (treaty‑type, covering all insureds in the portfolio)  
- **Proportional / Non‑proportional**: Non‑proportional (excess‑of‑loss)  
- **Insurance type**: Non‑Life (property)  
- **Class of business**: Property",True,True,True,non-proportional,Non-Life,Property
2021-1549922-0001564590-21-025535-smlp-ex101_79.htm,"The document is a credit agreement (CREDIT AGREEMENT) that sets out loan facilities, term loans, revolving credit, letters of credit, and related borrowing arrangements for Summit Permian Transmission, LLC. It contains definitions, commitments, borrowing procedures, collateral, and default provisions typical of a syndicated loan agreement. There is no reference to reinsurance, retrocession, loss portfolio transfers, catastrophe bonds, or any other risk‑transfer contracts that would constitute a reinsurance agreement. Consequently, the document does not meet any of the criteria for a reinsurance contract.",False,,,,,
2021-1400810-0001564590-21-042128-hci-ex1044_474.htm,"The document is titled “EXCESS OF LOSS REINSURANCE CONTRACT” and contains a full set of reinsurance terms, definitions, retention and limit, premium, termination, territory, exclusions, and many other clauses typical of a reinsurance treaty. It is an agreement between the ceding insurer (TypTap Insurance Company / Homeowners Choice Property & Casualty Insurance Company) and the subscribing reinsurer(s). This meets the definition of a reinsurance agreement and is not merely an amendment or endorsement. Consequently it is a main contract.

The contract is a treaty (excess‑of‑loss treaty) that obligates the reinsurer to assume liability above a specified retention for all loss occurrences within the described property portfolio. As a treaty it is an obligatory reinsurance agreement (not a facultative contract).

The structure of the coverage is “Excess of Loss”, which is a classic non‑proportional form of reinsurance. The underlying risks are property perils (homeowners, condominium, renters, dwelling), which are non‑life insurance lines. Therefore the insurance type is Non‑Life and the class of business is Property.",True,True,True,non-proportional,Non-Life,Property
2021-1400810-0001564590-21-042128-hci-ex10123_1265.htm,"The document is titled “MULTI‑YEAR NON‑FLORIDA PROPERTY CATASTROPHE EXCESS OF LOSS REINSURANCE CONTRACT” and contains the full terms, articles, definitions, and signatures of both the cedent (TYPTAP Insurance Company) and the reinsurer. It therefore constitutes a full reinsurance treaty rather than an ancillary amendment. The contract specifies an excess‑of‑loss structure (retention and limit per loss occurrence, aggregate limits, etc.), which is a classic non‑proportional reinsurance form. The underlying exposure is property catastrophe risk, which is a non‑life line of business. The treaty appears to be an obligatory arrangement (no facultative language, coverage over the whole portfolio of the cedent’s property policies), so it is an obligatory reinsurance contract.",True,True,True,non-proportional,Non-Life,Property
2021-1069996-0001069996-21-000138-exhibit1025q321.htm,"The document is a full **Excess of Loss Reinsurance Contract** for “Non‑Florida Property Catastrophe” covering property business (dwelling fire, inland marine, commercial and homeowners). It contains the principal terms, schedule, definitions, retention, limits, premiums, and all contractual provisions – i.e., it is the main reinsurance treaty rather than an amendment or endorsement.  
Because it transfers the company’s entire non‑Florida property portfolio to the reinsurer on a per‑occurrence basis, it functions as an **obligatory** treaty (the risk of the whole portfolio is ceded). The contract is an **non‑proportional** treaty (Excess‑of‑Loss). The underlying exposure is property, which is a **Non‑Life** line, and the class of business is **Property**.",True,True,True,non-proportional,Non-Life,Property
2021-1069996-0001069996-21-000138-exhibit1022xq321.htm,"The document is an “Excess Catastrophe Reinsurance Contract” entered into by three insurance companies (FedNat, Monarch National, Maison) and one or more subscribing reinsurers. It contains the full set of contract articles, definitions, retention and limit calculations, premium schedule, exclusions, and other standard provisions of a reinsurance treaty. Therefore it is a reinsurance agreement.

Because the document presents the entire treaty – including the schedule of limits, premium, definitions, and all operative articles – it functions as the main contract rather than a supplemental endorsement or amendment.

The treaty is a multi‑year, multi‑company excess‑of‑loss (catastrophe) treaty. Such treaties are obligatory in nature: the ceding insurers are required to place the excess layer with the reinsurer(s) and the reinsurer(s) must accept the layer under the terms of the agreement. No facultative language indicating optional acceptance is present, so the contract is classified as obligatory.

The contract provides coverage on a “excess” basis – the ceding insurer retains a specified amount and the reinsurer assumes losses in excess of that retention up to stated per‑occurrence and term limits. This is the classic definition of a non‑proportional (excess‑of‑loss) reinsurance arrangement.

The underlying business covered is described as “Property business, including Dwelling Fire, Inland Marine, Mobile Home, Commercial and Homeowners business.” These are non‑life lines of insurance.

Within the non‑life classification, the specific class of business is Property (property damage from fire, allied perils, natural catastrophes, and related business‑interruption coverage).

Hence the appropriate classifications are:

- Reinsurance: True  
- Main contract: True  
- Obligatory: True  
- Non‑proportional (excess‑of‑loss)  
- Insurance type: Non‑Life  
- Class of business: Property",True,True,True,non-proportional,Non-Life,Property
2021-1400810-0001564590-21-042128-hci-ex1041_477.htm,"The document is titled “Reinstatement Premium Protection Reinsurance Contract” and it is issued to Homeowners Choice Property & Casualty Insurance Company, Inc. The contract’s purpose (Article 1) is to indemnify the Company for the reinstatement premium obligations arising under a “Property Catastrophe Excess of Loss Reinsurance Contract,” which is a non‑proportional treaty. The contract therefore transfers risk from the insurer to the reinsurer and meets the definition of a reinsurance agreement (specifically a reinstatement premium protection contract referring to an underlying reinsurance contract). It contains the full terms and conditions of the reinsurance arrangement (premiums, coverage, termination, etc.), not merely an amendment, so it is a main contract. Because it provides premium protection for an underlying (presumably obligatory) excess‑of‑loss treaty, it is an obligatory reinsurance contract. The underlying contract is excess‑of‑loss, which is non‑proportional. The insured business consists of property lines (Homeowners, Business Owners, Condominium, Renters, Dwelling), which are non‑life insurance. Thus the class of business is Property.",True,True,True,non-proportional,Non-Life,Property
2021-1576018-0001576018-21-000163-rsaawardpriorperformancecy.htm,"The document is an Employee Service Restricted Shares Agreement and award notice describing the grant, vesting, and terms of restricted shares to an employee of SiriusPoint Ltd. It relates to internal compensation and equity awards, not to the transfer of insurance risk, reinsurance treaties, retrocession, or any of the listed reinsurance‑type contracts. Consequently, it does not meet any of the criteria for a reinsurance agreement.",False,,,,,
2021-1140536-0001564590-21-040668-wltw-ex102_100.htm,"The document is a Performance‑Based Restricted Share Unit (PRSUs) award agreement under Willis Towers Watson’s 2012 Equity Incentive Plan. It governs the grant, vesting, tax withholding, and related employee‑stock compensation matters for a company officer. The content deals exclusively with equity awards, employment terms, and confidentiality obligations. It contains no language relating to the transfer of insurance risk, reinsurance or retrocession, nor does it reference any insurance portfolio, reinsurance treaty, loss portfolio transfer, or similar risk‑transfer mechanisms. Accordingly, it does not fall within any of the categories defined as reinsurance agreements.",False,,,,,
2021-1101302-0001101302-21-000066-entg-202173xex101.htm,"The document is an amendment to a Credit and Guaranty Agreement for ENTEGRIS, Inc. It details changes to revolving loan commitments, letter of credit participation, and various financial covenants, representations, and guarantees. The content concerns corporate borrowing, credit facilities, and collateral arrangements, not the transfer of insurance risk. Therefore it does not fall under any of the listed reinsurance agreement categories.",False,,,,,
2021-1069996-0001069996-21-000138-exhibit1035xq321.htm,"The document is a full **Net Quota Share Reinsurance Agreement** between FedNat Insurance Company (the cedent) and Swiss Reinsurance America Corporation (the reinsurer). It establishes the ceding of a 20 % quota‑share of the Company’s ultimate net liability on both Property and Casualty business, sets out premiums, commissions, exclusions, termination, reporting, and dispute‑resolution provisions. This is a complete reinsurance treaty, not an amendment or ancillary endorsement.

- **Reinsurance nature**: Explicitly called a “Reinsurance Agreement” and contains all essential terms → **reinsurance**.
- **Main contract**: The entire agreement is presented (preamble, articles, signatures) → **main contract**.
- **Obligatory**: The cedent “obligates itself to cede” and the reinsurer “obligates itself to accept” a quota‑share, indicating a treaty‑type (obligatory) arrangement → **obligatory**.
- **Proportional vs non‑proportional**: A quota‑share is a classic **proportional** reinsurance structure.
- **Insurance type**: The covered business is Property and Casualty, both non‑life lines → **Non‑Life**.
- **Class of business**: The agreement primarily covers Property business (first listed) and also Casualty. According to the rule to classify according to the main type, we select **Property**.",True,True,True,proportional,Non-Life,Property
2021-1069996-0001069996-21-000138-exhibit1019xq321.htm,"The document is titled “Reinstatement Premium Protection Reinsurance Contract” and sets out a contract by which the Reinsurer indemnifies the Company for 100 % of any reinstatement premium it pays under an underlying “Sixth Layer Excess Catastrophe Reinsurance Contract”. This fits the definition of a reinsurance agreement (a contract that transfers risk from the insurer to a reinsurer) and specifically a “Reinstatement Premium Protection” contract that refers to an underlying reinsurance contract.

The contract establishes its own terms, coverage, premium, and conditions; it is not merely an endorsement or amendment to the underlying treaty. Therefore it is a main reinsurance contract rather than an ancillary document.

Because the underlying catastrophe treaty is a treaty‑type (obligatory) reinsurance arrangement, the reinstatement premium protection covering that treaty is considered an obligatory reinsurance contract according to the guidance (“Reinstatement Premium Protection relative to obligatory contracts”).

The protection provides a fixed 100 % reimbursement of reinstatement premium rather than a proportional share of losses. This characteristic aligns with non‑proportional reinsurance (the reinsurer’s liability is determined by a fixed percentage of premium, not by a quota‑share of loss exposure).

The underlying catastrophe contract covers property losses from catastrophic events, which is a non‑life line of business. Consequently the insurance type is “Non‑Life”.

Within the non‑life classification, the contract’s reference to an “Excess Catastrophe” layer places it in the Property class of business (property damage from fire, allied perils and natural catastrophes).  

Thus the appropriate classifications are:

- is_reinsurance: True  
- is_main_contract: True  
- is_obligatory: True  
- proportional_or_non_proportional: 'non-proportional'  
- insurance_type: 'Non-Life'  
- class_of_business: 'Property'",True,True,True,non-proportional,Non-Life,Property
2021-1140536-0001564590-21-040668-wltw-ex103_101.htm,"The document is a Performance‑Based Restricted Share Unit (PRSUs) award agreement under Willis Towers Watson’s 2012 Equity Incentive Plan. It governs the grant of equity awards to an employee, detailing vesting, performance objectives, tax withholding, and related restrictive covenants. It does not involve any transfer of insurance risk, reinsurance, retrocession, or any of the listed reinsurance contract types. Consequently, it is not a reinsurance agreement, nor does it contain any reinsurance‑related provisions.",False,,,,,
2021-1273813-0001273813-21-000014-ago-03312021x10qex104.htm,"The document describes a “Performance Retention Award” granted to a non‑executive employee of Assured Guaranty Ltd. under the company’s Long‑Term Incentive Plan. It outlines vesting periods, payment calculations, and conditions related to death, disability, termination, etc. This is an executive compensation arrangement, not an agreement that transfers insurance risk or reinsurance coverage. Consequently, it does not meet any of the criteria for a reinsurance agreement, nor does it constitute a main or ancillary reinsurance contract.",False,,,,,
2021-1479094-0001479094-21-000027-ex101-npajuly2021.htm,"The document is a “Note Purchase Agreement” and related guaranty agreements for the issuance of senior guaranteed notes by STAG Industrial Operating Partnership, L.P. It governs the sale and purchase of debt securities, includes detailed corporate and financial covenants, and contains no provisions transferring insurance risk or providing reinsurance coverage. Therefore, it does not meet the criteria for a reinsurance agreement.",False,,,,,
2021-884887-0000884887-21-000006-a2020q4exhibit1070.htm,"The document is a “Fifth Amendment and Restatement Agreement” that amends a credit facility agreement for a loan financing the acquisition of a cruise ship. It details loan terms, guarantees, covenants, and various financial arrangements, but it does not involve any reinsurance contract, retrocession, loss portfolio transfer, catastrophe bond, or any other risk‑transfer arrangement that would be classified as reinsurance. Therefore, it is not a reinsurance agreement.",False,,,,,
2021-1691421-0001691421-21-000081-lmnd-20210630xxex104xadden.htm,"The document is an addendum that amends a “WHOLE ACCOUNT QUOTA SHARE REINSURANCE CONTRACT”. It clearly relates to a reinsurance arrangement (quota‑share, whole‑account) and therefore is a reinsurance agreement. The addendum itself is an ancillary amendment rather than the original contract, so it does not constitute a main contract. The underlying quota‑share contract transfers risk for the entire portfolio of the cedent, which is an obligatory form of reinsurance. Quota‑share is a proportional reinsurance structure. The coverage described (personal property, personal liability, auto, pet) pertains to non‑life lines of business. The principal type of coverage is property‑related, so the class of business is classified as Property.",True,False,True,proportional,Non-Life,Property
2021-1513761-0001558370-21-010944-nclh-20210630xex10d9.htm,"The document is an **Amendment and Restatement Agreement** amending a **facility loan** (credit agreement) for financing the construction of a cruise ship. It details loan terms, covenants, interest, drawdown procedures, and security arrangements. There is no transfer of insurance risk, no reinsurance treaty, nor any of the listed reinsurance contract types. Therefore it is not a reinsurance agreement.",False,,,,,
2021-701869-0000701869-21-000041-ihc2q2021_ex10z15.htm,"The document is a Stock Purchase Agreement governing the purchase and sale of corporate shares, along with related corporate transaction provisions. It does not involve any transfer of insurance risk, reinsurance terms, or any of the contract types listed as reinsurance agreements. Therefore it is not a reinsurance contract, nor does it contain any ancillary reinsurance provisions.",False,,,,,
2021-1069996-0001069996-21-000138-exhibit1020xq321.htm,"The document is a full reinsurance contract titled “Sixth Layer Excess Catastrophe Reinsurance Contract” between FedNat Insurance Company, Monarch National Insurance Company, Maison Insurance Company and the subscribing reinsurers. It contains all essential terms (retention, limits, premium, territory, exclusions, definitions, etc.) and is not merely an endorsement or amendment. Therefore it is a reinsurance agreement and constitutes the main contract.

The contract provides an excess‑of‑loss (catastrophe) layer, i.e., the reinsurer pays losses in excess of the cedent’s retention up to a per‑occurrence and term limit. This is a classic non‑proportional structure.

The underlying business being reinsured is explicitly described as “Property business” (dwelling fire, inland marine, mobile home, commercial and homeowners). Hence the insurance type is Non‑Life and the class of business is Property.

The contract references mandatory layers (e.g., the Florida Hurricane Catastrophe Fund) and obligates the cedent to retain a specified amount, indicating that the agreement is part of the cedent’s obligatory reinsurance program.",True,True,True,non-proportional,Non-Life,Property
2021-95552-0001564590-21-024016-sup-ex101_508.htm,"The document is a Fifth Amendment to a Credit Agreement that modifies revolving loan commitments, refinancing terms, and related financial covenants for Superior Industries International, Inc. It concerns loan facilities, credit extensions, and corporate financing structures—not the transfer of insurance risk. Therefore it does not fall under any of the defined categories of reinsurance agreements.",False,,,,,
2021-1412100-0001412100-21-000017-maidennovationagreemente.htm,"The document is a **Novation Agreement** that transfers the obligations of an **Asset Management Agreement** from All Insurance Management Limited to AMTRUST Financial Services, Inc. The parties involved include Maiden Reinsurance Ltd, but the agreement itself is purely an assignment of a management contract, not a reinsurance treaty, retrocession, loss‑portfolio transfer, or any other form of risk‑transfer contract listed in the reinsurance definition. Consequently, the document does **not** establish a reinsurance relationship nor modify an existing reinsurance agreement. Therefore it is not a reinsurance agreement, nor does it constitute a main or obligatory reinsurance contract, nor contain proportional or non‑proportional terms, insurance type, or class of business.",False,,,,,
2021-1039828-0001039828-21-000088-a2021-09x30ex104.htm,"The document is a Separation Agreement, Waiver and General Release between an insurance company and a former employee. It governs termination of employment, severance payments, confidentiality, and non‑competition covenants. It does not involve the transfer of insurance risk, reinsurance treaty terms, retrocession, or any of the contract types listed as reinsurance agreements. Therefore it is not a reinsurance agreement, nor does it constitute a main reinsurance contract, an obligatory reinsurance contract, or any reinsurance‑specific classification.",False,,,,,
2021-1069996-0001069996-21-000138-exhibit104xq321.htm,"The document is an “Excess Catastrophe Reinsurance Contract” that transfers excess liability from the cedent (FedNat Insurance Company and related entities) to subscribing reinsurers. It contains the full terms, definitions, schedule of layers, exclusions, premiums, and other contractual provisions, indicating it is a primary reinsurance treaty rather than a simple amendment or endorsement. Therefore it qualifies as a reinsurance agreement and as the main contract.  
The treaty covers a broad property portfolio (dwelling fire, inland marine, commercial and homeowners) on a non‑proportional basis (excess of loss), which is characteristic of an obligatory, treaty‑type reinsurance arrangement.  
The underlying insurance is Property (a Non‑Life line). Hence the appropriate classifications are:

- **is_reinsurance**: True  
- **is_main_contract**: True (the document itself is the main reinsurance treaty)  
- **is_obligatory**: True (obligatory treaty)  
- **proportional_or_non_proportional**: non-proportional (excess catastrophe)  
- **insurance_type**: Non‑Life  
- **class_of_business**: Property",True,True,True,non-proportional,Non-Life,Property
2021-1459417-0001459417-21-000014-exhibit1022u-incrementaljo.htm,"The document is a Joinder Agreement that amends a Term Loan Credit and Guaranty Agreement by adding incremental term loan commitments from new lenders. It governs borrowing, repayment, and other loan-related terms for a corporate borrower (2U, Inc.). The content pertains to a credit facility and loan financing, with no reference to risk transfer, reinsurance, retrocession, or any insurance-related coverage. Consequently, it does not meet any of the criteria for a reinsurance agreement.",False,,,,,
2021-315293-0001628280-21-008451-a103transitionandseparatio.htm,"The document is a Transition and Separation Agreement between Aon Corporation and an executive. It outlines employment continuation, compensation, restrictive covenants, and release of claims. It does not involve any transfer of insurance risk, reinsurance, retrocession, or similar arrangements. Therefore it is not a reinsurance agreement, nor does it contain any reinsurance contractual terms. Consequently, all reinsurance‑specific classifications are not applicable.",False,,,,,
2021-1513761-0001558370-21-010944-nclh-20210630xex10d6.htm,"The document is an amendment and restatement agreement for a term loan facility used to finance the construction of a cruise ship. It details loan terms, conditions, covenants, and the involvement of lenders, a facility agent, and a security trustee. Although it references SACE insurance policies, the primary purpose is a financing arrangement, not a reinsurance contract. Therefore this document does not meet the criteria for a reinsurance agreement.",False,,,,,
2021-1304280-0001304280-21-000050-q2fy22ex101ablamendmentno8.htm,"The document is an amendment (Amendment No. 8) to a “Second Amended and Restated Credit Agreement” for Novelis Inc. and its affiliates. It outlines changes to borrowing terms, loan commitments, security arrangements, and related covenants. This is a banking loan and credit facility amendment, not an insurance or reinsurance contract. The content does not involve any transfer of insurance risk, reinsurance terms, retrocession, loss portfolio transfers, or any of the reinsurance categories listed. Consequently, it is not classified as a reinsurance agreement.",False,,,,,
2021-912767-0001558370-21-002324-ufpi-20201226xex10dk.htm,"The document consists of a series of senior notes (Series E, F, G) issued by UFP Industries under a shelf agreement. The notes promise to pay principal and interest to various insurance companies (e.g., Prudential Term Reinsurance Company, Farmers Insurance Exchange). This is a debt financing instrument, not an agreement that transfers insurance risk from the insurer to a reinsurer. Accordingly, it does not meet the definition of a reinsurance agreement or any of its ancillary forms.",False,,,,,
2021-1318605-0001564590-21-004599-tsla-ex1044_13.htm,"The document is a “First Amendment to Amended and Restated ABL Credit Agreement” that amends a revolving credit facility between Tesla, Inc. (and its subsidiaries) and a group of lenders. It details loan commitments, security arrangements, covenants, and amendments to the credit agreement. There is no transfer of insurance risk, no reinsurance treaty, retrocession, loss‑portfolio transfer, catastrophe bond, or any other contract that fulfills the definition of a reinsurance agreement. Therefore it is not a reinsurance document.",False,,,,,
2021-1069996-0001069996-21-000138-exhibit1012xq321.htm,"The document is titled “Reinstatement Premium Protection Reinsurance Contract” and contains full contractual terms, articles, schedules, and signatures. It explicitly states that the reinsurer will indemnify the company for 100 % of reinstatement premiums arising from the “Third Excess Layer of the Company's Excess Catastrophe Reinsurance Contract”. This is a standalone reinsurance agreement (not merely an amendment or endorsement) that transfers risk from the insurer to the reinsurer. Therefore:

* **Reinsurance** – Yes, it is a reinsurance (or reinstatement premium protection) agreement.
* **Main contract** – The document includes all principal terms, schedules, and execution signatures, indicating it is the primary contract rather than an ancillary amendment.
* **Obligatory** – The contract obligates the reinsurer to cover reinstatement premiums for all loss occurrences covered under the underlying excess‑of‑loss catastrophe layer, i.e., it transfers risk for an entire portfolio rather than a single named insured; this matches the definition of an obligatory reinsurance contract.
* **Proportional vs. non‑proportional** – The underlying “Excess Catastrophe Reinsurance Contract” is an excess‑of‑loss (non‑proportional) structure. The reinstatement premium protection is tied to that excess layer, so the contract is classified as non‑proportional.
* **Insurance type** – Catastrophe reinsurance relates to property/casualty risks, thus it is Non‑Life insurance.
* **Class of business** – The underlying excess catastrophe layer covers property damage from natural catastrophes, so the appropriate class is Property.",True,True,True,non-proportional,Non-Life,Property
2021-1459417-0001459417-21-000014-exhibit1012u-firstamendmen.htm,"The document is a First Amendment to a Term Loan Credit and Guaranty Agreement involving the borrower 2U, Inc., its guarantors, the administrative agent, and a list of lenders. It amends a credit agreement, defines loan amounts, and sets forth covenants, conditions precedent, and other loan‑related provisions. The content pertains to a corporate loan facility, not to any insurance, reinsurance, retrocession, or risk transfer arrangement. Consequently, the document does not meet any of the criteria defining a reinsurance agreement or ancillary reinsurance modification.",False,,,,,
2021-1052752-0001564590-21-008446-gty-ex1040_413.htm,"The document is an exhibit of a “Fifth Amended and Restated Note Purchase and Guarantee Agreement” relating to the issuance of senior notes (bond-like securities) by Getty Realty Corp. It details the terms of the debt issuance, guarantees, covenants, and other financing‑related provisions. There is no reference to an insurance or reinsurance contract, nor to any risk transfer of insurance liabilities. The content is purely a financing/borrower‑lender agreement rather than a reinsurance agreement. Consequently it does not meet any of the criteria for a reinsurance contract.",False,,,,,
2021-1069996-0001069996-21-000138-exhibit109xq321.htm,"The document is a full reinsurance treaty titled “Sixth Layer Excess Catastrophe Reinsurance Contract” between FedNat Insurance Company (the cedent) and multiple subscribing reinsurers. It sets out the terms, coverage layers, retention, limits, definitions, exclusions, premium calculations, and other contractual provisions typical of a reinsurance agreement. The contract includes all principal terms of the reinsurance relationship, making it a main contract rather than an ancillary amendment. The coverage is provided on an excess (layered) basis, which is a classic non‑proportional structure. The underlying business is Property (dwelling fire, inland marine, mobile home, commercial and homeowners), thus the insurance type is Non‑Life. The treaty is a multi‑layer, treaty‑type arrangement covering the cedent’s entire property portfolio, which is an obligatory (obligatory treaty) reinsurance contract.",True,True,True,non-proportional,Non-Life,Property
2021-1400810-0001564590-21-042128-hci-ex1033_471.htm,"The document is a full **Reinstatement Premium Protection Reinsurance Contract** issued to Homeowners Choice Property & Casualty Insurance Company. It sets out the terms under which the reinsurer will pay the reinstatement premium obligations arising from a **Property Catastrophe Excess of Loss** underlying contract. The contract includes all principal articles (preamble, coverage, term, premium, definitions, etc.) and therefore represents the entire reinsurance agreement rather than a simple amendment.  

Because it provides protection for the reinstatement premium of an underlying reinsurance treaty that covers the insurer’s entire property catastrophe portfolio, it functions as an **obligatory** type of reinsurance (i.e., the underlying contract transfers risk for the whole portfolio, and this protection is tied to that obligation).  

The underlying contract is an **Excess of Loss** arrangement, which is a classic non‑proportional reinsurance structure. Consequently, this reinstatement premium protection also follows a non‑proportional approach (it relates to specific excess‑of‑loss layers).  

The covered business is property‑related (homeowners, business owners, condominium, renters, dwelling), placing it in the **Non‑Life** insurance sector, specifically the **Property** class of business.  

Thus, the document is a reinsurance agreement, it is the main contract, it is obligatory, it is non‑proportional, pertains to Non‑Life insurance, and the class of business is Property.",True,True,True,non-proportional,Non-Life,Property
2021-1787640-0001628280-21-016859-convey-2021amendmentno3tof.htm,,,,,,,
2021-1513761-0001558370-21-010944-nclh-20210630xex10d2.htm,"The document is an “Amendment and Restatement Agreement” that amends a facility (loan) agreement for financing the construction of a cruise ship. It deals with borrowers, lenders, guarantees, securities, and loan terms rather than transferring insurance risk. There is no reinsurance, retrocession, or any insurance risk transfer arrangement. Therefore it is not a reinsurance agreement.",False,,,,,
2021-1801754-0001801754-21-000006-exhibit1015-fhb_treanxseco.htm,"The document is titled “SECOND AMENDED AND RESTATED CREDIT AGREEMENT” and details loan facilities, term commitments, revolving commitments, swingline commitments, interest rates, covenants, and related loan documentation. It governs the borrowing and repayment obligations of Trean Insurance Group and related entities with lenders and an administrative agent. There is no reference to reinsurance, retrocession, or any risk‑transfer contract typical of reinsurance agreements. Therefore, this document does not meet the definition of a reinsurance agreement.",False,,,,,
2021-1404912-0001404912-21-000019-ex10_4.htm,"The document is an amendment to a ""Second Amended and Restated Credit Agreement"" that governs revolving loans, letters of credit, and related loan documentation. It deals with borrowing mechanics, credit facilities, and various financial covenants, but contains no provisions that transfer insurance risk, nor does it establish any reinsurance, retrocession, or similar risk‑transfer contracts. Although the agreement defines ""Reinsurance Agreements"" for completeness, the substantive content is a loan and credit facility amendment. Therefore, the document is not a reinsurance agreement.",False,,,,,
2021-1576018-0001576018-21-000115-exhibit107vievettehenryoff.htm,"The document is an employment offer letter and a restrictive‑covenant agreement for an executive of a reinsurance company. It contains terms of employment, compensation, benefits, confidentiality, non‑competition, etc. It does **not** transfer insurance risk, describe reinsurance terms, or constitute a reinsurance treaty, retrocession, or any other risk‑transfer agreement. Therefore it is not a reinsurance contract nor an ancillary document that modifies one.",False,,,,,
2021-1576018-0001576018-21-000115-exhibit109mingzhangemploym.htm,"The document is an employment agreement for an executive of Third Point Reinsurance Limited (later SiriusPoint). It governs salary, bonuses, benefits, confidentiality, non‑competition, and termination provisions. It does not involve any transfer of insurance risk, reinsurance terms, retrocession, loss portfolio transfer, or any other reinsurance‑related arrangement. Therefore it is not a reinsurance contract or any ancillary modification of a reinsurance agreement.",False,,,,,
2021-1809104-0001564590-21-056586-alit-ex1013_10.htm,"The document is an amendment to a credit agreement and details loan structures, commitments, and administrative provisions. It pertains to a financing arrangement, not an insurance or reinsurance contract. Therefore it does not meet any of the criteria for reinsurance agreements.",False,,,,,
2021-1069996-0001069996-21-000138-exhibit1033xq321.htm,"The document is titled **“Non‑Florida Reinstatement Premium Protection Reinsurance Contract”** and explicitly states that the Reinsurer will indemnify the Company for 100 % of any reinstatement premium it pays under an underlying **Non‑Florida Property Catastrophe Excess of Loss Reinsurance Contract**.  

* The contract is a **reinsurance agreement** (it provides risk transfer from the insurer to a reinsurer).  
* It contains all principal terms (coverage, premium, termination, etc.) and is not merely an amendment or endorsement, therefore it is a **main contract**.  
* The underlying excess‑of‑loss treaty is a standard treaty (obligatory) and the premium‑protection contract is attached to that treaty, so it is an **obligatory** reinsurance agreement.  
* The underlying treaty is **Excess of Loss**, a non‑proportional structure, and the premium‑protection contract follows the same risk‑transfer logic; there is no proportional sharing of losses. Hence the contract is **non‑proportional**.  
* The covered risk is property catastrophe, which is a **Non‑Life** line of business.  
* Within the Non‑Life classification, the exposure is Property (catastrophe property damage), so the class of business is **Property**.  

Overall, the document meets the criteria for a reinsurance agreement, is a main and obligatory contract, non‑proportional, covering Non‑Life property business.",True,True,True,non-proportional,Non-Life,Property
2021-1603756-0001603756-21-000058-a03312021-exhibit101.htm,"The document is a share purchase agreement for the sale of the entire issued share capital of Contura Limited between Contura Holdings Limited (Vendor) and Axonics Modulation Technologies (Purchaser). It details the terms of the transaction, consideration, completion accounts, milestone payments, warranties, tax covenants, escrow arrangements, and related contractual provisions. The content pertains to a corporate acquisition and does not involve any reinsurance, retrocession, loss portfolio transfer, or any insurance risk transfer arrangement. Therefore it is not a reinsurance agreement, nor an ancillary amendment to one. Consequently, all reinsurance‑specific classification fields are not applicable.",False,,,,,
2021-1368757-0001564590-21-054857-ck1368757-ex101_236.htm,"The document is a “First Amended and Restated Credit Agreement” for GTJ REIT, detailing revolving credit facilities, term loans, swing loans, letters of credit, and extensive loan covenants. It governs the borrowing and lending relationship between the Borrower and multiple lenders, and contains definitions, interest calculations, collateral, and default provisions. There is no reference to insurance, reinsurance, retrocession, loss portfolio transfers, catastrophe bonds, insurance pooling, or any risk‑transfer contract typical of reinsurance agreements. Consequently, this document is a financing/credit agreement, not a reinsurance contract.",False,,,,,
2021-1363829-0001363829-21-000024-enstar-2019lcfacilitynab_s.htm,"The document is a “Third Amendment to Letter of Credit Facility Agreement.” It amends a credit agreement that governs the issuance of syndicated letters of credit. Letters of credit and their amendments are credit instruments, not reinsurance contracts. According to the provided classification rules, letters of credit (and amendments thereto) are explicitly listed among the documents that are **not** considered reinsurance agreements. Consequently, the document does not meet any of the criteria for a reinsurance, retrocession, or related risk‑transfer agreement.",False,,,,,
2021-886982-0001193125-21-049380-d39654dex1042.htm,"The document is a **Year‑End RSU Award Agreement** for an employee of Goldman Sachs. It describes the grant, vesting, delivery, transfer restrictions, forfeiture, and tax treatment of restricted stock units under the company's stock incentive plan. This is a compensation arrangement, not a contract that transfers insurance risk. Therefore it does not meet any of the criteria for a reinsurance agreement, nor does it contain the characteristics of a main reinsurance contract, an obligatory reinsurance contract, or any proportional/non‑proportional reinsurance classification. Consequently, all insurance‑related classification fields are not applicable.",False,,,,,
2021-740260-0000740260-21-000048-vtr-ex103_123120.htm,"The provided document is an amendment to a Credit and Guaranty Agreement establishing a term loan facility for Ventas Realty, Limited Partnership. It discusses loan commitments, borrowing, interest rates, and repayment terms, and contains no language related to insurance or risk transfer between insurers or reinsurers. Therefore it does not meet any of the criteria for a reinsurance agreement, nor does it contain any reinsurance‐type provisions. As a result, all reinsurance‑specific classification fields are not applicable.",False,,,,,
2021-898174-0000898174-21-000016-ex1062021q110-q.htm,"The document is a Restricted Share Unit (RSU) agreement under the company’s flexible stock plan. It governs the grant, vesting, and payout of equity compensation to an employee. There is no transfer of insurance risk, no reinsurance or retrocession arrangement, and the agreement does not relate to any insurance portfolio. Therefore it is not a reinsurance agreement.",False,,,,,
2021-1095073-0001095073-21-000035-exhibit101.htm,"The document is a committed letter of credit facility agreement between Citibank Europe plc and Everest Reinsurance (Bermuda) Limited. It governs the issuance and terms of letters of credit, credit limits, collateral, and related banking arrangements. Although it references “Insurance Letters of Credit – Master Agreement,” the substance of the document is a banking credit facility, not a reinsurance contract that transfers insurance risk. According to the provided classification rules, letters of credit and credit facilities are excluded from the list of reinsurance agreements. Therefore the document is not a reinsurance agreement.",False,,,,,
2021-1844744-0001564590-21-056437-alit-ex1013_80.htm,"The provided document is an amendment to a credit agreement (a loan and credit facility arrangement) between Tempo Acquisition, LLC, its affiliates, and various lenders. It details modifications to loan terms, credit extensions, and related financial covenants. This document pertains to a financial credit agreement, not to any reinsurance, retrocession, or insurance-related contract.

Since it is not a reinsurance agreement, all reinsurance-specific classifications are not applicable.",False,,,,,
2021-1463913-0001437749-21-003666-ex_226181.htm,"The document is titled **“Assumption Reinsurance Agreement”** and sets out the transfer, assignment and cession of all policy liabilities for a portfolio of South Dakota policies from American Life & Security Corp. to Dakota Capital Life Insurance Company.  
The agreement establishes the reinsurance relationship, defines the parties, outlines the business assumed (100 % of the policy liabilities), and contains the full set of terms, conditions, representations, warranties and indemnifications. This is therefore a **full reinsurance contract**, not merely an endorsement or amendment.

Because the contract transfers the entire risk of the identified portfolio (100 % of the liabilities) and requires the cedent to cede those liabilities, it functions as an **obligatory** reinsurance arrangement.

The contract does not describe an excess‑of‑loss or stop‑loss structure; rather it transfers the whole risk, which aligns with a **proportional** arrangement (the reinsurer assumes the full share of the risks). No hybrid sections are identified.

Both parties are life insurers and the policies being transferred are life insurance policies (no evidence of property or casualty coverage). Thus the **insurance type** is **Life**. Within Life, the policies appear to be standard life contracts rather than longevity or health‑related products, so the appropriate **class of business** is **Mortality**.",True,True,True,proportional,Life,Mortality
2021-1455863-0001628280-21-016072-ex103-thirdamendmentto2018.htm,"The document is a “Third Amendment to Note and Guaranty Agreement” concerning the issuance of notes by Americold Realty Operating Partnership and related entities. It deals with corporate financing, capital structure, collateral, and restrictions on payments, but it does not involve the transfer of insurance risk from a cedent to a reinsurer. The content is unrelated to reinsurance, retrocession, loss portfolio transfers, or any of the listed reinsurance‑type agreements. Therefore it is not a reinsurance contract.",False,,,,,
2021-1576018-0001576018-21-000115-exhibit106rachaelduganoffe.htm,"The document consists of an employment offer letter and a restrictive‑covenant agreement for an executive of Third Point Reinsurance Ltd. It outlines salary, bonuses, benefits, and covenants but contains no terms that transfer insurance risk, specify reinsurance or retrocession arrangements, or otherwise constitute a reinsurance contract. Consequently it does not meet any of the criteria listed for reinsurance agreements. Because it is not a reinsurance contract, it is not a main reinsurance contract, nor is it an obligatory reinsurance agreement, and there is no proportional or non‑proportional structure, insurance type, or class of business applicable.",False,,,,,
2021-354190-0001564590-21-004555-ajg-ex1015_15.htm,"The document is the text of Arthur J. Gallagher & Co.’s “Supplemental Savings and Thrift Plan,” an employee deferred‑compensation retirement plan. It describes the plan’s purpose, definitions, participation rules, deferral elections, vesting, payments, and administration under ERISA and Section 409A of the Internal Revenue Code. The content is entirely about employee benefits and does not involve any transfer of insurance risk, reinsuring of underlying insurance contracts, or any of the categories of documents listed as reinsurance agreements. Consequently, it is not a reinsurance contract, nor an ancillary amendment to one.",False,,,,,
2021-1069996-0001069996-21-000138-exhibit1029xq321.htm,"The document is an Excess of Loss reinsurance contract entered into by FedNat Insurance Company (“the Company”) and a subscribing reinsurer. It contains the full terms, conditions, schedule, definitions, and execution signatures, indicating it is the primary agreement rather than an amendment or endorsement. The contract transfers the excess liability of the Company’s property catastrophe portfolio to the reinsurer, which is a classic non‑proportional (excess of loss) treaty. As a treaty covering all specified property business, it is an obligatory reinsurance arrangement. The underlying insurance is property (non‑life) and the class of business is Property.",True,True,True,non-proportional,Non-Life,Property
2021-1400810-0001564590-21-042128-hci-ex10113_487.htm,"The document is a full “Property Catastrophe First Excess of Loss Reinsurance Contract” issued between Homeowners Choice Property & Casualty Insurance Company and one or more subscribing reinsurers. It contains all principal terms of the reinsurance agreement (business covered, retention and limit, term, premium, definitions, etc.) and therefore constitutes a main reinsurance contract rather than an ancillary amendment. The contract provides excess‑of‑loss coverage, which is a classic non‑proportional reinsurance structure. The covered risks are property perils (homeowners, business owners, condo owners, etc.), so the insurance type is Non‑Life and the class of business is Property. Since the treaty covers the ceding insurer’s entire portfolio of property lines and is not a facultative single‑risk placement, it functions as an obligatory reinsurance agreement.",True,True,True,non-proportional,Non-Life,Property
2021-1069996-0001069996-21-000138-exhibit102xq321.htm,"The document is an “Excess Catastrophe Reinsurance Contract” entered into between FedNat Insurance Company (and related entities) and one or more subscribing reinsurers. The text contains all typical sections of a full reinsurance treaty (articles on definitions, retention, limits, reinstatement, premiums, exclusions, arbitration, etc.) and a Schedule A with the layers of coverage. This meets the definition of a reinsurance agreement and represents the primary contract rather than a simple amendment or endorsement, so it is a main contract.

The contract is a treaty covering the excess of loss (catastrophe) layer of the cedent’s property portfolio. Excess‑of‑loss treaties are non‑proportional reinsurance. The underlying exposure is property (dwelling fire, inland marine, commercial homeowners, etc.), which is a non‑life line. Therefore the classification is Non‑Life and the class of business is Property.

Because the agreement transfers risk from the ceding insurer to the reinsurer on an obligatory basis (it is a treaty, not a facultative contract), it is considered an obligatory reinsurance arrangement.

Thus:
- Reinsurance: True
- Main contract: True
- Obligatory: True
- Non‑proportional
- Insurance type: Non‑Life
- Class of business: Property",True,True,True,non-proportional,Non-Life,Property
2021-1296435-0001296435-21-000062-ex102gablamendment.htm,"The document is a “Fourth Amendment to Fourth Amended and Restated Credit Agreement” for Neenah Inc. It amends a credit agreement, modifies loan terms, outlines borrowing bases, and addresses loan‑related covenants, guarantees, and collateral. The content pertains to corporate financing, loan facilities, and credit arrangements—not to the transfer or sharing of insurance risk. Consequently, it does not meet any of the criteria for a reinsurance, retrocession, or other reinsurance‑type agreements listed. Therefore, it is not a reinsurance contract and none of the subsequent classification fields apply.",False,,,,,
2021-1400810-0001564590-21-042128-hci-ex1031_470.htm,"The document is titled “Property Catastrophe First Excess of Loss Reinsurance Contract” and contains a full set of contract terms, definitions, retention and limit provisions, premium, reinstatement, and numerous annexes. It is a treaty that transfers the net excess liability of the cedent’s property portfolio to the reinsurer on a per‑loss basis (excess of loss). This meets the definition of a reinsurance agreement and, because it is the complete contract (not merely an amendment or endorsement), it is a main contract. The contract is a treaty rather than a facultative arrangement, therefore it is an obligatory reinsurance contract. The risk transfer is on an excess‑of‑loss basis, which is a classic non‑proportional structure. The underlying insurance is property (homeowners, commercial property, etc.), which falls under non‑life insurance. Accordingly, the class of business is Property.",True,True,True,non-proportional,Non-Life,Property
2021-945394-0000945394-21-000035-exhibit102-fourthamendment.htm,"The document provided is a “Fourth Amendment to Second Amended and Restated Credit Agreement” involving a real‑estate investment trust (SERVICE PROPERTIES TRUST). It amends a credit agreement, outlines loan commitments, revolving facilities, term loans, letters of credit, and related covenants. The content pertains to banking, loan facilities, and real‑estate financing rather than any form of insurance or reinsurance. Consequently, it does not meet any of the criteria for a reinsurance agreement (e.g., reinsurance treaties, retrocession, loss portfolio transfers, etc.). As it is not a reinsurance contract, the fields for reinsurance classification and related attributes are all set to null.",False,,,,,
2021-1069996-0001069996-21-000138-exhibit1017xq321.htm,"The document is titled **“Excess Catastrophe Reinsurance Contract”** and contains the full set of contractual provisions (definitions, coverage scope, retention, limits, premium, exclusions, arbitration, etc.). It is therefore a reinsurance agreement rather than a direct insurance policy or ancillary endorsement.

It sets out the principal terms of the reinsurance arrangement (coverage layers, retention, per‑occurrence and term limits, premium calculations, etc.) and is signed by the ceding insurers and the reinsurer, indicating that it is the main contract, not merely an amendment or endorsement.

The contract covers **all Property business** of the cedants, not a single or a few named risks, which is characteristic of an **obligatory treaty** (the ceding insurers must place the defined excess of loss coverage on the specified portfolio).  

The coverage is excess of loss (“Excess Catastrophe”), which is a classic **non‑proportional** structure.

The underlying insurance portfolio consists of **Property** lines (dwelling fire, inland marine, commercial and homeowners). Hence the insurance type is **Non‑Life** and the class of business is **Property**.",True,True,True,non-proportional,Non-Life,Property
2021-1140536-0001564590-21-052630-wltw-ex105_94.htm,"The document is a **Time‑Based Restricted Share Unit (RSU) Award Agreement** issued by Willis Towers Watson to an employee under its 2012 Equity Incentive Plan. It governs the grant, vesting, tax withholding, and administration of equity awards. The content deals exclusively with corporate equity compensation, employment‑related covenants, and tax matters. It does **not** involve any transfer of insurance risk, reinsurance, retrocession, loss‑portfolio transfer, catastrophe bonds, or any other form of risk‑transfer contract typical of reinsurance agreements. Consequently, the document does not meet any of the criteria listed for reinsurance agreements or ancillary reinsurance documents.

Therefore, the document is not a reinsurance contract, and none of the reinsurance‑specific classification fields apply.",False,,,,,
2021-1095073-0001095073-21-000017-exhibit101.htm,"The document is a **Standby Letter of Credit Agreement** between Everest Reinsurance (a reinsurance entity) and Wells Fargo Bank. It establishes a credit facility that allows the bank to issue standby letters of credit on behalf of the reinsurer. This is a financing instrument, not a contract that transfers insurance risk from the reinsurer to another party. According to the provided classification rules, letters of credit are excluded from reinsurance agreements (except for catastrophe bonds or insurance‑linked securities, which this is not). Therefore the document is **not** a reinsurance agreement.",False,,,,,
2021-1400810-0001564590-21-042128-hci-ex10117_483.htm,"The document is titled “REINSTATEMENT PREMIUM PROTECTION REINSURANCE CONTRACT (FOR FIRST EXCESS CAT)”. It establishes a contract between the cedent (Typtap Insurance Company) and a reinsurer for the purpose of covering reinstatement premium obligations arising under an underlying “Property Catastrophe First Excess of Loss Reinsurance Contract”. This is a full reinsurance agreement (not merely an amendment or endorsement) and therefore qualifies as a reinsurance contract.  
Reinstatement premium protection contracts are listed among reinsurance agreements, and when they refer to an underlying reinsurance contract they are considered obligatory if the underlying contract is obligatory. The underlying “First Excess of Loss” contract is a non‑proportional excess‑of‑loss treaty covering all the insurer’s property catastrophe portfolio, which is typically an obligatory treaty. Consequently the reinstatement premium protection contract is also obligatory.  
The underlying contract is an excess‑of‑loss (non‑proportional) arrangement; the reinstatement premium protection contract simply mirrors that risk‑transfer structure, so the contract is classified as non‑proportional.  
The covered business is property catastrophe (homeowners, condominium, renters, dwelling) – clearly a Non‑Life line. Within the Non‑Life classifications, this falls under the “Property” class of business.",True,True,True,non-proportional,Non-Life,Property
2021-1654948-0001654948-21-000009-ewb_hartmanvreitxxi-master.htm,"The document is a Master Credit Facility Agreement between a bank and real‑estate entities. It sets out the terms of a revolving loan, security interests, and related loan documentation for acquisition, refinance and operational purposes. It does not involve the transfer of insurance risk, nor does it constitute a reinsurance, retrocession, or any of the other agreements listed as reinsurance contracts. Therefore it is not a reinsurance agreement.",False,,,,,
2021-70502-0000070502-21-000062-nrufy2021form10_kex1017.htm,"The document is an amendment to an **Amended and Restated Revolving Credit Agreement** for National Rural Utilities Cooperative Finance Corporation. It concerns the extension, termination, and reduction of bank commitments, loan facilities, letters of credit, and related banking terms. The content deals with credit facilities, loan commitments, and banking arrangements rather than any transfer of insurance risk between insurers and reinsurers. It contains no language typical of reinsurance contracts (such as quota share, excess of loss, ceded premiums, or risk transfer clauses). Therefore, it does not fall under any of the categories listed as reinsurance agreements.",False,,,,,
2021-1363829-0001363829-21-000024-a21feb2021-tra.htm,"The document is a “Termination and Release Agreement” that sets out the winding‑up of the InRe fund, the return of performance fees, and various releases between the parties (Enstar, Cavello Bay Reinsurance, Hillhouse, AnglePoint, etc.). It does not contain the substantive terms of a reinsurance treaty (such as coverage, ceded premium, limits, excess‑of‑loss, quota‑share, etc.). It merely terminates and releases existing relationships. While it involves a reinsurance company (Cavello Bay Reinsurance), the agreement is an ancillary “termination” document rather than a reinsurance contract itself. According to the provided criteria, documents that merely terminate or modify existing agreements are considered reinsurance only if they modify the terms of an existing reinsurance contract. This agreement does not appear to modify a specific reinsurance treaty; it is a settlement of fund‑level relationships. Consequently, it is not classified as a reinsurance agreement.",False,,,,,
2021-1363829-0001363829-21-000096-enstar-2019lcfacilitynab_s.htm,"The document is an amendment to a Letter of Credit Facility Agreement, providing waivers and consents related to a credit facility and the issuance of letters of credit. Although the borrower is a reinsurance company (Cavello Bay Reinsurance Limited), the agreement does not transfer insurance risk nor establish a reinsurance or retrocession contract. It is a credit‑related document that amends a loan/letter‑of‑credit facility and contains covenants, definitions, and waivers concerning financial and regulatory matters. Therefore it does not meet the definition of a reinsurance agreement.",False,,,,,
2021-1069996-0001069996-21-000138-exhibit107xq321.htm,"The document is titled “Excess Catastrophe Reinsurance Contract” and contains the full terms, conditions, schedule, definitions, and execution signatures of a reinsurance agreement between FedNat Insurance Company (the ceding insurer) and one or more subscribing reinsurers. It clearly defines the classes of business being reinsured (Property business – dwelling fire, inland marine, mobile home, commercial and homeowners) and specifies retention, per‑occurrence limits, term limits, premiums, reinstatement, exclusions, and other typical treaty provisions. Therefore it is a reinsurance treaty, not an ancillary amendment. The treaty transfers excess liability (catastrophe layer) from the ceding insurer to the reinsurer, which is a non‑proportional (excess of loss) arrangement. The contract is obligatory in nature, as it obligates the reinsurer to provide coverage for the defined excess layers and the ceding insurer to pay premiums; there is no indication it is facultative. The underlying insurance is Property, which falls under Non‑Life insurance. Consequently the class of business is Property.",True,True,True,non-proportional,Non-Life,Property
2021-1400810-0001564590-21-042128-hci-ex10107_493.htm,"The document is a full “Property Catastrophe Excess of Loss Reinsurance Contract”. It sets out the terms, retention, limits, premium, reinstatement, exclusions, and all other contractual provisions typical of a reinsurance treaty. Therefore it is a reinsurance agreement. It contains the principal terms of the contract (business covered, retention and limit, term, premium, etc.) and is not merely an amendment, so it is a main contract. The contract transfers risk from the insurer (Typtap insurance company) to the reinsurer for an entire property portfolio, which is an obligatory type of reinsurance rather than a facultative one. The coverage is excess‑of‑loss, i.e., non‑proportional. The underlying insurance is property (homeowners, condominium, renters, dwelling) – a non‑life line. The class of business is Property.",True,True,True,non-proportional,Non-Life,Property
2021-1371285-0001371285-21-000041-ex1016q42020.htm,"The document is an addendum that amends a previously executed Quota Share Reinsurance Agreement. It clearly references the underlying reinsurance treaty and modifies its terms, confirming that the document pertains to a reinsurance arrangement. Because it is an amendment rather than the original contract containing the principal terms, it is an ancillary document. The underlying treaty is a quota‑share treaty, which is a proportional type of reinsurance and is typically an obligatory treaty (the reinsurer must accept the ceded risk). The parties involved (Omega General Insurance and Wyndham Insurance) are non‑life insurers, and no specific line of business is identified in the amendment; therefore the class of business cannot be determined from the text.",True,False,True,proportional,Non-Life,
2021-1513761-0001558370-21-010944-nclh-20210630xex10d3.htm,"The document is an amendment and restatement agreement for a syndicated loan facility that finances the construction of a cruise ship. It outlines the terms between a borrower (Leonardo Three Ltd.) and multiple lenders, as well as the role of SACE insurance. The content deals with loan commitments, draw‑down conditions, interest rates, security, and repayment – all characteristic of a financing arrangement, not a reinsurance contract. Therefore, it does not meet the definition of a reinsurance agreement.",False,,,,,
2021-1018164-0001018164-21-000013-ex1055-usedenginessaleagre.htm,"The document is a **Used Engines Sale Agreement** detailing the purchase and sale of aircraft engines between Engine Leasing, LLC (Seller) and Willis Lease Finance Corporation (Buyer). It outlines definitions, descriptions of the engines, purchase price, inspection, closing procedures, risk of loss, warranties, indemnities, and miscellaneous provisions. There is no transfer of insurance risk, nor does it constitute a reinsurance, retrocession, loss portfolio transfer, or any other form of risk‑transfer agreement as defined in the guidelines. Consequently, the document is a direct asset sale contract, not a reinsurance agreement.",False,,,,,
2021-1584831-0001654954-21-012095-oxbr_ex107.htm,"The document is a Share Purchase Agreement for the sale of equity securities (ordinary and preference shares) from OAC Sponsor Ltd. to Oxbridge Reinsurance Limited. It concerns the purchase of shares and the allocation of proceeds, not the transfer of insurance risk or liabilities. Therefore it does not meet the definition of a reinsurance agreement.",False,,,,,
2021-1069996-0001069996-21-000048-exhibit1032a.htm,"The document is an **Addendum** that amends the terms of an existing **Non‑Florida Property Quota Share Reinsurance Contract**. It modifies the retention and limit clause of that contract, confirming that the reinsurer will accept 100 % of the ceding company's ultimate net liability subject to a cap. Because it relates to a reinsurance treaty and amends its terms, it is a **reinsurance agreement** (specifically an ancillary amendment).

The document is not the full reinsurance contract itself but an addendum, which is an **ancillary agreement**. Therefore it does **not** constitute a main contract.

Quota‑share arrangements are standard **obligatory** proportional reinsurance treaties where the ceding insurer must cede a defined share of its business. Hence the agreement is obligatory.

Quota‑share is a classic example of **proportional** reinsurance. The underlying risk is **property** exposure (Non‑Florida Property), which falls under **Non‑Life** insurance. Accordingly, the class of business is **Property**.",True,False,True,proportional,Non-Life,Property
2021-921082-0000921082-21-000029-exhibit102purchaseandsalea.htm,"The document is a Purchase and Sale Agreement concerning the sale of real estate properties and associated mezzanine loan, involving parties such as POP entities and Highwoods Realty Limited Partnership. It outlines terms for the transfer of land, leases, and related assets, but it contains no language relating to insurance, reinsurance, retrocession, or risk transfer contracts. Therefore, it does not fall under any of the categories listed as reinsurance agreements. Consequently, it is not a reinsurance contract, nor an ancillary modification of one.",False,,,,,
2021-886982-0001193125-21-049380-d39654dex1053.htm,"The document is a “Year‑End Performance‑Based RSU Award Agreement” issued by Goldman Sachs to an employee. It governs the grant, vesting, settlement and forfeiture of performance‑based restricted stock units (RSUs). This is a compensation award and equity‑based incentive plan, not a contract that transfers insurance risk, nor does it involve reinsurance, retrocession, or any of the listed reinsurance‑related agreements. Consequently it does not meet the definition of a reinsurance agreement.",False,,,,,
2021-898174-0000898174-21-000016-ex1052021q110-q.htm,"The document is a Performance Share Unit Agreement that forms part of the Reinsurance Group of America’s executive compensation flexible stock plan. It outlines the grant of performance shares to an employee, vesting conditions, performance criteria, termination events, and related administrative provisions. Although the company name contains “Reinsurance,” the agreement pertains to equity compensation and does not involve any transfer of insurance risk, reinsurance treaty, retrocession, or any of the listed reinsurance‑related contract types. Consequently, it is not a reinsurance agreement and none of the reinsurance‑specific classifications apply.",False,,,,,
2021-1095073-0001095073-21-000025-exhibit101.htm,"The document is a “First Amendment to Standby Letter of Credit Agreement” between Everest Reinsurance (Bermuda) Ltd. and Wells Fargo Bank. It amends the terms of a standby letter of credit, which is a credit facility rather than a reinsurance or retrocession contract. According to the provided classification rules, letters of credit are explicitly listed as **NOT** being reinsurance agreements. Consequently, this document does not constitute a reinsurance agreement, nor does it establish a main reinsurance contract, nor contain the characteristics (obligatory, proportional/non‑proportional, insurance type, class of business) required for reinsurance classification.",False,,,,,
2021-1069996-0001069996-21-000138-exhibit1021xq321.htm,"The document is an “Excess Catastrophe Reinsurance Contract” between FedNat Insurance Company (the cedent) and a group of reinsurers. It sets out the terms, coverage layers, retention, limits, exclusions, reinstatement, premium, and other contractual provisions typical of a reinsurance treaty. The contract covers Property business (dwelling fire, inland marine, homeowners, etc.) and provides excess‑of‑loss coverage, which is a non‑proportional form of reinsurance. Because it is a treaty that reinsures the cedent’s entire portfolio for a defined layer, it functions as an obligatory (mandatory) reinsurance arrangement rather than a facultative one. The document contains the full terms of the agreement and is therefore the main contract rather than an ancillary endorsement.",True,True,True,non-proportional,Non-Life,Property
2021-1513761-0001558370-21-010944-nclh-20210630xex10d4.htm,"The document is an amendment and restatement of a term loan facility (Amendment and Restatement Agreement) relating to financing a cruise ship. It involves lenders, borrowers, agents, and security arrangements, but it does not transfer insurance risk, nor does it constitute a reinsurance, retrocession, or any of the listed reinsurance‑type contracts. Therefore it is a standard loan/finance agreement, not a reinsurance agreement.",False,,,,,
2021-1481832-0001481832-21-000078-preferredapartmentcommunit.htm,"The provided document is a Purchase and Sale Agreement for commercial real‑estate assets, detailing the sale of property, mezzanine loan, escrow, closing conditions, representations, warranties, and related covenants. It contains no language indicating the transfer of insurance risk, reinsurance or retrocession arrangements, nor does it reference any insurance policies or reinsurance contracts. Consequently, it does not meet any of the criteria for a reinsurance agreement as outlined.",False,,,,,
2021-5272-0001104659-21-101301-exhibit103.htm,"The document is a **Stock Purchase Agreement** between American International Group, Inc. and Argon Holdco LLC. It details the purchase of shares, representations, warranties, covenants, and closing conditions related to a corporate acquisition. Although the agreement references insurance and reinsurance matters (e.g., “Insurance Contracts,” “Reinsurance Contract”), the primary purpose and content of the document is the transfer of equity ownership, not the creation or modification of a reinsurance contract. Therefore, it does not meet the definition of a reinsurance agreement.",False,,,,,
2021-1069996-0001069996-21-000138-exhibit101xq321.htm,"The document is titled “Excess Catastrophe Reinsurance Contract” and sets out the terms between FedNat Insurance Company, Monarch National Insurance Company, Maison Insurance Company (the cedents) and the subscribing reinsurer(s).  It specifies classes of business to be reinsured, retention, per‑occurrence limits, territory, exclusions, premium, reinstatement, etc.  This is a full reinsurance treaty (not a mere endorsement or amendment) that transfers excess liability from the primary insurers to the reinsurer.  Therefore it is a reinsurance agreement and constitutes a main contract.  The contract is a treaty that obligates the cedents to cede the excess catastrophe coverage, so it is an obligatory reinsurance arrangement.  The structure is excess‑of‑loss (Excess Catastrophe), which is a classic non‑proportional arrangement.  The underlying risks are property lines (dwelling fire, inland marine, commercial and homeowners), indicating a Non‑Life insurance focus.  Consequently the class of business is Property.",True,True,True,non-proportional,Non-Life,Property
2021-84246-0001564590-21-006861-rli-ex1010_625.htm,"The document is an internal “Underwriting Profit Program Guideline” that outlines bonus eligibility, payout calculations, and employee conduct requirements. It does not create, modify, or reference any reinsurance or retrocession agreement, nor does it transfer insurance risk to another party. Therefore it is not a reinsurance contract or any ancillary reinsurance document.",False,,,,,
2021-1296435-0001296435-21-000062-ex101termloanagreement.htm,"The document provided is an amendment and restatement agreement to a term loan credit agreement between Neenah, Inc. (the Borrower) and various lenders, administered by JPMorgan Chase Bank. It details loan terms, covenants, guarantees, collateral, and related loan documentation. There is no reference to insurance, reinsurance, or any risk transfer contracts that would qualify it as a reinsurance agreement. Therefore, it does not meet any of the criteria for a reinsurance or retrocession contract, nor does it contain any main reinsurance contract language.",False,,,,,
2021-850141-0001628280-21-021919-exhbit1014.htm,"The provided document is a **Stock Purchase Agreement** governing the purchase of shares of Madison National Life Insurance Company, Inc. It contains many sections, tables of contents, and references to various ancillary agreements, including **reinsurance agreements** (e.g., “SSL Reinsurance Agreement”, “IAIC Reinsurance Agreement”). However, the **primary purpose** of this document is the transfer of equity ownership, not the creation, amendment, or termination of a reinsurance contract. The reinsurance agreements are only mentioned as annexes or ancillary documents to be delivered, but they are not the main contract itself. Therefore, the document does **not** constitute a reinsurance agreement.

Since the document is not a reinsurance contract, all downstream classification fields (main‑contract status, obligatoriness, proportionality, insurance type, and class of business) are not applicable.",False,,,,,
2021-1404912-0001404912-21-000028-ex10_2.htm,"The document is a credit agreement establishing a revolving credit facility, letters of credit, and related loan terms between Global Atlantic entities and a consortium of banks. Although the agreement defines “Reinsurance Agreements” for insurance subsidiaries, the primary purpose and content of this document is a loan/credit facility, not a reinsurance contract. Therefore it does not meet any of the criteria for a reinsurance agreement.",False,,,,,
2021-5272-0001104659-21-025742-tm211178d1_ex10-35.htm,"The document provided is an **Amended and Restated 2012 Executive Severance Plan** together with a **Release and Restrictive Covenant Agreement** for AIG executives. It sets out the terms for severance payments, benefits, and post‑employment covenants for employees. The content deals with employment termination, compensation, and internal company policies rather than any transfer of insurance risk, retrocession, or other reinsurance mechanisms. There are no provisions that transfer risk from an insurer to a reinsurer, nor does it describe a reinsurance treaty, retrocession agreement, loss portfolio transfer, catastrophe bond, or any other contract that fulfills a risk‑transfer objective typical of reinsurance. Consequently, the document does not meet any of the criteria listed for reinsurance agreements.",False,,,,,
2021-1400810-0001564590-21-042128-hci-ex10108_492.htm,"The document is an “EXCESS OF LOSS REINSURANCE CONTRACT” between TypTap Insurance Company (cedant) and Homeowners Choice Property & Casualty Insurance Company (reinsurer). It contains the full terms of the reinsurance agreement, including business covered, retention and limits, premium, reinstatement, definitions, and numerous contractual provisions. This matches the definition of a reinsurance agreement and constitutes the primary contract rather than an ancillary amendment. The contract transfers loss exposure on a per‑occurrence basis (excess of loss), which is a classic non‑proportional structure. The underlying insurance is property‑based homeowner, condo and renter coverage, which is a non‑life line of business. Accordingly, the class of business is Property.",True,True,True,non-proportional,Non-Life,Property
2021-86312-0000086312-21-000011-a1035trv2021mcmpsa.htm,"The document is a “Performance Shares Award Notification and Agreement” issued by The Travelers Companies, Inc. to an employee. It outlines grant of performance shares, vesting, settlement, non‑solicitation, confidentiality, and other employment‑related terms. There is no transfer of insurance risk, reinsurance treaty, retrocession, loss portfolio transfer, catastrophe bond, or any other risk‑transfer agreement. Therefore it does not fall under the definition of a reinsurance agreement.",False,,,,,
2021-701869-0000701869-21-000041-ihc2q2021_ex10z16.htm,"The document is a **Stock Purchase Agreement** (a corporate acquisition contract) that includes various sections and exhibits related to the transaction, including a “Reinsurance Term Sheet” (Exhibit C) and a section titled “Reinsurance”. However, the primary purpose and structure of the document is to effect the purchase and sale of shares, not to establish a reinsurance or retrocession contract. Therefore it does **not** qualify as a reinsurance agreement in itself, nor does it contain the full terms of a reinsurance treaty.",False,False,,,,
2021-1568651-0001568651-21-000008-oscr1q21ex1021.htm,"The document is an **Amendment No. 1** that modifies an existing **Quota Share Reinsurance Agreement** between Oscar Insurance Company of Florida (a life and health insurer) and AXA France Vie. The amendment changes specific articles, profit‑share formulas, commissions, and annexes, but it does not contain the full terms of a new reinsurance contract; it merely amends an existing one. Therefore it is a **reinsurance document** (it pertains to a reinsurance agreement) but it functions as an **ancillary amendment**, not a main contract.

Quota share arrangements are classic **proportional** reinsurance structures, where the reinsurer assumes a fixed percentage of the ceding company’s premiums, losses, and expenses. The ceding company is a life and health insurer, so the underlying risk is **Life** insurance (the health component is classified under the Life‑type “Health” class). The quota share likely covers the entirety of the ceding company’s portfolio, making it an **obligatory** form of reinsurance.

Thus:
- The document is a reinsurance agreement (amendment to one).  
- It is **not** the main contract itself (it is an ancillary amendment).  
- The reinsurance is **obligatory** (covers the ceding company's portfolio).  
- It is a **proportional** quota‑share treaty.  
- The insurance type is **Life**.  
- The class of business is **Health** (the Life‑type health line).",True,False,True,proportional,Life,Health
2021-1576018-0001576018-21-000026-exhibit10281scheduleofsign.htm,"The document is a “Schedule of Signatories” that lists individuals who have signed a Director and Officer Indemnification Agreement for Third Point Reinsurance Ltd. It does not contain the terms of a reinsurance contract, nor does it modify or amend an existing reinsurance agreement. It is simply an exhibit listing signatories, which is an ancillary document unrelated to the substantive reinsurance transaction. Consequently, it is not a reinsurance agreement, nor does it establish any reinsurance contract, nor convey any reinsurance‑specific characteristics such as proportionality, insurance type, or class of business.",False,,,,,
2021-1400810-0001564590-21-042128-hci-ex10114_486.htm,"The document is titled “Reinstatement Premium Protection Reinsurance Contract (FOR FIRST EXCESS CAT)” and is issued to Homeowners Choice Property & Casualty Insurance Company, Inc. Its purpose is to indemnify the ceding insurer for the reinstatement premium obligations that arise under an underlying **Property Catastrophe First Excess of Loss Reinsurance Contract**. This clearly places the document within the definition of a reinsurance agreement (specifically a Reinstatement Premium Protection contract that refers to an underlying reinsurance contract).

The contract contains all principal terms (preamble, definitions, coverage, premium, term, territory, etc.) and is not merely an amendment or endorsement to a previously existing agreement. Therefore it functions as a **main contract** rather than an ancillary document.

Because the underlying “First Excess Cat” treaty is a standard treaty (obligatory) and the reinstatement premium protection is tied to that obligatory treaty, the contract can be classified as an **obligatory** reinsurance agreement.

The underlying treaty is an excess‑of‑loss (non‑proportional) reinsurance arrangement. The reinstatement premium protection follows the same risk‑transfer logic and therefore is classified as **non‑proportional**.

The coverage relates to property catastrophe exposure, which is a **Non‑Life** line of business. Within the non‑life classification, the underlying policies are for Business Owners, Homeowners, Condominium, Renters and Dwelling – all falling under the **Property** class of business.",True,True,True,non-proportional,Non-Life,Property
2021-896159-0000896159-21-000003-cb-12312020xex1082.htm,"The document is an exhibit describing the terms of a performance‑based restricted stock award under Chubb Limited’s 2016 Long‑Term Incentive Plan. It governs executive compensation, vesting of shares, and related employment provisions. It does not involve any transfer of insurance or reinsurance risk, nor does it constitute a reinsurance treaty, retrocession, or any of the listed reinsurance‑related agreements. Consequently, it is not a reinsurance agreement.",False,,,,,
2021-1069996-0001069996-21-000048-exhibit1033.htm,"The document is a full Quota Share reinsurance contract between FedNat Insurance Company and a subscribing reinsurer. It outlines the cession of a percentage of the company's net liability for Homeowners and Dwelling Fire business in Florida, includes detailed terms on retention, limits, claims handling, commissions, reporting, and termination provisions. This is a complete reinsurance agreement, not a mere amendment or endorsement. The quota‑share structure is a classic proportional reinsurance arrangement, and the reinsurer is obligated to accept the cession, indicating an obligatory treaty. The underlying risk is property (homeowners) insurance, which falls under Non‑Life insurance and the Property class of business.",True,True,True,proportional,Non-Life,Property
2021-1069996-0001069996-21-000138-exhibit1010xq321.htm,"The document is titled “Reinstatement Premium Protection Reinsurance Contract” and contains the full set of articles, schedules, premiums and conditions that constitute a stand‑alone reinsurance agreement. It indemnifies the cedent for 100 % of reinstatement premiums arising under the “Fourth and Fifth Excess Layers of the Company’s Excess Catastrophe Reinsurance Contract.” The underlying contract is an excess‑of‑loss (catastrophe) treaty, i.e., a non‑proportional reinsurance structure. The parties are insurance companies (FedNat, Monarch, Maison) and a reinsurer, with no indication that this is merely an amendment to an existing treaty. Accordingly:

* It is a reinsurance agreement (not a direct insurance policy, letter of credit, etc.).
* It contains the principal terms of the contract, so it is the main contract rather than an ancillary endorsement.
* Because it protects reinstatement premiums on an underlying obligatory reinsurance treaty, it is an obligatory reinsurance contract.
* The risk transfer is based on excess‑of‑loss layers, therefore the contract is non‑proportional.
* The underlying catastrophe cover is for property risk (property damage from fire, natural catastrophes, etc.), classifying it as Non‑Life insurance, specifically Property business.",True,True,True,non-proportional,Non-Life,Property
2021-1061630-0001193125-21-226500-d62608dex101.htm,"The document is a “FIFTH AMENDMENT TO TERM LOAN CREDIT AGREEMENT” which amends a term loan credit agreement between Blackstone Mortgage Trust, Inc. and its lenders. It details the conversion, refinancing, and amendment of loan facilities, repayment terms, and related covenants. This is a financing‑related contract, not an insurance or reinsurance agreement. Consequently, it does not fall under any of the categories listed for reinsurance contracts.",False,,,,,
2021-1513761-0001558370-21-010944-nclh-20210630xex10d8.htm,"The document is an “Amendment and Restatement Agreement” that amends a **facility loan agreement** for the financing of a cruise ship. It details loan amounts, tranches, interest rates, drawdown procedures, security, and guarantees. There is no reference to insurance, reinsurance, retrocession, or risk transfer contracts; it is a financing (loan) contract rather than a reinsurance agreement. Therefore it is not a reinsurance document.",False,,,,,
2021-1061630-0001193125-21-135306-d122153dex101.htm,"The document is a Fourth Amendment to a Term Loan Credit Agreement for Blackstone Mortgage Trust, Inc. It outlines amendments to loan commitments, term loan facilities, covenants, and administrative arrangements. This is a credit (loan) agreement, not a reinsurance or retrocession contract, nor any of the other listed reinsurance types. Therefore it does not meet any criteria for a reinsurance agreement.",False,,,,,
2021-1257640-0001564590-21-024079-kro-ex101_450.htm,"The document is a Credit Agreement for revolving loans, letters of credit, and related banking facilities among various borrowers and lenders. It details loan terms, covenants, events of default, and other credit-related provisions. There is no transfer of insurance risk, nor any reinsurance, retrocession, or similar arrangements. Therefore, it does not fall under any of the categories of reinsurance agreements listed.",False,,,,,
2021-1538849-0001564590-21-055331-capl-ex102_82.htm,"The document is a Credit Agreement establishing revolving credit, term loan and letter‑of‑credit facilities between a borrower (CAPL JKM Partners LLC) and a group of lenders, with detailed terms on interest, covenants, collateral, and loan administration. It does not involve the transfer of insurance risk, nor does it constitute a reinsurance, retrocession, loss‑portfolio transfer, or any of the other listed reinsurance‑type agreements. Therefore, it is not a reinsurance contract and none of the subsequent reinsurance‑specific classifications apply.",False,,,,,
2021-874501-0000874501-21-000083-a02-023ambcex10x3x1q21x10q.htm,"The document is a Performance Stock Unit Agreement that grants an employee equity‑based long‑term incentive award. It concerns the issuance, vesting, and settlement of performance stock units and dividend equivalents tied to the company’s common stock. No transfer of insurance risk, reinsurance terms, or any of the contractual features that define reinsurance, retrocession, or related insurance‑linked structures are present. Consequently, the document does not meet any of the criteria for a reinsurance agreement as listed.",False,,,,,
2021-1576018-0001576018-21-000115-exhibit104christophercolem.htm,"The document is a Separation Agreement and Release governing the termination of employment of an executive of Third Point Reinsurance Ltd. It details severance payments, benefit continuations, waivers of claims, and related employment matters. It does not involve any transfer of insurance risk, reinsurance treaty terms, retrocession, or any of the contract types listed as reinsurance agreements. Therefore it is not a reinsurance agreement, nor does it constitute a main reinsurance contract, nor contain provisions that would classify it as obligatory, proportional, or non‑proportional reinsurance. Consequently, the remaining classification fields are not applicable.",False,,,,,
2021-1400810-0001564590-21-042128-hci-ex10110_490.htm,"The document is titled “NON‑FLORIDA REINSTATEMENT PREMIUM PROTECTION REINSURANCE CONTRACT” and contains the full terms, definitions, premium schedule, and all contractual provisions of a reinsurance agreement. It references an underlying “Non‑Florida Property Catastrophe Excess of Loss Reinsurance Contract” and provides coverage for the reinstatement premium that the ceding insurer may owe under that underlying contract. Because it is a full reinsurance contract (not merely an amendment) it qualifies as a main contract. Reinstatement premium protection that refers to an underlying reinsurance treaty is considered an obligatory reinsurance arrangement. The underlying treaty is an Excess‑of‑Loss (non‑proportional) treaty, and the premium‑protection contract itself follows the same non‑proportional risk‑transfer logic. The underlying exposure is property catastrophe (homeowners, condo, renters, dwelling), which is a non‑life line of business, specifically property damage. Therefore the appropriate classifications are:

- Reinsurance agreement: Yes  
- Main contract: Yes  
- Obligatory: Yes (covers an underlying obligatory treaty)  
- Non‑proportional (premium‑protection is a non‑proportional risk‑transfer)  
- Insurance type: Non‑Life  
- Class of business: Property",True,True,True,non-proportional,Non-Life,Property
2021-1069996-0001069996-21-000138-exhibit1013xq321.htm,"The document is titled “Reinstatement Premium Protection Reinsurance Contract” and contains full contractual terms, schedules, and articles governing the reinsurance arrangement. It specifies that the reinsurer will indemnify the insured company for 100 % of reinstatement premiums arising under an underlying excess catastrophe reinsurance contract. This is a treaty‑type agreement that establishes the risk transfer relationship, not merely an amendment or endorsement. Consequently, it qualifies as a reinsurance agreement (True) and represents a main contract (True).  
Because the contract obligates the reinsurer to cover all reinstatement premiums for the underlying excess layer (i.e., it is not a facultative or optional cover but a mandatory treaty), it is an obligatory reinsurance arrangement (True).  
The underlying contract is an excess (catastrophe) layer, which is a classic non‑proportional structure; the premium protection does not share a proportional share of losses but provides a fixed indemnity for premium costs. Hence the arrangement is non‑proportional.  
The underlying risk is property catastrophe (fire, natural perils, etc.), which falls under non‑life insurance. Therefore the insurance type is Non‑Life and the class of business is Property.",True,True,True,non-proportional,Non-Life,Property
2021-1363829-0001363829-21-000024-employmentagreement-zwfull.htm,"The document is an employment agreement between Enstar (US) Inc. and an executive, Zachary Wolf. It outlines terms of employment, compensation, duties, confidentiality, termination, and related provisions. It does not involve any transfer of insurance risk, reinsurance, retrocession, or any of the listed reinsurance contract types. Therefore, it is not a reinsurance agreement.",False,,,,,
2021-1018164-0001018164-21-000013-ex1054-usedenginessaleagre.htm,"The document is a sale agreement for used aircraft engines between an engine leasing company and a finance corporation. It governs the transfer of title, payment, delivery, warranties, and related covenants for the physical engines. Although the agreement mentions “insurance” and “reinsurance” in the definition of “Engine Activity,” the contract itself does not transfer insurance risk or establish a reinsurance or retrocession relationship. It is a straightforward asset sale, not a reinsurance arrangement. Consequently, it is not classified as a reinsurance agreement, nor does it contain a main reinsurance contract, nor any of the other reinsurance‑specific attributes.",False,,,,,
2021-70502-0000070502-21-000062-nrufy2021form10_kex1018.htm,"The document is an amendment to an **Amended and Restated Revolving Credit Agreement** between a cooperative finance corporation (the borrower) and multiple banks (the lenders/agents). It governs credit commitments, loans, letters of credit, interest rates, and related administrative matters. There is no transfer of insurance risk, no reinsurance or retrocession language, and the parties are not insurers or reinsurers. Therefore the document does not meet any of the criteria for a reinsurance agreement.",False,,,,,
2021-1069996-0001069996-21-000138-exhibit1034xq321.htm,"The document is an extensive contract titled “Non‑Florida Property Catastrophe Excess of Loss Reinsurance Contract” between FedNat Insurance Company (the ceding company) and one or more subscribing reinsurers. It contains all standard articles of a reinsurance treaty (definitions, territory, exclusions, retention and limits, premium, arbitration, etc.) and a Schedule A that specifies the excess layers, retention, per‑occurrence and term limits. This is a full reinsurance agreement rather than a mere endorsement or amendment, and it is an excess‑of‑loss (non‑proportional) treaty covering property (non‑life) business. As a treaty it is obligatory rather than facultative.",True,True,True,non-proportional,Non-Life,Property
2021-898174-0000898174-21-000016-ex1032021q110-q.htm,"The document is a Stock Appreciation Right (SAR) award agreement issued by Reinsurance Group of America, Inc. to an employee. It outlines the terms of an equity compensation plan, including grant, vesting, exercise, and conditions for the SAR. This is an internal employee compensation arrangement, not a contract that transfers insurance risk or constitutes a reinsurance, retrocession, or any of the listed reinsurance-related agreements. Therefore, it is not a reinsurance agreement.",False,,,,,
2021-1463913-0001437749-21-003666-ex_226180.htm,"The document is a “Second Amendment” to an existing Coinsurance Agreement between a ceding insurance company and a reinsurer. Coinsurance agreements are a form of reinsurance and the amendment modifies the terms of that reinsurance contract, therefore the document is a reinsurance agreement. Because it is an amendment rather than the original contract itself, it is an ancillary document rather than a main contract. The underlying Coinsurance Agreement is an obligatory treaty (a standard reinsurance treaty), so the amendment pertains to an obligatory reinsurance arrangement. Coinsurance is a proportional form of reinsurance (the ceding company cedes a share of premiums and losses). Both parties are life insurers, indicating the coverage is Life insurance. The underlying policies are not described in detail but are typical life insurance policies, which map to the “Mortality” class of business.",True,False,True,proportional,Life,Mortality
2021-1786117-0001558370-21-009099-pine-20210630xex10d3.htm,"The document is a detailed commercial loan agreement (often referred to as a ""Loan Agreement"") between a borrower (multiple LLCs) and Wells Fargo Bank as lender. It outlines loan terms, definitions, covenants, securitization, insurance requirements for the property, and numerous real‑estate related provisions. There is no language describing a reinsurance contract, retrocession, loss portfolio transfer, catastrophe bond, or any risk‑transfer agreement that would fall under the definitions of a reinsurance agreement provided. Therefore, it is not a reinsurance agreement.",False,,,,,
2021-1400810-0001564590-21-042128-hci-ex10111_489.htm,"The document is titled “Reinstatement Premium Protection Reinsurance Contract” and explicitly states that it indemnifies the Company for reinstatement premium obligations arising under an underlying “Property Catastrophe Excess of Loss Reinsurance Contract”. According to the provided definitions, a Reinstatement Premium Protection contract that refers to an underlying reinsurance contract is a reinsurance agreement. The contract contains all principal terms (coverage, term, premium, definitions, etc.) and is not merely an amendment or endorsement, so it functions as a main contract. The underlying excess‑of‑loss treaty is a standard obligatory reinsurance treaty, and reinstatement premium protection tied to such a treaty is classified as an obligatory reinsurance contract. Because the underlying treaty is an Excess‑of‑Loss (non‑proportional) arrangement, the protection contract is also non‑proportional. The risks covered are property catastrophes (homeowners, condo, renters, dwelling), which are non‑life insurance, and the class of business is Property. Therefore the appropriate classifications are as follows.",True,True,True,non-proportional,Non-Life,Property
2021-1069996-0001069996-21-000138-exhibit103xq321.htm,"The document is titled “Reinstatement Premium Protection Reinsurance Contract” and contains the full terms, schedule, premium calculations and conditions between the cedent insurers (FedNat, Monarch, Maison) and the reinsurers. This matches the definition of a reinsurance agreement (or a related reinstatement premium protection contract that references an underlying excess‑catastrophe reinsurance treaty). It is not an ancillary endorsement; it contains all principal terms, so it is a main contract.

The contract provides 100 % of the reinstatement premium the cedents must pay under their underlying excess‑catastrophe treaty. Such protection is tied to the underlying treaty and covers the whole portfolio of the cedents, which is characteristic of an obligatory reinsurance arrangement.

The protection refers to “each excess layer” and the coverage is triggered by the amount of reinstatement premium, i.e., it operates on a loss‑excess basis rather than sharing a fixed proportion of premiums. Therefore it is a non‑proportional (excess‑of‑loss) contract.

The underlying treaty is an excess‑catastrophe reinsurance contract, which deals with property catastrophes (fire, natural perils, etc.). Consequently the insurance type is Non‑Life, and the class of business is Property.",True,True,True,non-proportional,Non-Life,Property
2021-1691421-0001691421-21-000081-lmnd-20210630xxex105xadden.htm,"The document is an **Addendum No. 2** to an existing **Whole Account Quota Share Reinsurance Contract** between Lemonade Insurance Company (cedent) and a subscribing reinsurer.  

* It amends and adds clauses to the original quota‑share contract, which is a **reinsurance treaty**.  
* Because it only modifies an existing treaty, the document is an **ancillary agreement** rather than the main contract itself.  
* A whole‑account quota‑share treaty covers **all policies** of the cedent and therefore transfers risk on an **obligatory** basis.  
* Quota‑share is a **proportional** form of reinsurance (the reinsurer assumes a fixed percentage of each loss).  
* The covered lines are personal property, personal liability and auto insurance – all **non‑life** lines.  
* The contract spans several non‑life lines (property and casualty); the most appropriate single classification from the allowed list is **Casualty** (liability and auto).",True,False,True,proportional,Non-Life,Casualty
2021-886982-0001193125-21-049380-d39654dex1052.htm,"The document is an employee equity award agreement (performance‑based RSU award) issued by Goldman Sachs to a employee. It governs the grant, vesting, settlement, forfeiture and tax handling of restricted stock units. It does not involve any transfer of insurance risk, reinsurance, retrocession, or any of the listed categories of reinsurance agreements. Therefore it is not a reinsurance contract, nor does it contain any reinsurance‑related provisions.",False,,,,,
2021-1455863-0001628280-21-016072-ex102-secondamendmentto201.htm,"The document is a “Second Amendment to Note and Guaranty Agreement.” It amends a corporate note issuance and related guaranty provisions, dealing with securities, collateral, and loan covenants. The content concerns a credit‑note arrangement and the rights of noteholders, not the transfer of insurance risk. It does not constitute a reinsurance, retrocession, or any other risk‑transfer contract that fits the definitions of reinsurance agreements provided. Therefore, it is not a reinsurance agreement.",False,,,,,
2021-1745032-0001558370-21-003829-c032-20201231ex109860695.htm,"The document is a Contribution Agreement between a hotel property owner (HCNA Enterprises, Inc.) and a real estate investment partnership (Lodging Fund REIT III OP, LP). It details the transfer of real estate assets, liabilities, and related agreements in exchange for limited partnership units and cash consideration. The content pertains to a real estate transaction and corporate structuring, not to the transfer of insurance risk, reinsurance, retrocession, or any of the listed reinsurance contract types. Therefore, it does not qualify as a reinsurance agreement.",False,,,,,
2021-1095073-0001095073-21-000035-exhibit102.htm,"The document is a **Standby Letter of Credit Agreement** between Everest Reinsurance (Bermuda) Ltd. (the “Account Party”) and Bayerische Landesbank (the “Bank”). It outlines the terms under which the Bank will issue standby letters of credit, the collateral requirements, fees, events of default, and related covenants. Although the agreement mentions that the letters of credit may be used to support reinsurance obligations, the instrument itself is a credit facility, not a reinsurance contract. According to the provided criteria, letters of credit and other credit instruments are **not** classified as reinsurance agreements (they are only considered reinsurance if they are catastrophe bonds or insurance‑linked securities that achieve a risk‑transfer objective, which is not the case here). Therefore, the document does not meet the definition of a reinsurance agreement.",False,,,,,
2021-1069996-0001069996-21-000138-exhibit1027xq321.htm,"The document is titled “Non‑Florida Reinstatement Premium Protection Reinsurance Contract”. It provides indemnification to the cedent for the reinstatement premium that the cedent must pay under an underlying “Non‑Florida Property Catastrophe Excess of Loss Reinsurance Contract”. This matches the definition of a reinstatement premium protection contract that references an underlying reinsurance treaty, which is included in the list of reinsurance agreements.  

The contract contains all essential terms (coverage, premium, termination, settlement, etc.) and therefore constitutes a stand‑alone reinsurance agreement rather than a mere amendment or endorsement of another contract. Hence it qualifies as a **main contract**.  

Reinstatement premium protection contracts are treated as obligatory when they are linked to an obligatory underlying treaty. The underlying contract is a property catastrophe excess‑of‑loss treaty, which is a standard treaty and is typically obligatory in nature. Consequently the contract can be classified as **obligatory**.  

The underlying treaty is an Excess‑of‑Loss (non‑proportional) arrangement, and the reinstatement premium protection follows the same risk‑transfer logic, so the contract is **non‑proportional**.  

The risk covered relates to property catastrophe insurance, which falls under **Non‑Life** insurance. The specific line of business is **Property**.  

Thus the appropriate classifications are:

- Reinsurance agreement: True  
- Main contract: True  
- Obligatory: True (based on underlying treaty)  
- Non‑proportional type  
- Insurance type: Non‑Life  
- Class of business: Property",True,True,True,non-proportional,Non-Life,Property
2021-1084961-0001084961-21-000116-exhibit102-amendmentno1tof.htm,"The document is an amendment to a senior secured note purchase agreement, which is a debt‑financing contract. Its purpose is to modify terms related to noteholders, compliance certificates, and guarantors, and it does not involve the transfer or assumption of insurance risk. Although several insurance companies appear as parties, the agreement itself is not a reinsurance, retrocession, or any other type of insurance risk‑transfer contract. Consequently, it does not meet the criteria for a reinsurance agreement.",False,,,,,
2021-1819035-0001213900-21-041396-f10q0621ex10-1_metromile.htm,"The document is an employment offer letter from Metromile, Inc. to an individual candidate. It details salary, compensation, stock unit awards, benefits, severance, confidentiality, and other employment terms. It does not involve any transfer of insurance risk, reinsurance contract terms, retrocession, or any of the listed reinsurance agreement types. Therefore, it is not a reinsurance agreement.",False,,,,,
2021-884887-0000884887-21-000006-a2020q4exhibit1071.htm,"The document is a “Fourth Amendment and Restatement Agreement” that amends and restates a credit facility agreement for financing the acquisition of a cruise vessel (Harmony of the Seas). The content is focused on loan terms, guarantees, covenants, conditions precedent, drawing requests, interest rates, fees, and other financing provisions. It does not involve any transfer of insurance risk, reinsurance, retro‑cession, loss‑portfolio transfer, capital‑maintenance, catastrophe bonds, or any other insurance‑linked structure. Therefore it is not a reinsurance agreement.",False,,,,,
2021-1787640-0001628280-21-016859-convey-2021amendmentno3tof.htm,,,,,,,
2021-891166-0000891166-21-000082-uve-20210930xexx101.htm,"The document is a Credit Agreement for Universal Insurance Holdings, Inc. It provides a revolving credit facility, loan commitments, and letters of credit. The content deals with borrowing, loan terms, interest rates, covenants, and administrative matters. It does not contain any reinsurance, retrocession, loss‑portfolio‑transfer, or other risk‑transfer agreements that would qualify as a reinsurance contract. Therefore it is not a reinsurance agreement, nor does it establish an obligatory reinsurance treaty, nor does it contain proportional or non‑proportional reinsurance terms. Consequently, the insurance‑type and class‑of‑business classifications are not applicable.",False,,,,,
2021-1576018-0001576018-21-000115-exhibit102sidsankaranamend.htm,"The document is an amended and restated employee restricted shares agreement for Third Point Reinsurance Ltd. It deals with equity compensation, vesting schedules, and corporate governance, and does not involve any transfer of insurance risk, reinsurance treaty terms, retrocession, or any of the contract types listed as reinsurance agreements. Therefore it is not a reinsurance agreement.",False,,,,,
2021-1400810-0001564590-21-042128-hci-ex1040_478.htm,"The document is titled “Reinstatement Premium Protection Reinsurance Contract (FOR FIRST EXCESS CAT)” and sets out the full terms, conditions, and obligations between Homeowners Choice Property & Casualty Insurance Company and the reinsurer(s). It indemnifies the ceding insurer for reinstatement premium obligations arising under an underlying “Property Catastrophe First Excess of Loss Reinsurance Contract.” Such a contract is a reinsurance agreement (not a direct insurance policy, letter of credit, etc.). It contains all principal terms – definitions, coverage, premium, term, termination, etc. – therefore it is the main contract rather than an ancillary amendment.  
Because the protection covers premium obligations under an underlying first‑excess‑of‑loss treaty (a mandatory treaty covering the entire portfolio), it is an obligatory type of reinsurance. The contract is structured as a non‑proportional arrangement (excess‑of‑loss nature) rather than a quota‑share or surplus treaty. The underlying risks are property (homeowners, business owners, condominium, renters) and thus fall under Non‑Life insurance, specifically the Property class of business.",True,True,True,non-proportional,Non-Life,Property
2021-354190-0001564590-21-022079-ajg-ex1016_14.htm,"The document is a “Deferred Equity Participation Plan” for Arthur J. Gallagher & Co. It describes a corporate employee compensation and deferred‑stock plan, the formation of a trust, vesting rules, distribution elections, and related administrative provisions. The content is unrelated to insurance or reinsurance risk transfer; it does not involve the ceding of insurance risk, retrocession, loss‑portfolio transfers, catastrophe bonds, or any other mechanism listed in the definition of reinsurance agreements. Consequently, the document is not a reinsurance contract.",False,,,,,
2021-1695295-0001628280-21-023274-creditandguarantyagreeme.htm,"The document is a “Credit and Guaranty Agreement” that sets out the terms of a syndicated term loan facility, including definitions, loan mechanics, interest rates, covenants, events of default, and related security documents. It pertains to a corporate financing transaction between Hydrofarm Holdings Group, Inc. and its lenders, not to any insurance or reinsurance arrangement. Consequently, it does not meet any of the criteria for a reinsurance agreement, nor does it contain provisions that would classify it as a reinsurance contract, nor does it involve insurance types, risk transfer, or any of the specified reinsurance categories.",False,,,,,
2021-1400810-0001564590-21-042128-hci-ex10122_1264.htm,"The document is titled “MULTI‑YEAR PROPERTY CATASTROPHE EXCESS OF LOSS REINSURANCE CONTRACT” and sets out the full terms of a reinsurance treaty (business covered, retention and limit, term, premium, reports, etc.). It is not an insurance policy, letter of credit, or ancillary amendment; it contains all principal provisions of a reinsurance agreement, so it is a main reinsurance contract. The contract is an excess‑of‑loss treaty, which is a non‑proportional form of reinsurance and typically obligates the ceding insurer to cede the specified portfolio of property risks, making it an obligatory treaty. The underlying coverage is for property perils (homeowners, business owners, etc.), which falls under non‑life insurance and the “Property” class of business.",True,True,True,non-proportional,Non-Life,Property
2021-1487198-0001487198-21-000003-aspu-20210430x10xkex1013.htm,"The document is a Confidential Severance Agreement between an employee (Frank J. Cotroneo) and Aspen Group, Inc. It outlines the employee’s resignation, severance payments, bonuses, stock option vesting, and releases of claims. The purpose of the document is to settle employment-related matters, not to transfer insurance risk or provide reinsurance coverage. It contains no language describing reinsurance, retrocession, risk transfer, or any insurance‑related terms. Consequently, it does not meet any of the criteria for a reinsurance agreement, nor does it constitute a main reinsurance contract or an ancillary amendment to one.",False,,,,,
2021-886982-0001193125-21-049380-d39654dex1041.htm,"The document is an award agreement for restricted stock units (RSUs) granted to an employee of Goldman Sachs. It governs equity compensation, vesting, delivery, forfeiture, tax, and related employment matters. It does not involve any transfer of insurance risk, reinsurance, retrocession, or any of the listed reinsurance contract types. Consequently, it is not a reinsurance agreement, nor does it contain a main reinsurance contract, nor any obligorily reinsurance terms. The classification fields for reinsurance type, insurance type, and class of business are therefore not applicable.",False,,,,,
2021-1018164-0001018164-21-000050-wlfc-6302021xex1060xwestvi.htm,"The document is an **Asset Purchase Agreement** whereby Willis Lease Finance Corp. sells and transfers ownership of aircraft engines and airframes (the “Initial Assets”) to Willis Engine Structured Trust VI. The agreement details the transfer of legal title, security interests, and related lease documents. It does not involve the transfer of insurance risk, nor does it reference any reinsurance, retrocession, or other insurance‑linked risk‑transfer mechanisms. Therefore it does not meet any of the definitions for a reinsurance agreement listed in the instructions.",False,,,,,
2021-1513761-0001558370-21-010944-nclh-20210630xex10d5.htm,"The document is an “Amendment and Restatement Agreement” that modifies a term‑loan facility used to finance the construction of a cruise ship. It sets out borrower and lender obligations, interest rates, draw‑down procedures, security, guarantees, and related covenants. There is no transfer of insurance or reinsurance risk, nor any of the contract types listed as reinsurance agreements (e.g., quota‑share, excess‑of‑loss, retrocession, loss‑portfolio‑transfer, catastrophe bonds, etc.). Therefore it does not meet the definition of a reinsurance contract.",False,,,,,
2021-1576018-0001576018-21-000115-exhibit101sidsankaranamend.htm,"The document is an amended and restated employment agreement for an executive (Sid Sankaran) with Third Point Reinsurance Ltd. It governs the executive’s employment terms, compensation, benefits, covenants, termination, and related equity awards. It does not create, modify, or involve the transfer of insurance risk, nor does it constitute a reinsurance treaty, retrocession, portfolio transfer, or any of the listed reinsurance‑related agreements. Consequently, it is not a reinsurance contract.",False,,,,,
2021-1745032-0001558370-21-015808-tmb-20210930xex10d59.htm,"The document is a Contribution Agreement between a limited partnership (Lodging Fund REIT III OP, LP) and a contributor (ELP MC Ventures, LLC) for the transfer of a hotel property, its assets, liabilities and associated agreements. It details real‑estate transaction terms, closing conditions, indemnifications, and related ancillary agreements (non‑competition, confidentiality, etc.). There is no language indicating the transfer of insurance risk, a reinsurance treaty, retrocession, loss‑portfolio transfer, catastrophe bond, or any other risk‑transfer instrument that would fall under the definition of a reinsurance agreement. Consequently, the document is a real‑estate contribution contract, not a reinsurance contract.",False,,,,,
2021-1069996-0001069996-21-000138-exhibit1015xq321.htm,"The document is a “Reinstatement Premium Protection” contract that provides indemnification for reinstatement premiums arising from an underlying “Sixth Layer Excess Catastrophe Reinsurance Contract”. Such contracts are listed among the documents that constitute reinsurance agreements. The contract contains all the substantive terms (coverage, premium, schedule, etc.) and is not merely an amendment, so it qualifies as a main reinsurance contract rather than an ancillary endorsement.  

The contract relates to an excess‑layer (catastrophe) arrangement, which is a non‑proportional form of reinsurance. Consequently the contract itself is classified as non‑proportional. The underlying risk is a catastrophe excess layer covering property damage, thus the insurance type is Non‑Life and the class of business is Property.  

Whether the contract is “obligatory” cannot be determined from the excerpt because it depends on the nature of the underlying excess‑layer contract (obligatory vs. facultative). In the absence of explicit information, the obligatory flag is left as unknown.",True,True,,non-proportional,Non-Life,Property
2021-100716-0000100716-21-000020-exhibit10-10.htm,"The document is a **Claims Administration Agreement** between United Specialty Insurance Company and U.S. Risk Managers, Inc. It sets out the services, authority, obligations, compensation, and operational procedures for claims handling of surplus lines policies. While the agreement references a “Reinsurer” for certain notifications and funding, the contract itself does **not** transfer risk, provide reinsurance coverage, or involve a reinsurance treaty structure. It is a service (administrative) agreement rather than a reinsurance or retrocession contract, and it does not fall under any of the listed categories of reinsurance agreements. Therefore, it is not a reinsurance agreement, nor does it constitute a main reinsurance contract, an obligatory reinsurance contract, nor does it define proportional/non‑proportional terms, insurance type, or class of business.",False,,,,,
2021-1754170-0001104659-21-037098-tm211117d1_ex10-22.htm,"The document is an amended and restated credit agreement governing revolving loans, letters of credit, and related financial covenants between Wells Fargo (as agent, lead arranger, book runner) and AerSale entities. It contains loan terms, definitions, covenants, events of default, and related financial provisions. There is no insurance or reinsurance coverage, risk transfer, or any reference to reinsurance, retrocession, catastrophe bonds, or similar structures. Therefore it does not meet the criteria for a reinsurance agreement.",False,,,,,
2021-100716-0000100716-21-000020-exhibit10-8.htm,"The document is a **Quota Share Reinsurance Agreement** between Crusader Insurance Company (reinsurer) and United Specialty Insurance Company (cedent). It contains the full terms, conditions, definitions, and obligations of the reinsurance relationship, indicating it is the primary contract establishing the reinsurance relationship, not merely an amendment or endorsement. Quota‑share contracts are proportional reinsurance, wherein the cedent transfers a fixed percentage of premiums and losses to the reinsurer. The agreement covers property and liability lines (Property, General Liability, Commercial Multi‑Peril Property, Commercial Multi‑Peril Liability), which are non‑life insurance. Because the cedent is required to cede the listed business to the reinsurer and the reinsurer is obligated to accept it, the arrangement is obligatory.",True,True,True,proportional,Non-Life,Property
2021-1666244-0001564590-21-056891-cfit-ex1010_138.htm,"The document is a Purchase and Sale Agreement for real property (real estate) between a seller and a purchaser, including escrow, earnest money, property description, leases, and ground lease assignments. It does not involve any reinsurance, retrocession, or risk transfer contracts. Therefore it is not a reinsurance agreement and none of the reinsurance-specific classifications apply.",False,,,,,
2021-789570-0000789570-21-000010-exhibit101-thirdamendmentc.htm,"The document is a “Third Amendment to Credit Agreement” for MGM Resorts International. It modifies and amends a credit facility, specifying loan terms, covenants, representations, and administrative provisions. The content deals with borrowing, revolving loans, letters of credit, and loan covenants, which are characteristic of a loan or credit agreement, not of a reinsurance contract. There is no transfer of insurance risk, no reinsurance treaty language, and no references to insurance policies, premiums, or risk‑transfer mechanisms typical of reinsurance. Therefore, the document does not meet any of the criteria for being a reinsurance agreement.",False,,,,,
2021-1069996-0001069996-21-000138-exhibit1030xq321.htm,"The document is a full reinsurance agreement titled “Fourth Layer Non‑Florida Reinstatement Premium Protection Reinsurance Contract”. It sets out coverage, premium, termination, arbitration, etc., and includes Schedule A and B that define the underlying excess‑of‑loss layer. This matches the definition of a reinsurance contract (not an ancillary endorsement). Because it contains all principal terms, it is a main contract rather than a mere amendment.

The contract provides reinstatement premium protection for an underlying “Fourth Layer Non‑Florida Property Catastrophe Excess of Loss Reinsurance Contract”. Excess‑of‑Loss is a non‑proportional treaty; the protection follows the same risk‑transfer objective, so the contract is classified as non‑proportional. The underlying risk is property catastrophe, which is a non‑life line of business. Under the taxonomy, the appropriate class of business is “Property”.

Reinstatement premium protection contracts that reference an underlying obligatory reinsurance treaty are themselves considered obligatory. The underlying excess‑of‑loss layer is part of a multi‑layer program and is not a facultative arrangement; therefore the contract is regarded as obligatory.

Consequently:
- It is a reinsurance agreement.
- It is the main contract.
- It is obligatory.
- It is non‑proportional.
- It pertains to non‑life insurance.
- The class of business is Property.",True,True,True,non-proportional,Non-Life,Property
2021-1535929-0001535929-21-000025-a2020q4voyaex1020.htm,"The document is titled **“SECOND AMENDED AND RESTATED REINSURANCE AGREEMENT (A)”** and contains the full terms, definitions, obligations, and signatures of both the ceding insurer (Security Life of Denver International Limited) and the reinsurer (Hannover Life Reassurance Company of America). This is a complete reinsurance treaty, not a mere amendment or ancillary endorsement.  

The agreement cedes **100 % of the liabilities** on the Covered Insurance Contracts on a **coinsurance/modified‑coinsurance** basis, which is a quota‑share style arrangement – a classic proportional reinsurance structure.  

The parties are a life insurer and a reinsurance company; the underlying contracts are life insurance policies (term, whole, etc.) with some accident‑and‑health components, but the primary risk transferred is mortality risk. Hence the insurance type is **Life** and the class of business is **Mortality**.  

Because the treaty transfers risk for the entire portfolio of the ceding insurer (100 % coinsurance) and is not a facultative or limited‑risk contract, it is an **obligatory** reinsurance agreement.  

Accordingly, the document is a reinsurance contract, it is the main contract, it is obligatory, it is proportional, it pertains to Life insurance, and the class of business is Mortality.",True,True,True,proportional,Life,Mortality
2021-1745032-0001558370-21-015808-tmb-20210930xex10d56.htm,"The document is a “Contribution Agreement” between High Desert Investors, LP (the Contributor) and Lodging Fund REIT III OP, LP (the Operating Partnership). It details the transfer of a hotel property, related assets, liabilities, and the exchange for Series T Limited Units. The agreement governs a real‑estate contribution and related covenants, representations, warranties, indemnifications, and closing procedures. It does not involve any transfer of insurance risk from an insurer to a reinsurer, nor does it fit any of the categories listed as reinsurance agreements (e.g., reinsurance treaties, retrocession, loss‑portfolio transfers, etc.). Therefore it is not a reinsurance contract.",False,,,,,
2021-1333986-0001333986-21-000011-eqh-123120exhibit1064.htm,"The document is a Master Transaction Agreement governing the purchase and sale of shares, the closing, and numerous related corporate actions. While it references a “Reinsurance Agreement” as an exhibit (Exhibit A) and discusses reinsurance contracts in various sections, the primary purpose and structure of the document is that of a merger‑and‑acquisition transaction, not a standalone reinsurance contract. Therefore it does not constitute a reinsurance agreement itself, nor does it serve as a main reinsurance contract. Consequently, it is not an obligatory reinsurance agreement, and no proportionality, insurance type, or class of business can be determined from this document.",False,,,,,
2021-1823529-0001823529-21-000008-a1012021-09x15masteragreem.htm,"The document is a “MASTER AGREEMENT” between Genworth Financial, Inc. and Enact Holdings, Inc. that governs corporate relationships surrounding an initial public offering, corporate governance, indemnification, financial reporting, and other operational matters. It does not contain any provisions that transfer insurance risk, nor does it describe a reinsurance, retrocession, or any of the other listed reinsurance‑type contracts. The agreement is fundamentally a corporate merger/IPO arrangement rather than a reinsurance contract. Therefore it is not a reinsurance agreement and none of the subsequent classification fields apply.",False,,,,,
2021-947484-0000947484-21-000145-ex101amendment1tobamlcredi.htm,"The document is a “First Amendment to Third Amended and Restated Credit Agreement” that amends a credit agreement governing loans, revolving facilities, and letters of credit between ARCH Capital Group Ltd. and multiple lenders. It sets out amendments to loan terms, representations, covenants, and procedural matters related to a credit facility. Although the agreement contains definitions for “Reinsurance Agreement” and “Retrocession Agreement,” the substantive content is a financing or credit contract, not a reinsurance or retrocession arrangement. Therefore the document does not meet any of the criteria for a reinsurance agreement (such as a reinsurance treaty, retrocession, loss portfolio transfer, etc.). Consequently it should be classified as **not a reinsurance agreement**.",False,,,,,
2021-1069996-0001069996-21-000121-exhibit102.htm,"The document is a **Commutation Agreement** that settles the liabilities under an existing “Non‑Florida Property Quota Share Reinsurance Contract”.  
- It relates to a reinsurance contract, therefore it is a reinsurance‑related document → **is_reinsurance = True**.  
- A commutation agreement is an ancillary document that modifies an existing treaty, not a full reinsurance contract itself → **is_main_contract = False**.  
- The underlying quota‑share treaty is an obligatory treaty (a standard proportional treaty covering an entire portfolio). The commutation settles that obligatory contract, so it is effectively an **obligatory** agreement → **is_obligatory = True**.  
- The underlying treaty is a quota‑share arrangement, which is a **proportional** form of reinsurance → **proportional_or_non_proportional = ""proportional""**.  
- The treaty covers property insurance, which is **Non‑Life** → **insurance_type = ""Non‑Life""**.  
- The class of business is Property (property damage coverage) → **class_of_business = ""Property""**.",True,False,True,proportional,Non-Life,Property
2021-716634-0001562762-21-000331-rdi-20210630xex10_1.htm,"The document is a **Loan Agreement** for a real‑estate transaction (borrowers, lenders, administrative agent, security instrument, interest rates, etc.). It contains no reinsurance language, no transfer of insurance risk, no reinsurance treaty, retrocession, or any of the contract types listed as reinsurance agreements. Therefore it does not fall under any of the categories that define a reinsurance agreement.",False,,,,,
2021-1637655-0001637655-21-000040-hzn-12312020xexh1052termlo.htm,"The provided document is a **Term Loan Credit Agreement** between Horizon Global Corporation (the Borrower) and a group of lenders administered by an administrative agent. The text defines loan terms, interest rates, covenants, events of default, and various loan‑related provisions. There is no reference to insurance, reinsurance, retrocession, loss portfolios, catastrophe bonds, or any of the contract types listed as reinsurance agreements. Consequently, the document does not meet any of the criteria for a reinsurance or retrocession contract.",False,,,,,
2021-850141-0001628280-21-016014-exhibit103.htm,"The document is an executive compensation plan for Horace Mann Educators Corporation. It details stock‑based awards, deferred cash sub‑plan, performance awards, and related administrative provisions. The content relates to internal employee and director compensation, not to a contract that transfers insurance risk between insurers or reinsurers. Consequently, it does not fall under any of the categories listed as reinsurance agreements (e.g., reinsurance treaties, retrocession, loss portfolio transfers, etc.). Therefore, the document is not a reinsurance agreement.",False,,,,,
2021-1018164-0001018164-21-000050-wlfc-6302021xex1061xwestvi.htm,"The document is a Trust Indenture and related offering documents for a structured finance transaction (aircraft‑engine lease‑back securities). It sets out the terms of the trust, the issuance of Series A, B and C notes, the underlying asset portfolio, and the rights and obligations of the issuer, trustee and note holders. The content is a securities issuance and asset‑backed financing arrangement, not an insurance or reinsurance contract. Therefore it does not meet any of the criteria for a reinsurance agreement.",False,,,,,
2021-1069996-0001069996-21-000138-exhibit1023xq321.htm,"The document is a full “Excess Catastrophe Reinsurance Contract” that sets out the terms under which the reinsurer assumes excess liability for the cedent’s property insurance policies. It contains all primary clauses (definitions, retention, limits, premium, territory, exclusions, arbitration, etc.) and a Schedule A detailing the per‑occurrence and term limits. This is therefore a reinsurance treaty, not a mere endorsement or amendment. The contract covers the entire portfolio of property business and obligates the reinsurer to provide coverage, which matches the definition of an obligatory reinsurance treaty. The structure of the coverage – the reinsurer assumes losses only above a specified retention (e.g., $450 million, $388 million) – is characteristic of excess (non‑proportional) reinsurance. The underlying insurance lines are property (dwelling fire, commercial, homeowners, inland marine), which are non‑life insurance. Consequently, the appropriate classifications are: reinsurance agreement, main contract, obligatory, non‑proportional, non‑life, and the class of business is Property.",True,True,True,non-proportional,Non-Life,Property
2021-1069996-0001069996-21-000138-exhibit1028xq321.htm,"The document is an Excess of Loss reinsurance contract covering the “Fourth Layer Non‑Florida Property Catastrophe” risks of FedNat Insurance Company. It sets out the terms, retention, limits, reinstatement, exclusions, premiums, and other standard treaty provisions. This fits the definition of a reinsurance agreement (non‑proportional excess‑of‑loss treaty) and it contains the full principal terms of the reinsurance relationship, not merely an amendment or endorsement. Therefore it is a main reinsurance contract. As a treaty covering an entire portfolio of property business, it functions as an obligatory (mandatory) reinsurance arrangement rather than a facultative one. The contract is non‑proportional (excess‑of‑loss) and pertains to non‑life insurance, specifically property catastrophe coverage.",True,True,True,non-proportional,Non-Life,Property
2021-922621-0000922621-21-000048-ex-10309302021.htm,"The document is a commercial lease agreement between Erie Insurance Exchange (as tenant) and Erie Indemnity Company (as landlord) concerning the rental of office space. It outlines terms for rent, operating expenses, insurance requirements for the premises, and related lease provisions. There is no transfer of insurance risk, nor any reinsurance, retrocession, or other risk‑transfer contract. Consequently it does not meet any of the criteria for a reinsurance agreement, nor does it constitute a main or ancillary reinsurance contract. All downstream classification fields therefore remain undefined.",False,,,,,
2021-898174-0000898174-21-000016-ex1022021q110-q.htm,"The document is a Restricted Stock Unit (RSU) agreement between Reinsurance Group of America, Inc. and an employee. It governs the grant, vesting, and settlement of equity compensation (restricted stock units) and contains provisions related to employment termination, change of control, and tax withholding. There is no reference to any reinsurance transaction, risk transfer, retrocession, or insurance coverage. The content pertains to corporate compensation and securities, not to reinsurance or related insurance risk transfer agreements. Therefore, this document is not a reinsurance agreement.",False,,,,,
2021-1069996-0001069996-21-000138-exhibit105xq321.htm,"The document is an “Excess Catastrophe Reinsurance Contract” that sets out the terms under which the reinsurer assumes excess liability for the cedent’s property insurance portfolio. It contains the full set of articles, definitions, retention, limits, premium, reinstatement, and other standard treaty provisions, which indicates it is a primary reinsurance treaty rather than an amendment or ancillary endorsement. The contract covers a broad class of property business on a non‑proportional (excess‑of‑loss) basis, and it is intended to obligate the reinsurer to provide coverage for all such policies, making it an obligatory treaty. Consequently, it is a main reinsurance contract, obligatory, non‑proportional, covering Non‑Life insurance, specifically Property business.",True,True,True,non-proportional,Non-Life,Property
2021-1400810-0001564590-21-042128-hci-ex10116_484.htm,"The document is titled **“PROPERTY CATASTROPHE FIRST EXCESS OF LOSS REINSURANCE CONTRACT”** and contains a full set of contractual articles (preamble, business covered, retention and limit, term, exclusions, premium, reinstatement, definitions, etc.). This is a complete reinsurance treaty that transfers liability for property catastrophe losses from the ceding insurer (Typtap Insurance Company) to the reinsurer(s). Consequently:

* **Reinsurance status** – The document is a reinsurance agreement (it expressly calls itself a “Reinsurance Contract” and provides the terms under which the reinsurer will indemnify the ceding insurer).  
* **Main contract** – It includes all principal terms of the reinsurance arrangement (coverages, limits, premiums, termination, etc.) rather than merely amending an existing contract. Hence it is a main contract.  
* **Obligatory** – The contract is a treaty covering the ceding insurer’s whole property portfolio (homeowners, condo, renters, dwelling). Such treaty‑type arrangements are considered obligatory reinsurance.  
* **Proportional vs. non‑proportional** – The contract specifies a “First Excess of Loss” structure, which is a classic non‑proportional excess‑of‑loss arrangement.  
* **Insurance type** – The underlying risks are property perils, which fall under non‑life insurance.  
* **Class of business** – The insured business is specifically property (homeowners, condominium, renters, dwelling) – the appropriate classification is “Property”.",True,True,True,non-proportional,Non-Life,Property
2021-701869-0000701869-21-000026-ihc1q2021_ex10z14.htm,"The provided document is a **Stock Purchase Agreement** governing the sale and purchase of shares of Standard Security Life Insurance Company of New York. While the agreement references a “Reinsurance Agreement” as an ancillary document (Exhibit C) and includes sections on reinsurance matters, the main contract itself is not a reinsurance contract but a corporate acquisition agreement. Therefore, the document does not meet the criteria for being classified as a reinsurance agreement, nor does it contain the substantive terms of a primary reinsurance contract.",False,,,,,
2021-1576018-0001576018-21-000026-exhibit1081scheduleofsigna.htm,"The document is an exhibit from a SEC filing (Form 10‑K) that lists the signatories to a “Director Service Agreement.” It contains only the names of individuals who signed the director service agreement and does not describe any reinsurance, retrocession, or risk‑transfer arrangement. It is therefore not a reinsurance contract, nor an ancillary document that modifies an existing reinsurance agreement.",False,,,,,
2021-1591890-0001493152-21-019938-ex10-2.htm,"The document is a **Management Services Agreement** that appoints a consultant to serve as Chief Financial Officer of the company. It outlines term, compensation, duties, confidentiality, indemnification, and other typical consulting provisions. It does **not** transfer insurance risk, reference any reinsurance, retrocession, loss portfolio transfer, or any of the listed reinsurance contract categories. Therefore it is not a reinsurance agreement, nor does it contain any reinsurance‑specific terms.",False,,,,,
2021-100716-0000100716-21-000020-exhibit10-6.htm,"The document is a rescission (termination) agreement that refers explicitly to a **Quota Share Reinsurance Agreement**. This means it is an ancillary document that modifies an existing reinsurance contract, thus it qualifies as a reinsurance‑related document. Because it only rescinds the original contract and does not contain the full set of principal terms, it is **not** the main reinsurance contract itself.

The underlying quota‑share arrangement is a **proportional** form of reinsurance. Quota‑share treaties are typically obligatory, meaning the ceding insurer must place the agreed share of its risk with the reinsurer. The parties involved are commercial insurers, indicating the risk is **Non‑Life**. The commercial business policies covered under the quota‑share likely relate to standard property/casualty lines; in the absence of a more specific breakdown, the most appropriate classification is **Casualty**.

Therefore:
- The document is a reinsurance‑related agreement → `is_reinsurance = True`.
- It is an ancillary rescission document, not the main contract → `is_main_contract = False`.
- It pertains to an obligatory quota‑share treaty → `is_obligatory = True`.
- The underlying treaty is proportional → `proportional_or_non_proportional = ""proportional""`.
- The risk transferred is Non‑Life → `insurance_type = ""Non-Life""`.
- The class of business is best captured as Casualty → `class_of_business = ""Casualty""`.",True,False,True,proportional,Non-Life,Casualty
2021-1069996-0001069996-21-000138-exhibit1036xq321.htm,"The document is titled “Excess Catastrophe Reinsurance Contract” and contains the full terms, conditions, and schedule of an excess‑of‑loss (catastrophe) reinsurance treaty between FedNat Insurance Company and several reinsurers. It sets out the classes of business (property lines such as dwelling fire, inland marine, commercial and homeowners), the retention, per‑occurrence limits, premiums, territorial scope, exclusions, and all other contractual provisions typical of a primary reinsurance agreement. Therefore it is a reinsurance agreement and constitutes the main contract rather than an ancillary amendment. The treaty transfers risk on a surplus (excess) basis, which is a non‑proportional form of reinsurance. Because it is a multi‑party treaty covering all of the ceded property portfolio, it is an obligatory (treaty) reinsurance contract. The underlying insurance is property, i.e., non‑life, and the class of business is Property.",True,True,True,non-proportional,Non-Life,Property
2021-11544-0000011544-21-000078-wrb930202110-qex101.htm,"The document is a “2021 Performance Unit Award Agreement” that grants performance units to an employee based on the company’s increase in book value per share. It outlines compensation, vesting, forfeiture, and claw‑back provisions. There is no transfer of insurance or reinsurance risk, no premium, limit, or coverage language, and it does not relate to any insurance product or portfolio. Consequently, it does not meet any of the criteria for a reinsurance agreement.",False,,,,,
2021-1069996-0001069996-21-000138-exhibit1018xq321.htm,"The document is titled “Reinstatement Premium Protection Reinsurance Contract” and it provides the full set of terms, coverage, schedules, premiums, and conditions between FedNat Insurance Company, Monarch National Insurance Company, Maison Insurance Company and the subscribing reinsurers. This matches the definition of a reinsurance agreement (it indemnifies the cedent for reinstatement premiums arising under an underlying excess catastrophe reinsurance contract).  
Because the text contains all principal terms rather than a mere amendment, it is a main contract.  
Reinstatement premium protection that refers to an underlying reinsurance treaty is listed as an obligatory form when the underlying treaty is obligatory; the underlying “Excess Catastrophe Reinsurance Contract” is a typical treaty covering a whole portfolio, so the protection is treated as obligatory.  
The protection is linked to an excess (non‑proportional) catastrophe treaty and pays a percentage of reinstatement premiums; therefore the contract is classified as non‑proportional.  
The underlying risk is property/casualty (catastrophe) rather than life, so the insurance type is Non‑Life.  
The schedule shows retained amounts and per‑occurrence limits typical of property catastrophe layers, placing the class of business in the Property category.",True,True,True,non-proportional,Non-Life,Property
2021-1069996-0001069996-21-000138-exhibit108xq321.htm,"The document is an “Excess Catastrophe Reinsurance Contract” that sets out the full terms between FedNat Insurance Company (the ceding insurer) and one or more subscribing reinsurers. It contains all principal articles (definitions, commencement, territory, exclusions, retention and limits, premium, etc.) and a Schedule A describing the excess layers, retentions, per‑occurrence and term limits. This is a complete treaty rather than a mere endorsement or amendment, thus it is a main reinsurance contract.

The contract is a treaty covering excess liability on the ceding insurer’s Property business (dwelling fire, inland marine, commercial and homeowners). Excess (or “catastrophe”) arrangements are classic non‑proportional (excess‑of‑loss) structures, as evidenced by the retention‑limit format and the “Excess Catastrophe” description. There is no indication of a proportional quota‑share component, so the arrangement is non‑proportional.

Because the reinsurer is obliged to accept the specified excess layers for the entire portfolio of the ceding insurer, the agreement is an obligatory (treated‑as‑obligatory) reinsurance treaty rather than a facultative arrangement.

The underlying insurance is Property, which falls under Non‑Life insurance. The class of business is therefore “Property”.",True,True,True,non-proportional,Non-Life,Property
2021-1404912-0001404912-21-000019-ex10_3.htm,"The document is a “Second Amended and Restated Credit Agreement” that sets out the terms of a revolving credit facility, letters of credit, and related loan arrangements between a borrower and a group of lenders. Although it contains definitions related to insurance subsidiaries and mentions “Reinsurance Agreements” in the definitions, the core purpose of the agreement is the provision of credit and liquidity, not the transfer of insurance risk. Consequently, it does not meet the criteria for a reinsurance agreement.",False,,,,,
2021-1069996-0001069996-21-000098-exhibit108.htm,"The document is a complete **Property Aggregate Excess‑of‑Loss Reinsurance Contract** between Maison Insurance Company and a reinsurer. It contains all principal terms (business covered, term, definitions, limits, premium, etc.) and is not merely an amendment or endorsement. Therefore it is a full reinsurance treaty, not an ancillary document. Such treaties are obligatory reinsurance contracts and they transfer risk on a non‑proportional basis (excess‑of‑loss). The underlying insurance is property, a non‑life line, and the class of business is Property.",True,True,True,non-proportional,Non-Life,Property
2021-1527469-0001527469-21-000041-q12021exhibit1023.htm,"The document is a restricted share unit (RSU) award notice and the associated award agreement under Athene Holding Ltd.’s 2019 Share Incentive Plan. It concerns the grant, vesting, settlement, and restrictive covenants of equity compensation to an employee. It does not involve the transfer of insurance risk, reinsurance, retrocession, or any of the listed reinsurance contract types. Therefore it is not a reinsurance agreement.",False,,,,,
2021-1637757-0001637757-21-000004-clearwayllcex1027pinnaclel.htm,"The document is a “Second Amended and Restated Limited Liability Company Agreement” for Pinnacle Repowering Partnership LLC. It establishes the formation, governance, capital contributions, and operational procedures of a limited liability company that owns and operates a wind‑energy project. The content does not refer to any reinsurance, retrocession, or risk‑transfer contracts; instead it focuses on equity interests, tax‑equity financing, and project financing. Consequently, the document does not meet any of the criteria listed for reinsurance agreements.",False,,,,,
2021-1576018-0001576018-21-000115-exhibit105davidjuniusoffer.htm,"The document is an employment offer letter for a senior executive of a reinsurance company. It outlines compensation, benefits, and employment terms, but it does not create, modify, or amend any reinsurance contract, nor does it transfer insurance risk. Therefore it does not fall under any of the categories listed as reinsurance agreements. As a result, the document is not a reinsurance agreement, nor does it constitute a main reinsurance contract, nor is it an obligatory reinsurance document. Consequently, the remaining classification fields related to reinsurance (proportionality, insurance type, and class of business) are not applicable.",False,,,,,
2021-914208-0000914208-21-000378-ivz1q2021ex106.htm,"The document is a “Fifth Amended and Restated Credit Agreement” describing a syndicated loan facility, advances, letters of credit, swing line loans, and related financial covenants between Invesco Finance PLC, Invesco Ltd., and various lenders. It does not involve any transfer of insurance risk, nor does it pertain to reinsurance, retrocession, or any of the listed reinsurance‑related agreements. Consequently, it is not a reinsurance contract.",False,,,,,
2021-5272-0001104659-21-062977-exhibit10-6.htm,"The document is an Exhibit describing AIG’s **Long Term Incentive Plan** for officers and key employees. It outlines the grant of performance share units, restricted stock units, stock options, vesting, termination, and related administration provisions. The content pertains to internal employee compensation and equity awards, not to any transfer of insurance risk between insurers or to a reinsurance contract. Consequently, it does not meet any of the criteria for a reinsurance agreement, nor does it contain a main reinsurance contract or ancillary reinsurance provisions.",False,,,,,
2021-1400810-0001564590-21-042128-hci-ex1032_472.htm,"The document is a full “Property Catastrophe Excess of Loss Reinsurance Contract” issued to Homeowners Choice Property & Casualty Insurance Company, Inc. It contains all principal terms (preamble, definitions, retention and limit schedule, premium, term, exclusions, etc.) and is signed by both parties. This meets the definition of a reinsurance agreement and is a main contract rather than a mere endorsement or amendment.

The contract is a treaty‑type “Excess of Loss” arrangement, which is a non‑proportional form of reinsurance. It obligates the reinsurer to assume the net excess liability of the cedant on a per‑loss basis; such treaties are obligatory rather than facultative.

The underlying exposure is property (homeowners, business owners, dwelling, etc.) located in Florida, which falls under non‑life insurance. Consequently, the insurance type is “Non‑Life” and the class of business is “Property”.",True,True,True,non-proportional,Non-Life,Property
2021-1069996-0001069996-21-000048-exhibit1034a.htm,"The document is a sixth amendment to an existing Administrator Agreement between SageSure Insurance Managers and FedNat Insurance Company. The original agreement contains quota‑share reinsurance arrangements (a proportional treaty) and references “the current treaty year reinsurance purchase”. The amendment solely modifies terms of that agreement (profit sharing, compensation, etc.) and does not introduce a new independent contract. Because it amends an existing reinsurance treaty, the document is a reinsurance‑related ancillary agreement.

- **Is it a reinsurance agreement?** Yes – it amends a quota‑share reinsurance treaty.  
- **Is it the main contract?** No – it is an amendment only, not the full contract.  
- **Obligatory?** The underlying quota‑share treaty is an obligatory treaty, so the amendment pertains to an obligatory reinsurance arrangement.  
- **Proportional or non‑proportional?** The underlying treaty is a quota‑share (proportional) arrangement; the amendment does not introduce any non‑proportional terms.  
- **Insurance type?** The underlying treaty relates to general insurance (property/casualty) rather than life insurance, so it is Non‑Life.  
- **Class of business?** The treaty appears to cover general liability and related lines, which fits the “Casualty” classification.",True,False,True,proportional,Non-Life,Casualty
2021-707388-0000707388-21-000009-exhibit1077dmshealthstockp.htm,"The provided document is a Stock Purchase Agreement concerning the acquisition of DMS Health Technologies, Inc. by Knob Creek Acquisition Corp. It outlines the terms of purchase, representations, warranties, covenants, closing conditions, indemnifications, and tax matters related to the sale of corporate equity. The content deals with corporate transaction mechanics, not with the transfer or reinsurance of insurance risk. Therefore, it does not meet any of the criteria for a reinsurance agreement, nor does it contain any reinsurance contract provisions, proportional or non‑proportional terms, or insurance classifications.",False,,,,,
2021-886982-0001193125-21-049380-d39654dex1043.htm,"The document is an award agreement for Restricted Stock Units (RSUs) issued to an employee of Goldman Sachs. It governs equity compensation, vesting, delivery, forfeiture, and related tax and arbitration provisions. It does not involve any transfer of insurance risk, reinsurance, retrocession, or any of the listed reinsurance contract types. Therefore it is not a reinsurance agreement.",False,,,,,
2021-5272-0001104659-21-025742-tm211178d1_ex10-36.htm,"The document is an excerpt of AIG’s Long Term Incentive Plan, describing awards such as performance share units, restricted stock units and stock options granted to employees. It outlines the administration, vesting, termination, and other compensation‑related provisions. There is no transfer of insurance risk, reinsurance or retrocession language, nor does it constitute a reinsurance contract, retrocession agreement, loss portfolio transfer, catastrophe bond, or any other risk‑transfer arrangement listed in the reinsurance definitions. Consequently, it is not a reinsurance agreement.",False,,,,,
2021-898174-0000898174-21-000016-ex1042021q110-q.htm,"The document is a Non‑Qualified Stock Option Agreement granted by Reinsurance Group of America, Inc. to an employee. It outlines the terms for purchasing company stock and contains no provisions related to the transfer of insurance risk, reinsurance structures, retrocession, loss portfolio transfers, or any other reinsurance‑related mechanisms. Therefore it does not meet the definition of a reinsurance agreement.",False,,,,,
2021-1069996-0001069996-21-000098-exhibit103.htm,"The document is an ""Excess Catastrophe Reinsurance Contract"" that sets out the terms under which the Reinsurer will provide excess liability coverage to the insurance companies for their Property business (dwelling fire, inland marine, etc.). This is a full reinsurance treaty covering a portfolio of policies, not a mere endorsement or amendment, thus it is a main reinsurance contract. The contract transfers risk from the ceding insurers to the reinsurer on an obligatory basis (it applies to all of the ceding companies’ Property business, not a facultative or optional arrangement). The structure is excess-of‑loss (the ceding company retains a retention and the reinsurer covers losses above that up to a per‑occurrence limit), which is a non‑proportional form of reinsurance. The underlying insurance is Property, which falls under Non‑Life lines. Consequently the class of business is Property.",True,True,True,non-proportional,Non-Life,Property
2021-1400810-0001564590-21-042128-hci-ex10109_811.htm,"The document is titled “Reinstatement Premium Protection Reinsurance Contract” and contains the full terms, conditions, and annexes governing the reinstatement premium protection. It refers to an underlying “Property Catastrophe Excess of Loss Reinsurance Contract,” indicating that the contract is a genuine reinsurance agreement rather than a simple endorsement or amendment. The contract includes all principal elements (preamble, coverage, premium, termination, etc.) and therefore constitutes a main contract rather than an ancillary amendment.  

Because the protection covers reinstatement premiums for a loss‑covering excess‑of‑loss treaty that applies to the entire class of property policies (homeowners, condo, renters, dwelling), the underlying treaty functions as an obligatory reinsurance arrangement – it transfers risk from all insureds in that portfolio. Consequently, the reinstatement premium protection, which is tied to that obligatory contract, is also considered obligatory.  

The underlying treaty is an excess‑of‑loss (non‑proportional) arrangement; the protection contract merely funds reinstatement premiums for that treaty, so its structure is also non‑proportional.  

The underlying insured risks are property perils, i.e., non‑life insurance. The specific class of business is property (homeowners, condo, renters, dwelling).  

Thus the document is a reinsurance contract, a main contract, obligatory, non‑proportional, non‑life, and pertains to the property class of business.",True,True,True,non-proportional,Non-Life,Property
2021-1527469-0001527469-21-000025-q42020exhibit1062.htm,"The document is an amendment to an existing “Amended and Restated Coinsurance and Assumption Agreement” between two life insurers. A coinsurance/assumption agreement is a form of reinsurance that transfers risk from the ceding insurer to the reinsurer. The amendment modifies terms of that reinsurance contract, so the document is an ancillary agreement rather than the primary contract. Because the underlying agreement is a coinsurance (quota‑share 100 %) it is a proportional reinsurance arrangement. The parties are life insurers and the cash‑flow schedule references premiums, death claims, benefit payments, and surrender values, indicating coverage of mortality risk. Hence the reinsurance is for Life insurance, specifically mortality business.",True,False,True,proportional,Life,Mortality
2021-947484-0000947484-21-000145-ex102liboramendmenttobamlc.htm,"The document is an amendment to a third‑amended and restated credit agreement (a loan facility) that addresses the transition from LIBOR to successor rates for loans denominated in Sterling and Euros. It contains definitions, amendment provisions, and signature pages related to the loan agreement and its administration. It does not transfer insurance risk, nor is it an insurance or reinsurance contract. Therefore it is not a reinsurance agreement, nor does it contain any reinsurance‑specific provisions. Consequently all reinsurance‑related classification fields are not applicable.",False,,,,,
2021-1400810-0001564590-21-042128-hci-ex10119_481.htm,"The document is titled “NON‑FLORIDA REINSTATEMENT PREMIUM PROTECTION REINSURANCE CONTRACT (FOR $6MXS$4M EXCESS CAT)”. It explicitly states that it is a reinsurance contract providing protection for the reinstatement premium on an underlying “Non‑Florida Property Catastrophe $6Mxs$4M Excess of Loss Reinsurance Contract”. Reinstatement Premium Protection contracts that refer to an underlying reinsurance contract are listed as reinsurance agreements. The contract contains all principal terms (coverage, term, premium, definitions, obligations, etc.) and is not merely an amendment or endorsement, therefore it functions as a main reinsurance contract. Because it secures the reinstatement premium of an underlying excess‑of‑loss (non‑proportional) reinsurance treaty, it is an obligatory risk‑transfer mechanism – the ceding insurer must have this protection to maintain the underlying contract. The underlying treaty is an excess‑of‑loss (non‑proportional) arrangement, and the premium protection follows the same non‑proportional structure. The risks covered are property lines (homeowners, condominium, renters, dwelling), which are non‑life insurance. Accordingly, the class of business is Property.",True,True,True,non-proportional,Non-Life,Property
2021-1681459-0001681459-21-000080-technipfmc2021630ex101.htm,"The provided document is a “First Amendment to Credit Agreement” for TechnipFMC PLC and FMC Technologies, Inc. It amends a credit facility, outlines loan terms, definitions, covenants, and administrative provisions. The content relates to corporate financing, revolving loans, letters of credit, and related security documents. There is no reference to insurance, reinsurance, risk transfer contracts, or any of the categories listed as reinsurance agreements. Therefore, it does not meet the criteria for a reinsurance agreement, nor does it contain any ancillary reinsurance provisions.",False,,,,,
2021-1527469-0001527469-21-000041-q12021exhibit1025.htm,"The document is a restricted share award notice and agreement relating to the company’s 2019 Share Incentive Plan. It governs the grant, vesting, tax withholding, and restrictive covenants for an employee’s equity compensation. There is no transfer of insurance risk, no reinsurance, retrocession, or any of the listed reinsurance‑type contracts. Consequently it does not meet any of the criteria for a reinsurance agreement, nor does it contain a main or ancillary reinsurance contract. All other classification fields are therefore not applicable.",False,,,,,
2021-1513761-0001558370-21-010944-nclh-20210630xex10d7.htm,"The document is an amendment and restatement agreement for a loan facility (the “Facility Agreement”) that finances the construction and purchase of a cruise ship. It details the parties, loan terms, conditions precedent, drawdown, repayment, interest, guarantees, and various administrative provisions. There is no transfer of insurance risk, no reinsuring of underlying insurance policies, and no contractual language typical of reinsurance treaties, retrocession, loss portfolio transfers, or other reinsurance‑related structures. Consequently, the document does **not** constitute a reinsurance agreement.",False,,,,,
2021-1273813-0001273813-21-000014-ago-03312021x10qex101.htm,"The document is a Performance‑Based Restricted Stock Unit (RSU) award agreement issued to an executive of Assured Guaranty Ltd. It governs the grant, vesting, forfeiture, and delivery of equity compensation based on the company's total shareholder return. The agreement relates to stock units, compensation, and employment terms, not to any transfer of insurance or reinsurance risk. Therefore it does not fall under any of the categories listed as reinsurance agreements, nor does it involve risk transfer, retrocession, or any of the other reinsurance‑related contract types.",False,,,,,
2021-1400810-0001564590-21-042128-hci-ex1042_476.htm,"The document is titled “PROPERTY CATASTROPHE FIRST EXCESS OF LOSS REINSURANCE CONTRACT” and contains the full terms of a reinsurance agreement (preamble, business covered, retention and limit, premium, reinstatement, definitions, etc.). This clearly qualifies as a reinsurance contract rather than an ancillary amendment, so it is a reinsurance agreement and also the main contract. The contract transfers risk on a surplus/excess‑of‑loss basis (the reinsurer assumes losses above a specified retention up to a limit per loss occurrence), which is a classic non‑proportional structure. The underlying exposure is property catastrophe insurance, which falls under non‑life lines. Accordingly, the class of business is Property. The treaty appears to be an obligatory treaty rather than a facultative arrangement.",True,True,True,non-proportional,Non-Life,Property
2021-5272-0001104659-21-134956-exhibit103.htm,"The document is an exhibit describing AIG’s Long Term Incentive Plan for officers and key employees. It outlines award types (PSUs, RSUs, Options), vesting, performance measures, and administrative provisions. It does not involve any transfer of insurance risk, reinsurance treaty, retrocession, or any of the listed reinsurance‑type agreements. Therefore it is not a reinsurance contract.",False,,,,,
2021-1576018-0001576018-21-000115-exhibit1010mingzhangrestri.htm,"The document is an Employee Restricted Share Award Agreement for Third Point Reinsurance Ltd. It details the grant of restricted shares to an employee, vesting conditions, and related corporate governance provisions. There is no transfer of insurance risk, no reinsurance or retrocession arrangement, and no reference to insurance coverage. Consequently, it does not meet any of the criteria for a reinsurance agreement.",False,,,,,
2021-896159-0000896159-21-000003-cb-12312020xex1083.htm,"The document is an exhibit describing the terms of a Performance Based Restricted Stock Award granted to an executive under Chubb Limited’s 2016 Long‑Term Incentive Plan. It details vesting conditions, performance targets, and administration of equity awards. This is an executive compensation agreement, not a contract that transfers insurance risk or reinsurance coverage. Consequently it does not meet any of the criteria for a reinsurance agreement, nor does it contain any reinsurance‑related terms, proportional or non‑proportional structures, or insurance‑type classifications.",False,,,,,
2021-1069996-0001069996-21-000138-exhibit1024xq321.htm,"The document is a full reinsurance treaty titled “Non‑Florida Property Catastrophe Excess of Loss Reinsurance Contract”. It contains all essential articles (definitions, scope, retention, limits, reinstatement, premiums, etc.) and signatures, indicating that it is the main contract rather than an amendment or endorsement. The contract transfers excess liability on property lines from the insurer (FedNat Insurance Company) to the reinsurer, which is characteristic of a reinsurance agreement. The structure and language match a standard reinsurance treaty, not a direct insurance policy or other financial instrument, so it is classified as a reinsurance contract.

The contract is an excess‑of‑loss (loss‑based) arrangement, which is a non‑proportional form of reinsurance. There is no indication that the coverage is facultative; it is presented as a treaty covering the insurer’s entire property portfolio (excluding Florida), which is typical of an obligatory reinsurance treaty.

The underlying insurance is property, therefore the insurance type is Non‑Life. The class of business is Property (property damage from fire, inland marine, homeowners, etc.).",True,True,True,non-proportional,Non-Life,Property
2021-1455863-0001628280-21-016072-ex101-firstamendmentto2020.htm,"The document is an amendment to a **Note and Guaranty Agreement** concerning the issuance of notes (debt securities) by Americold Realty Operating Partnership and related subsidiaries. It deals with corporate governance, capital structure, restricted payments, and collateral arrangements for the underlying financing. The content relates to a financing instrument and guarantees, not to the transfer of insurance risk. There is no indication that the agreement transfers insurance or reinsurance risk, nor does it involve any of the listed reinsurance contract types (e.g., quota share, excess‑of‑loss, retrocession, loss‑portfolio transfer, etc.). Therefore the document is **not a reinsurance agreement**.",False,,,,,
2021-1273813-0001273813-21-000014-ago-03312021x10qex103.htm,"The document is an **Executive Restricted Stock Unit (RSU) Agreement** that governs the grant, vesting, forfeiture, and settlement of restricted stock units to an executive participant under the Assured Guaranty Ltd. 2004 Long‑Term Incentive Plan. The content deals exclusively with compensation, equity awards, tax withholding, and employment‑related matters. It contains no references to insurance, reinsurance, risk transfer, or any of the contractual structures listed in the definition of reinsurance agreements. Consequently, this document does not meet the criteria for a reinsurance agreement, nor does it constitute a main reinsurance contract or any ancillary reinsurance amendment.

Given that the document is not a reinsurance agreement:
- **is_reinsurance** is **False**.
- **is_main_contract**, **is_obligatory**, **proportional_or_non_proportional**, **insurance_type**, and **class_of_business** are all **None**, as they are not applicable.",False,,,,,
2021-1691421-0001691421-21-000081-lmnd-20210630xxex103xadden.htm,"The document is an addendum that amends a “WHOLE ACCOUNT QUOTA SHARE REINSURANCE CONTRACT”. It therefore modifies an existing reinsurance agreement, which means it is a reinsurance document. Because it is an amendment rather than the original contract, it is an ancillary (not a main) contract. The underlying quota‑share contract is a proportional, obligatory whole‑account reinsurance covering personal property, personal liability and auto insurance – clearly non‑life lines. Since the contract covers multiple non‑life lines (property and liability), the most appropriate class of business under the provided list is “Casualty”.",True,False,True,proportional,Non-Life,Casualty
2021-1527469-0001527469-21-000041-q12021exhibit1024.htm,"The document is a restricted share award agreement that forms part of Athene Holding Ltd.’s 2019 Share Incentive Plan. It governs the grant, vesting, and restrictions of equity compensation to an executive. It does not involve any transfer of insurance risk, nor does it constitute a reinsurance, retrocession, or any other type of insurance‑linked contract. Consequently, it is not a reinsurance agreement, nor does it contain any of the characteristics (obligatory, proportional/non‑proportional, etc.) required for reinsurance classification.",False,,,,,
2021-1535929-0001535929-21-000025-a2020q4voyaex1021.htm,"The document is an “Amended and Restated Reinsurance Agreement (B)” between a life insurer (Security Life of Denver International Limited) and a reinsurer (Hannover Life Reassurance Company of America). This is a full reinsurance treaty that contains all principal terms (cession of 100 % of liabilities, premium and settlement mechanisms, etc.). Therefore it is a reinsurance agreement and constitutes a main contract. The treaty cedes the entire portfolio on a coinsurance basis, which is characteristic of an obligatory treaty. The cession is on a 100 % coinsurance (quota‑share) basis, indicating a proportional structure. The underlying business is life insurance (including annuities), so the insurance type is Life. The underlying class of business is primarily mortality (term/whole life) rather than longevity or health, as the majority of the covered contracts are life insurance policies.",True,True,True,proportional,Life,Mortality
2021-1363829-0001363829-21-000187-nab_cavellobay-5thamendmen.htm,"The document is a “Fifth Amendment to Letter of Credit Facility Agreement”. It amends a credit agreement that provides standby letters of credit to support reinsurance transactions, but the text itself is a financing instrument (credit facility amendment), not a contract that directly transfers insurance risk. According to the provided definitions, reinsurance agreements are those that transfer risk (e.g., quota share, excess of loss, etc.). This amendment merely modifies the terms under which letters of credit are issued and does not contain risk‑transfer provisions typical of a reinsurance contract. Therefore the document is not a reinsurance agreement.",False,,,,,
2021-928022-0000928022-21-000021-ex1028exchangeagreement.htm,"The document is an exchange agreement for corporate debt securities (senior notes) of Callon Petroleum Company. It outlines the exchange of existing senior unsecured notes for new second lien notes and the issuance of warrants. This is a corporate financing transaction, not an insurance or reinsurance contract. Therefore it does not meet any of the criteria for reinsurance agreements, nor does it pertain to any insurance type or class of business.",False,,,,,
2021-1745032-0001558370-21-003829-c032-20201231ex1086b2c4b.htm,"The document is a Contribution Agreement transferring ownership of a hotel property and associated assets from a Texas LLC to a Delaware limited partnership. It outlines the terms of the contribution, assumed liabilities, escrow, closing conditions, representations, warranties, and indemnifications. The agreement deals with real‑estate acquisition and corporate matters, not with the transfer of insurance risk or any reinsurance, retrocession, or related contract. Consequently, it does not meet any of the criteria for a reinsurance agreement.",False,,,,,
2021-1400810-0001564590-21-042128-hci-ex10112_488.htm,"The document is an “Excess of Loss Reinsurance Contract” issued by TypTap Insurance Company to Homeowners Choice Property & Casualty Insurance Company. It contains the full terms, conditions, articles, definitions, and signatures that constitute a complete reinsurance treaty covering property catastrophe risks (flood, wind, hurricanes) for a portfolio of policies. This matches the definition of a reinsurance agreement and is a primary contract rather than a mere amendment or endorsement. The contract is a treaty covering a defined portfolio, thus it is obligatory (not facultative). The structure is that of an excess‑of‑loss arrangement, which is a classic non‑proportional reinsurance form. The risks covered are property‑related (homeowners, business owners, condo, flood, wind), placing the underlying insurance in the Non‑Life sector and specifically in the Property class of business.",True,True,True,non-proportional,Non-Life,Property
2021-886982-0001193125-21-049380-d39654dex1046.htm,"The document is an award agreement governing the grant of restricted shares under The Goldman Sachs Group’s stock incentive plan. It outlines vesting, transfer restrictions, forfeiture, and other employment‑related terms. It does not involve the transfer of insurance risk, nor does it constitute a reinsurance, retrocession, or any of the other agreements listed as reinsurance contracts. Therefore it is not a reinsurance agreement.",False,,,,,
2021-1069996-0001069996-21-000098-exhibit102.htm,"The document is an “Excess Catastrophe Reinsurance Contract” describing the terms, conditions, retention, limits, premiums, definitions, and related clauses between FedNat Insurance Company (and related insurers) and the subscribing reinsurer(s). It clearly establishes a reinsurance arrangement covering excess liability on the insurer’s property portfolio. This is a full reinsurance treaty, not a mere endorsement or amendment, and it transfers risk from the ceding insurer to the reinsurer on a non‑proportional (excess‑of‑loss) basis. The underlying insurance is property (dwelling fire, inland marine, commercial and homeowners), which falls under the Non‑Life category, specifically the Property class of business. The contract is obligatory, as it is a treaty that obligates the reinsurer to provide coverage for the defined excess layers.",True,True,True,non-proportional,Non-Life,Property
2021-1400810-0001564590-21-042128-hci-ex10120_480.htm,"The document is a “Reimbursement Contract” between Homeowners Choice Property and Casualty Insurance Company and the State Board of Administration of Florida, which administers the Florida Hurricane Catastrophe Fund (FHCF). The FHCF is a government‑run insurance pooling mechanism that reimburses insurers for losses caused by covered hurricane events. This arrangement transfers risk from the insurer to the Fund and therefore satisfies the definition of an insurance‑pooling agreement that functions like reinsurance. Consequently, the document is a reinsurance‑type agreement.

The contract sets out all principal terms (coverage levels, retention, reimbursement calculations, obligations, reporting requirements, etc.) and is not merely an amendment or endorsement. Hence it constitutes the main contract establishing the risk‑transfer relationship.

Florida law requires insurers that write “covered policies” to enter into this contract; it is a statutory, mandatory requirement. Therefore the agreement is obligatory.

The reimbursement mechanism is excess‑of‑loss in nature: the Fund reimburses the insurer for losses above the insurer’s retention, multiplied by a coverage level (45 %, 75 % or 90 %). This is characteristic of a non‑proportional treaty.

The underlying policies are homeowners property policies, i.e., non‑life (property & casualty) insurance.

The class of business covered is residential property damage from hurricanes, which falls under the “Property” category.",True,True,True,non-proportional,Non-Life,Property
2021-1069996-0001069996-21-000138-exhibit106xq321.htm,"The document is an “Excess Catastrophe Reinsurance Contract” that sets out the terms by which the listed insurers (FedNat, Monarch National, Maison) cede excess liability on their property lines to subscribing reinsurers. It contains the full set of articles, definitions, retention and limit schedules, premium provisions, and signatures – i.e., the complete agreement rather than a supplemental endorsement. This is a classic reinsurance treaty that transfers risk (excess‑of‑loss) from the cedants to the reinsurers, fitting the definition of a reinsurance agreement. The arrangement is non‑proportional (excess layer), covers property business, and is obligatory in nature (the reinsurers must accept the excess layer subject to the listed conditions). Therefore the appropriate classifications are as follows.",True,True,True,non-proportional,Non-Life,Property
2021-1628908-0001628908-21-000054-a2021q1exhibit101.htm,"The document is a Stock Purchase Agreement detailing the acquisition of the Acquired Entity's common stock by Bright Health Management. It contains sections on purchase price, representations, warranties, covenants, closing conditions, and indemnification related to the corporate transaction. There is no reference to reinsurance, retrocession, or any risk transfer arrangement typical of reinsurance contracts. Consequently, it does not meet any of the criteria for a reinsurance agreement, nor does it contain any ancillary or main reinsurance provisions.",False,,,,,
2021-1477294-0001477294-21-000031-exhibit1042-xirgosecuritie.htm,"The document is a **Securities Purchase Agreement** (EX‑10.42) detailing the sale and purchase of equity interests (Class A and Class B Units, Blocker Shares) between Xirgo Technologies, the Blocker, and Sensata Technologies. It governs the transfer of corporate securities, purchase price calculations, escrow arrangements, representations and warranties, covenants, and indemnifications related to a corporate acquisition. There is no transfer of insurance risk, no reinsurance treaty, retrocession, or any of the other contract types listed as reinsurance agreements. Therefore, the document does **not** constitute a reinsurance agreement.",False,,,,,
2021-776867-0000776867-21-000021-wtmexhibit104.htm,"The document is a paying agency agreement that sets out the appointment of agents, duties, and procedures for the issuance, transfer, and payment of floating‑rate Tier 2 subordinated notes issued by Group Ark Insurance Ltd. It deals with the mechanics of a debt instrument and the related securities‑related processes, not with the transfer of insurance risk. Consequently, it does not meet any of the criteria listed for reinsurance agreements (e.g., reinsurance treaties, retrocession, loss portfolio transfers, catastrophe bonds, etc.). Therefore it is not a reinsurance agreement, and all subsequent classification fields are not applicable.",False,,,,,
2021-1095073-0001095073-21-000006-exhibit1034.htm,"The document is a deed of amendment that modifies a **Committed Facility Letter** for the issuance of **letters of credit** between Citibank and Everest Reinsurance. It concerns a credit facility, the amount and tenor of letters of credit, and related security arrangements. There is no transfer of insurance risk, no reinsurance or retrocession contract, nor any of the other categories listed as reinsurance agreements. Therefore, this document is not a reinsurance agreement.",False,,,,,
2021-1069996-0001069996-21-000138-exhibit1031xq321.htm,"The document is a full reinsurance contract titled “Non‑Florida Property Catastrophe Excess of Loss Reinsurance Contract”.  
It contains articles defining the parties, the classes of business, coverage, retention, limits, reinstatement, premiums, exclusions, arbitration, etc., and includes Schedule A with the layers of excess. This matches the definition of a reinsurance agreement (specifically an excess‑of‑loss treaty).  

Because the contract presents all principal terms and is not merely an amendment or endorsement, it is a main contract rather than an ancillary document.  

The contract is a treaty (excess‑of‑loss treaty) where the ceding insurer is required to place the specified excess risks with the reinsurer; such treaties are considered obligatory reinsurance.  

The coverage is excess of loss, which is a classic non‑proportional reinsurance structure.  

The underlying risks are property catastrophe policies, which are non‑life insurance.  

Accordingly, the class of business is Property.",True,True,True,non-proportional,Non-Life,Property
2021-315293-0001628280-21-015069-transitionandseparationagr.htm,"The document is a Transition and Separation Agreement between Aon Corporation and an executive. It outlines the terms of the executive’s continued employment, compensation, restrictive covenants, and releases of claims. It does not involve any transfer of insurance risk, reinsurance treaty, retrocession, or any of the listed reinsurance contract types. Therefore it is not a reinsurance agreement.",False,,,,,
2021-1475922-0001564590-21-009754-pri-ex1015_335.htm,"The document is titled “Reinsurance Trust Agreement” and is executed between American Health and Life Insurance Company (grantor) and National Benefit Life Insurance Company (beneficiary) with JPMorgan Chase Bank acting as trustee. The purpose of the agreement is to establish a trust account that will hold assets (Authorized Investments) for the sole benefit of the beneficiary and to support the obligations arising from the relationship between the grantor and the beneficiary. This is a classic structure used in reinsurance transactions to fund the reinsurer’s liabilities and to provide security for the cedant. Therefore the document constitutes a reinsurance agreement.

The agreement sets out the full terms of the trust arrangement, not merely an amendment or endorsement, so it functions as the main contract governing the reinsurance relationship.

Because the trust is created to fund the reinsurance obligations of the grantor to the beneficiary, it is an obligatory arrangement rather than a facultative one.

The text does not contain any specific risk‑sharing terms such as quota‑share, surplus, excess‑of‑loss, stop‑loss, etc., that would allow us to classify the reinsurance as proportional or non‑proportional. Consequently the proportionality classification is indeterminate.

Both parties are life insurers, and the trust is intended to support reinsurance of their life‑insurance liabilities. Hence the insurance type is “Life”. The underlying business is typical mortality reinsurance (covering death risk) rather than longevity or health, so the class of business is classified as “Mortality”.",True,True,True,,Life,Mortality
2021-1039828-0001039828-21-000018-a2020-12x31ex1037.htm,"The document is an **Assignment Agreement** that transfers the rights and obligations under an existing Investment Agreement to two entities that are designated as “reinsurance” subsidiaries (Brookfield Asset Management Reinsurance Partners Ltd. and North End Re (Cayman) SPC).  
It therefore relates to a **reinsurance arrangement**, but it does not contain the full terms of a reinsurance contract itself. Instead, it functions as a **novation/assignment** – an ancillary document that modifies an existing reinsurance agreement.  

- **Reinsurance?** Yes – the parties and purpose involve reinsurance entities and the transfer of reinsurance‑related rights.  
- **Main contract?** No – the text is an ancillary assignment rather than a complete reinsurance treaty, proposal, or term‑sheet.  
- **Obligatory?** The document does not itself create an obligatory reinsurance treaty; it merely reallocates rights under an existing agreement, so the obligatory nature cannot be determined from this text. → `None`.  
- **Proportionality** – No proportional or non‑proportional terms are disclosed in the agreement. → `None`.  
- **Insurance type & class of business** – Although the counterpart AEL is a life insurer, the document does not convey the substantive coverage details of the underlying reinsurance contract, so these fields remain indeterminate. → `None`.  

Overall, the document is an ancillary reinsurance‑related agreement.",True,False,,,,
2021-1400810-0001564590-21-042128-hci-ex10115_485.htm,"The document is titled “Reinstatement Premium Protection Reinsurance Contract” and is issued to Homeowners Choice Property & Casualty Insurance Company. It expressly indemnifies the Company for the reinstatement premium obligations arising under an underlying “Property Catastrophe Excess of Loss Reinsurance Contract”. This is a classic reinsurance arrangement that transfers risk from the cedent to the reinsurer. The contract contains all principal terms (effective date, coverage, term, premium schedule, definitions, obligations, etc.), indicating that it is a standalone reinsurance agreement rather than a mere amendment. Because it provides coverage for reinstatement premiums tied to an underlying catastrophe excess‑of‑loss treaty (a non‑proportional, obligatory reinsurance treaty), the reinstatement premium protection is itself considered an obligatory reinsurance contract. The underlying risk is property exposure (homeowners, commercial property, etc.), which falls under Non‑Life insurance and the “Property” class of business. The contract’s nature is non‑proportional, as it pays a predetermined reinstatement premium rather than a proportional share of premiums and losses.",True,True,True,non-proportional,Non-Life,Property
2021-1567683-0001567683-21-000009-clearwayincex1031pinnaclel.htm,"The document is a “Second Amended and Restated Limited Liability Company Agreement” for Pinnacle Repowering Partnership LLC. It governs the formation, capital contributions, management, and operations of the LLC and its wind‑project subsidiaries. Although the agreement contains a definition that lists “reinsurance treaties” among other contracts, the agreement itself is not a reinsurance treaty, retrocession, or any other type of reinsurance contract. It does not transfer insurance risk, nor does it pertain to any insurance lines. Therefore it does not meet any of the criteria for a reinsurance agreement.",False,,,,,
2021-761648-0001564590-21-039136-cdr-ex101_330.htm,"The document is a loan agreement between multiple borrowing entities (Cedar‑related LLCs and LPs) and The Guardian Life Insurance Company as lender. It outlines loan terms, security instruments, covenants, defaults, and indemnifications. There is no transfer of insurance risk, reinsurance treaty, retrocession, loss portfolio transfer, or any of the listed reinsurance contract types. Therefore it does not meet the definition of a reinsurance agreement.",False,,,,,
2021-72971-0000072971-21-000197-wfc-12312020xex10b.htm,"The document is an internal employee incentive plan (Wells Fargo Bonus Plan) that outlines award eligibility, performance criteria, and payment procedures for staff. It does not transfer insurance risk, nor does it involve any reinsurance, retrocession, or other risk‑transfer agreements. It is a compensation and HR policy document, not a reinsurance contract. Therefore it is not a reinsurance agreement, nor does it contain any of the attributes required for reinsurance classification.",False,,,,,
2021-1069996-0001069996-21-000138-exhibit1014xq321.htm,"The document is a Reinstatement Premium Protection contract that provides coverage for the reinstatement premiums of an underlying “Sixth Layer Excess Catastrophe Reinsurance Contract”. This type of contract is explicitly listed among reinsurance agreements (Reinstatement Premium Protection contracts that refer to an underlying reinsurance contract). It contains the full set of articles, premium calculations, schedules, and execution signatures, indicating it is the primary contract rather than a mere amendment. Because it is tied to an underlying excess‐layer catastrophe treaty—which is an obligatory reinsurance treaty—the reinstatement premium protection is also considered an obligatory reinsurance arrangement. The underlying layer is an excess of loss (catastrophe) structure, which is non‑proportional. The coverage relates to catastrophe property risk, thus the insurance type is Non‑Life and the class of business is Property.",True,True,True,non-proportional,Non-Life,Property
2021-886982-0001193125-21-049380-d39654dex1055.htm,"The document is a Signature Card for awards under Goldman Sachs’ Stock Incentive Plan (SIP). It deals with equity compensation, award acceptance, tax withholding, non‑competition restrictions, and data‑privacy notices. It contains no terms transferring insurance risk, no reinsurance or retrocession language, and does not relate to any insurance or reinsurance product. Therefore it is not a reinsurance agreement.",False,,,,,
2021-75208-0001493152-21-007754-ex10-34.htm,"The document is an amendment to a syndicated credit agreement relating to borrowing facilities and financial covenants for Overseas Shipholding Group and its subsidiaries. It discusses loan terms, interest rate benchmarks, reporting requirements, and collateral arrangements. There is no transfer of insurance risk, nor does it involve any reinsurance, retrocession, or similar risk‑transfer contracts. Therefore it does not meet any of the criteria for a reinsurance agreement.",False,,,,,
2021-1075415-0001075415-21-000029-dhc_093021xexhibitx102.htm,"The document is a “Third Amendment to Amended and Restated Credit Agreement” for a real‑estate investment trust (Diversified Healthcare Trust). It amends a credit facility, detailing loan terms, revolving loans, letters of credit, collateral, covenants, and default provisions. This is a loan/credit agreement, not a reinsurance contract, nor any of the listed reinsurance‑related document types (e.g., reinsurance treaty, retrocession, loss portfolio transfer, catastrophe bond, etc.). Therefore it does not meet the criteria for a reinsurance agreement.",False,,,,,
2021-1527469-0001527469-21-000041-q12021exhibit1022.htm,"The document is a restricted share unit award agreement related to an employee equity compensation plan. It outlines the grant, vesting, settlement, and various restrictive covenants for a company executive. It does not involve any transfer of insurance risk, reinsurance, retrocession, or any of the listed reinsurance contract types. Consequently, it is not a reinsurance agreement and does not contain any reinsurance contractual terms.",False,,,,,
2021-1273813-0001273813-21-000014-ago-03312021x10qex102.htm,"The document is a Performance‑Based Restricted Stock Unit (RSU) award agreement under the Assured Guaranty Ltd. 2004 Long‑Term Incentive Plan. It governs the grant, vesting, and settlement of equity awards to an executive participant. The content deals exclusively with stock units, performance metrics, vesting conditions, and tax withholding; there is no reference to any reinsurance transaction, risk transfer, retrocession, or insurance coverage. Consequently, the document does not meet any of the criteria for a reinsurance agreement as defined, nor does it represent a main or ancillary reinsurance contract. All downstream classification fields are therefore not applicable.",False,,,,,
2021-1745032-0001558370-21-007429-c032-20210331ex10234c95d.htm,"The document is an “Amended and Restated Contribution Agreement” that governs the transfer of a hotel property, related assets, and assumed liabilities from a contributor (HD Sunland Park Property LLC) to an operating partnership (Lodging Fund REIT III OP, LP). It details real‑estate contribution, escrow, title, indemnification, and related covenants. There is no transfer of insurance risk, no reinsurance treaty, retrocession, loss‑portfolio transfer, or any of the contract types listed as reinsurance agreements. Consequently, it does not meet the definition of a reinsurance contract.",False,,,,,
2021-898174-0000898174-21-000016-ex1012021q110-q.htm,"The document is a Performance Contingent Share Agreement that grants stock‑based compensation to an employee of Reinsurance Group of America. It describes vesting periods, performance criteria, and share awards related to the company’s financial metrics. The agreement does **not** transfer insurance risk, nor does it constitute a reinsurance, retrocession, or any other type of risk‑transfer contract. Consequently, it is not a reinsurance agreement, nor does it contain any of the contractual elements (proportional or non‑proportional structures, insurance type, class of business, etc.) required for the downstream classifications.",False,,,,,
2021-1400810-0001564590-21-042128-hci-ex1043_475.htm,"The document is titled **“Reinstatement Premium Protection Reinsurance Contract (FOR FIRST EXCESS CAT)”** and contains a full set of contractual articles, definitions, terms, and signatures. It expressly indemnifies the ceding insurer (Typtap insurance company) for the **reinstatement premium** that may be due under an underlying **First Excess Catastrophe excess‑of‑loss reinsurance contract**. This is a classic example of a **reinsurance agreement** (specifically a premium‑protection contract linked to a catastrophe excess‑of‑loss treaty).  

Because the document incorporates all principal terms, tables of contents, and the complete agreement between the company and the reinsurer, it functions as a **main contract** rather than a mere amendment or endorsement.  

The underlying excess‑of‑loss treaty is a **non‑proportional** (excess‑of‑loss) arrangement. The premium‑protection contract, while covering premium obligations, is directly tied to that non‑proportional treaty, so the contract is classified as **non‑proportional**.  

The coverage pertains to **property catastrophe** risks (homeowners, condominium, renters, dwelling) – a **Non‑Life** line of business. Within the non‑life taxonomy, the relevant class is **Property**, as the risks are property damage from fire, allied perils, and natural catastrophes.  

Regarding obligoriness, reinstatement premium protection contracts that reference an underlying **obligatory reinsurance treaty** are treated as **obligatory** reinsurance agreements. The underlying First Excess Cat treaty is typically an obligatory excess‑of‑loss treaty, so this premium‑protection contract is also **obligatory**.  

Thus, the document is a reinsurance agreement, it is a main contract, it is obligatory, it is non‑proportional, it covers Non‑Life insurance, and its class of business is Property.",True,True,True,non-proportional,Non-Life,Property
2021-1535929-0001535929-21-000025-a2020q4voyaex1022.htm,"The document is titled “Amended and Restated Reinsurance Agreement (C)” and sets out the terms under which Security Life of Denver International Limited cedes 100 % of its liabilities to Hannover Life Reassurance Company of America. It contains the full terms of the reinsurance treaty, including definitions, premium and settlement calculations, security provisions, and governance clauses. This matches the definition of a main reinsurance contract (not merely an amendment or endorsement) and it is an obligatory treaty because it covers all covered liabilities on a coinsurance basis. The treaty cedes on a coinsurance (100 % quota‑share) basis, which is a proportional arrangement. The underlying portfolio consists of life insurance contracts (e.g., policies issued by Berkshire Life, Acadia Life, Sun Life, etc.), so the insurance type is Life. Within Life, the contracts are standard mortality policies, so the class of business is Mortality.",True,True,True,proportional,Life,Mortality
2021-5272-0001104659-21-101301-exhibit104.htm,"The document is a Purchase Agreement for the sale of real‑estate equity interests, debt interests, and related assets between American International Group, Inc. and AZTEC HOLDCO LLC. It governs the acquisition of property‑related assets and contains typical purchase, closing, indemnification, and termination provisions. It does **not** transfer insurance risk, nor does it constitute a reinsurance, retrocession, or any of the listed reinsurance‑type contracts. Therefore, it is not a reinsurance agreement.",False,,,,,
2021-886982-0001193125-21-049380-d39654dex1044.htm,"The document is an award agreement for restricted stock units (RSUs) granted to an employee of The Goldman Sachs Group, Inc. It outlines vesting, delivery, transfer restrictions, forfeiture, and tax withholding rules related to equity compensation. It does not involve any transfer of insurance risk, reinsurance, retrocession, or any of the insurance‑related arrangements listed in the guidelines. Therefore, it is not a reinsurance agreement nor related to insurance contracts.",False,,,,,
2021-72162-0001564590-21-024093-nl-ex101_288.htm,"The document provided is a **Credit Agreement** outlining loan facilities, revolving credit, letters of credit, covenants, and security arrangements between lenders (Wells Fargo Bank and affiliates) and borrowers (various Kronos entities). It details financial terms, definitions, and obligations related to borrowing and repayment, with no reference to any reinsurance, retrocession, loss portfolio transfer, or other risk‑transfer contracts typical of reinsurance agreements. Consequently, this document does not meet any of the criteria for being classified as a reinsurance agreement.",False,,,,,
2021-1069996-0001069996-21-000138-exhibit1016xq321.htm,"The document is an “Excess Catastrophe Reinsurance Contract” between three insurance companies (FedNat, Monarch National, Maison) and one or more subscribing reinsurers. It sets out the terms under which the reinsurers will assume the excess liability of the cedants for Property business (dwelling fire, inland marine, commercial homeowners, etc.). The contract includes all principal terms (definitions, coverage, retention, limits, premiums, termination, arbitration, etc.) and therefore represents the primary reinsurance agreement rather than a supplemental endorsement.  

- **Reinsurance status**: The contract is explicitly a reinsurance agreement (excess catastrophe reinsurance).  
- **Main contract**: It contains the full set of contractual provisions, making it a main contract.  
- **Obligatory**: The ceding companies are required to reinsure the excess liability of their entire Property portfolio; the arrangement is not facultative but obligatory.  
- **Proportionality**: The contract is an excess (catastrophe) treaty, i.e., non‑proportional.  
- **Insurance type**: The underlying exposure is Property, which falls under Non‑Life insurance.  
- **Class of business**: The covered lines are explicitly Property business.",True,True,True,non-proportional,Non-Life,Property
2021-874501-0000874501-21-000083-a02-023ambcex10x4x1q21x10q.htm,"The document is a Performance Stock Unit Agreement granting equity compensation to an employee of Ambac Financial Group. It outlines the terms of a long‑term incentive plan, vesting conditions, dividend equivalents, settlement, and other employment‑related provisions. It does not involve any transfer of insurance risk, reinsurance, retrocession, or any of the listed reinsurance‑related contract types. Therefore it is not a reinsurance agreement and none of the reinsurance‑specific classifications apply.",False,,,,,
2021-1140536-0001564590-21-007578-wltw-ex1064_96.htm,"The document is a Performance‑Based Restricted Share Unit (PRSUs) award agreement under Willis Towers Watson’s 2012 Equity Incentive Plan. It governs equity compensation for an employee/committee member, describing grant, vesting, tax, and restrictive covenants. It does not involve any transfer of insurance risk, reinsurance, retrocession, loss‑portfolio transfer, or any of the listed reinsurance‑type agreements. Therefore it is not a reinsurance agreement.",False,,,,,
2021-1576018-0001576018-21-000183-exhibit101amendedrestateds.htm,"The document is an amended and restated “Omnibus Incentive Plan” for SiriusPoint Ltd. It outlines equity‑based compensation, share awards, option grants, performance awards, and related administrative provisions for executives and key employees. It does not constitute a reinsurance agreement, retrocession agreement, or any other contract that transfers insurance risk. Consequently, it falls under the category of non‑reinsurance documents.",False,,,,,
2021-1069996-0001069996-21-000138-exhibit1026xq321.htm,"The document is a full reinsurance treaty titled “Non‑Florida Property Catastrophe Excess of Loss Reinsurance Contract”. It contains all principal terms (definitions, coverage, retention, limits, reinstatement, premium, exclusions, arbitration, etc.) and a Schedule A specifying the excess layers. This meets the definition of a main reinsurance agreement. The treaty is an Excess‑of‑Loss (layered) arrangement, which is a non‑proportional form of reinsurance. It is an obligate treaty (a reinsurance treaty rather than a facultative contract). The underlying insured risks are property lines (dwelling fire, inland marine, commercial/homeowners), which are non‑life insurance. Therefore the appropriate classifications are: reinsurance = True, main contract = True, obligatory = True, non‑proportional, Non‑Life, Property.",True,True,True,non-proportional,Non-Life,Property
2021-1576018-0001576018-21-000115-exhibit108prashanthganguof.htm,"The document is an employment offer letter addressed to Prashanth Gangu for the position of Chief Operating Officer & President, Insurance and Services of Third Point Reinsurance Ltd. (later SiriusPoint Ltd.). It outlines compensation, benefits, duties, and restrictive covenants. The content does not describe any risk transfer, reinsurance or retrocession arrangement, nor does it constitute a reinsurance treaty, retrocession agreement, portfolio transfer, or any other type of reinsurance contract listed in the criteria. Therefore it is not a reinsurance agreement and does not qualify as a main or ancillary reinsurance contract.",False,,,,,
2021-1096343-0001096343-21-000032-mkl_12312020xex109.htm,"The document is an Amended and Restated Executive Employment Agreement between Markel Corporation and an executive, together with related intellectual‑property and release exhibits. It governs the executive’s employment, compensation, confidentiality, covenants, and related matters. It does not involve any transfer of insurance risk, reinsurance, retrocession, or any of the listed reinsurance‑type contracts. Accordingly, it is not a reinsurance agreement, nor does it contain a reinsurance main contract, obligatory reinsurance terms, or any proportional/non‑proportional reinsurance structure. As a result, the remaining classification fields are not applicable.",False,,,,,
2021-724742-0001558370-21-003848-tphs-20201231xex10d24.htm,"The document is a ""Mezzanine Loan Agreement"" for a real‑estate development project. It details loan terms, security, construction covenants, insurance requirements for the property, and other loan‑related provisions. It does not involve any transfer of insurance risk, reinsurance, retrocession, loss‑portfolio transfer, or any of the other types of agreements listed as reinsurance contracts. Therefore it is not a reinsurance agreement.",False,,,,,
2021-1069996-0001069996-21-000138-exhibit1032xq321.htm,"The document is a full reinsurance treaty titled “Non‑Florida Property Catastrophe Excess of Loss Reinsurance Contract”. It sets out the classes of business, retainments, limits, reinstatement, premium, and all other substantive terms of the reinsurance relationship between FedNat Insurance Company and the subscribing reinsurers. This matches the definition of a reinsurance agreement and constitutes the primary contract (not merely an endorsement or amendment). The treaty is a portfolio‑wide excess‑of‑loss (catastrophe) treaty, which is a non‑proportional, obligatory reinsurance arrangement covering property (non‑life) risks. Therefore the appropriate classifications are as follows.",True,True,True,non-proportional,Non-Life,Property
2021-1576018-0001576018-21-000183-exhibit102lpta-ccooctober2.htm,"The document is titled “LOSS PORTFOLIO TRANSFER REINSURANCE AGREEMENT” and sets out the terms under which SiriusPoint America and SiriusPoint Bermuda cede to Pallas Reinsurance Company the “Reinsured Liabilities” of a defined subject business. This is a classic loss‑portfolio‑transfer (LPT), which is listed in the policy as a type of retrospective reinsurance agreement. Therefore the document is a reinsurance contract.

The agreement contains the full contractual terms (background, definitions, coverage, term, consideration, collateral, etc.) and is not a mere amendment or endorsement; it constitutes the primary contract establishing the reinsurance relationship. Hence it is a main contract.

A loss‑portfolio‑transfer transfers the entire portfolio of liabilities from the ceding insurer to the reinsurer, i.e., it obligates the reinsurer to assume all covered losses (subject to an aggregate limit). This satisfies the definition of an obligatory reinsurance contract.

The coverage is expressed as the reinsurer assuming 100 % of the Ultimate Net Loss (UNL) subject to an aggregate limit, which is a non‑proportional structure (excess‑of‑loss style) rather than a quota‑share or surplus arrangement. Therefore the contract is non‑proportional.

The underlying business consists of general liability, professional liability, directors‑and‑officers liability, workers’ compensation, asbestos and environmental exposures, etc. These are typical non‑life (property/casualty) lines. Consequently the insurance type is “Non‑Life”.

Given the specific lines (general liability, product liability, professional liability, directors‑and‑officers liability, workers’ compensation) the appropriate class of business is “Casualty”.",True,True,True,non-proportional,Non-Life,Casualty
2021-1018979-0001564590-21-009413-amsf-ex1023_219.htm,"The document is a detailed “Reinsurance Contract” titled “Casualty Catastrophe Excess of Loss” between American Interstate Insurance Company (and affiliates) and subscribing reinsurers. It outlines the business covered, term, coverage limits, reinstatement, premium, and numerous contractual provisions typical of a full reinsurance treaty. This indicates the document is a reinsurance agreement, not an ancillary amendment, and it contains the principal terms of the reinsurance arrangement, making it a main contract.  
The contract covers all Workers’ Compensation, Employers’ Liability, and related policies of the insurer, which is a portfolio‑wide treaty rather than a facultative, single‑risk arrangement, so it is an obligatory reinsurance treaty.  
The coverage is described as “Excess of loss”, which is a classic non‑proportional reinsurance structure.  
The underlying insurance is casualty (workers’ compensation, employers’ liability), thus Non‑Life.  
The class of business best fits the “Casualty” category, covering commercial liability and workers’ compensation lines.",True,True,True,non-proportional,Non-Life,Casualty
2021-1069996-0001069996-21-000098-exhibit107.htm,"The document is a full reinsurance contract titled “PROPERTY AGGREGATE EXCESS OF LOSS REINSURANCE CONTRACT” between Maison Insurance Company and a reinsurer. It contains all principal terms (business covered, term, definitions, limits, retention, premium, etc.) and is not merely an amendment or endorsement. Therefore it is a reinsurance agreement and serves as the main contract. The treaty is a property‑aggregate excess‑of‑loss (XOL) treaty, which is a non‑proportional treaty and, by nature, an obligatory (treaty) reinsurance arrangement covering the insurer’s entire property portfolio. The underlying insurance is property, which is non‑life, and the class of business is Property.",True,True,True,non-proportional,Non-Life,Property
2021-1069996-0001069996-21-000138-exhibit1011xq321.htm,"The document is titled “Reinstatement Premium Protection Reinsurance Contract” and contains the full terms, schedules, and articles governing the agreement between the cedent (“Company”) and the reinsurer(s). It specifies coverage of reinstatement premiums for losses arising under an underlying “Second Excess Layer of the Company's Excess Catastrophe Reinsurance Contract”. This is a classic reinsurance treaty (not a mere endorsement or amendment) and therefore qualifies as a reinsurance agreement.

Because the document contains the entire contract (articles, schedules, and signatures) it is the main contract rather than an ancillary amendment.

Reinstatement Premium Protection is listed in the policy guidance as an obligatory reinsurance contract when it is tied to an underlying obligatory treaty. The underlying “Excess Catastrophe Reinsurance Contract” is a treaty‑type reinsurance arrangement, so this protection contract is considered obligatory.

The protection covers premium reinstatement for an excess layer, which is a non‑proportional risk‑transfer structure. Consequently the contract is classified as non‑proportional (rather than quota‑share or surplus).

The underlying excess catastrophe reinsurance deals with property loss (catastrophe) risk, which falls under non‑life insurance.

Within the non‑life classification, the contract’s focus on property damage from catastrophes (per‑occurrence limits for property) leads to the “Property” class of business.",True,True,True,non-proportional,Non-Life,Property
2021-1545654-0001545654-21-000029-thirdamendmenttosecondamen.htm,"The document is a “Third Amendment to Second Amended and Restated Note Purchase and Private Shelf Agreement.” It amends a note purchase and private placement agreement that governs the issuance, covenants, and guarantees of debt securities (Notes). The language pertains to financial covenants, guarantors, and guaranty arrangements typical of a credit or debt financing transaction. There is no indication that the agreement transfers insurance risk, nor does it constitute a reinsurance, retrocession, or any of the other listed reinsurance‑type contracts. Consequently, the document does not meet the definition of a reinsurance agreement.",False,,,,,
2021-24090-0000024090-21-000049-exhibit101-creditagreement.htm,"The document is a Credit Agreement providing revolving loan facilities between Citizens, Inc. (the Borrower) and Regions Bank (the Lender). It outlines loan terms, interest rates, covenants, guarantees, and related financial and legal provisions. The content pertains to a direct financial loan arrangement, not to the transfer of insurance risk or any form of reinsurance, retrocession, or similar risk‑transfer contract. Therefore it does not meet any of the criteria for reinsurance agreements listed.",False,,,,,
2021-1363829-0001363829-21-000096-enstar-2018rcfxthirdamendm.htm,"The document is a third amendment to a revolving credit agreement, which is a loan‑type instrument between Enstar Group and various lenders. It amends the terms of a credit facility, grants waivers and consents, and defines various corporate and financial definitions. It does not transfer insurance risk, nor does it relate to reinsurance, retrocession, or any of the listed reinsurance‑type agreements. Therefore it is not a reinsurance contract.",False,,,,,
2021-1527469-0001527469-21-000041-q12021exhibit1021.htm,"The document is a non‑qualified stock option award notice and agreement between Athene Holding Ltd. and an employee. It governs the grant, vesting, exercise, and termination of equity compensation. It does not involve the transfer of insurance risk, nor does it constitute a reinsurance, retrocession, or any of the listed reinsurance‑type contracts. Therefore it is not a reinsurance agreement and none of the subsequent classification fields apply.",False,,,,,
2021-1745032-0001558370-21-015808-tmb-20210930xex10d57.htm,"The document is a Contribution Agreement for the transfer of a hotel property (real‑estate) from Agassiz Hospitality, LLC to Lodging Fund REIT III Operating Partnership. It details the contribution of the property, assets, liabilities, and related agreements, and contains standard transaction, indemnification, and closing provisions. There is no transfer of insurance risk, no reinsurance treaty, retrocession, or any of the listed reinsurance‑type agreements. Consequently, this document is not a reinsurance contract nor an ancillary modification of one.",False,,,,,
2021-1400810-0001564590-21-042128-hci-ex1045_473.htm,,,,,,,
2021-1576018-0001576018-21-000115-exhibit1011amendedrestated.htm,"The provided document is an amended and restated Director Compensation Policy for Third Point Reinsurance Ltd. It outlines cash and equity compensation for independent directors and the governance procedures for the policy. It does not describe any risk transfer, reinsurance treaty, retrocession, portfolio transfer, or any other agreement that would constitute a reinsurance contract. Therefore it is not a reinsurance agreement, nor does it serve as a main or ancillary contract related to reinsurance. Consequently, the remaining classification fields (obligatory status, proportionality, insurance type, and class of business) are not applicable.",False,,,,,
2021-1069996-0001069996-21-000098-exhibit101.htm,"The document is an **Excess Catastrophe Reinsurance Contract** entered into by FedNat Insurance Company and its subsidiaries with subscribing reinsurers. It outlines the terms, coverage, exclusions, retention, limits, premiums, collateral, and other provisions typical of a reinsurance treaty. The contract transfers the excess liability of the insurer’s **property** business to the reinsurers, which is a classic form of **non‑proportional (excess of loss) reinsurance**.  

- The document clearly constitutes a reinsurance agreement (per the list of reinsurance contracts).  
- It contains the full terms of the agreement, not merely an amendment, therefore it is a **main contract** rather than an ancillary endorsement.  
- As an excess‑of‑loss treaty covering the insurer’s entire property portfolio, it functions as an **obligatory** (mandatory) reinsurance arrangement, typical for catastrophe exposure.  
- The contract’s structure (retention and per‑occurrence limits) confirms it is **non‑proportional**.  
- The underlying insurance is **property** business, which falls under **Non‑Life** insurance.  
- The class of business is explicitly “Property business” (dwelling fire, inland marine, mobile home, commercial and homeowners), so the appropriate classification is **Property**.",True,True,True,non-proportional,Non-Life,Property
2021-1400810-0001564590-21-042128-hci-ex10118_482.htm,"The document is an “EXCESS OF LOSS REINSURANCE CONTRACT” issued to TypTap Insurance Company by Homeowners Choice Property & Casualty Insurance Company, Inc. It sets out the terms, retention, limits, premium, reinstatement, definitions, and many contractual provisions typical of a reinsurance treaty. It transfers the net excess liability of a portfolio of property policies (Homeowners, Condominium, Renters, etc.) from the cedent to the reinsurer. This is a full reinsurance agreement (not merely an amendment or endorsement) and therefore constitutes the main contract. The treaty covers a defined class of business (property catastrophe) for all policies in the portfolio, which aligns with an obligatory reinsurance arrangement. The contract is an excess‑of‑loss (X L) structure, which is a classic non‑proportional reinsurance form. The underlying insurance is property risk, i.e., non‑life. Accordingly, the appropriate classification for the class of business is “Property”.",True,True,True,non-proportional,Non-Life,Property
2021-1361658-0001361658-21-000249-a101-secondamendmentdateda.htm,"The document is a “Second Amendment to Credit Agreement” that amends, adds, and restructures revolving credit facilities, term loans, and letters of credit for Travel & Leisure Co. It concerns credit commitments, borrowing, and loan terms, and contains no language relating to risk transfer between insurers or reinsurers, nor any reinsurance, retrocession, or similar agreements. Therefore it does not meet any of the criteria for a reinsurance contract.",False,,,,,
2021-100716-0000100716-21-000020-exhibit10-9.htm,"The document is a **Surplus Line Broker Agreement** between United Specialty Insurance Company and Unifax Insurance Systems, Inc. While it references a separate Quota Share Reinsurance Agreement as a condition precedent, the text itself establishes the broker’s authority, duties, compensation, and compliance obligations. It does not constitute a reinsurance contract itself, but rather an ancillary agreement governing the placement of business that will be reinsured under another agreement. Therefore it is not a reinsurance agreement per the defined criteria.",False,,,,,
2021-1788882-0001788882-21-000011-termloanagreement.htm,"The document is an “Amended and Restated Term Loan Agreement” that establishes a loan facility, defines borrowing terms, interest rates, covenants, and security interests. It deals with term loans, lenders, and a borrowing entity (Root, Inc.) and contains no provisions related to the transfer of insurance risk, reinsurance, retrocession, or any of the listed reinsurance contract types. Therefore it is not a reinsurance agreement.",False,,,,,
2021-740260-0000740260-21-000101-vtrexhibit101.htm,"The document is a First Amendment to a Credit and Guaranty Agreement that amends a term loan facility for Ventas Realty, Limited Partnership. It concerns loan commitments, borrowing terms, interest rates, covenants, and administrative procedures. There is no transfer of insurance risk, no reinsurance or retrocession language, and the parties are a borrower, guarantor, lenders, and an administrative agent. Therefore it does not fall under any of the listed categories of reinsurance agreements.",False,,,,,
2021-701869-0000701869-21-000062-ihc3q2021_ex10z22.htm,"The provided document is an **Amended and Restated Stock Purchase Agreement** governing the sale and purchase of shares of an insurance company. Its purpose is the transfer of corporate ownership, not the establishment of a reinsurance contract. While the agreement contains a clause (Section 3.22) that references existing “Material Reinsurance Contracts,” the document itself does not create, modify, or embody a reinsurance agreement. Therefore, it does not meet the definition of a reinsurance agreement or a main reinsurance contract.",False,,,,,
2021-1513761-0001558370-21-010944-nclh-20210630xex10d1.htm,"The document is an amendment and restatement agreement for a term loan facility (the “Facility Agreement”) financing the construction of a cruise ship. It involves borrowers, lenders, agents, a security trustee, and various loan‑related terms such as tranches, interest rates, drawdown conditions, and guarantees. There is no transfer of insurance risk, no reinsurance or retrocession language, and it does not relate to any insurance policy. Therefore it is not a reinsurance agreement.",False,,,,,
2021-1400810-0001564590-21-042128-hci-ex10121_479.htm,"The document is the Florida Hurricane Catastrophe Fund (FHCF) Reimbursement Contract. This contract provides reimbursement to an insurer for losses from covered hurricane events, functioning as a risk‑transfer mechanism similar to reinsurance. Government insurance pooling schemes that fulfill a risk‑transfer objective, such as the FHCF, are explicitly listed as reinsurance agreements.  

The contract contains the principal terms (coverage levels, retention, reimbursement premium, obligations of both parties) and is signed by the insurer and the State Board of Administration, so it is the main contract rather than a mere endorsement or amendment.  

Participation in the FHCF is mandated by Florida statutes for any insurer writing covered policies, making the contract obligatory.  

The reimbursement is paid on a loss‑excess basis (the insurer retains a portion of loss and the FHCF reimburses the excess up to an elected coverage level), which is characteristic of non‑proportional (excess‑of‑loss) reinsurance.  

The underlying insurance is property insurance covering residential structures against hurricanes, thus it is non‑life insurance.  

Consequently, the class of business is Property, as it relates to property damage from hurricanes on residential structures.",True,True,True,non-proportional,Non-Life,Property
2021-1849253-0001193125-21-264503-d216143dex108.htm,"The document is a “Third Amendment to Credit Agreement” for Ryan Specialty Group, LLC. It amends loan and credit terms, outlines borrowing facilities, covenants, and guarantees. It does not involve any reinsurance, retrocession, loss portfolio transfer, catastrophic bond, insurance pooling, or any contract that transfers insurance risk. Therefore it is not a reinsurance agreement.",False,,,,,
2021-1476765-0001476765-21-000023-tm213863d1_ex10-2.htm,"The document is a “First Supplemental Indenture” for GCIC CLO II LLC, which amends an existing indenture governing the issuance, redemption, and restructuring of secured notes in a collateralized loan obligation (CLO) structure. It concerns the issuance of new securities, redemption of existing ones, and amendments to the indenture. This is a structured finance instrument, not a reinsurance, retrocession, or any other type of risk‑transfer agreement listed in the reinsurance definition. Therefore it does not qualify as a reinsurance contract.",False,,,,,
