filename,reasoning,is_reinsurance,is_main_contract,is_obligatory,proportional_or_non_proportional,insurance_type,class_of_business
2006-1358164-0000930413-06-006737-c44219_ex10-16.txt,"This document outlines a General Services Agreement between two companies concerning the provision of services like real estate, facilities, and IT support. It does not involve any transfer of risk characteristic of reinsurance or retrocession, nor does it modify or pertain to an existing reinsurance contract. Therefore, it is not a reinsurance agreement. As it is not a reinsurance agreement, the other classification fields related to reinsurance specifics (main contract, obligatory, proportional-non-proportional, insurance type, class of business) are not applicable.",False,,,,,
2006-896159-0001193125-06-056531-dex109.htm,"The document is an Amended and Restated Credit Agreement. It outlines terms and conditions related to borrowing money, including committed advances, competitive bid advances, and letters of credit. The agreement involves ACE Limited and its subsidiaries as borrowers, and various financial institutions as lenders and agents. The document details the types of advances, interest rates, fees, repayment terms, conditions for borrowing, representations and warranties, covenants, events of default, and miscellaneous provisions. It does not constitute a reinsurance agreement, as its primary purpose is to establish a debt facility.",False,,,,,
2006-911576-0001193125-06-119270-dex1024.htm,"The document is a stock purchase agreement between American Founders Financial Corporation and Sagicor USA, Inc. It details the sale of shares of Laurel Life Insurance Company and American Founders Life Insurance Corporation. The document does not mention or establish a reinsurance contract. Therefore, it is not a reinsurance agreement. Since it is not a reinsurance agreement, none of the subsequent classification fields (is_main_contract, is_obligatory, proportional_or_non_proportional, insurance_type, class_of_business) are applicable.",False,,,,,
2006-1352713-0000950123-06-010371-y24108exv10w10.htm,"The document provided is a Share Option Award Agreement, which is a form of employee compensation. It does not relate to insurance or reinsurance in any way.",False,False,,,,
2006-877355-0000877355-06-000029-ex10-1creditagr.htm,"The document is a Revolving Credit Agreement. It outlines terms and conditions for loans provided to LandAmerica Financial Group, Inc. by various lenders. The agreement details loan amounts, interest rates, repayment schedules, fees, covenants, and events of default. There is no mention of reinsurance, retrocession, or any risk transfer specifically related to insurance policies or contracts. Therefore, it is not a reinsurance agreement.",False,,,,,
2006-888919-0000950134-06-023686-h42298q2exv10w3.htm,"The document is a Master Agreement that includes the formation of specific reinsurance agreements, denoted as ""FORM OF QUOTA SHARE REINSURANCE AGREEMENT."" This constitutes a primary reinsurance contract. The agreement's exhibits and recitals mention various types of insurance policies and treaties like ""HMO AND INSURANCE COMPANY TREATIES,"" ""PROVIDER EXCESS POLICIES,"" and ""STOP LOSS POLICIES,"" which are characteristic of reinsurance in the health insurance sector. Specifically, the inclusion of ""Quota Share Reinsurance Agreement"" forms directly confirms it's a reinsurance agreement. As it establishes the core reinsurance relationships, it's considered the main contract. The nature of the underlying policies (health reinsurance and excess loss insurance) indicates ""Non-Life"" insurance, falling under the ""Health"" class of business.",True,True,,proportional,Non-Life,Health
2006-1273813-0001104659-06-013292-a06-5644_1ex10d5.htm,"The document is an agreement regarding the resignation of an employee, detailing terms of employment, consideration for resignation, and release of claims. It does not pertain to reinsurance or any form of insurance risk transfer.",False,False,,,,
2006-745732-0001206774-06-002502-rs101600ex102.htm,"The user has provided a ""Note Purchase Agreement"" document. This document details the terms and conditions under which Ross Stores, Inc. will issue and sell senior notes to various purchasers. It outlines the principal amounts, interest rates, maturity dates, covenants, events of default, and other stipulations related to this debt issuance.

Critically, the document does not mention reinsurance, retrocession, or any form of risk transfer between insurance entities or from an insurer to a reinsurer. The terminology used, such as ""Notes,"" ""Purchasers,"" ""Company,"" ""principal amount,"" ""interest rate,"" and ""covenants,"" are all standard for a debt financing agreement. The parties involved are a corporation (Ross Stores, Inc.) and financial institutions (the purchasers of the notes), not insurance or reinsurance companies acting in their capacity as insurers or reinsurers.

Therefore, this document is a debt financing agreement and not a reinsurance agreement. Since it is not a reinsurance agreement, it cannot be a main contract, obligatory, proportional, non-proportional, or of any specific insurance type or class of business.",False,,,,,
2006-874977-0001193125-06-052382-dex1034.htm,"The document is an endorsement to a Property Catastrophe Overlying Excess of Loss Reinsurance Contract. An endorsement modifies an existing contract, in this case, a reinsurance contract. The contract itself is identified as a ""Reinsurance Contract"" and specifies ""Excess of Loss"" coverage, which is a type of non-proportional reinsurance. The coverage is for property, indicating Non-Life insurance. Since it's an endorsement to a reinsurance contract, it is not the main contract but rather an ancillary agreement. The nature of the underlying contract as an ""Overlying Excess of Loss Reinsurance Contract"" implies non-proportional coverage for property risks. It is not explicitly stated whether the underlying contract is obligatory or not, but the endorsement itself doesn't change that underlying characteristic.",True,False,,non-proportional,Non-Life,Property
2006-1126328-0001104659-06-031122-a06-9257_1ex10d12.htm,"The document is a ""Change of Control Supplement to Employment Agreement"". It outlines terms related to an executive's employment in the event of a change in control of the company. It defines terms like ""Change of Control"", ""Employment Period"", and ""Termination of Employment"", and details compensation and benefits under various termination scenarios. Crucially, it does not involve any transfer of risk from one insurance entity to another, which is the defining characteristic of reinsurance. It's an employment contract supplement, not a reinsurance agreement.",False,,,,,
2006-896159-0001193125-06-056531-dex106.htm,"The document is titled ""LETTER OF CREDIT FACILITY AGREEMENT"" and outlines the terms of a facility that provides letters of credit. The primary purpose of this facility is to support Funds at Lloyd's. Letters of credit are financial instruments that guarantee payment, rather than directly transferring insurance risk, and are therefore not considered reinsurance agreements. The document details the terms of a credit facility, including the roles of various parties like the account party, guarantors, lead arrangers, agent, and banks, as well as conditions for utilization, fees, and events of default. It does not contain provisions characteristic of a reinsurance or retrocession contract, which would involve the transfer of risk from one insurance entity to another.",False,,,,,
2006-743532-0001193125-06-228357-dex101.htm,"This document describes a plan for Virginia Mutual Insurance Company (VMIC) to convert from a mutual insurance company to a stock insurance company. This is a corporate restructuring and not a reinsurance agreement. It details the merger of VMIC with a subsidiary of Alfa Corp. and the distribution of consideration to policyholders. While it mentions VMIC's participation in a reinsurance pooling arrangement with other Alfa affiliates, this document itself is not a reinsurance contract.",False,False,,,Non-Life,Property
2006-1179929-0001104659-06-032817-a06-10017_1ex10d1.htm,"The user has provided a contract between the Utah Department of Health and Molina Healthcare of Utah. The document outlines terms related to health plan services, benefits, payment methodologies, and administrative requirements. It clearly defines a provider-contractor relationship for the provision of health services to Medicaid recipients. There is no indication of risk transfer from one insurance entity to another, which is characteristic of reinsurance. The contract is for direct provision of healthcare services to individuals.

Therefore, it is not a reinsurance agreement. As it's not a reinsurance agreement, other classifications like `is_main_contract`, `is_obligatory`, `proportional_or_non_proportional`, `insurance_type`, and `class_of_business` are not applicable.",False,,,,,
2006-29915-0001047469-06-002147-a2167550zex-10_t.htm,"The document is a Summary Plan Description for The Dow Chemical Company's Retiree Life Insurance Plans (Company-Paid, Optional, and Dependent). It details the terms, eligibility, coverage, and costs associated with these life insurance benefits for retirees. The document explicitly mentions the insurance policies provided by Metropolitan Life Insurance Company (""MetLife"") and a joint insurance arrangement with Dorinco Reinsurance Company. However, it does not describe a reinsurance agreement where Dow Chemical Company is ceding risk to another party as a reinsurer. Instead, it describes direct insurance policies offered to retirees, with Dorinco acting as a risk-sharer in a way that doesn't constitute a reinsurance agreement from Dow's perspective as a reinsurer. Therefore, it is not a reinsurance agreement.",False,,,,Life,Mortality
2006-1097864-0001193125-06-036587-dex1024.htm,"The document is an ""AMENDMENT AND RESTATEMENT AGREEMENT"" related to a credit agreement. It discusses term loans and revolving commitments, indicating a financial lending arrangement rather than an insurance or reinsurance contract. There is no language suggesting risk transfer in the manner of insurance or reinsurance.",False,,,,,
2006-866873-0001193125-06-144271-dex1068.htm,"The document describes the Del Monte Corporation Executive Medical Reimbursement Plan, which provides group health care benefits to eligible executives. It details the plan's structure, administration, contributions, eligibility, and compliance with regulations like HIPAA. The document explicitly states it provides ""group health care benefits"" and references an ""Insurer"" and ""insurance policy."" There is no indication of risk transfer between insurance entities, which is characteristic of reinsurance.",False,,,,Non-Life,Health
2006-1036960-0000950135-06-004873-b61549fsexv10w02.txt,"The document is a Credit Agreement, which is a loan facility agreement, not a reinsurance agreement. It details terms for borrowing money, issuing letters of credit, and related financial obligations between lenders and a borrower. There is no mention of risk transfer, premiums, or the core characteristics of reinsurance contracts.",False,,,,,
2006-1289592-0001157523-06-008047-a5201679ex10_7.txt,"The document is a Novation and Transfer Agreement that substitutes Tower Insurance Company of New York for PXRE Reinsurance Company as the reinsurer under an existing ""Reinsurance Agreement"" with State National Insurance Company, Inc. This is an ancillary agreement that modifies the terms of an existing reinsurance contract. The underlying contract is an ""Excess of Loss Reinsurance Agreement,"" which is a form of non-proportional reinsurance. The nature of the underlying business is Non-Life insurance, but the specific class of business is not detailed beyond being an Excess of Loss Reinsurance Agreement.",True,False,,non-proportional,Non-Life,
2006-1214816-0001104659-06-015328-a06-5894_1ex10d11.htm,"The provided document is an employment agreement between AXIS Specialty U.S. Services, Inc. and an individual named Marshall Turner. It outlines the terms of employment, compensation, benefits, and other clauses related to the employee's role. There is no mention of risk transfer, insurance policies being reinsured, or any of the characteristics that define a reinsurance agreement. Therefore, this document is not a reinsurance agreement.",False,,,,,
2006-1289592-0001157523-06-008047-a5201679ex10_9.txt,"The document is a ""NOVATION AND TRANSFER AGREEMENT"" where TOWER Insurance Company is substituted as the reinsurer in place of PXRE Reinsurance Company for a Reinsurance Agreement between State National Insurance Company and PXRE. This agreement modifies an existing reinsurance contract by transferring the rights and obligations from one party to another. Therefore, it is an ancillary agreement to a reinsurance contract. The original contract is identified as an ""Excess of Loss Reinsurance Agreement"", which is non-proportional and pertains to Non-Life insurance.",True,False,,non-proportional,Non-Life,Specialty
2006-1299969-0000950133-06-003673-w23939exv10w3.htm,"The document is a Credit Agreement for a Senior Secured Revolving Credit Facility. It outlines the terms and conditions between a lender (Wachovia Bank) and a borrower (Comstock Homebuilding Companies, Inc.) for a $40,000,000 credit facility. The agreement details the terms of advances, repayment, interest, covenants, events of default, and remedies. There is no mention of reinsurance, retrocession, or any risk transfer from one insurer to another. It is a direct lending agreement between a bank and a company.",False,,,,,
2006-740125-0001193125-06-015716-dex10b.htm,"The user has provided a document which is a Stock Purchase Agreement. The primary purpose of this agreement is to transfer ownership of shares in one company (Overseas Partners Re Ltd.) from one entity (Overseas Partners Ltd.) to another (Catalina Holdings Ltd.). While the target company (Overseas Partners Re Ltd.) is an insurance company as evidenced by terms like ""Class 3 and long term Bermuda exempted insurance company"" and references to ""SAP"" (statutory accounting practices prescribed or permitted by the Bermuda Insurance Act of 1978), the agreement itself is not a reinsurance contract. It's an agreement for the sale and purchase of a company. Therefore, it's not a reinsurance agreement, not a main contract of reinsurance, not obligatory, and the proportional or non-proportional nature, insurance type, and class of business are not applicable.",False,,,,,
2006-1179929-0001193125-06-165652-dex101.htm,"The document is a contract amendment between Molina Healthcare of Utah and the Utah Department of Health. It amends an existing ""Health Plan - Molina"" contract, extending the contract period and increasing the contract amount. The document details changes to payment methodology and contract terms. There is no mention of risk transfer between insurance entities, which is characteristic of reinsurance. Instead, it appears to be a direct service contract for health plan services. Therefore, it is not a reinsurance agreement. Because it is not a reinsurance agreement, the other fields are not applicable.

The document is a contract amendment that modifies an existing agreement. The original contract (not provided here but referenced) established the terms of the health plan services. This amendment modifies those terms. However, the question asks if it *establishes* a reinsurance or retrocession contract or if it's merely an ancillary agreement. Since this is an amendment to a direct service contract, not a reinsurance contract, it's not considered a main contract in the context of reinsurance. As it's not a reinsurance contract, the remaining fields are not applicable.

The document is a contract amendment for health plan services, not a reinsurance agreement. Therefore, the classification of obligatory is not applicable.

The document is a contract amendment related to health plan services, not a reinsurance agreement. Therefore, the proportional_or_non_proportional classification is not applicable.

The document details a contract for health plan services, which falls under the category of Non-Life insurance. Specifically, it is related to healthcare services provided by a health plan.

The document pertains to health services provided by a health plan. This falls under the ""Health"" class of business.",False,,,,Non-Life,Health
2006-773660-0000950134-06-020970-d41125exv10w4.htm,"The user has provided a document that is an ""ADVISORY FEE AGREEMENT"" between The MEGA Life and Health Insurance Company and The Blackstone Group L.P. The agreement details financial advisory services provided by Blackstone to the Company in connection with a ""Transaction,"" which is broadly defined to include various corporate transactions such as mergers, acquisitions, and other dispositions of business divisions. Crucially, the definition of ""Transaction"" explicitly mentions ""co-insurance or reinsurance transaction"" as one of the potential events for which advisory services may be provided. However, the core of the agreement is about financial advisory services and fees related to these corporate actions, not the direct transfer of risk that characterizes a reinsurance contract. The agreement also includes an indemnification clause, which is standard in advisory agreements.

While the term ""reinsurance transaction"" is mentioned within the definition of a broader ""Transaction,"" the document itself is not a reinsurance agreement. It is a contract for financial advisory services that *may* be related to a reinsurance transaction, among many other types of corporate transactions. The document does not establish insurance policy terms, premium calculations, or risk-sharing mechanisms typical of reinsurance.

Therefore, the document is not a reinsurance agreement. Consequently, it cannot be a main contract, obligatory, proportional/non-proportional, or have an insurance type or class of business in the reinsurance context.",False,,,,,
2006-811612-0000950156-06-000352-ex-1043.htm,"The document is a ""PROPERTY CATASTROPHE EXCESS OF LOSS REINSURANCE CONTRACT"". This explicitly states it is a reinsurance contract. The contract covers ""PROPERTY"" business and is an ""EXCESS OF LOSS"" type, which falls under non-proportional reinsurance. The contract appears to be a primary agreement establishing the reinsurance relationship rather than a modification or endorsement, making it a main contract. The contract terms outline a treaty for property catastrophe excess of loss, which is generally obligatory in nature as it covers a portfolio of risks. The contract pertains to property insurance, which is a non-life insurance type.",True,True,True,non-proportional,Non-Life,Property
2006-929186-0000914760-06-000190-f73847_10qx.htm,"The document is a Credit Agreement dated October 18, 2006, between First Mercury Financial Corporation, the Guarantors, and JPMorgan Chase Bank, N.A. (the Lender). The agreement outlines the terms and conditions for loans and letters of credit provided by the Lender to the Company. The document defines various financial terms, outlines covenants, representations, warranties, and events of default related to the credit facility. It does not describe a reinsurance agreement, nor does it involve the transfer of risk between insurance entities for a premium. It is a financing agreement where a company borrows money from a bank. Therefore, it is not a reinsurance agreement.",False,,,,,
2006-912595-0001206774-06-000351-ex10_38.htm,"The document is a Master Credit Facility Agreement, which is a loan agreement. It is not a reinsurance agreement. It establishes a primary credit facility, making it a main contract. It does not fall under obligatory or non-obligatory reinsurance categories. It does not relate to proportional or non-proportional reinsurance. The underlying assets are multifamily residential properties, which are considered under the property class of business, and the loans are for financing these properties, making it Non-Life insurance.",False,True,,,Non-Life,Property
2006-1267238-0001193125-06-107725-dex101.htm,"The document is an amendment to a revolving credit agreement, not a reinsurance contract. While it mentions 'Reinsurance Agreements' and 'Retrocession Agreements' in the context of permitted liens, these are exceptions within the credit agreement and do not constitute a reinsurance agreement itself.",False,,,,,
2006-1289592-0001157523-06-008047-a5201679ex10_8.txt,"The document is a Novation and Transfer Agreement, which modifies an existing reinsurance contract. Specifically, it effects a full novation whereby Tower Insurance Company of New York is substituted as the reinsurer in place of PXRE Reinsurance Company. This type of agreement falls under the definition of a reinsurance agreement as it modifies the terms of an existing one. The original contract, as per Exhibit A, is a Quota Share Reinsurance Agreement, which is a proportional type of reinsurance. Since it's a modification of an existing reinsurance agreement and the underlying agreement is proportional, the proportional_or_non_proportional is 'proportional'. The classification of 'Casualty' and 'Non-Life' is inferred from the nature of the companies and the typical business lines of quota share reinsurance, although not explicitly stated in this document.",True,False,,proportional,Non-Life,Casualty
2006-40545-0000040545-06-000009-ex10gg.htm,"The document is a Transaction Agreement for the sale of a business that includes property and casualty insurance, property and casualty reinsurance, and life and health reinsurance. Therefore, it is a reinsurance agreement. The agreement establishes the terms of the sale, making it a main contract. The document details various types of insurance and reinsurance, including ""Asset Sellers Reinsurance Agreements"" and ""Asset Sellers Retrocession Agreements"", and covers both proportional and non-proportional aspects, indicating a hybrid classification for proportional_or_non_proportional. The businesses involved are primarily property and casualty in nature, leading to a ""Non-Life"" insurance type and a ""Multi-Line"" class of business.",True,True,,hybrid,Non-Life,Multi-Line
2006-202890-0001193125-06-167627-dex101.htm,"The user has provided a document that appears to be a Credit Agreement for an ABL (Asset-Based Lending) Facility. The document details terms related to borrowing, letters of credit, fees, covenants, and events of default between Aleris International, Inc. and various lenders. There is no mention of reinsurance, retrocession, or any risk transfer from one insurance entity to another. Instead, it's a direct financing agreement between a company and its lenders.",False,True,,,,
2006-1006868-0000891092-06-001610-e24299ex10_8.txt,"The document is explicitly titled 'REINSURANCE AGREEMENT'. It details the terms and conditions under which Allianz Life Insurance Company of New York reinsures MDNY HEALTHCARE for specific lines of business, including Commercial HMO and Commercial Point of Service (POS). The agreement outlines ceded risks, premiums, attachment points, and coverage limitations, all characteristic of a reinsurance contract. Specifically, it covers health insurance, making it Non-Life and Health class of business. The agreement establishes the primary reinsurance relationship, making it a main contract. It appears to be facultative or non-obligatory given the specific mention of 'Commercial HMO' and 'Commercial Point of Service (POS)' and the absence of language typically found in obligatory treaties. The structure of the coverage, where Allianz reinsures expenses exceeding an attachment point up to a certain percentage, indicates a non-proportional form of reinsurance (excess of loss).",True,True,False,non-proportional,Non-Life,Health
2006-1279363-0001279363-06-000100-exhibit_10-17.htm,"The document is a provider agreement between the Ohio Department of Job and Family Services (ODJFS) and WellCare of Ohio, Inc. Managed Care Plan (MCP). It outlines the terms and conditions under which the MCP will provide managed healthcare services to eligible populations under the Ohio Medical Assistance program. The agreement details responsibilities, reimbursement, time of performance, conflict of interest, equal employment opportunity, records, suspension and termination, amendment and renewal, limitation of liability, assignment, certifications, construction, and incorporation by reference. The document specifies that the MCP assumes the risk of loss by providing prepaid comprehensive health care services. However, it is a contract for direct insurance services (managed care) provided to individuals, not a contract for reinsurance or retrocession between insurance companies. Therefore, it is not a reinsurance agreement. Since it's not a reinsurance agreement, the other fields are not applicable and should be None.",False,,,,Non-Life,Health
2006-1091748-0001125282-06-001680-b412207ex10_4.htm,"The document is explicitly titled ""ANNEX V TO AGGREGATE EXCESS OF LOSS AGREEMENT"" and refers to a ""Reinsurer"" and ""Company"" agreeing to terminate this ""Reinsurance Agreement."" The presence of terms like ""Reinsurance Agreement,"" ""Reinsurer,"" and ""cession"" confirms it's a reinsurance contract. Although it's a termination agreement, it pertains to an underlying reinsurance contract, making `is_main_contract` False. The original agreement was an ""AGGREGATE EXCESS OF LOSS AGREEMENT,"" which is a type of non-proportional reinsurance. The document does not provide sufficient detail to determine if the original agreement was obligatory or not, so `is_obligatory` is None. The underlying agreement is an ""AGGREGATE EXCESS OF LOSS AGREEMENT,"" which falls under Non-Life insurance. The specific class of business for ""AGGREGATE EXCESS OF LOSS AGREEMENT"" is not explicitly stated but is typically related to property or casualty risks, hence ""Property"" is a reasonable classification in this context.",True,False,,non-proportional,Non-Life,Property
2006-3570-0001193125-06-162490-dex101.htm,"The user has provided a document that is an ""EX-10.1 FIRST AMENDED AND RESTATED CREDIT AGREEMENT"". This document outlines a loan agreement between Sabine Pass LNG, L.P. as the borrower and various lenders. It details terms, conditions, covenants, and events of default related to a credit facility.

Based on the definitions within the document:
- **is_reinsurance**: The document is a credit agreement, specifically a loan facility, and not a reinsurance or retrocession agreement. Therefore, `is_reinsurance` is False.
- **is_main_contract**: The document establishes a primary credit and loan agreement. It is not an ancillary agreement modifying a pre-existing contract. Thus, `is_main_contract` is True.
- **is_obligatory**: The document is a credit agreement, not a reinsurance treaty. Obligatory reinsurance typically refers to treaties where the reinsurer accepts all risks within a defined portfolio. This credit agreement is a contractual obligation between specific parties for a defined loan amount and terms, not a type of reinsurance treaty. Therefore, `is_obligatory` is None.
- **proportional_or_non_proportional**: This classification applies to reinsurance contracts. Since this is a credit agreement, it is not applicable. Therefore, `proportional_or_non_proportional` is None.
- **insurance_type**: This classification applies to insurance contracts (Life or Non-Life). Since this is a credit agreement, it is not applicable. Therefore, `insurance_type` is None.
- **class_of_business**: This classification applies to the type of insurance covered by a reinsurance contract. Since this is a credit agreement, it is not applicable. Therefore, `class_of_business` is None.",False,True,,,,
2006-1137048-0000909567-06-000516-o30165exv10w10.htm,"The document is an investment agreement between Hudson Insurance Company and Hamblin Watsa Investment Counsel Ltd., outlining the terms of investment management. It does not describe a reinsurance or retrocession agreement, nor does it appear to be a contract ancillary to such an agreement. Therefore, it is not a reinsurance contract, and most of the subsequent fields are not applicable.",False,True,,,Non-Life,Multi-Line
2006-1024657-0000950137-06-012182-c09671exv10w1.htm,"The document is a ""CREDIT AGREEMENT"" for West Corporation. It details terms related to loans, commitments, letters of credit, and fees. There is no mention of reinsurance, retrocession, or any risk transfer between insurance entities. Therefore, it is not a reinsurance agreement.",False,,,,,
2006-1179929-0001104659-06-032817-a06-10017_1ex10d3.htm,"The provided document is a contract between the Health Care Authority (HCA) and another party for ""Basic Health Plus and Maternity Benefits Program"". It outlines terms related to enrollment, marketing, payment, quality of care, access to services, enrollee rights, and utilization management. While Section 4.4 mentions ""Reinsurance/Risk Protection,"" the contract itself is a direct service provision agreement between a healthcare authority/payer and a healthcare provider/organization, not a reinsurance agreement between two insurance entities. Therefore, it is not a reinsurance agreement. Since it's a direct contract for healthcare services, it establishes the primary terms of that relationship. The contract does not fit the definition of obligatory or non-obligatory reinsurance as it's not a reinsurance contract. Given it's not a reinsurance contract, the proportional or non-proportional nature is not applicable. The contract deals with healthcare services, specifically health and maternity benefits for enrollees, indicating it falls under Non-Life insurance. The class of business is Health.",False,True,,,Non-Life,Health
2006-915781-0000950134-06-006265-c03761exv10w9w5.htm,"The document explicitly states it is a reinsurance agreement between ACIC and General Reinsurance Corporation. It outlines the terms for workers' compensation and employers' liability business, specifying loss layers and reinsurer liability which is characteristic of non-proportional reinsurance. The agreement covers a defined period and establishes the risk transfer relationship, indicating it's a main contract. As it's a facultative agreement (implied by the structure and lack of treaty language), it is not obligatory. The business covered is Workers' Compensation and Employers' Liability, which falls under Casualty insurance.",True,True,False,non-proportional,Non-Life,Casualty
2006-1289592-0001157523-06-008047-a5201679ex10_10.txt,"The document is a Novation and Transfer Agreement that replaces PXRE with TOWER as the reinsurer on an existing reinsurance agreement (Exhibit A lists a ""Quota Share Reinsurance Agreement""). This type of agreement modifies an existing reinsurance contract, making it an ancillary document rather than a primary reinsurance contract. The underlying contract being a ""Quota Share Reinsurance Agreement"" indicates it is a proportional reinsurance agreement and relates to Non-Life insurance, specifically Property or Casualty business lines.",True,False,,proportional,Non-Life,Property
2006-911576-0001193125-06-119270-dex1021.htm,"The document is an endorsement to a ""QUOTA SHARE REINSURANCE AGREEMENT"". An endorsement modifies an existing reinsurance agreement, making it an ancillary document. The original agreement is a ""QUOTA SHARE REINSURANCE AGREEMENT"", which is a type of proportional reinsurance. The endorsement details specific participation percentages (Coverage A: 50%, Coverage B: 25%) and business covered, which refers to ""Residential Property and Casualty business including but not limited to Fire, Allied Lines, Inland Marine, Earthquake and Homeowners Multiple Peril business"". This clearly indicates a Non-Life insurance type and specific classes of business within Non-Life.",True,False,,proportional,Non-Life,Property
2006-1289592-0001157523-06-008047-a5201679ex10_3.txt,"The document is a ""Commutation and Release Agreement"" that explicitly refers to and terminates a previous ""Quota Share Reinsurance Agreement."" Agreements that commute, settle, or otherwise modify existing reinsurance agreements are considered reinsurance agreements. This specific document serves to settle and release all obligations between the parties regarding the prior reinsurance agreement. It is an ancillary agreement because it modifies the terms of an existing reinsurance contract. The term ""Quota Share"" indicates a proportional reinsurance arrangement. The document does not provide information to determine the insurance type or class of business.",True,False,,proportional,,
2006-1064863-0000950133-06-002369-w20799exv10w31w1.htm,"The document is an addendum to a Medicare Managed Care Contract for the operation of a Voluntary Medicare Prescription Drug Plan. This is a direct insurance contract with CMS, not a reinsurance agreement. It outlines the terms and conditions for providing prescription drug benefits to Medicare beneficiaries. As it is not a reinsurance agreement, the fields for is_obligatory, proportional_or_non_proportional, insurance_type, and class_of_business are set to null or their appropriate default values. The addendum itself is not the main contract, but an amendment to an existing contract.",False,False,,,Non-Life,Health
2006-1358164-0000930413-06-006737-c44219_ex10-24.htm,"The document is an amendment to an agency agreement. An agency agreement is a contract between a principal and an agent, where the agent is authorized to act on behalf of the principal in business dealings. This document does not describe a reinsurance agreement nor does it modify an existing reinsurance agreement it is an amendment to an agency agreement that introduces, identifies, analyzes, structures and negotiates certain insurance, reinsurance and other financial products.",False,False,,,,
2006-1289592-0001157523-06-008047-a5201679ex10_11.txt,"The document is a ""NOVATION AND TRANSFER AGREEMENT"" that explicitly refers to a ""Reinsurance Agreement"" listed in Exhibit A. The agreement details the substitution of Tower Insurance Company of New York (""TOWER"") as the reinsurer in place of PXRE Reinsurance Company (""PXRE"") for Virginia Surety Company, Inc. (""VIRGINIA SURETY""). This type of agreement, which modifies the terms of an existing reinsurance contract by transferring the parties involved, falls under the definition of a reinsurance-related document that amends an existing reinsurance agreement. The original reinsurance agreement, as per Exhibit A, is a ""Quota Share Reinsurance Agreement"", which is a type of proportional reinsurance.",True,False,,proportional,,
2006-1227654-0000950137-06-002198-c01762exv10w10.htm,"The user has provided a document that is a Credit Agreement. This document outlines the terms and conditions of loans and credit facilities between a company and its lenders. The document defines various financial terms, covenants, events of default, and other operational and legal clauses related to a credit facility.

The core purpose of this document is to establish a lending agreement, not to transfer risk from one party to another in the way a reinsurance contract does. Reinsurance agreements involve an insurer transferring part of its risk portfolio to another insurance company. This document clearly establishes financial obligations and terms between a borrower and lenders, which is distinct from risk transfer. Therefore, it is not a reinsurance agreement.

Since it's not a reinsurance agreement, the fields `is_main_contract`, `is_obligatory`, `proportional_or_non_proportional`, `insurance_type`, and `class_of_business` should all be None.",False,,,,,
2006-1101239-0001193125-06-056358-dex10127.htm,"The user provided a document that is a Loan and Security Agreement. The document details a loan between Equinix RP II LLC as Borrower and SFT I, INC. as Lender. It outlines the terms and conditions of the loan, including repayment, interest, collateral, covenants, and default remedies. There is no mention of reinsurance, retrocession, or any risk transfer activities typical of reinsurance agreements. Therefore, this document is not a reinsurance agreement. Since it is not a reinsurance agreement, the subsequent classifications cannot be determined.",False,,,,,
2006-1299969-0000950133-06-003673-w23939exv10w4.htm,"The document is a ""STOCK PURCHASE AGREEMENT"" between Comstock Homebuilding Companies, Inc. (""Purchaser"") and Capitol Homes, Inc. (""Company"") and its shareholders (""Sellers""). The agreement details the terms and conditions for the Purchaser to acquire all of the Shares of the Company. There is no mention of reinsurance, retrocession, or any other form of risk transfer related to insurance. Therefore, this document is not a reinsurance agreement.",False,,,,,
2006-926866-0001193125-06-228442-dex1011.htm,"The user has provided a document that appears to be a Deed of Trust, Leasehold Deed of Trust, Assignment of Leases and Profits, Security Agreement, and Fixture Filing. This type of document is a legal agreement that secures a loan by pledging real property as collateral. It does not represent a reinsurance agreement as it does not involve the transfer of risk from one insurance entity to another. The document itself is a primary loan agreement and not an ancillary one. As it's a loan document, it does not fall under the categories of obligatory or non-obligatory reinsurance. Similarly, it does not pertain to any type of insurance or class of business related to insurance.",False,,,,,
2006-898174-0000950137-06-008663-c07350exv10w1.txt,"The document is an amendment to a Credit Agreement. It mentions ""Reinsurance Group of America, Incorporated"" and several of its subsidiaries which are reinsurance companies. However, the core of the document is a financial agreement (a credit agreement) between these entities and various banks. It modifies terms related to ""Permitted Lien"" and ""Permitted Restrictive Covenant,"" referencing ""Alternative Reserve Agreement"" and ""Captive Subsidiary."" While the entities involved are in the reinsurance business and the modifications relate to their financial arrangements which might indirectly affect reinsurance operations, the document itself is not a reinsurance contract, retrocession agreement, or any other type of risk transfer agreement between insurers/reinsurers. It's a debt financing instrument amendment. Therefore, it is not a reinsurance agreement.",False,,,,,
2006-1046578-0000950144-06-002081-g99679exv10w30.htm,"The document is a Credit Agreement, detailing terms for loans and other financial accommodations between Technical Olympic USA, Inc. and various lenders. It outlines provisions for revolving credit commitments, borrowing procedures, repayment schedules, interest rates, fees, and events of default. There is no mention of reinsurance, retrocession, or any risk transfer mechanisms typically found in reinsurance contracts. Therefore, it is not a reinsurance agreement.",False,,,,,
2006-874977-0001193125-06-052382-dex1033.htm,"The document is explicitly titled ""PROPERTY CATASTROPHE OVERLYING EXCESS OF LOSS REINSURANCE CONTRACT"", clearly indicating it is a reinsurance agreement. The terms and conditions describe the transfer of risk from the ""Company"" (cedent) to the ""Subscribing Reinsurer"". The contract covers property-related risks, classifying it as Non-Life and Property business. The ""Excess of Loss"" structure points to a non-proportional reinsurance arrangement.",True,True,,non-proportional,Non-Life,Property
2006-1006868-0000891092-06-001610-e24299ex10_7.txt,"The document explicitly states it is a ""REINSURANCE AGREEMENT"" between Allianz Life Insurance Company of New York and MDNY HEALTHCARE. It details the transfer of risk related to medical expenses incurred by the Plan's members. The structure and terminology used, such as ""ceding to Allianz Life of NY,"" ""reinsure,"" ""Attachment Point,"" ""Percentage Payable,"" and ""Reinsurance Premium,"" are characteristic of a reinsurance contract. The agreement establishes the core terms and conditions for this risk transfer, making it a main contract. The coverage is defined by attachment points and percentages of expenses above those points, which is indicative of non-proportional reinsurance. The coverage pertains to medical expenses and health services, classifying it as Non-Life insurance and specifically as Health business.",True,True,,non-proportional,Non-Life,Health
2006-926866-0001193125-06-228442-dex1015.htm,"The document is a Deed of Trust, Leasehold Deed of Trust, Assignment of Leases and Profits, Security Agreement, and Fixture Filing. This type of document is used to secure a loan against real property. It is not a reinsurance agreement. Therefore, `is_reinsurance` should be False. Since it establishes a primary financial arrangement (a loan secured by property) rather than modifying an existing reinsurance contract, `is_main_contract` should be True. It is not a reinsurance contract, so `is_obligatory` is None. It is not a reinsurance contract, so `proportional_or_non_proportional` is None. It is not related to insurance, so `insurance_type` is None. It is not related to insurance, so `class_of_business` is None.",False,True,,,,
2006-926866-0001193125-06-228442-dex108.htm,"The document is a Deed of Trust, Leasehold Deed of Trust, Assignment of Leases and Profits, Security Agreement, and Fixture Filing. It outlines a loan agreement between RLJ Anaheim Suites Hotel, L.P. (Borrower) and GMAC Commercial Mortgage Bank (Beneficiary). The primary purpose of this document is to secure a loan through a mortgage on real property and associated assets. It does not involve the transfer of risk from one insurance company to another, which is characteristic of reinsurance. Therefore, it is not a reinsurance agreement. Because it is not a reinsurance agreement, it cannot be a main contract or ancillary agreement within the context of reinsurance. Consequently, the fields related to reinsurance classification are not applicable.",False,,,,,
2006-77776-0000950123-06-014446-y26027exv10w47.htm,"The user has provided a document that is an ""AMENDED AND RESTATED COMPETITIVE ADVANCE AND REVOLVING CREDIT AGREEMENT"". This document outlines terms and conditions for loans, commitments, fees, and other financial arrangements between PHH CORPORATION (Borrower) and various lenders. Based on the content, it is a credit agreement, not a reinsurance agreement. Therefore, `is_reinsurance` is False. It establishes the primary terms of the credit facility, making it a main contract. It does not appear to be an obligatory reinsurance agreement, nor does it involve insurance in the context of reinsurance.",False,True,,,,
2006-1091748-0001125282-06-001680-b412207ex10_6.htm,"The document is explicitly titled ""PROPERTY CATASTROPHE EXCESS OF LOSS REINSURANCE AGREEMENT"". It details the arrangement between two companies where one (the Company) cedes certain liabilities to the other (the Reinsurer). The language used, such as ""cede"", ""reinsurer"", ""excess of loss"", and ""ultimate net loss"", are all common terms in reinsurance agreements. The contract sets out the primary terms and conditions of the reinsurance coverage, making it a main contract. The agreement type is ""Excess of Loss"", which is a form of non-proportional reinsurance. The subject matter is ""Property Catastrophe"", which clearly indicates a Non-Life insurance type and Property class of business. The contract is not described as obligatory or facultative, but it is a direct agreement between two parties for reinsurance, not a renewal, cancellation, or amendment of an existing one that would make it ancillary.",True,True,,non-proportional,Non-Life,Property
2006-1039828-0001104659-06-032241-a06-9193_1ex10d23.htm,"The document is an amendment to a Reinsurance Agreement between American Equity Investment Life Insurance Company and Hannover Life Reassurance Company of America for an ""AUTOMATIC YRT"" agreement. Amendments to existing reinsurance agreements are considered ancillary to the main contract. The agreement specifies that the Reinsurer will cover a portion of waived surrender charges on death of policyholders, which falls under life insurance, specifically related to mortality risk.",True,False,,,Life,Mortality
2006-906107-0001104659-06-051942-a06-15244_1ex10d1.htm,"The user has provided a document that appears to be a ""Lexford LLC Membership Interest Transfer Agreement"". The document details the sale of a housing division, including properties and related assets, between entities. It outlines terms such as purchase price, closing conditions, representations, warranties, and default remedies. There is no mention of insurance or reinsurance specifically, nor any risk transfer or pooling of insurance liabilities. The document is a purchase and sale agreement for real estate and related business assets, not a reinsurance contract.",False,,,,,
2006-874977-0001193125-06-227667-dex1069.htm,"The document explicitly states ""PROPERTY CATASTROPHE OVERLYING EXCESS OF LOSS REINSURANCE CONTRACT"" in its title and throughout the text. It details the terms of coverage, exclusions, limits, and other conditions between an insurer (""Company"") and a reinsurer (""Reinsurer""). This clearly identifies it as a reinsurance agreement. The contract establishes the primary terms and conditions of the reinsurance relationship, making it a main contract. The structure of the contract, referred to as ""Excess of Loss,"" indicates it is a non-proportional form of reinsurance. The document specifies coverage for property-related risks such as fire, allied lines, homeowners, farmowners, commercial multiple peril (property coverages), ocean marine, inland marine, and automobile physical damage, classifying it as Non-Life insurance and specifically as Property.",True,True,,non-proportional,Non-Life,Property
2006-1233426-0001362310-06-000155-c70005exv10w2.htm,"The user wants me to analyze an ""AMENDED AND RESTATED PREFERRED VENDOR AGREEMENT"" and classify it based on several criteria related to reinsurance.

Here's a breakdown of the analysis:

1.  **Is it a reinsurance agreement? (`is_reinsurance`)**: The document is a ""Preferred Vendor Agreement"" between ""CONNECTICUT GENERAL LIFE INSURANCE COMPANY"" (CIGNA) and ""UNITED STATES PHARMACEUTICAL GROUP, LLC"" and ""NATIONSHEALTH, INC."". The agreement outlines services USPG will provide to CIGNA related to Medicare Part D. It describes a contractual relationship for services, compensation, and intellectual property, but it does not involve the transfer of risk from one insurance company to another in the way a reinsurance contract does. Exhibit 3.01 explicitly states: ""No Intent to Create Reinsurance."" Therefore, it is not a reinsurance agreement.

2.  **Is it the main contract? (`is_main_contract`)**: This document establishes the primary service and business relationship between CIGNA and USPG/NationsHealth. It defines the terms of service, compensation, responsibilities, and termination conditions for the Medicare Part D program support. It is not an amendment, endorsement, or ancillary document modifying a pre-existing reinsurance contract. Therefore, it is the main contract for the vendor relationship described.

3.  **Is it obligatory? (`is_obligatory`)**: This question is only applicable to reinsurance contracts. Since this is not a reinsurance contract, this field should be `None`.

4.  **Proportional or non-proportional? (`proportional_or_non_proportional`)**: This question is also only applicable to reinsurance contracts. Since this is not a reinsurance contract, this field should be `None`.

5.  **Insurance type? (`insurance_type`)**: The agreement specifically deals with CIGNA's role as a ""Prescription Drug Plan"" (""PDP"") sponsor under Medicare Part D. This is related to health insurance, specifically prescription drug benefits provided under government health programs. Therefore, the insurance type is Non-Life.

6.  **Class of business? (`class_of_business`)**: The agreement's subject matter is Medicare Part D prescription drug plans. This falls under health insurance services. Therefore, the class of business is Health.

Based on this analysis:
-   `is_reinsurance` should be `False`.
-   `is_main_contract` should be `True`.
-   `is_obligatory` should be `None`.
-   `proportional_or_non_proportional` should be `None`.
-   `insurance_type` should be `'Non-Life'`.
-   `class_of_business` should be `'Health'`.",False,True,,,Non-Life,Health
2006-1339553-0000950144-06-003063-g00536exv10w29.txt,"The document is an agreement between a government agency (CMS) and a company (HealthSpring, Inc.) to provide Medicare Prescription drug benefits. This is a direct insurance contract, not a contract for reinsurance or retrocession.",False,,,,,
2006-1358164-0000930413-06-006737-c44219_ex10-23.txt,"The document is a Credit Agreement that outlines terms for issuing letters of credit and making loans. It references specific financial strength ratings and includes detailed provisions related to borrowing, fees, and repayment. While it involves financial transactions, it does not describe a reinsurance contract, nor does it modify or renew an existing one. It establishes direct financial obligations between lenders and account parties, not a transfer of risk between insurance entities typical of reinsurance. The document's primary purpose is to facilitate direct lending and credit facilities, not to provide reinsurance coverage.",False,False,,,,
2006-926866-0001193125-06-228442-dex1013.htm,"The document is a Deed of Trust, Leasehold Deed of Trust, Assignment of Leases and Profits, Security Agreement, and Fixture Filing. This is a financing document that secures a loan with real property and other assets. It is not a reinsurance agreement, as it does not involve the transfer of risk from one insurance company to another. It is a direct financing agreement. Therefore, it is not a reinsurance contract.",False,,,,,
2006-1013609-0001193125-06-061942-dex1088.htm,"The document is identified as a ""FIRST-THIRD EXCESS OF LOSS REINSURANCE CONTRACT."" This clearly indicates it is a reinsurance agreement. The contract outlines the terms and conditions of the reinsurance, including coverage details, term, exclusions, and financial arrangements. It establishes a primary reinsurance relationship between the company (SCPIE HOLDINGS, INC. and its affiliates) and the reinsurer. The business covered, such as physicians and surgeons' professional liability and healthcare facilities' liability, falls under Non-Life insurance and specifically under Casualty and Specialty lines of business.",True,True,,non-proportional,Non-Life,Casualty
2006-315293-0001104659-06-053238-a06-15282_1ex10d1.htm,"The document is an amendment to an employment agreement between Aon Corporation and its Executive. While it mentions ""Global Reinsurance Segment"" in relation to performance shares, the core of the document is about employment terms and compensation, not a reinsurance contract. Therefore, it is not a reinsurance agreement, nor does it pertain to any specific class of business within the context of insurance.",False,False,,,Non-Life,Specialty
2006-1091748-0001125282-06-001680-b412207ex10_5.htm,"The document is titled ""PROPERTY CATASTROPHE EXCESS OF LOSS REINSURANCE AGREEMENT"" and explicitly states that it is an agreement between PXRE REINSURANCE COMPANY and PXRE REINSURANCE LTD. for the purpose of ceding ""certain of the Company's excess liabilities arising from the Company's reinsurance business."" This clearly indicates it is a reinsurance contract. The contract details terms such as ""Reinsurer will be liable in respect of each and every Loss Occurrence, for the Ultimate Net Loss in excess of Ultimate Net Loss of $575,000,000 each and every Loss Occurrence, subject to a limit of liability to the Reinsurer of $75,000,000 each and every Loss Occurrence."" This describes an excess of loss structure, placing it in the non-proportional category. The subject matter is ""Property Catastrophe,"" meaning it pertains to Non-Life insurance and specifically the Property class of business. It outlines the core terms and conditions of the reinsurance arrangement, making it a main contract. As it is a treaty for excess of loss, it implies an obligatory nature for the ceded risks within the defined portfolio.",True,True,True,non-proportional,Non-Life,Property
2006-1262959-0000950134-06-006088-h33549exv10w56.htm,"The document is a Purchase and Sale Agreement between KAN AM GRUND KAPITALANLAGEGESELLSCHAFT MBH (as seller) and HINES-SUMISEI U.S. CORE OFFICE PROPERTIES, LP (as purchaser). It details the terms and conditions for the sale of real estate property. There is no mention of reinsurance or any form of risk transfer related to insurance. Therefore, it does not qualify as a reinsurance agreement.",False,,,,,
2006-909109-0000893220-06-000532-w18434exv10w80.txt,"The document is a ""PROFESSIONAL LIABILITY INSURANCE QUOTA SHARE CONTRACT"" which explicitly details the agreement between two insurance companies for risk sharing. Phrases like ""CUMIS shall be liable to and will indemnify PIC, for fifty percent (50%) of PIC's Net Loss on each Certificate"" and ""PIC shall cede to CUMIS fifty percent (50%) of the Gross Net Premium"" clearly indicate a reinsurance arrangement. It's a main contract as it establishes the primary reinsurance terms. It's obligatory because it's a quota share treaty that applies to all policies within the defined portfolio. Quota share is a proportional type of reinsurance. Professional Liability insurance is a non-life insurance product and falls under the casualty class of business.",True,True,True,proportional,Non-Life,Casualty
2006-875159-0000930413-06-007751-c44996_ex10-1.txt,"The document is an employment agreement between XL Capital Ltd and Sarah E. Street. It outlines the terms and conditions of her employment as Chief Investment Officer, including salary, bonuses, duties, and termination provisions. The company is described as an insurance, reinsurance, and financial services company, but the agreement itself is a direct employment contract, not a reinsurance or retrocession agreement. Therefore, is_reinsurance is false. Since it is not a reinsurance contract, is_main_contract and is_obligatory are null. The proportional_or_non_proportional, insurance_type, and class_of_business fields are also not applicable or determinable from the context of an employment agreement, although the company's business is mentioned as insurance and reinsurance.",False,False,,,Non-Life,Specialty
2006-934550-0000934550-06-000083-exhibit-10_7.htm,"The document is a Loan and Security Agreement between Sovereign Bank, Lehigh County Industrial Development Authority, and Rhetech, Inc. The agreement details a loan provided by the bank to the authority, which is then loaned to Rhetech, Inc. for a project involving the expansion of a manufacturing facility. The agreement covers terms of the loan, disbursement of funds, repayment obligations, representations and warranties, covenants, and events of default. There is no mention of reinsurance, retrocession, or any form of risk transfer related to insurance between parties. The agreement is a direct financing arrangement.",False,,,,,
2006-913144-0000950136-06-001564-file004.htm,"The document is a ""LETTER AMENDMENT"" to a ""Credit Agreement."" It details changes to the definition of ""Shareholders Agreement"" and specific sections related to amendments of certain documents and restricted payments (dividends). The metadata indicates the company is RENAISSANCERE HOLDINGS LTD, which is involved in reinsurance. However, the core of this document is an amendment to a credit agreement, which is a financing document, not a reinsurance contract itself. While the amendment references a shareholders agreement that includes a reinsurance company, the amendment itself is about financial terms and conditions of a loan. It does not transfer risk in a manner characteristic of a reinsurance agreement. Therefore, it is not a reinsurance agreement.",False,,,,,
2006-39273-0000039273-06-000027-exhibit10_16.htm,"The document describes a KEY EMPLOYEE SUPPLEMENTAL MEDICAL PLAN. It is a group policy that provides medical expense reimbursement insurance. It is not a reinsurance agreement, but rather a direct insurance policy for employees. It is a certificate, which is an ancillary document to a main policy, not the main contract itself.",False,False,,,Non-Life,Health
2006-1126328-0001104659-06-031122-a06-9257_1ex10d13.htm,"The user has provided a document that is a ""Change of Control Employment Agreement"". This type of contract is related to employment and compensation for executives, not to the transfer of insurance risk between entities. Therefore, it is not a reinsurance agreement, a main contract, or an obligatory contract. Since it's not a reinsurance agreement, the other classification fields (proportional_or_non_proportional, insurance_type, class_of_business) should be None.",False,,,,,
2006-915781-0000950134-06-006265-c03761exv10w11.htm,"The document is titled ""2006 MINNESOTA WORKERS' COMPENSATION REINSURANCE ASSOCIATION REINSURANCE AGREEMENT"" and explicitly states it is a ""CERTIFICATE OF REINSURANCE"" for an ""Agreement of Reinsurance"". It details the coverage period, retention limit, and confirms that WCRA reinsures the members' liability for workers' compensation benefits. This clearly indicates it is a reinsurance agreement. It establishes the terms of reinsurance for a specific period, making it a main contract. The context of a ""Workers' Compensation Reinsurance Association"" implies an obligatory or pooled arrangement for its members, covering a specific class of business. Workers' compensation falls under Non-Life insurance and is specifically classified as Casualty.",True,True,True,,Non-Life,Casualty
2006-1064863-0000950133-06-000979-w17973exv10w32w3.txt,"The document is an amendment to a contract between HHSC and Amerigroup Texas, Inc. for health services to the Medicaid STAR Program. This is a direct insurance contract, not a reinsurance agreement. Therefore, it is not a reinsurance agreement, and the other fields are not applicable.",False,False,,,Non-Life,Health
2006-1358164-0000930413-06-006737-c44219_ex10-19.txt,"The document is an amendment to an existing excess of loss reinsurance agreement, therefore it is a reinsurance contract. Since it is an amendment, it is not the main contract. The original agreement is an excess of loss reinsurance agreement, which is non-proportional. The underlying business is not explicitly stated, but given the names of the companies and the nature of excess of loss reinsurance, it is likely non-life, and specialty in nature.",True,False,,non-proportional,Non-Life,Specialty
2006-1064863-0000950133-06-000979-w17973exv10w32w4.txt,"The document is an amendment to a contract for health services between a health maintenance organization (Amerigroup Texas, Inc.) and a government agency (Health & Human Services Commission) for a Medicaid program. This represents a direct insurance or managed care contract, not a contract for reinsurance.",False,,,,Non-Life,Health
2006-1064863-0000950133-06-000979-w17973exv10w32w2.txt,"The document is an amendment to an existing agreement between the Health & Human Services Commission (HHSC) and Amerigroup Texas, Inc. for health services to the Medicaid STAR program. The document details modifications to various articles of the original contract, including scope of services, reporting requirements, and payment provisions. The nature of the agreement is a direct contract for health services, not a reinsurance agreement, as it does not involve the transfer of risk from one insurance entity to another. It's a contract between a government agency and a service provider.",False,,,,Non-Life,Health
2006-811612-0000950156-06-000175-cgi-x1040.htm,"The document describes an incentive award agreement for an officer of a company, linked to the company's financial performance metrics (EPS and direct written premiums). It does not involve the transfer of risk from one insurance entity to another, which is the defining characteristic of reinsurance. The mention of ""Direct Written Premiums"" is in the context of the company's operational results used for compensation, not for the purpose of risk sharing or indemnification between insurers.",False,,,,,
2006-1339553-0000950144-06-003063-g00536exv10w27.txt,"The document is a contract between the Centers for Medicare & Medicaid Services (CMS) and Texas Healthspring I, LLC for the operation of a voluntary Medicare Prescription Drug Plan. This is a direct insurance contract for providing prescription drug benefits under the Medicare program, not a reinsurance agreement. Therefore, `is_reinsurance` is false. As it is not a reinsurance contract, the `is_main_contract`, `is_obligatory`, `proportional_or_non_proportional`, `insurance_type`, and `class_of_business` fields are not applicable in the context of reinsurance and are set to `None` or their default values as per the schema.",False,False,False,,Non-Life,Health
2006-1064863-0000950133-06-000979-w17973exv10w32w1.txt,"The document is an amendment to an existing agreement between Amerigroup Texas, Inc. and the Health & Human Services Commission (HHSC) for health services to the Medicaid STAR Program. This is a direct insurance contract between a healthcare provider and a government entity, not a reinsurance agreement. Therefore, it is not a reinsurance contract, nor is it an obligatory or proportional/non-proportional contract. The document pertains to health services, making it Non-Life insurance and falling under the Health class of business.",False,,,,Non-Life,Health
2006-86104-0001193125-06-218697-dex101.htm,"The document is a ""PURCHASE AND SALE AGREEMENT"" between Safeco Insurance Company of America and The Board of Regents of the University of Washington for the sale of real estate properties. It does not involve any form of reinsurance or retrocession. The primary subject matter is the transfer of ownership of the property, not the transfer of risk between insurance entities.",False,False,,,Non-Life,Property
2006-1163710-0000837276-06-000166-rny_exhibit10a.htm,"The document is explicitly titled ""AMENDMENT XXV"" to an ""Automatic Reinsurance Agreement"". This clearly indicates that it is an amendment to an existing reinsurance contract, not a primary reinsurance agreement itself. Therefore, it is an ancillary agreement. The underlying agreement is for reinsurance, making `is_reinsurance` True. Since it's an amendment, `is_main_contract` is False. The ""Automatic Reinsurance Agreement"" and the description of ceding excess over retention suggest an obligatory, non-proportional reinsurance structure. The entities involved are ""ReliaStar Life Insurance Company"" and ""ReliaStar Life Insurance Company of New York"", and the context is ""policies"", indicating ""Life"" insurance. However, the specific class of business within Life insurance is not detailed, so `class_of_business` is None.",True,False,True,non-proportional,Life,
2006-1179929-0001104659-06-032817-a06-10017_1ex10d2.htm,"The document is a contract between the Department of Social and Health Services (DSHS) and a healthcare provider for ""Healthy Options and State Children's Health Insurance Plan."" It outlines the terms and conditions for providing health services to eligible Medicaid recipients. The contract focuses on managed care, enrollment, marketing, payment, quality of care, subcontracts, and enrollee rights. There is no mention of reinsurance, retrocession, or any other form of risk transfer between insurance entities. Therefore, this document is not a reinsurance agreement. Because it is not a reinsurance agreement, the fields for `is_main_contract`, `is_obligatory`, `proportional_or_non_proportional`, `insurance_type`, and `class_of_business` cannot be determined in the context of reinsurance and should be `None`.",False,,,,,
2006-947484-0001104659-06-016208-a06-4988_1ex10d12d5.htm,"The document is a Restricted Share Agreement between Arch Capital Group Ltd. and an employee, outlining the terms and conditions for an award of restricted shares. It pertains to employee compensation and stock options, not to reinsurance or insurance contracts. Therefore, it is not a reinsurance agreement, and the other fields are null.",False,,,,,
2006-1339553-0000950144-06-003063-g00536exv10w28.txt,"The document is a contract between CMS and HealthSpring, Inc. to operate a Medicare Prescription Drug Plan. This is a direct insurance contract where HealthSpring provides prescription drug benefits to Medicare beneficiaries. It is not an agreement for transferring risk from one insurance company to another. Therefore, it does not meet the definition of a reinsurance agreement.",False,,,,Non-Life,Health
2006-740670-0001104659-06-080191-a06-24813_1ex10d5.htm,"The document is a credit agreement, detailing the terms and conditions under which lenders provide loans to Michaels Stores, Inc. It outlines definitions, commitments, credit extensions, taxes, covenants, events of default, and miscellaneous provisions related to this financing arrangement. There is no mention of reinsurance, retrocession, or any form of risk transfer between insurance entities. Therefore, it is not a reinsurance agreement. Since it is not a reinsurance agreement, it cannot be considered a main contract, an obligatory reinsurance agreement, or have any proportionality, insurance type, or class of business classifications.",False,,,,,
2006-1214816-0001104659-06-015328-a06-5894_1ex10d12.htm,"The user has provided an employment contract. This contract is between an employer (AXIS Re Limited, Dublin) and an employee (Dr. Karl Josef Mayr). The contract outlines the terms of employment, including position, responsibilities, compensation, benefits, and other conditions. There is no mention of reinsurance or retrocession. Therefore, it is not a reinsurance agreement.",False,,,,,
2006-1064863-0000950133-06-000979-w17973exv10w32w5.txt,"The document is an amendment to a contract between the Health & Human Services Commission and Amerigroup Texas, Inc. for health services to the Medicaid STAR+PLUS program. This is a direct insurance contract with a government agency, not a reinsurance agreement. Therefore, is_reinsurance is set to false. As it is not a reinsurance contract, the other fields are set to null or their default values.",False,True,True,,Non-Life,Health
2006-911576-0001193125-06-119270-dex102.htm,"This document is an Attorney-In-Fact Agreement, not a reinsurance or retrocession agreement. It outlines the authority and responsibilities of SIS to act on behalf of the Underwriters at Texas Select Lloyds Insurance Company, including the assumption of financial responsibility for administrative and operational costs.",False,False,,,Non-Life,Property
2006-1279363-0001279363-06-000059-exhibit_10-4.htm,"The user has provided a document that appears to be a Request for Proposal (RFP) from the State of Missouri for Medicaid Managed Care services. The document outlines the terms and conditions for health plans wishing to contract with the state to provide these services. It details eligibility, services covered, administrative requirements, payment terms, quality assurance, and dispute resolution. There are no sections or clauses that indicate it is a reinsurance agreement. Instead, it functions as a direct contract between a government entity and a health plan provider.

The document is a Request for Proposal (RFP) and a subsequent ""Notice of Award"" from the State of Missouri to Harmony Health Plan. This establishes a contract for Medicaid Managed Care services. It is not a reinsurance agreement, as it is a direct contract for insurance (managed care) services between a provider and a government entity. It is the primary contract establishing the relationship and terms of service, not a secondary agreement modifying or reinsuring an existing reinsurance contract. It sets up an obligatory managed care program rather than a facultative one and is related to health insurance services.",False,True,True,,Non-Life,Health
2006-896159-0001193125-06-101973-dex102.htm,"The document is a credit agreement, not a reinsurance contract. It details terms of a loan facility provided by a bank to a company, including interest rates, repayment schedules, and default clauses. The parties involved are a borrower (ACE Limited) and a lender (ING Bank, N.V.), with guarantors (ACE Bermuda Insurance Ltd., ACE Tempest Reinsurance Ltd.) also named. There is no language related to the transfer of insurance risk from one insurance company to another, which is the defining characteristic of reinsurance. The metadata also confirms it's a ""CREDIT AGREEMENT"".",False,,,,,
2006-1322705-0001193125-06-222432-dex1076.htm,"The user has provided a document that is a ""CREDIT AGREEMENT"". This agreement outlines terms and conditions related to loans between Spansion LLC, as the Borrower, and various lenders, with Bank of America, N.A. acting as the Administrative Agent. The document details provisions for borrowings, interest, fees, repayment, default events, remedies, and other general terms and conditions applicable to a loan facility. There is no mention or indication of reinsurance, retrocession, or any form of risk transfer related to insurance. The contract is a direct financial agreement between a borrower and lenders, not an insurance or reinsurance contract. Therefore, `is_reinsurance` should be False. Since it's not a reinsurance contract, the other fields related to reinsurance classification (`is_main_contract`, `is_obligatory`, `proportional_or_non_proportional`, `insurance_type`, `class_of_business`) should be None.",False,,,,,
2006-1358164-0000930413-06-006737-c44219_ex10-3.htm,"The document is an employment agreement between Security Capital Assurance Ltd and Paul S. Giordano. It details terms of employment, salary, bonuses, benefits, and termination conditions. There is no mention of reinsurance, retrocession, or any transfer of risk between insurance entities. Therefore, it is not a reinsurance agreement.",False,False,,,,
2006-1127703-0000950144-06-001683-g99804exv10w4xjy.txt,"The document is a ""RELEASE AND SEVERANCE COMPENSATION AGREEMENT"" between ProAssurance Corporation and Darryl K. Thomas. It details terms of employment termination, severance pay, and non-competition clauses. The document does not appear to be a reinsurance agreement. It concerns employment termination benefits rather than risk transfer between insurance entities.",False,,,,,
2006-1102643-0001193125-06-052550-dex1022.htm,"The user provided an employment agreement between USI Insurance and Robert Nesbit. This document outlines the terms of employment, compensation, responsibilities, and termination clauses for Robert Nesbit. It does not involve any form of risk transfer or insurance, nor does it mention reinsurance or retrocession. Therefore, it is not a reinsurance agreement, main contract, obligatory contract, proportional or non-proportional contract, or related to any specific insurance type or class of business.",False,,,,,
2006-913144-0000950136-06-003418-file2.htm,"The document is an amendment to a reimbursement agreement, which is a type of credit facility. It does not appear to be a reinsurance agreement, nor does it involve insurance or reinsurance in any capacity. The parties involved are financial institutions and the account parties are entities that are borrowing or receiving credit. Therefore, it is not a reinsurance contract.",False,False,,,,
2006-909109-0000893220-06-002390-w26495exv10w1.txt,"This document is identified as EXHIBIT 10.1 and is a ""CASUALTY EXCESS OF LOSS REINSURANCE AGREEMENT."" The text clearly indicates it's an agreement between an insurance company (the ""Company"") and a ""Reinsurer."" The agreement details coverage for ""losses occurring during the term of this Agreement"" for specified ""Policies."" It outlines terms such as ""Reinsurance Premium,"" ""Limit and Retention,"" and various articles (Business Covered, Effective Date and Termination, Territory, etc.) that are standard in reinsurance contracts. The description ""Excess of Loss"" signifies a non-proportional reinsurance structure. The contract covers a portfolio of casualty business, distinguishing it from facultative reinsurance and indicating it is obligatory.",True,True,True,non-proportional,Non-Life,Casualty
2006-909109-0000893220-06-002390-w26495exv10w5.txt,"The document is a ""COMMUTATION AND RELEASE AGREEMENT"" that settles and terminates previous ""reinsurance arrangements."" This makes it an ancillary agreement that modifies existing reinsurance contracts. The agreement involves a reinsurer and a company, confirming it's related to reinsurance. The intent is to fully and finally settle all obligations under prior reinsurance agreements. As such, it is a reinsurance agreement, but an ancillary one. Since it's a commutation and release, it's not a main contract establishing the reinsurance terms but one that concludes them. The document doesn't specify if the underlying reinsurance was obligatory. The document doesn't provide details on whether the original reinsurance was proportional or non-proportional. There's no indication of the insurance type being life insurance. The specific class of business for the underlying reinsurance is not mentioned.",True,False,,,Non-Life,
2006-1163710-0000837276-06-000166-rny_exhibit10b.htm,"The document is an amendment to an ""Automatic Reinsurance Agreement"". This clearly indicates it is a reinsurance agreement. The amendment modifies an existing contract, making it ancillary rather than a main contract. ""Automatic Reinsurance Agreement"" suggests it's obligatory. The mention of ""TermSmart"" products, ""new rates"", and ""mortality table"" points to Life insurance and specifically the ""Mortality"" class of business.",True,False,True,,Life,Mortality
2006-909109-0000893220-06-002390-w26495exv10w2.txt,"The document is an ""ADDENDUM NO. 3 TO THE 3RD AND 4TH PROPERTY EXCESS OF LOSS AGREEMENT OF REINSURANCE"". This clearly identifies it as a reinsurance agreement. It is an addendum, meaning it modifies an existing main reinsurance contract, making it an ancillary agreement rather than the main contract. The original agreement is described as ""Property Excess of Loss"", which is a type of non-proportional reinsurance. The addendum does not change this classification. The subject matter is ""Property"", which falls under ""Non-Life"" insurance. The specific class of business is ""Property"". The addendum itself does not provide information about whether the original contract was obligatory, hence it is marked as None.",True,False,,non-proportional,Non-Life,Property
2006-912595-0001206774-06-000351-ex10_39.htm,"The document is an amendment to a Master Credit Facility Agreement, which is a loan agreement between Mid-America Apartments, L.P. and Prudential Multifamily Mortgage, Inc. It pertains to financing for apartment properties. There is no indication of reinsurance or any type of insurance coverage being transferred.",False,False,,,Non-Life,Property
2006-1171218-0000950124-06-001367-k02899exv10w30.txt,"The document is a Purchase Agreement for Trust Preferred Securities and Junior Subordinated Notes, not a reinsurance agreement. North Pointe Holdings Corporation is issuing securities, and Merrill Lynch International is the purchaser, indicating a financing transaction rather than risk transfer between insurance entities. The subsidiaries' business involves insurance, but the agreement itself is financial.",False,False,,,Non-Life,Property
2006-1294632-0000950144-06-001050-g99523exv10w2.txt,"The document is an amendment to an existing contract, specifically amending terms related to reinsurance. Thus, it is a reinsurance agreement. However, as an amendment, it modifies an existing contract rather than establishing a new one, making it an ancillary agreement. The contract pertains to the Arizona Health Care Cost Containment System (AHCCCS), which covers health services, aligning it with 'Health' for class of business and 'Non-Life' for insurance type.",True,False,,,Non-Life,Health
2006-1102643-0001193125-06-052550-dex1021.htm,"The document is an employment agreement between USI Insurance and Philip E. Larson. It outlines the terms of employment, responsibilities, compensation, and termination conditions. It does not relate to any form of reinsurance or insurance contract.",False,False,,,,
2006-1358164-0000930413-06-006737-c44219_ex10-27.txt,"The document is an Amended and Restated General Services Agreement between XL Capital Assurance Inc. (XLCA) and XL Financial Administrative Services Inc. (XLFAS). It outlines the services XLFAS will provide to XLCA and the payment terms. There is no mention of reinsurance or retrocession in the document. Therefore, it is not a reinsurance agreement.",False,False,,,,
2006-1163710-0000837276-06-000166-rny_exhibit10c.htm,"The document is an amendment to an ""Automatic Reinsurance Agreement"". Amendments to reinsurance agreements are considered ancillary to the main contract. The metadata and the document content clearly indicate that the underlying agreement is for life insurance (""ReliaStar Life Insurance Company"", ""permanent products"", ""2001 Valuation Basic Table, Age Nearest Birthday basis""). The rates provided in Exhibit II are percentages of the sum reinsured, which is characteristic of proportional reinsurance.",True,False,,proportional,Life,Mortality
2006-874977-0001193125-06-052382-dex1045.htm,"The user wants me to classify a management agreement. The document describes an agreement between Midwest Security Insurance Company, State Automobile Mutual Insurance Company, and State Auto Property and Casualty Insurance Company. It details how State Auto P&C will provide management and operations services to Midwest Security. The agreement mentions that State Auto P&C is responsible for arranging reinsurance for Midwest Security, and that insurance losses, loss adjustment expenses, and other underwriting expenses of Midwest Security are allocated to Midwest Security pursuant to a Reinsurance Pooling Agreement. However, the document itself is a management agreement, not a reinsurance agreement. It outlines the terms of service provision and cost allocation, not the transfer of risk characteristic of reinsurance.",False,,,,,
2006-1289592-0001157523-06-008047-a5201679ex10_4.txt,"The document is identified as a ""Commutation and Release Agreement"" that explicitly discusses the termination and commutation of a prior ""Aggregate Excess of Loss Reinsurance Agreement"". Commutation agreements are a type of agreement that modifies the terms of an existing reinsurance contract, hence falling under the definition of reinsurance. This document is not the primary reinsurance contract itself but an agreement to settle and end the obligations of the original reinsurance contract. Therefore, it is an ancillary agreement. The underlying reinsurance agreement is an ""Aggregate Excess of Loss Reinsurance Agreement"", which is a form of non-proportional reinsurance. Excess of Loss reinsurance is typically associated with Non-Life insurance, and the business class would most likely be Property or Casualty, though it can also span across Specialty lines.",True,False,,non-proportional,Non-Life,Property
2006-1289592-0001157523-06-008047-a5201679ex10_5.txt,"The document is a ""Commutation and Release Agreement"" which explicitly refers to terminating and commuting an underlying ""Quota Share Reinsurance Agreement"". Commutation agreements are specifically listed as documents that modify the terms of an existing reinsurance agreement. Therefore, this document is an ancillary agreement related to a reinsurance contract.",False,False,,,,
2006-202890-0001193125-06-167627-dex102.htm,"The document is a Term Loan Agreement, which is a financing contract between a borrower (Aleris International, Inc.) and lenders. It outlines the terms and conditions for a loan facility, including interest rates, repayment schedules, covenants, and events of default. There is no mention of risk transfer or insurance in the context of reinsurance. Therefore, this document is not a reinsurance agreement.",False,False,,,,
2006-86312-0001104659-06-051107-a06-15227_1ex10d1.htm,"The document is an Assurance of Discontinuance related to investigations into St. Paul Travelers' business practices, specifically concerning contingent commissions, bid rigging, and finite reinsurance. While it mentions reinsurance in passing in relation to investigations, it is not a reinsurance agreement itself. It is a legal settlement document focused on past conduct in direct insurance and market practices.",False,False,,,Non-Life,Casualty
2006-1279363-0001279363-06-000100-exhibit_10-14.htm,"The document is a contract between Stone Harbor Insurance Company and the Centers for Medicare & Medicaid Services (CMS) for the operation of a Medicare Advantage Private Fee-For-Service Plan. This is a direct insurance contract with beneficiaries, not a reinsurance agreement. Stone Harbor Insurance Company is offering health insurance plans to Medicare beneficiaries, which falls under the 'Health' class of business and 'Non-Life' insurance type. It establishes the terms of the plan, making it a main contract.",False,True,,,Non-Life,Health
2006-106455-0000106455-06-000127-wcc_10q63006ex104.htm,"The user wants me to classify a document. I need to determine if it's a reinsurance agreement, if it's a main contract, obligatory, proportional/non-proportional, and the insurance type/class of business.

The document is titled ""AMENDED AND RESTATED CONSTRUCTION AND TERM LOAN AGREEMENT"". It outlines terms between a Borrower (WESTMORELAND-LG&E PARTNERS) and multiple Lenders, an Institutional Lender, an Issuing Bank, Co-Agents, and an Agent. The agreement details procedures for borrowings, interest rates, fees, repayment terms, letters of credit, conditions precedent to advances, representations and warranties, covenants, and remedies. It does not mention reinsurance or retrocession. Instead, it focuses on debt financing, construction loans, and term loans related to power facilities.

Based on the content, this document is clearly a loan and financing agreement, not a reinsurance agreement. Therefore, `is_reinsurance` should be `False`. Since it's not a reinsurance agreement, the other classification fields (`is_main_contract`, `is_obligatory`, `proportional_or_non_proportional`, `insurance_type`, `class_of_business`) should be `None`.",False,,,,,
2006-1001604-0001001604-06-000024-exhibit10864loanagreement.htm,"The document is a loan agreement, not a reinsurance agreement. It outlines the terms and conditions for a loan provided by General Electric Capital Corporation to Emeritus Properties-Arkansas, LLC. The agreement focuses on the borrowing and repayment of funds, collateral, interest rates, and covenants related to the loan, not on the transfer of risk between insurance entities. Therefore, it does not meet the criteria for a reinsurance contract. Since it is not a reinsurance agreement, the subsequent classifications are not applicable.",False,,,,,
2006-1279363-0001279363-06-000100-exhibit_10-15.htm,"The document is a contract between Advance / WellCare PFFS Insurance, Inc. and the Centers for Medicare & Medicaid Services (CMS) for the operation of a Medicare Advantage Private Fee-For-Service Plan. This is a direct healthcare services contract, not a reinsurance agreement. Therefore, is_reinsurance is false. As it is not a reinsurance contract, is_main_contract and is_obligatory are null. Similarly, proportional_or_non_proportional is null. The service provided is healthcare, falling under the Health class of business and Non-Life insurance type.",False,False,False,,Non-Life,Health
2006-7286-0000950153-06-000633-p71939exv10w96.txt,"The document is an Uncommitted Master Shelf Agreement for Senior Notes. It outlines the terms and conditions under which Pinnacle West Capital Corporation can issue and sell senior promissory notes up to a certain aggregate principal amount. This is a debt financing agreement, not a reinsurance agreement. It details the process for requesting, quoting, accepting, and closing purchases of notes, as well as conditions, covenants, events of default, and representations and warranties related to the issuance of debt. There is no mention of risk transfer between insurance entities, which is the defining characteristic of reinsurance.",False,,,,,
2006-1289592-0001157523-06-008047-a5201679ex10_6.txt,"The document is a Commutation and Release Agreement that explicitly refers to a ""Quota Share Reinsurance Agreement"" between Tower Insurance Company of New York and PXRE Reinsurance Company. This indicates it is a reinsurance agreement. Specifically, it's an addendum or a settlement of a reinsurance contract, making it an ancillary agreement to the main reinsurance contract. The contract states it is a ""Quota Share Reinsurance Agreement"", which is a type of proportional reinsurance. The underlying reinsurance agreement covers general insurance business, which falls under Non-Life and can be classified as Multi-Line given the lack of specific business lines mentioned.",True,False,,proportional,Non-Life,Multi-Line
2006-1279363-0001279363-06-000100-exhibit_10-16.htm,"The document is a contract between the Centers for Medicare & Medicaid Services (CMS) and an insurance organization (Home Owners / WellCare PFFS Insurance, Inc.) to operate Medicare Advantage plans, including prescription drug benefits. It details the terms, conditions, and responsibilities for providing these healthcare services. It does not involve the transfer of risk from one insurance company to another, which is the defining characteristic of reinsurance. Therefore, it is not a reinsurance agreement. Because it establishes the core agreement for operating these plans, it is considered a main contract. The obligatory and proportional/non-proportional classifications are not applicable to this type of direct healthcare contract. The contract is for health insurance services, making the insurance type ""Non-Life,"" and the class of business is ""Health.""",False,True,,,Non-Life,Health
2006-1359841-0000950144-06-009152-g03506exv10w28.htm,"The document is a ""FIRST LIEN CREDIT AGREEMENT"". This is a loan agreement, not a reinsurance agreement. It outlines terms and conditions for borrowing money, not for transferring risk between insurance entities. The agreement details commitments for lenders, borrowing procedures, repayment schedules, interest rates, fees, as well as representations, warranties, and covenants related to the borrower's financial health and operations. These are characteristic of a debt financing agreement, not a reinsurance contract. Therefore, `is_reinsurance` should be False. Since it is not a reinsurance agreement, the other classifications related to reinsurance (`is_main_contract`, `is_obligatory`, `proportional_or_non_proportional`, `insurance_type`, `class_of_business`) are not applicable.",False,,,,,
2006-1297568-0000950137-06-002589-c02975exv10w1w49.htm,"The user has provided a document that is a ""PARTNER AGENT PROGRAM AGREEMENT"" between Specialty Underwriters' Alliance, Inc. and American Patriot Insurance Agency, Inc. The agreement outlines the terms under which the Partner Agent can solicit, bind, and service commercial lines insurance policies on behalf of the Company.

The document clarifies the authority of the Partner Agent, its obligations, and the Company's obligations. It also details compensation structures (commission and profit sharing) and provisions for claims handling, premiums, and accounting.

Crucially, section I.A.1 states that the Partner Agent's authority is ""To solicit, receive, and bind proposals for commercial lines insurance in accordance with the Company Guidelines."" Section I.A.5 states that the Partner Agent can ""issue, countersign (where necessary), and deliver policies executed by authorized officers of Company."" There is no mention of reinsurance or retrocession in the document. Instead, it describes a direct agency agreement where the Partner Agent acts on behalf of the Company, which underwrites the insurance. The company does mention in Exhibit B that ""Ceded Facultative Reinsurance"" is considered in the profit sharing calculation, but this refers to reinsurance purchased by the Company, not the nature of the agreement itself.

Therefore, this is a direct insurance agency agreement, not a reinsurance agreement.",False,,,,Non-Life,Casualty
2006-1071739-0001193125-06-038095-dex101.htm,"The document is a contract between an HMO and a government health services department for providing health services to Medicaid and BadgerCare recipients. It details the responsibilities of both parties in delivering and managing healthcare. There is no mention of reinsurance, retrocession, or any other form of risk transfer between insurance entities. The contract is a direct service agreement for insurance coverage, not a reinsurance agreement. Therefore, it is not a reinsurance contract.",False,True,,,Non-Life,Health
2006-1163710-0000837276-06-000076-rny_exhibit-10n.htm,"The document is an amendment to an Automatic Reinsurance Agreement, which is a type of reinsurance contract. Therefore, `is_reinsurance` is True. As an amendment, it modifies an existing contract, making it an ancillary agreement, so `is_main_contract` is False. The ""Automatic Reinsurance Agreement"" suggests a pre-arranged, portfolio-based transfer of risk, leaning towards obligatory, so `is_obligatory` is True. The document pertains to life insurance products (""TermSmart""), specifically term life insurance, which falls under the 'Mortality' class of business. Thus, `insurance_type` is 'Life' and `class_of_business` is 'Mortality'. The proportional or non-proportional nature is not explicitly stated in this amendment, so it is set to None.",True,False,True,,Life,Mortality
2006-1064863-0000950133-06-000979-w17973exv10w32w8.txt,"The document is an amendment to an existing contract between Amerigroup Texas, Inc. and the Health & Human Services Commission (HHSC) for health services to the Children's Health Insurance Program. This is a direct insurance contract (health insurance for individuals) rather than a reinsurance contract. Therefore, all fields related to reinsurance should be False or None.",False,,,,Non-Life,Health
2006-1267238-0001193125-06-051258-dex1015.htm,"The document is a Change in Control Severance Agreement between Assurant, Inc. and Bruce Camacho. It outlines compensation and benefits for the Executive in the event of a change in control of the Company. It does not involve reinsurance or any insurance-related activities. Therefore, it is not a reinsurance agreement, and the other classifications related to insurance contracts are not applicable.",False,False,,,,
2006-13239-0001193125-06-234921-dex103.htm,"The document is a ""SECOND AMENDED AND RESTATED CREDIT AGREEMENT"". This is a loan agreement between Hexion LLC and other borrowers, and various lenders, with JPMorgan Chase Bank, N.A. acting as Administrative Agent. The agreement details the terms and conditions for borrowing money, interest rates, fees, repayment schedules, and covenants. It does not involve any form of risk transfer from one insurance entity to another, which is characteristic of reinsurance. Instead, it's a financing agreement. Therefore, it is not a reinsurance agreement. Since it is not a reinsurance agreement, the subsequent classifications (is_main_contract, is_obligatory, proportional_or_non_proportional, insurance_type, class_of_business) are not applicable and should be None.",False,,,,,
2006-1335686-0000950133-06-003712-w24063exv10w2.htm,"The user has provided a document which is a Loan Agreement. This document details the terms and conditions of a loan between RPB Willowwood I LLC and RPB Willowwood II LLC (as Borrower) and Lehman Brothers Bank, FSB (as Lender). The document outlines loan covenants, representations and warranties, security interests, events of default, and miscellaneous provisions.

Based on the content, this document is a direct financial agreement (a loan) and not a reinsurance agreement. Therefore, the `is_reinsurance` flag should be False. Since it's not a reinsurance agreement, the fields `is_main_contract`, `is_obligatory`, `proportional_or_non_proportional`, `insurance_type`, and `class_of_business` should be None.",False,,,,,
2006-922621-0000950152-06-001383-j1821601exv10w85.htm,"The document is an addendum that terminates an ""AGGREGATE EXCESS OF LOSS REINSURANCE"" contract. Although it's an addendum, it directly pertains to the modification (termination) of a reinsurance agreement. The original agreement is identified as ""AGGREGATE EXCESS OF LOSS REINSURANCE,"" which is a form of non-proportional reinsurance. The contract is for Erie Insurance Company and Erie Insurance Company of New York, which are non-life insurers based on their business description. The class of business is not explicitly stated but ""Excess of Loss"" typically relates to property and casualty lines of business.",True,False,,non-proportional,Non-Life,Casualty
2006-701221-0000950159-06-001059-ex10-2.htm,"The document is an ""AMENDED AND RESTATED REVOLVING CREDIT AND LETTER OF CREDIT AGREEMENT"". It outlines terms and conditions for borrowing money and issuing letters of credit between CIGNA CORPORATION and a group of banks. There is no mention of reinsurance or risk transfer from one insurance entity to another. Therefore, it is not a reinsurance agreement. As it is not a reinsurance agreement, the other fields are not applicable.",False,,,,,
2006-896159-0001193125-06-056531-dex105.htm,"The document is an amendment to a Stock Purchase Agreement. Within this amendment, specifically in Section 1.2, it is stated that the agreement is amended by adding a section that requires the parties to enter into a ""reinsurance agreement incorporating the terms of the reinsurance slip attached as Exhibit G hereto."" This explicitly indicates the existence and intention to enter into a reinsurance agreement as part of the overall transaction. Therefore, the document is related to reinsurance, but it is an amendment to a stock purchase agreement, not the reinsurance agreement itself.

The amendment defines the terms of a stock purchase agreement, and one of the conditions for closing relates to entering into a reinsurance agreement. Therefore, this document is an amendment to a main agreement, not a main reinsurance contract itself. It indirectly refers to a reinsurance agreement.

The document describes an amendment to a stock purchase agreement that includes a provision for entering into a reinsurance agreement. The amendment itself is not the primary reinsurance contract but rather modifies an existing agreement that *incorporates* a reinsurance agreement. The question is whether this *amendment* is a main contract or ancillary. Since it modifies an existing agreement and *leads to* the creation of a reinsurance agreement (as per Exhibit G), it is ancillary to the future reinsurance contract, even though it is an amendment to a stock purchase agreement.

The document refers to a ""reinsurance agreement incorporating the terms of the reinsurance slip attached as Exhibit G hereto."" However, this document itself is an amendment and waiver of a stock purchase agreement. It does not itself establish the terms of the reinsurance contract, but rather mandates that such a contract be entered into. Therefore, it is not a main reinsurance contract.

The document is an amendment to a stock purchase agreement. While it stipulates that a reinsurance agreement will be entered into, this document itself is not the reinsurance contract. Therefore, it is not possible to determine if the underlying reinsurance agreement is obligatory or not from this context.

The document mentions the need to enter into a ""reinsurance agreement."" However, this document is an amendment to a stock purchase agreement and does not detail the terms of the reinsurance itself beyond referencing an attached exhibit (Exhibit G, Form of ACE Reinsurance Slip). Thus, it's not possible to classify the type of reinsurance (proportional or non-proportional).

The document does not specify the type of insurance covered by the future reinsurance agreement. It only refers to the creation of a reinsurance agreement as part of a stock purchase. Therefore, the insurance type is unknown.

The document does not specify the class of business for the future reinsurance agreement. It only refers to the creation of a reinsurance agreement as part of a stock purchase. Therefore, the class of business is unknown.",False,False,,,,
2006-1097864-0001193125-06-036587-dex1025.htm,"The document is an Amended and Restated Credit Agreement. It describes a loan facility provided by lenders to ON Semiconductor Corporation and Semiconductor Components Industries, LLC. The agreement details terms such as commitments, loans, interest rates, fees, repayment schedules, covenants, and events of default. There is no mention of insurance, risk transfer, or reinsurance provisions. Therefore, this document is not related to reinsurance.",False,,,,,
2006-875159-0000930413-06-007751-c44996_ex10-4.txt,"The user wants me to classify the provided document based on its content. I need to determine if it's a reinsurance agreement, if it's a main contract, if it's obligatory, its type (proportional/non-proportional), and the insurance type and class of business.

Based on the text, the document is an ""EMPLOYMENT AGREEMENT"" between XL Capital Ltd, XL Global Services, Inc., and Michael C. Lobdell. It details the terms and conditions of Mr. Lobdell's employment, including his position, duties, salary, bonuses, benefits, and termination clauses. The agreement explicitly mentions that the Executive's duties involve responsibilities ""normally associated with the office, position and titles of such an officer of an insurance, reinsurance and financial services company, or holding company"". However, the core of the document is an employment contract, not directly a reinsurance contract itself. It's an agreement for services provided by an individual to a company operating in the insurance/reinsurance sector.

- **is_reinsurance**: The document is an employment agreement for an executive of an insurance/reinsurance company, not a reinsurance contract itself. Therefore, `is_reinsurance` is False.
- **is_main_contract**: Since it is not a reinsurance contract, this field should be None.
- **is_obligatory**: Since it is not a reinsurance contract, this field should be None.
- **proportional_or_non_proportional**: Since it is not a reinsurance contract, this field should be None.
- **insurance_type**: While the company operates in the insurance/reinsurance sector, the contract itself does not pertain to a specific insurance type for the purpose of reinsurance classification. Thus, `insurance_type` is None.
- **class_of_business**: The document mentions ""insurance, reinsurance and financial services company"" and ""property, casualty, specialty insurance and/or reinsurance"" businesses. Given the breadth, 'Multi-Line' could be considered if this were a reinsurance contract. However, as it is an employment contract for an executive overseeing these areas, specifying a single class of business for the contract itself is not appropriate in the context of reinsurance classification. Thus, `class_of_business` is None.",False,,,,,
2006-1358164-0000930413-06-006737-c44219_ex10-18.txt,"The document is an amendment to a ""facultative quota share reinsurance agreement"". This clearly indicates it is a reinsurance agreement. As it is an amendment (Amendment No. 1) to an existing agreement, it is considered an ancillary agreement, not the main contract. The term ""facultative"" signifies that it is not obligatory. The term ""quota share"" specifies that it is a proportional type of reinsurance. The document does not contain information about the specific type of insurance or class of business covered.",True,False,False,proportional,,
2006-1045829-0001045829-06-000005-exhibit10_7.txt,"The document is an amendment to a contract that includes provisions for reinsurance. Specifically, it discusses changes to ""Reinsurance Audits"" and the pre-audit process for ""reinsurance cases"". This indicates that the underlying contract involves reinsurance.",True,False,,,Non-Life,Health
2006-1273813-0001104659-06-072189-a06-22082_1ex10d1.htm,"The document is an employment agreement between Assured Guaranty Ltd. and Robert Bailenson. It details the terms of employment, salary, benefits, and termination conditions. It does not concern reinsurance or insurance of any kind. Therefore, is_reinsurance is false, and all other insurance-related fields are null.",False,False,,,,
2006-920760-0001193125-06-025438-dex1017.htm,"The document is a ""SECOND AMENDED AND RESTATED WAREHOUSING CREDIT AND SECURITY AGREEMENT"". This agreement outlines a credit facility where lenders provide financing to borrowers against eligible assets, primarily mortgage loans. The agreement details terms related to credit commitments, procedures for obtaining advances, interest, principal, and fees, collateral, conditions precedent, representations and warranties, covenants, defaults, remedies, and agency. This structure is characteristic of a financing or loan agreement, not a reinsurance contract. Reinsurance agreements involve the transfer of risk from one insurance company to another. This document focuses on lending and collateralization of mortgage-backed assets. Therefore, it is not a reinsurance agreement. Since it is not a reinsurance agreement, it cannot be considered a main contract, obligatory, proportional or non-proportional, nor does it pertain to a specific insurance type or class of business in the context of reinsurance.",False,,,,,
2006-86312-0001104659-06-051107-a06-15227_1ex10d2.htm,"The document is a stipulation between an insurance company and a state insurance department. It details investigations into the company's practices, including the ""improper use of reinsurance transactions to bolster the quality, quantity and stability of their clients' and The St. Paul Companies Inc.'s earnings."" It also outlines business reforms and reporting obligations related to reinsurance. However, the document itself does not establish a reinsurance contract or transfer risk. It is a regulatory settlement agreement.",False,,,,,
2006-1039828-0001104659-06-032241-a06-9193_1ex10d24.htm,"The document is an amendment to an existing reinsurance agreement. It specifically states ""AMENDMENT II TO THE REINSURANCE AGREEMENT"" and refers to an ""Automatic YRT Reinsurance Agreement"". The amendment modifies the terms of this underlying agreement by specifying the ""Reinsurer's Share"" and ""Company's Share,"" which are core components of a reinsurance contract. Therefore, it is a reinsurance agreement, and it is an amendment to a main contract. The original agreement is described as an ""Automatic YRT Reinsurance Agreement"", and YRT (Yearly Renewable Term) is a type of proportional reinsurance. The document pertains to life insurance, as indicated by ""AMERICAN EQUITY INVESTMENT LIFE INSURANCE COMPANY"" and ""HANNOVER LIFE REASSURANCE COMPANY OF AMERICA"". Since it's a life reinsurance contract, the class of business falls under 'Other Life' or could be considered 'Mortality' or 'Longevity' depending on the specific products, but ""Other Life"" is a reasonable general classification for life reinsurance.",True,False,True,proportional,Life,Other Life
2006-1029786-0001193125-06-161053-dex103.htm,"The document is a Guarantee Agreement where Nationwide Financial Services, Inc. guarantees the obligations of its subsidiary, NF Reinsurance Ltd. (NFRe), under a Letter of Credit Issuance Agreement with Wachovia Bank. This is a financial guarantee and not a direct reinsurance agreement. Therefore, is_reinsurance is False. Since it is not a reinsurance contract, the other fields related to reinsurance classification are not applicable.",False,False,,,Life,Other Life
2006-1267395-0000950136-06-001663-file002.htm,"The document is an employment agreement for an underwriter at Wellington Re Services Limited. It outlines the terms and conditions of employment, including salary, duties, holidays, sickness, and restrictive covenants. While the company is involved in reinsurance (""Speciality Reinsurance"" is mentioned), this document itself is a contract of employment, not a reinsurance agreement. Therefore, it is not a reinsurance contract. Since it's not a reinsurance contract, the other fields related to reinsurance classification (main contract, obligatory, proportional or non-proportional, insurance type, class of business) are not applicable or are unknown.",False,,,,,
2006-1035185-0000950144-06-001975-g99946exv10w39.htm,"The document is identified as a ""Final Bound Binder"" for Workers Compensation and Employers Liability, which is a type of insurance. However, it explicitly mentions a ""Reinsurance Quota Share Agreement"" and a ""Deductible Buy-Back Policy"" used as collateral, which are mechanisms for risk transfer in the insurance industry, aligning with the definition of reinsurance. The document outlines the terms of coverage and financial arrangements between parties, suggesting it is a primary agreement rather than a modification of an existing one. The focus on transferring risk for a portfolio of policies indicates an obligatory nature. The mention of ""stop coverage above a $180,000,000 attachment point"" and ""Deductible Buy-Back Policy"" indicates non-proportional reinsurance. The subject matter is clearly related to Workers Compensation and Employers Liability, which falls under Non-Life insurance and specifically the Casualty class of business.",True,True,True,non-proportional,Non-Life,Casualty
2006-1106773-0001104659-06-069332-a06-21877_1ex10d2.htm,"The document is a Credit Agreement, which is a loan agreement. Reinsurance agreements are contracts where one insurance company transfers risk to another insurance company. This document does not involve the transfer of insurance risk between insurance companies. Therefore, it is not a reinsurance agreement. Since it is not a reinsurance agreement, the other classifications are not applicable.",False,,,,,
2006-1174922-0001193125-06-055625-dex10127.htm,"The user has provided a document which is an amendment to a Master Disbursement Agreement. This agreement outlines the terms and conditions related to the disbursement of funds for construction projects. The document details the roles of various parties such as the Company, Bank Agent, and Disbursement Agent, and specifies procedures for obtaining advances, managing accounts, and conditions precedent for project funding. It does not involve any form of risk transfer or indemnity characteristic of reinsurance. Therefore, it is not a reinsurance agreement.",False,,,,,
2006-1171500-0000950123-06-009634-y23533exv10w4.htm,"The document is a Termination Addendum to an Excess of Loss Retrocession Agreement. This means it is an ancillary document that modifies an existing reinsurance contract. The original contract is an ""Excess of Loss Retrocession Agreement,"" which is a form of non-proportional reinsurance. Therefore, the addendum itself is not a main contract but an amendment. The type of reinsurance is non-proportional (Excess of Loss). The metadata and the nature of retrocession agreements suggest Non-Life insurance, but the specific class of business is not detailed.",True,False,,non-proportional,Non-Life,
2006-1282543-0000950134-06-007070-d34129exv10w19.htm,"The document is an addendum to a private passenger automobile quota share reinsurance contract. The terms 'reinsurance contract' and 'quota share' are explicitly mentioned. It is not a main contract as it is an addendum modifying an existing agreement. The contract is for private passenger automobile, which falls under Non-Life insurance and specifically Casualty class of business. Quota share indicates a proportional reinsurance type.",True,False,,proportional,Non-Life,Casualty
2006-875159-0000930413-06-007751-c44996_ex10-2.txt,"The document is an employment agreement between XL Capital Ltd and James H. Veghte. It outlines the terms and conditions of Mr. Veghte's employment, including his position, salary, bonuses, and benefits. There is no mention of reinsurance or any form of risk transfer from one insurance entity to another. Therefore, it is not a reinsurance agreement, nor is it a main contract in the context of reinsurance. The other fields are not applicable.",False,False,,,,
2006-912898-0001266454-06-000088-glimcher_10k-ex1090.txt,"The user provided a document that is a ""LOAN AGREEMENT"" between GM OLATHE, LLC and GLIMCHER PROPERTIES LIMITED PARTNERSHIP, with KEYBANK NATIONAL ASSOCIATION as Administrative Agent and Lenders. The document outlines terms and conditions related to a term loan, including definitions, credit provisions, conditions precedent, covenants, defaults, and remedies. There is no mention of reinsurance, retrocession, or any risk transfer to an insurer/reinsurer. Therefore, the document is not a reinsurance agreement.",False,,,,,
2006-1035443-0001035443-06-000051-exh10-1.htm,"The document is a PURCHASE AND SALE CONTRACT between TECHNOLOGY SQUARE FINANCE, LLC and ARE-MA REGION NO. 31, LLC. It details the sale of property, including leases, personal property, and intangibles. There is no mention of reinsurance, retrocession, or any other type of insurance risk transfer. Therefore, it is not a reinsurance agreement. It is also not a main contract as it's a purchase and sale agreement.",False,False,,,Non-Life,Property
2006-1289785-0001193125-06-070815-dex101a.htm,"The document is a credit agreement outlining terms for a loan facility, including borrower and lender obligations, interest rates, and repayment schedules. It does not involve the transfer of insurance risk from one insurance company to another, which is the defining characteristic of reinsurance. Therefore, it is not a reinsurance contract.",False,True,,,,
2006-947484-0001104659-06-016208-a06-4988_1ex10d15d16.htm,"The document is an amendment to an employment agreement between Arch Capital Group Ltd., Arch Reinsurance Ltd, and an Executive. It details changes to the executive's role, salary, expenses, stock options, and the term of employment. The agreement also involves Arch Reinsurance Ltd., which suggests a connection to the reinsurance industry. However, the core of the document is an employment contract amendment, not a reinsurance or retrocession agreement itself. It does not transfer risk between entities in the manner of a reinsurance contract.",False,,,,,
2006-1267395-0000950136-06-001663-file003.htm,"The user provided an employment agreement between Aspen Insurance U.S. Services Inc. and Brian M. Boornazian. This document outlines the terms of employment, compensation, duties, and termination conditions for Mr. Boornazian. There is no mention of reinsurance, retrocession, or any risk transfer arrangements typical of reinsurance contracts. Therefore, this document is not a reinsurance agreement.",False,,,,,
2006-949156-0000950124-06-001186-k02499exv10w38.txt,"The document is explicitly titled ""INTER-COMPANY REINSURANCE AGREEMENT"". It outlines the terms under which one company (Star Insurance Company) reinsures the liabilities and expenses of other affiliated companies. This matches the definition of a reinsurance agreement. The agreement establishes the core relationship and obligations between the parties, making it a main contract. The cession of 100% of liabilities suggests an obligatory nature. The specific distribution of lines of business (property, casualty, medical malpractice, commercial auto, workers' compensation) indicates it covers multiple non-life insurance types, hence ""Multi-Line"" and ""Non-Life"". The proportional or non-proportional nature is not clearly defined.",True,True,True,,Non-Life,Multi-Line
2006-1095996-0001193125-06-053793-dex1050.htm,"The document is a ""BORROWING BASE REVOLVING LINE OF CREDIT AGREEMENT"" between William Lyon Homes, Inc. and Wachovia Financial Services, Inc. The agreement outlines terms for a line of credit, including loan facilities, borrowing bases, conditions precedent, covenants, and events of default. This type of agreement is a financing arrangement for a business, not a reinsurance contract. There is no mention of risk transfer, premiums, or any other elements characteristic of reinsurance.",False,,,,,
2006-1179929-0001193125-06-228837-dex102.htm,"The document is a contract between a healthcare provider (Molina Healthcare of Michigan Inc.) and a state government agency (State of Michigan) for the provision of comprehensive health care services to Medicaid beneficiaries. This is a direct insurance or managed care contract, not a reinsurance agreement, which involves risk transfer between insurance entities. The contract establishes the terms and conditions for these services, including scope, responsibilities, and modifications. Therefore, it is a main contract. The nature of the agreement as a direct healthcare service provision contract means it does not fit the definition of obligatory reinsurance. It is a health insurance contract, specifically for comprehensive health care services for Medicaid beneficiaries, which falls under Non-Life insurance and the Health class of business.",False,True,,,Non-Life,Health
2006-949156-0000950124-06-002530-k04988exv10w1.txt,"The document is explicitly titled ""INTER-COMPANY REINSURANCE AGREEMENT"" and discusses the cession and assumption of liabilities between affiliated companies. Article II details the reinsurance arrangement where ""Affiliated Companies hereby agree to cede to Star and Star agrees to reinsure 100% of the liabilities and expenses"". The agreement outlines the terms, premiums, claims handling, and other clauses typical of a reinsurance contract. The presence of terms like ""ceding company"" and ""reinsure"" confirms its nature as a reinsurance agreement. Since it establishes the core terms of the reinsurance arrangement between the parties, it is considered a main contract. The agreement covers property, casualty, medical malpractice, commercial auto, and workers' compensation business, indicating it's a Non-Life insurance type. Given the mix of business lines, it falls under ""Multi-Line"". Article II(a) and II(b) mention reinsuring 100% of liabilities, which is characteristic of proportional reinsurance.",True,True,True,proportional,Non-Life,Multi-Line
2006-947484-0001104659-06-032094-a06-9345_1ex10.htm,"The document describes the ""ARCH CAPITAL GROUP LTD. INCENTIVE COMPENSATION PLAN"". This plan is designed to provide employees with an opportunity to earn annual bonus compensation based on the company's financial and strategic objectives. While the company's business includes reinsurance (""CAT Business,"" ""Reinsurance Segment""), the plan itself is an employee compensation and incentive plan, not a contract for the transfer of insurance risk between two entities. Therefore, it is not a reinsurance agreement. Since it is not a reinsurance agreement, the other fields related to reinsurance classification (main contract, obligatory, proportional/non-proportional, insurance type, class of business) are not applicable.",False,,,,,
2006-814898-0001193125-06-102174-dex109.htm,"The document is a CREDIT AGREEMENT, which outlines the terms and conditions of a loan facility provided by various lenders to Hilb Rogal & Hobbs Company. It details the commitments, credit extensions, interest rates, fees, repayment schedules, and covenants related to the loan. The agreement does not deal with risk transfer in the context of insurance or reinsurance. It is about providing financing and establishing debt obligations between a borrower and lenders. Therefore, it is not a reinsurance agreement. Since it is not a reinsurance agreement, the other classifications related to reinsurance are not applicable.",False,,,,,
2006-1163710-0000837276-06-000166-rny_exhibit10d.htm,"The user has provided a document that is an amendment to an existing Automatic Reinsurance Agreement. The amendment specifically states it is correcting a previous amendment by adding a missing rate table. Therefore, it is an amendment to a reinsurance agreement. Since it is an amendment, it modifies an existing contract rather than establishing a new one. The document states it is an ""Automatic Reinsurance Agreement"" which typically implies obligatory reinsurance. The document is between two life insurance companies for reinsurance purposes related to mortality.",True,False,True,,Life,Mortality
2006-1032562-0000950137-06-012410-c09565exv10w1.htm,"The provided document is an ""AMENDED AND RESTATED FIVE-YEAR REVOLVING CREDIT AGREEMENT"". This agreement outlines terms and conditions for borrowing money, specifying loan types, interest rates, fees, repayment terms, and covenants related to financial conditions, operations, and assets. It details the relationship between a borrower (Land O'Lakes, Inc.) and lenders, facilitated by an administrative agent. Crucially, it does not involve any form of risk transfer to an insurer or reinsurer. The document is a financing agreement, not an insurance or reinsurance contract. Therefore, it is not a reinsurance agreement, not a main contract, not obligatory, and does not pertain to any type of insurance.",False,,,,,
2006-1301611-0000950144-06-007050-g02538exv10w7.htm,"The user has provided a document that is a ""REPURCHASE AGREEMENT"". The agreement is between HCA INC. and LIFEPOINT HOSPITALS, INC. and details the terms and conditions for the repurchase of ownership interests in certain acquired entities.

The document details a business transaction that involves the purchase and sale of companies/assets, not the transfer of risk in exchange for premiums. The terms like ""Purchase Price"", ""Closing"", ""Representations and Warranties"", ""Indemnification"" are common in M&A transactions, not reinsurance. There is no mention of insurance policy coverage, premiums, or risk transfer mechanisms typically found in reinsurance contracts.

Therefore, this document is not a reinsurance agreement.",False,,,,,
2006-1355795-0000950123-06-013603-y26433exv10w48w3.txt,"The user has provided a trust agreement document. The document explicitly mentions ""reinsurance agreements"" in the recitals and in Exhibit A, which lists specific reinsurance agreements between Darwin National Assurance Company and Platte River Insurance Company. The trust agreement is established to secure payments related to these reinsurance agreements. Therefore, the document is directly related to reinsurance.

The document is a trust agreement that secures payments for underlying reinsurance agreements. It establishes the terms and conditions for holding and disbursing assets to fulfill obligations arising from these reinsurance contracts. As it directly supports and guarantees the performance of reinsurance contracts, it is considered part of the reinsurance framework, albeit a security arrangement. However, the core of the document is the trust arrangement rather than the direct transfer of risk between insurers. While it is ancillary to the reinsurance agreements themselves, the question asks if the document *establishes* a reinsurance contract or is merely ancillary. This document establishes a trust for the benefit of the beneficiary of the reinsurance, not the reinsurance contract itself. Therefore, it is an ancillary agreement.

The document is a trust agreement that serves as a security mechanism for underlying reinsurance agreements. It is not a treaty or a policy that obligates the reinsurer to accept risk on a portfolio basis. The obligation to provide security is based on the existing reinsurance agreements, not an inherent feature of the trust agreement in terms of risk acceptance. Therefore, it is not an obligatory reinsurance agreement.

The document describes a trust established to secure payments related to reinsurance agreements. It does not itself detail the proportional or non-proportional nature of the underlying reinsurance contracts. No information within the trust agreement itself specifies whether the underlying reinsurance is proportional or non-proportional.

The ""Reinsurance Agreements"" referenced in Exhibit A are between Darwin National Assurance Company and Platte River Insurance Company. While the document does not explicitly state the lines of business covered by these reinsurance agreements, insurance companies like Platte River Insurance Company typically engage in Non-Life insurance business. Without explicit mention of Life insurance, the default assumption for a general insurance company's reinsurance would be Non-Life.

Given that the document pertains to reinsurance agreements for insurance companies, and without specific indicators of Life insurance business, the class of business is likely Non-Life. However, the document itself doesn't detail the ""class of business"" for the reinsurance agreements, only the existence of them. Therefore, it's not possible to definitively determine the class of business from the provided text.",True,False,,,Non-Life,
2006-947484-0001104659-06-016208-a06-4988_1ex10d13d7.htm,"The user has provided a document that is a ""Non-Qualified Stock Option Agreement"" between Arch Capital Group Ltd. and an employee, Marc Grandisson. This agreement grants the employee the option to purchase company shares. The document details terms such as the number of shares, option price, exercisability, and conditions for termination of employment. It does not contain any language or provisions related to insurance or reinsurance contracts, such as risk transfer, premiums, claims, or underwriting. Therefore, it is not a reinsurance agreement.",False,,,,,
2006-1179929-0001193125-06-228837-dex103.htm,"This document is a contract extension between Cape Health Plan, Inc. and the State of Michigan for comprehensive health care services for Medicaid beneficiaries. It details changes and amendments to an existing contract, but it is not a reinsurance agreement. It is a direct insurance contract with the state, not an agreement between two insurance entities where one reinsures the other. Therefore, it is not a reinsurance contract, nor is it an obligatory or proportional/non-proportional reinsurance agreement. It is a main contract as it extends the original agreement.",False,True,False,,Non-Life,Health
2006-1359841-0000950144-06-009152-g03506exv10w30.htm,"The document is a Bridge Loan Agreement, which is a type of debt financing and not a reinsurance agreement. It outlines the terms and conditions under which Hanesbrands Inc. will borrow funds from various financial institutions.",False,,,,,
2006-1355795-0000950123-06-013603-y26433exv10w48w1.txt,"The document is a Trust Agreement between Darwin National Assurance Company as Grantor and Capitol Indemnity Corporation as Beneficiary. The purpose of the trust is to secure payments owed under certain reinsurance agreements, as listed in Exhibit A. The trust account holds assets deposited by the Grantor for the benefit of the Beneficiary to cover obligations arising from these reinsurance contracts. Specifically, the agreement details the deposit, withdrawal, and application of assets to cover obligations related to ""Policy Liabilities"" and ""Ultimate Net Loss"" under the referenced Reinsurance Agreements. This structure and purpose clearly indicate it is an ancillary agreement to underlying reinsurance contracts, designed to provide security for those obligations, rather than a primary reinsurance contract itself. Therefore, it is not a main contract. However, since it directly relates to and supports reinsurance agreements, it is considered reinsurance-related. The specific nature of the reinsurance contracts (proportional or non-proportional, life or non-life) is not detailed in the trust agreement itself, only that they exist and are listed in Exhibit A. Since Exhibit A is not provided in full, this information cannot be determined from the document.",False,False,,,,
2006-1335686-0000950133-06-002492-w21005exv10w3.htm,"The document is an amendment to a professional services agreement for a city center project, specifically concerning demolition work. It outlines the scope of work, budget, and contract terms between a redevelopment agency and a developer. There is no mention or indication of reinsurance or retrocession activities. Therefore, it is not a reinsurance agreement, nor does it pertain to insurance other than as a direct service contract for a construction project.",False,False,,,Non-Life,Property
2006-1263813-0000893220-06-000581-w18557exv10w29.htm,"The document is an executive employment agreement detailing the terms of employment for an individual in a corporate role. It covers aspects like salary, duties, benefits, and termination conditions. There is no indication that this agreement relates to reinsurance or any form of risk transfer between insurance entities. The mention of ""insurance, underwriting, reinsurance or other matters related to the business operation of the Company"" in Section 2 describes a potential duty of the executive, not the nature of the contract itself.",False,,,,,
2006-1063980-0001063980-06-000037-ex10_1.htm,"The user has provided a document that is clearly a credit agreement, not a reinsurance agreement. The document outlines terms for loans, commitments, fees, and covenants related to financial obligations between CLARK CONSULTING, INC. (Borrower) and various financial institutions (Lenders). There is no mention of risk transfer between insurance entities that would characterize a reinsurance contract. Therefore, it is not a reinsurance agreement. Consequently, all other fields related to reinsurance classification should be None.",False,,,,,
2006-1233426-0000950144-06-005018-g01562exv10w1.htm,"The document is an amendment to a strategic agreement between CIGNA and NationsHealth. While it discusses services related to Medicare Part D prescription drug plans, it explicitly states in Exhibit 3.01 that ""this provision does not give rise to a contract for reinsurance against an underwriting loss by CIGNA."" Therefore, it is not a reinsurance agreement.",False,False,,,Non-Life,Health
2006-1359841-0000950144-06-009152-g03506exv10w29.htm,"The user provided a document that is a ""SECOND LIEN CREDIT AGREEMENT"". This agreement outlines the terms and conditions for a loan, including commitments, borrowing procedures, repayment, interest, fees, representations, warranties, covenants, events of default, and miscellaneous provisions. The document details the obligations between a borrower (HBI BRANDED APPAREL LIMITED, INC.) and lenders (VARIOUS FINANCIAL INSTITUTIONS AND OTHER PERSONS) through an administrative agent. It is a financial agreement for borrowing money, not an insurance or reinsurance contract. Therefore, it does not fit the definition of a reinsurance agreement.",False,False,,,,
2006-18169-0000950137-06-004586-a19238exv10w2.txt,"The document is identified as a ""CREDIT AGREEMENT"" and is primarily concerned with providing credit facilities (loans and letters of credit) to DHM Holding Company, Inc., Dole Holding Company, LLC, and Dole Food Company, Inc. The agreement outlines terms related to commitments, borrowings, interest, fees, prepayments, conditions precedent, covenants, events of default, and the roles of the administrative agent and various lenders. There are no provisions or language that indicate this document is a reinsurance agreement. It is a direct debt financing agreement.",False,False,,,,
2006-1308606-0001308606-06-000038-ex10-29.htm,"The document is a Credit Agreement detailing a loan between Cole WW II, LLC, Cole WW IV, LLC, and SouthTrust Bank. It outlines terms, conditions, borrower obligations, and collateral for the loans. There is no mention of reinsurance, retrocession, or risk transfer from one insurance company to another. Therefore, it is not a reinsurance agreement. Because it is not a reinsurance agreement, the subsequent fields regarding reinsurance characteristics are not applicable.",False,,,,,
2006-1289785-0001193125-06-230396-dex101d.htm,"The document is an amendment to a credit agreement. It details changes to definitions, loan commitments, and financial covenants related to an acquisition. It does not mention any insurance or reinsurance terms, nor does it transfer risk between insurance entities. Therefore, it is not a reinsurance agreement.",False,,,,,
2006-1294632-0000950144-06-011647-g04573exv10w24.htm,"The document is an amendment to a contract for healthcare services, specifically for the Arizona Health Care Cost Containment System (AHCCCS). It details changes to various sections of the original contract, including specific attachments related to requirements, definitions, and administrative processes. The document also extensively discusses reinsurance, including deductible levels, offsets, and specific provisions for reinsurance claims processing. The presence of detailed reinsurance terms and its role in managing risk within the healthcare contract indicates that it is a reinsurance agreement. It's an amendment to an existing contract, not the establishment of a new one, but amendments modify or reaffirm terms of a main contract, making it an ancillary agreement to the primary contract. However, the core of the document seems to be the *modification* and *restatement* of terms related to reinsurance, thus it is more than just a simple amendment. The term ""Reinsurance"" is explicitly used and detailed. The document focuses on risk transfer mechanisms within the healthcare provision context. Since it specifies deductible and coinsurance levels for a ""reinsurance program"" and discusses ""reinsurance offsets"" and ""reinsurance claims processing manual,"" it directly pertains to reinsurance. It's an amendment to a broader contract, but the amendment itself heavily details the reinsurance aspect. Given that the amendment is detailed and modifies key aspects of the reinsurance program within the contract, it functions as a significant part of the overall reinsurance arrangement. The document discusses a ""reinsurance program"" and reinsurance deductible choices, which are core components of a reinsurance agreement. The contract is for healthcare services (AHCCCS), which falls under Non-Life insurance. Specifically, it deals with health insurance provisions. The class of business is Health.

The document is an amendment to a contract for healthcare services. While it details reinsurance, these details are within the context of risk management for a direct healthcare provision contract, not a standalone reinsurance treaty between two insurers. The amendment modifies specific sections of an existing contract related to healthcare provision, which includes reinsurance provisions as a risk management tool for the healthcare provider. Thus, it's an amendment to a main contract that includes reinsurance, making it an ancillary agreement.

The document discusses a ""reinsurance program"" as part of a healthcare contract. This is not a reinsurance treaty itself but a component of a direct insurance contract. The document is an amendment to a healthcare contract, specifying details about the reinsurance *within* that healthcare contract, rather than being a reinsurance contract itself. Therefore, it is considered an ancillary agreement to the main healthcare contract.

The document describes a ""reinsurance program"" with deductible and coinsurance levels, which are inherent to a reinsurance mechanism. However, within the context of the broader document, it is an amendment to a direct healthcare provision contract, not an independent reinsurance agreement. The reinsurance discussed here is a component of the overall risk management for the healthcare provider under the primary contract. Thus, it's an ancillary agreement.

The term ""reinsurance program"" is used, and specific details about deductibles and coinsurance for this program are provided. This indicates a risk transfer mechanism. However, the document is an amendment to a contract for direct healthcare services (AHCCCS). The reinsurance discussed is a component *within* this primary healthcare contract, aimed at risk management for the provider. Therefore, it's classified as an ancillary agreement.

The document pertains to ""Arizona Health Care Cost Containment System Administration"" and ""Health Choice Arizona,"" which are health insurance providers. The discussion about ""reinsurance"" is within the context of managing the financial risk associated with providing these healthcare services. This indicates that it is a component of the primary health insurance contract, not a standalone reinsurance agreement. Therefore, it's an ancillary agreement.

The document is an amendment (Amendment No. 15) to an existing contract (Contract No. YH04-0001) for healthcare services. It details changes to various sections, including a section on ""Reinsurance."" The reinsurance is discussed as a program within the broader healthcare contract, not as a separate reinsurance treaty between two insurance entities. Therefore, it is an ancillary agreement to the main healthcare contract.

The document describes a ""reinsurance program"" with deductible and coinsurance levels. It discusses amendments to the contract that affect this program. However, the underlying contract is for healthcare services provided by Health Choice Arizona to the Arizona Health Care Cost Containment System Administration. The reinsurance is a risk management tool within this primary healthcare contract. Therefore, this amendment is considered ancillary to the main contract.

The document details a ""reinsurance program"" as part of a larger healthcare contract. The term ""reinsurance"" is central to the discussion of risk management for the healthcare provider (Contractor). The document is an amendment that modifies the terms related to this reinsurance program. While it's part of a larger contract, the detailed discussion of reinsurance makes it more than a simple ancillary document; it modifies core risk-sharing aspects. However, it's still an amendment to a primary contract for providing healthcare services. The prompt states that ancillary agreements include ""other documents which modify the terms of an existing reinsurance agreement."" This document modifies the terms of a reinsurance aspect within an existing healthcare contract. Given the extent of detail on reinsurance sections in the amendment, it significantly shapes the reinsurance aspect of the main contract. Considering the prompt's definition, amendments modifying terms of an *existing* reinsurance agreement are considered ancillary. Since this amends aspects related to a reinsurance program within a larger healthcare contract, it's ancillary.

The document does not explicitly state if it's obligatory or facultative. The contract is with AHCCCS, a state healthcare system, suggesting a mandatory enrollment for eligible individuals, which implies an obligatory nature for the underlying participants. However, whether the reinsurance *itself* is obligatory or facultative is not explicitly stated. The details provided pertain to how the reinsurance program operates within the context of managing healthcare services for a defined population within the AHCCCS program. Without explicit language defining the reinsurance treaty's obligatoriness, and considering it's a component of a broader state healthcare contract, it's difficult to definitively classify as obligatory reinsurance treaty. It describes a ""program"" with set deductible levels based on enrollment, which leans towards a structured, potentially obligatory, risk management approach rather than purely facultative risk selection. However, the document doesn't use terms like ""treaty"" or ""facultative"" for the reinsurance aspect. Given it's part of a mandatory managed care program (as implied by AHCCCS), the underlying health services are obligatory for members. The reinsurance mechanism described appears to be a standard component of the contract, therefore likely obligatory in its implementation by the contractor for risk management of the entire portfolio, rather than selective risk by risk. But the document doesn't explicitly label it as such. It's safer to mark as None if not explicitly stated.

The document details a ""reinsurance program"" that includes deductible and coinsurance levels. These are terms associated with risk transfer in both proportional and non-proportional reinsurance. The description of deductibles and coinsurance is characteristic of Excess of Loss (non-proportional) reinsurance, where the reinsurer covers losses above a certain threshold. The table shows annual deductibles and coinsurance percentages, which aligns with non-proportional reinsurance. It does not appear to be a proportional contract where a share of premiums and losses are ceded.

The document clearly pertains to healthcare services provided under the Arizona Health Care Cost Containment System (AHCCCS). AHCCCS is a state-run health insurance program. Therefore, the insurance type is Non-Life.

The document directly relates to health insurance services provided by AHCCCS. The class of business is Health.",True,False,,non-proportional,Non-Life,Health
2006-96223-0000096223-06-000095-mv8-1ex10_7.txt,"The user wants me to classify a document. The document provided is a Credit Agreement between Leucadia National Corporation and various lenders. This document outlines terms for loans, commitments, interest rates, fees, and covenants. There is no mention of reinsurance, retrocession, or any form of risk transfer from one insurance entity to another. Therefore, it is not a reinsurance agreement.",False,,,,,
2006-919134-0001188112-06-002518-ex10-79.txt,"The user has provided a document that is a loan agreement between Mendocino Brewing Company, Inc. and Grand Pacific Financing Corporation. The document details the terms and conditions of a loan, including definitions, borrower representations and warranties, loan details, covenants, events of default, remedies, and general conditions. There is no mention of reinsurance, retrocession, or any form of risk transfer related to insurance. Therefore, this document is not a reinsurance agreement.",False,,,,,
2006-1355795-0000950123-06-013603-y26433exv10w48w2.txt,"The document is a TRUST AGREEMENT that secures payments related to underlying REINSURANCE AGREEMENTS between Darwin National Assurance Company and Capitol Specialty Insurance Corporation. Exhibit A explicitly lists the reinsurance agreements. While it is directly related to reinsurance and secures obligations arising from them, it is an ancillary agreement (a trust agreement) rather than the primary reinsurance contract itself. Therefore, it is not the main contract. It is not a reinsurance agreement itself, so it cannot be obligatory or describe the proportional/non-proportional nature. Reinsurance typically falls under Non-Life insurance and Capitol Specialty Insurance Corporation suggests a Specialty class of business.",False,,,,Non-Life,Specialty
2006-1003464-0000950137-06-003141-a15814exv10w30.txt,"The document is a settlement agreement between an insurance company (Liberty Mutual Insurance Company) and an insured company (Endocare, Inc.) regarding a Directors and Officers Liability insurance policy. It resolves disputes related to coverage, rescission, and settlement of claims. Although it mentions ""reinsurers"" in the context of a general release, the primary subject matter is the direct insurance policy and the settlement of claims under it, not a contract for reinsurance.",False,,,,,
2006-803352-0000950144-06-010743-g03768exv10w2.htm,"The document titled 'MANAGEMENT SERVICES AGREEMENT' and its amendment is an agreement between Vista Healthplan, Inc. and Miami Dade Health Centers, Inc. for the provision of management and healthcare services. It details responsibilities for services, compensation, and terms of the agreement. There is no indication that this is a reinsurance agreement. It establishes the primary terms of service, making it a main contract.",False,True,,,Non-Life,Health
2006-911576-0001193125-06-119270-dex1025.htm,"The user has provided a Stock Purchase Agreement. This document outlines the terms and conditions for the purchase and sale of shares of a company. It is not a reinsurance agreement as it does not involve the transfer of risk from one insurance company to another. It is an agreement for the acquisition of a company's stock. Therefore, it is not a reinsurance contract. Since it is not a reinsurance contract, the subsequent fields related to reinsurance classification (is_main_contract, is_obligatory, proportional_or_non_proportional, insurance_type, class_of_business) are not applicable.",False,,,,,
2006-1013609-0001193125-06-061942-dex1081.htm,"The document is a ""Termination Agreement"" specifically stated to be ""in relation to the Reinsurance to Close Administration and Management Agreement dated 18 December 2003"". ""Reinsurance to Close"" (RITC) is a form of retrospective reinsurance used in the Lloyd's market. Therefore, the document is about a reinsurance contract. It is a termination agreement, which modifies or brings an end to an existing reinsurance contract, making it an ancillary agreement rather than the main contract itself. 'Reinsurance to Close' arrangements in Lloyd's are typically obligatory, covering the entire outstanding business of a syndicate for a specific year. The RITC statement provided includes financial data such as ""Gross outstanding claims,"" ""Future R/I premiums,"" and ""Net IBNR,"" which are typical of non-proportional reinsurance, particularly Excess of Loss or Stop Loss arrangements where specific loss events or aggregate losses are covered. The context of Lloyd's syndicates and the types of financial data presented (claims, premiums, IBNR) relate to non-life insurance business. Specific classes of business within non-life that are common at Lloyd's include Property and Casualty. Without more explicit details, classifying it as 'Property' or 'Casualty' is appropriate, or 'Multi-Line' if it covers several. Given the data, a specific classification within non-life is possible, but without direct mention, it leans towards general non-life.",True,False,True,non-proportional,Non-Life,Property
2006-1300514-0000950153-06-002124-p72720exv10w1.htm,"The document is titled ""CREDIT AGREEMENT"" and outlines terms for loans, commitments, interest rates, fees, and repayment schedules. It identifies a borrower (VML US FINANCE LLC) and lenders. There are no provisions or language typically found in a reinsurance agreement, such as risk transfer regarding insurance policies, premiums, claims handling, or retrocession clauses. The document is a financial loan agreement.",False,,,,,
2006-949156-0000950124-06-001186-k02499exv10w39.txt,"The document is a Management Services Agreement between Meadowbrook Insurance Group, Inc. (""Company"") and Meadowbrook, Inc. (""Manager""). The Manager agrees to perform various services for the Company, including accounting, claims administration, underwriting support, and arranging for reinsurance. The agreement specifies that the Manager will ""seek to arrange for appropriate reinsurance, including the preparation of all necessary documents with respect to such reinsurance"" and ""act as the liaison with the reinsurers"". While the agreement itself is a management services contract, a significant part of the Manager's duties involves arranging and managing reinsurance for the Company. Therefore, it is directly related to and facilitates reinsurance operations, making it an ancillary document that supports the main reinsurance contracts. It is not a direct insurance or reinsurance policy itself, but a service agreement that includes managing reinsurance. Because it facilitates reinsurance and outlines the manager's role in it, it is considered related to reinsurance.

However, the core of the document is a management services agreement, not a reinsurance contract itself. The reinsurance activities are a service performed *by* the manager *for* the company. The document does not establish the terms of a reinsurance contract between two parties transferring risk in the way a typical treaty or facultative placement would. Instead, it outlines the operational and administrative support provided by one entity to another, which happens to include the management of reinsurance.

Given the definition that ancillary agreements modify or facilitate existing agreements, and this agreement outlines the management of reinsurance, it acts as a supporting document to the actual reinsurance placements. It does not, in itself, transfer risk. The prompt asks if it ""establishes a reinsurance or retrocession contract"". This agreement establishes a service relationship to *manage* reinsurance, not the reinsurance itself. Therefore, it is not a main contract.

The document does not specify if it's obligatory or non-obligatory as it's not a reinsurance contract itself. It's a service agreement.

As this is not a reinsurance contract but a service agreement that *facilitates* reinsurance, the classification of proportional_or_non_proportional is not applicable.

The document describes services related to insurance operations, including underwriting and claims, which fall under Non-Life insurance. Specifically, it mentions arranging for reinsurance, which is a risk transfer mechanism for insurance.

The class of business is broad given the services described cover various aspects of an insurance company's operations, including underwriting, claims, and reinsurance arrangement. This suggests a general insurance operation rather than a specific line of business. Since it encompasses multiple functions and the arrangement of reinsurance for broader insurance operations, ""Multi-Line"" seems appropriate.",False,False,,,Non-Life,Multi-Line
2006-40730-0000950124-06-002623-k05088exv10w1.htm,"The document is a Memorandum of Understanding between General Motors and the UAW concerning changes to GM's health care program for retirees. It details modifications to the existing health care plan, including contributions, deductibles, and coverage. It does not involve reinsurance or retrocession. This is a direct insurance arrangement, not reinsurance.",False,False,,,Non-Life,Health
2006-20171-0000950123-06-005830-y20073exv10w4.txt,"The document is a restricted stock unit agreement which is part of an incentive plan for employees. It does not involve reinsurance or any form of risk transfer between insurance entities. Therefore, it is not a reinsurance contract.",False,False,,,,
2006-800457-0000893220-06-002323-w26618exv10w1.htm,"The document describes an ""AMENDED AND RESTATED SERVICES ALLOCATION AGREEMENT"" between Donegal Group Inc. and its insurance subsidiaries, and Donegal Mutual Insurance Company. The agreement details the allocation of shared costs for employees and services provided by Donegal Mutual to its subsidiaries. While the agreement mentions ""reinsurance"" in the context of services provided (e.g., reviewing, negotiating, monitoring reinsurance contracts and placements) and references a ""Proportional Reinsurance Agreement"", the primary purpose of this document is not to establish or modify a reinsurance contract itself. Instead, it's an operational agreement for cost allocation and service provision among related entities within a group. Therefore, it is not a reinsurance agreement.",False,,,,,
2006-81362-0001193125-06-052033-dex10nnn.htm,"The document is a ""SETTLEMENT AGREEMENT AND RELEASE"". It details a compromise between insurance companies (Hartford A&I) and their policyholders (Quaker Chemical and SB Decking) regarding coverage disputes related to past insurance policies. While it mentions the possibility of certain disclosures related to ""reinsurance Claims and obligations"" in section 9.1.a, the core of the agreement is not a reinsurance contract itself, but rather a settlement of insurance claims and coverage issues. It does not transfer risk from one insurance entity to another in the manner of a reinsurance treaty or contract.",False,,,,,
2006-1335686-0000950133-06-002492-w21005exv10w5.htm,"The document is a Senior Secured Revolving Credit Agreement. It details a loan facility provided to Republic Property Limited Partnership by various lenders, with KeyBank National Association acting as the agent. The agreement outlines the terms of the loans, repayment schedules, collateral, covenants, and events of default. It is a financial agreement related to borrowing and lending, not a reinsurance contract. Therefore, it is not a reinsurance agreement.",False,,,,,
2006-949156-0000950124-06-001186-k02499exv10w40.txt,"The document is a management services agreement between an insurance company (Savers Property and Casualty Insurance Company) and a management company (Meadowbrook, Inc.). The agreement outlines the services the Manager will provide to the Company, including accounting, claims administration, underwriting support, and seeking reinsurance. However, it is not a reinsurance contract itself, but rather an agreement for services that may include facilitating reinsurance. The document explicitly states that the Company retains ultimate authority and responsibility for its operations, including underwriting and claims. While the Manager is tasked with seeking and arranging for reinsurance, this agreement is an ancillary service contract, not the reinsurance contract itself. The company offers property and casualty insurance, making the insurance type Non-Life and the class of business Property and Casualty.",False,False,,,Non-Life,Property
2006-896159-0001193125-06-056531-dex108.htm,"The document is a credit agreement, not a reinsurance agreement. It outlines the terms and conditions of a loan facility provided by banks to a borrower. The document details the facility amount, utilisation, repayment, interest, fees, and various covenants and events of default. There is no mention of risk transfer from one insurance entity to another, which is the core characteristic of reinsurance.",False,,,,,
2006-822416-0000950124-06-004170-k07420exv10wxby.txt,"The document is a credit agreement, specifically a ""SIXTH AMENDED AND RESTATED REVOLVING CREDIT AGREEMENT"". It outlines terms for loans to be made by lenders to Pulte Mortgage LLC. The agreement details commitments, advance types (LIBOR and Swingline), interest rates, fees, conditions precedent, covenants, defaults, and remedies. It is not a reinsurance agreement as it pertains to direct lending and borrowing, not the transfer of risk from one insurer to another. Therefore, `is_reinsurance` is False. As it establishes the primary terms of a credit facility, it is considered a main contract, making `is_main_contract` True. The agreement outlines a credit facility, not a treaty or a facility with automatic acceptance, so it is not obligatory reinsurance, making `is_obligatory` None. The document is about a credit agreement and does not involve insurance in a way that would classify it as proportional, non-proportional, or hybrid. Therefore, `proportional_or_non_proportional` is None. The document is a financial agreement related to lending and does not pertain to life or non-life insurance. Therefore, `insurance_type` is None. Similarly, the document is a credit agreement and does not relate to any specific class of insurance business. Therefore, `class_of_business` is None.",False,True,,,,
2006-1289728-0001193125-06-076909-dex1018.htm,"The document is a Credit Agreement, detailing terms for loans and credit extensions between EPL Finance Corp. (and its successor El Pollo Loco, Inc.) and various lenders, managed by Merrill Lynch Capital Corporation. It outlines commitment amounts, interest rates, fees, repayment schedules, conditions for credit extensions, representations and warranties, covenants, events of default, and remedies. There is no mention of risk transfer, premiums, or insurance in the context of reinsurance. It is a direct lending agreement, not a reinsurance contract. Therefore, it is not a reinsurance agreement. As it is not a reinsurance agreement, the subsequent fields related to reinsurance classification (is_main_contract, is_obligatory, proportional_or_non_proportional, insurance_type, class_of_business) are not applicable.",False,,,,,
2006-1320092-0001193125-06-068740-dex1014.htm,"The document is an Amended and Restated Managing General Agency Agreement. It outlines the relationship and responsibilities between an insurance company (Company) and a general agent (General Agent). While it mentions reinsurance agreements in Article 9 and defines terms like 'Reinsurance Agreements' and 'Retrocession Agreement', the primary purpose of this document is to establish the terms of a managing general agency, not a reinsurance contract itself. Therefore, it is not a reinsurance agreement.",False,False,,,Non-Life,Multi-Line
2006-1352713-0000950123-06-010371-y24108exv10w13.htm,"The document clearly states that it is a ""FORM OF RESTRICTED SHARE UNIT AWARD AGREEMENT"" under the ""RAM HOLDINGS LTD. 2006 EQUITY PLAN."" It details the grant of ""restricted share units (the 'RSUs')"" to a ""Grantee."" The terms cover vesting, settlement, tax withholding, and other aspects of employee share-based compensation. There is no mention of insurance, risk transfer, premiums, claims, or any concepts associated with the insurance or reinsurance industry.",False,,,,,
2006-1057436-0001193125-06-044029-dex1051.htm,"The document is an Amended and Restated Credit Agreement. It details a credit facility of U.S. $125,000,000, outlining terms related to loans, interest rates, fees, repayment, collateral, and events of default. The document establishes a borrower-lender relationship for financial credit, not a contract for risk transfer in the sense of reinsurance. Therefore, it is not a reinsurance agreement.",False,,,,,
2006-1284807-0001284807-06-000013-ex10_1.htm,"The document is a Third Amended and Restated Credit Agreement. It details a loan facility between Ply Gem Industries, Inc. and other borrowers, and various lenders. The agreement outlines terms for various loans, fees, representations, covenants, events of default, and collateral. It is not a reinsurance agreement as it pertains to direct borrowing and lending, not the transfer of insurance risk.",False,False,,,,
2006-1342126-0001104659-06-054034-a06-15826_1ex10d2.htm,"The document is a Loan Agreement, which is a debt financing instrument, not a reinsurance agreement. It outlines the terms and conditions between a borrower and lenders for a loan.",False,True,,,,
2006-40545-0000040545-06-000015-ex10.htm,"The document is a ""FIRST AMENDMENT TO TRANSACTION AGREEMENT"" between General Electric Company and Swiss Reinsurance Company. The terms amended relate to the payment of a purchase price, stock amounts, and convertible instruments. There is no indication that this agreement itself is reinsuring or retroceding any risk. It appears to be a modification of an underlying transaction agreement, not a reinsurance contract. Therefore, is_reinsurance is false, and consequently, other fields specific to reinsurance classification are null.",False,False,,,,
2006-910739-0001104659-06-052409-a06-13752_1ex10d1.htm,"The user has provided a document titled ""ADMINISTRATIVE SERVICES AGREEMENT"" between Lincoln Benefit Life Company and Allstate Life Insurance Company.

The document describes administrative services for ""Lincoln VA Contracts"" and the ""Lincoln Separate Account"".

A key section (Section 8.1) mentions ""Ceded Reinsurance Agreements"" and states that the Administrator (Allstate) has the exclusive authority and responsibility to manage and administer them, including providing reports and making payments. This indicates that the underlying business relates to reinsurance, even though the primary agreement is for administrative services.

The agreement itself is an Administrative Services Agreement, not a direct reinsurance agreement, but it directly concerns the management of ceded reinsurance agreements for Lincoln Benefit Life Company. It is an ancillary agreement *related to* reinsurance.

Therefore:
- `is_reinsurance`: False, as it's an administrative services agreement, not a reinsurance contract itself. However, it *manages* reinsurance contracts. Given the strict definition, it's not a reinsurance *agreement*.
- `is_main_contract`: False. This agreement is for providing administrative services for existing contracts, including ceded reinsurance. It does not establish the primary reinsurance relationship itself. It is more of a support or service provision agreement.
- `is_obligatory`: None. As it's not a reinsurance contract.
- `proportional_or_non_proportional`: None. As it's not a reinsurance contract.
- `insurance_type`: The document mentions ""Lincoln VA Contracts"" and refers to ""general account liabilities"" and ""separate account liabilities"" related to VA contracts (Variable Annuities), which are typically life insurance products. Schedule A also details services related to securities and funds within the ""Lincoln Separate Account,"" which are common in life insurance products like variable annuities. Therefore, it pertains to Life insurance.
- `class_of_business`: Given it's related to Variable Annuities (VA Contracts) and manages life insurance products, ""Mortality"" or ""Other Life"" are the most fitting categories. ""Other Life"" seems more appropriate as it encompasses annuities.

Revisiting `is_reinsurance`: While the agreement *manages* ceded reinsurance, it is fundamentally an administrative services agreement. The definition of a reinsurance agreement includes ""All documents that renew, cancel, novate, terminate, settle, commute, amend, or otherwise modify the terms of an existing reinsurance agreement."" This agreement *administers* existing reinsurance agreements rather than modifying their terms in the way these examples suggest. Therefore, it's not a reinsurance agreement itself, but it is deeply connected to them. Sticking to the strict definition, it's False.

However, looking at the preamble: ""WHEREAS, pursuant to the Lincoln Reinsurance Agreement, the Administrator has agreed to indemnify the Company..."". This explicitly refers to an underlying reinsurance agreement and the role of the administrator. Section 8.1 also directly references ""Ceded Reinsurance Agreements"" and the administrator's management of them. This strongly suggests the services are in support of, or part of, a reinsurance arrangement.

Let's re-evaluate `is_reinsurance` based on the broader context. The agreement is essential for the functioning of the ceded reinsurance, as it handles the administration. If the agreement's primary *purpose* is to enable the effective management and administration of risks transferred via reinsurance, it could be considered related enough. The definition includes ""other retrospective reinsurance agreements"" or ""Portfolio Transfers... if they include provisions similar to standard reinsurance agreements"". This is an administrative service agreement that enables the reinsured (Lincoln Benefit Life) to manage its ceded business.

Considering the recursive nature of financial agreements, an agreement that *manages the administration* of reinsurance contracts could be considered as fulfilling a risk transfer objective indirectly. However, the core definition focuses on the transfer of risk *itself*. This agreement does not transfer risk.

Let's consider the metadata: The document is marked as EX-10.1, often indicating an exhibit to a primary filing.

Given the explicit mention of ""Lincoln Reinsurance Agreement"" and the active management of ""Ceded Reinsurance Agreements"" within this service agreement, the intention is to *support* reinsurance operations.

Considering typical financial document classification, agreements that directly manage or facilitate the operation of reinsurance contracts are often categorized as related to reinsurance or as ancillary to reinsurance.

However, the provided definitions for `is_reinsurance` are quite specific and focus on agreements that *are* reinsurance or modify existing ones. This agreement is to *provide services* related to contracts, including reinsurance contracts.

Final consideration for `is_reinsurance`: The document is an Administrative Services Agreement. While it mentions and manages ""Ceded Reinsurance Agreements"", it does not *itself* transfer risk. It is a service contract for administration. Therefore, `is_reinsurance` should be False.

For `is_main_contract`, such an agreement is not the primary contract establishing the reinsurance but rather a service agreement to manage aspects of the business that might include reinsurance. Thus, `is_main_contract` is False.

For `insurance_type` and `class_of_business`, the reference to ""Lincoln VA Contracts"" (Variable Annuities) points to Life insurance, specifically products often categorized under ""Other Life"" due to their investment component.",False,False,,,Life,Other Life
2006-24090-0000950134-06-005321-d33934exv10w10xoy.htm,"The document is a ""FIRST AMENDED AND RESTATED LOAN AGREEMENT"" between Citizens, Inc. and various banks. It outlines terms for revolving loans, collateral, covenants, and default conditions. There is no mention of reinsurance, retrocession, or any form of risk transfer between insurance entities. The document primarily concerns the provision of credit and financial obligations between a borrower and lenders.",False,,,,,
2006-1320092-0001193125-06-172602-dex1021.htm,"The document is a Managing General Agency Agreement, which is a contract between an insurance company and a general agent. It does not represent a reinsurance agreement itself. The agreement outlines the responsibilities and authorities of the General Agent in managing and underwriting certain lines of business for the Company. Article 22 mentions reinsurance agreements, but this document is not a reinsurance contract.",False,True,,,Non-Life,Casualty
2006-915781-0000950134-06-006265-c03761exv10w10.htm,"The document is clearly identified as a ""REINSURANCE AGREEMENT"" and pertains to ""WORKERS' COMPENSATION REINSURANCE"". The content details the terms of reinsurance, including coverage, premiums, and claims handling, between a reinsurance association and its members. This aligns with the definition of a reinsurance agreement. The subject matter is workers' compensation, which is a type of Non-Life insurance and falls under the ""Casualty"" class of business. The agreement is a treaty that reinsures a portfolio of liabilities, making it obligatory. The reinsurance mechanism described, covering losses exceeding a retention limit, is non-proportional (excess of loss).",True,True,True,non-proportional,Non-Life,Casualty
2006-1358164-0000930413-06-006737-c44219_ex10-2.txt,"The document is titled ""TAX INDEMNITY AGREEMENT"" and details the terms under which XL Capital Ltd and its affiliates (the ""XL Parties"") will indemnify Security Capital Assurance Ltd (SCA) and its subsidiaries for certain tax liabilities. While the recitals mention that SCA was organized for the purpose of conducting ""financial guaranty insurance and reinsurance businesses,"" the agreement itself does not establish or modify a reinsurance contract. Instead, it focuses on the allocation of tax liabilities between the parties involved in a corporate restructuring, specifically related to SCA's separation from the XL Capital affiliated group. The obligations are financial in nature, concerning tax payments and indemnification, rather than the transfer of insurance risk as would be characteristic of a reinsurance contract. Therefore, this document is not a reinsurance agreement. As it is not a reinsurance agreement, other classifications relating to reinsurance contracts (main contract, obligatory, proportional/non-proportional, insurance type, class of business) are not applicable.",False,,,,,
2006-1138301-0000950123-06-003904-y19137exv10w4.txt,"The user has provided a loan agreement document and metadata. The task is to classify this document based on the provided definitions and examples.

1. **`is_reinsurance`**: The document is a ""LOAN AGREEMENT"" between a borrower and a lender. It details terms of a loan, conditions precedent, representations and warranties, covenants, and remedies. There is no mention of reinsurance, retrocession, or any form of risk transfer between insurance entities. Therefore, it is not a reinsurance agreement.

2. **`is_main_contract`**: The document is a comprehensive agreement establishing the terms of a loan. It is not an amendment or an addendum to an existing contract; it *is* the primary agreement for the loan. Therefore, it is a main contract.

3. **`is_obligatory`**: This classification applies to reinsurance contracts and is not applicable here since the document is not a reinsurance agreement.

4. **`proportional_or_non_proportional`**: This classification applies to reinsurance contracts and is not applicable here.

5. **`insurance_type`**: The document is a loan agreement, not an insurance policy or a reinsurance agreement. Therefore, the insurance type cannot be determined.

6. **`class_of_business`**: The document is a loan agreement, not an insurance or reinsurance contract. Therefore, the class of business cannot be determined.",False,True,,,,
2006-859139-0000893220-06-000555-w18435exv10w19.txt,"The document is a Stock Option Award Agreement, which is a form of employee compensation. It does not involve the transfer of insurance risk between two insurance entities. Therefore, it is not a reinsurance agreement.",False,,,,,
2006-1279363-0001279363-06-000100-exhibit_10-13.htm,"The document is an addendum to a contract between WellCare Prescription Insurance, Inc. and Centers for Medicare & Medicaid Services (CMS) for the operation of a Voluntary Medicare Prescription Drug Plan. It details the terms and conditions for offering Employer/Union-Only Group Part D Prescription Drug Plans. The document specifies enrollment procedures, benefit provisions, payment terms, and service area requirements. It does not pertain to reinsurance or retrocession as defined in the instructions. It is a direct contract for providing Medicare prescription drug benefits.",False,,,,Non-Life,Health
2006-1272957-0001275287-06-004291-bw6698ex101.htm,"The document is a Credit Agreement, which outlines terms and conditions related to loans and credit facilities. It details borrowing amounts, interest rates, fees, and repayment schedules. There is no mention of reinsurance, retrocession, or any risk transfer mechanism typical of reinsurance agreements. The agreement is between Bristol West Holdings, Inc. and various lenders, providing credit facilities for the company's operations. Therefore, it is not a reinsurance agreement.",False,,,,,
2006-927417-0001104659-06-017259-a06-3301_1ex10d9.htm,"The document is a Credit Agreement, which is a debt financing instrument. It details the terms and conditions under which a borrower can obtain loans from lenders. The agreement outlines loan amounts, interest rates, repayment schedules, fees, covenants, and events of default. There is no mention of risk transfer, indemnification for insurance losses, or any other elements characteristic of a reinsurance agreement.",False,,,,,
2006-896159-0001193125-06-056531-dex107.htm,"The document is a Credit Agreement, not a reinsurance agreement. It details a loan facility provided by various banks to ACE Australia Holdings Pty Limited, with ACE Limited acting as a guarantor. The agreement outlines terms related to borrowing, interest, repayment, fees, and financial covenants. There is no mention of risk transfer from one insurance entity to another, which is the defining characteristic of reinsurance.",False,,,,,
2006-1339553-0000950144-06-003063-g00536exv10w26.txt,"The user has provided a document that details a contract between the Centers for Medicare & Medicaid Services (CMS) and HealthSpring, Inc. / HealthSpring of Alabama, Inc. for the operation of a Medicare Prescription Drug Plan. The document outlines the terms and conditions for providing prescription drug benefits to Medicare beneficiaries.

Based on the content:
1.  **is_reinsurance**: The document describes a direct insurance or managed care contract where HealthSpring is providing services directly to Medicare beneficiaries, facilitated by CMS. It does not involve one insurance company transferring risk to another. Therefore, it is not a reinsurance agreement. `is_reinsurance` should be `False`.
2.  **is_main_contract**: This document establishes the primary agreement for HealthSpring to operate a Medicare Prescription Drug Plan. It is the foundational contract for this service. Therefore, `is_main_contract` should be `True`.
3.  **is_obligatory**: This field relates to reinsurance contracts. Since this is not a reinsurance contract, this field should be `None`.
4.  **proportional_or_non_proportional**: This field relates to reinsurance contracts. Since this is not a reinsurance contract, this field should be `None`.
5.  **insurance_type**: The contract is for Prescription Drug Plan benefits under Medicare. Prescription drug coverage is a form of health insurance. Therefore, `insurance_type` should be ""Non-Life"".
6.  **class_of_business**: The contract is specifically for managing prescription drug benefits within the Medicare program, which falls under the ""Health"" class of business.",False,True,,,Non-Life,Health
2006-912898-0001266454-06-000186-glimcher_10q-ex10106.txt,"The document is a loan agreement between Tulsa Promenade, LLC, as Borrower, and Charter One Bank, N.A., as Lender. It outlines the terms and conditions of a mortgage loan for a shopping mall, including provisions for acquisition, improvements, interest rates, disbursements, and borrower covenants. There is no mention of reinsurance or retrocession.",False,,,,,
2006-912595-0001206774-06-000351-ex10_20.htm,"The document is a Master Credit Facility Agreement, which is a loan agreement. It details the terms and conditions under which a lender provides credit to borrowers. This is a financial agreement that facilitates borrowing and repayment of funds, secured by real estate assets. It does not involve risk transfer from one insurance company to another, which is the defining characteristic of reinsurance. The agreement outlines terms for fixed and variable credit facilities, including interest rates, fees, and collateral requirements. It does not describe insurance policies or reinsurance contracts.",False,True,,,,
2006-1064863-0000950133-06-002369-w20799exv10w29w1.htm,"The document is an amendment to an existing contract between the State of New York and CarePlus, LLC, which is a healthcare provider. The amendment modifies the capitation payment rates for Medicaid managed care services. The document explicitly states 'Reinsurance: No' in the attached Appendix L. Therefore, it is not a reinsurance agreement.",False,,,,Non-Life,Health
2006-947484-0001104659-06-016208-a06-4988_1ex10d18d4.htm,"The document contains amendments and trust agreements related to executive supplemental non-qualified savings and retirement plans for Arch Capital Group (U.S.) Inc. and Risk Capital Reinsurance Company. These are employee benefit plans and do not constitute a reinsurance agreement. Therefore, is_reinsurance is false, and the other fields related to reinsurance are null or false.",False,False,,,,
2006-913144-0000950136-06-006234-file2.htm,"The document is an amendment to a Credit Agreement, a financial facility. While it mentions ""reinsurance or retrocession agreements"" in the definition of ""SPV Restrictions,"" this document itself is not a reinsurance agreement but rather a financial contract that references reinsurance. It does not transfer risk within the insurance industry.",False,,,,,
2006-1223389-0001157523-06-003123-a5112243ex10-19.txt,"The document is a Dealer Agreement between Conn Appliances, Inc. and Voyager Service Programs, Inc. This agreement details the terms under which Conn Appliances will offer, sell, and administer extended service contracts for merchandise sold to the public. Voyager Service Programs, Inc. provides these service contracts and insurance backing. Although it involves risk transfer in the form of extended service warranties, it is not a reinsurance agreement. Reinsurance involves an insurer ceding part of its risk portfolio to another insurer. This agreement is between a dealer and a service contract provider/administrator and their insurer, not between insurers. The service contracts themselves are closer to insurance policies or guarantees rather than reinsurance.",False,,,,Non-Life,Specialty
2006-899866-0001193125-06-230487-dex102.htm,"The document is a ""LOAN AND SECURITY AGREEMENT"" between Alexion Manufacturing LLC as Borrower and iSTAR FINANCIAL INC. as Lender. It details the terms of a $26,000,000 loan, including disbursement, interest, payments, security, covenants, default, and remedies. There is no mention of reinsurance, retrocession, or any form of risk transfer between insurance entities. Therefore, it is not a reinsurance agreement. Since it's not a reinsurance agreement, the subsequent classifications of ""main contract,"" ""obligatory,"" ""proportional_or_non_proportional,"" ""insurance_type,"" and ""class_of_business"" are not applicable.",False,,,,,
2006-912898-0001266454-06-000088-glimcher_10k-ex1096.txt,"The user wants me to classify a document based on whether it is a reinsurance agreement, its main contract status, obligation type, proportional or non-proportional nature, insurance type, and class of business.

The document provided is a ""LOAN AGREEMENT"" between RVM GLIMCHER, LLC (Borrower) and LEHMAN BROTHERS BANK, FSB (Lender). The document details terms and conditions for a loan, including interest rates, repayment schedules, conditions precedent, covenants, defaults, and miscellaneous provisions.

Based on the definitions provided:
- **Reinsurance Agreement:** This document is a loan agreement, not a reinsurance, retrocession, Reinstatement Premium Protection, Capital Maintenance, Loss Portfolio Transfer, Adverse Development Cover, Reinsurance To Close, Portfolio Transfer, Catastrophe Bond, Insurance Linked Security, insurance pooling, or government insurance scheme. It does not renew, cancel, novate, terminate, settle, commute, amend, or modify an existing reinsurance agreement. Therefore, it is not a reinsurance agreement.
- **Main Contract:** Since it's not a reinsurance agreement, it cannot be a main contract for reinsurance.
- **Obligatory:** Not applicable as it's not a reinsurance agreement.
- **Proportional or Non-Proportional:** Not applicable as it's not a reinsurance agreement.
- **Insurance Type:** The document is a loan agreement for a property (likely a shopping mall, as indicated by terms like ""Anchor Tenant,"" ""Lease,"" ""Rents,"" and ""Property""). It does not pertain to Life or Non-Life insurance in the context of an insurance policy or reinsurance contract.
- **Class of Business:** As it is a loan agreement for a commercial property, it does not fall into any of the specified classes of business related to insurance.

Therefore, all of the specific classification fields related to reinsurance or insurance types are not applicable or cannot be determined from the document.",False,,,,,
2006-1352713-0000950123-06-010371-y24108exv10w12.htm,"The document is a Restricted Share Unit Award Agreement for RAM Holdings Ltd.'s 2006 Equity Plan. It details the terms and conditions under which restricted share units (RSUs) are granted to employees. This is an employee compensation agreement, not a reinsurance contract.",False,False,,,,
2006-948034-0001104659-06-016294-a06-6768_1ex10d127u.htm,"The document is titled ""INSURANCE AGREEMENT"" and appears to be a contract between MBIA Insurance Corporation as the Insurer, and various entities related to First Investors Auto Owner Trust 2006-A. The agreement details the terms under which the Insurer issues a ""note guaranty insurance policy"" (the ""Policy"") that guarantees certain payments on asset-backed notes. The contract outlines the obligations and responsibilities of each party, including representations, warranties, covenants, and default provisions.

The core of the agreement is the issuance of an insurance policy to guarantee financial obligations related to asset-backed notes. This type of agreement, where an insurer guarantees payments on debt instruments, functions similarly to a financial guarantee rather than a traditional reinsurance contract that transfers risk from one insurer to another. Reinsurance involves an insurer ceding part of its risk to another insurer. This document is about an insurer providing a guarantee on financial obligations, not transferring risk from an existing insurance policy or portfolio. Therefore, it is not a reinsurance agreement. Since it's not a reinsurance agreement, the subsequent classifications for main contract, obligatory, proportional/non-proportional, insurance type, and class of business are not applicable.

Based on the definition provided: ""Financial guarantees and other agreements that secure the payment obligations arising from insurance or reinsurance contracts"" are NOT considered reinsurance agreements. This document fits that exclusion.",False,,,,,
2006-1330622-0001193125-06-172681-dex1011.htm,"The user provided a document which is a ""SECOND MEZZANINE LOAN AGREEMENT"". Based on the content, it is a loan agreement between a borrower and a lender, outlining the terms and conditions of a loan for a real estate project. It does not involve risk transfer as understood in reinsurance. Therefore, it is not a reinsurance agreement. Since it is not a reinsurance agreement, none of the subsequent classification fields related to reinsurance are applicable.",False,,,,,
2006-912595-0001206774-06-000351-ex10_8.htm,"The document is a ""SECOND AMENDED AND RESTATED MASTER CREDIT FACILITY AGREEMENT"" between Mid-America Apartment Communities, Inc. and Prudential Multifamily Mortgage, Inc. It outlines the terms and conditions of a credit facility provided by the lender to the borrower. This is a debt financing agreement, not a reinsurance contract. Therefore, `is_reinsurance` should be False. It establishes the primary credit facility arrangement, making it the main contract. The agreement outlines a credit facility with specific terms for borrowing, repayment, and fees, which are characteristic of a primary financing agreement rather than a reinsurance treaty. Hence, `is_main_contract` should be True. The credit facility is provided on an obligatory basis, as the lender agrees to make credit available to the borrower under specified terms, and the borrower has the right to request these advances. Therefore, `is_obligatory` should be True. The document describes a credit facility, which is a form of debt financing and does not involve proportional or non-proportional risk transfer as seen in reinsurance. Therefore, `proportional_or_non_proportional` should be None. The agreement pertains to financing for multifamily residential properties, which falls under real estate and debt financing, not insurance types. Thus, `insurance_type` should be None. Similarly, the class of business is real estate finance, not a specific insurance class of business. Therefore, `class_of_business` should be None.",False,True,True,,,
2006-901491-0001104659-06-012747-a06-1949_1ex10d1.htm,"The document provided is a credit agreement, specifically a revolving credit facility. It details terms and conditions for loans, interest rates, payments, covenants, and default events for Papa John's International, Inc. There is no mention of reinsurance, retrocession, or any risk transfer activities associated with insurance or reinsurance. Therefore, it is not a reinsurance agreement, not a main contract for reinsurance, and the other classifications do not apply.",False,False,,,,
2006-909109-0000893220-06-002390-w26495exv10w9.txt,"The document is a ""REIMBURSEMENT CONTRACT"" between Liberty American Insurance Company and the State Board of Administration of the State of Florida (SBA) for the Florida Hurricane Catastrophe Fund (FHCF). The FHCF provides reimbursement to insurance companies for a portion of their hurricane losses. This contract's purpose is to transfer the risk of significant hurricane losses from the insurance company to the FHCF. Therefore, it is a reinsurance agreement.

The contract establishes the terms and conditions for this risk transfer, including the scope, parties, term, liability, definitions, exclusions, reporting requirements, and more. It outlines how the FHCF will reimburse the Company for its Ultimate Net Loss on Covered Policies in excess of the Company's Retention. This makes it the primary agreement governing the reinsurance relationship between the parties for the specified contract year.

The contract is designed to cover losses resulting from specific events (hurricanes) and operates on a ""per occurrence"" basis, with the FHCF reimbursing losses exceeding the company's retention. This structure is characteristic of non-proportional reinsurance, specifically excess of loss or catastrophe excess of loss. The contract focuses on reimbursing losses above a certain retention level, rather than sharing a proportional percentage of all premiums and losses.

The document explicitly references insurance for property located in Florida and covers losses to residential structures and their contents, as well as additional living expenses. These are all types of non-life insurance.

The class of business directly relates to property insurance, specifically for hurricane-related damage to residential and commercial properties in Florida.",True,True,,non-proportional,Non-Life,Property
2006-909109-0000893220-06-002390-w26495exv10w10.txt,"The document is a reimbursement contract between an insurance company and the Florida Hurricane Catastrophe Fund (FHCF). This type of contract is a form of reinsurance, specifically for hurricane-related risks. The contract outlines the terms and conditions under which the FHCF will reimburse the insurance company for losses exceeding a certain retention level, which is characteristic of non-proportional reinsurance. As it establishes the primary terms of coverage, it is considered a main contract. The document does not explicitly state whether it is obligatory or facultative, therefore this field is null. The coverage pertains to property damage caused by hurricanes, falling under the 'Property' class of business and 'Non-Life' insurance type.",True,True,,non-proportional,Non-Life,Property
2006-54480-0000950137-06-005644-c04856exv10w1.htm,"The document is a credit agreement for The Kansas City Southern Railway Company. Several sections, such as Article II (AMOUNTS AND TERMS OF THE ADVANCES AND THE LETTERS OF CREDIT), Article III (CONDITIONS OF LENDING AND ISSUANCES OF LETTERS OF CREDIT), and Article V (COVENANTS OF THE BORROWER AND PARENT), detail the terms of loans, credit facilities, and financial covenants. There is no mention of reinsurance, retrocession, or any form of risk transfer from one insurance entity to another. Therefore, this document is not a reinsurance agreement.",False,,,,,
2006-1267238-0001193125-06-051258-dex1018.htm,"The document is a Change in Control Severance Agreement between Assurant, Inc. and Donald Hamm. It outlines severance payments and benefits for the executive in the event of a change in control of the company. This type of agreement is related to employment and executive compensation, not reinsurance.",False,False,,,,
2006-1049442-0001104659-06-074604-a06-21913_1ex10d2.htm,"The document is a ""FIXED ASSET CREDIT AGREEMENT"" which outlines terms and conditions for loans made by lenders to borrowers. It details commitments, interest rates, repayment schedules, and the rights and responsibilities of various parties involved in the credit facility. There is no mention of risk transfer to an insurer or reinsurer. Therefore, it is not a reinsurance agreement.",False,,,,,
2006-854662-0001193125-06-055204-dex1018.htm,"The user has provided a document that is identified as a ""CREDIT AGREEMENT"". The document outlines terms and conditions for loans between MAF Bancorp, Inc. and Harris N.A. It details various types of credit facilities, interest rates, fees, covenants, and events of default. There is no mention of risk transfer or indemnity pertaining to insurance or reinsurance.

The definition of a reinsurance agreement typically involves one insurance company transferring risk to another. This document describes a direct lending agreement between a corporation and a bank, not an agreement between two insurance entities for risk transfer. Therefore, it is not a reinsurance agreement.",False,,,,,
2006-1001604-0001001604-06-000091-ex10871loanagreemntarborplac.htm,"The user has provided a loan agreement document. The task is to classify this document based on whether it is a reinsurance agreement and other related criteria.

1. **is_reinsurance**: This document is a loan agreement for a specific property (""Arbor Place Assisted Living""). It describes terms of a loan between a borrower (ESC-ARBOR PLACE, LLC) and lenders (GENERAL ELECTRIC CAPITAL CORPORATION). There is no mention of risk transfer from one insurance company to another, which is the defining characteristic of reinsurance. Therefore, it is not a reinsurance agreement.

2. **is_main_contract**: Since it's not a reinsurance agreement, this field should be None.

3. **is_obligatory**: Since it's not a reinsurance agreement, this field should be None.

4. **proportional_or_non_proportional**: Since it's not a reinsurance agreement, this field should be None.

5. **insurance_type**: This document is a loan agreement, not an insurance policy or reinsurance contract. Therefore, the insurance type is not applicable.

6. **class_of_business**: This document is a financial agreement (loan) and not an insurance contract, so there is no relevant class of business to classify.

Therefore, the document is not a reinsurance agreement, and the other fields related to reinsurance classification are not applicable.",False,,,,,
2006-1064863-0000950133-06-003558-w23723exv10w6w11.htm,"The document is an amendment to a contract between Amerigroup New Jersey, Inc. and the State of New Jersey, Department of Human Services, Division of Medical Assistance and Health Services (DMAHS) for providing HMO services. This is a direct insurance contract, not a reinsurance agreement. Therefore, `is_reinsurance` should be False.

The document is an amendment to an existing contract, modifying its terms. Thus, it is an ancillary agreement, not a main contract that establishes a new reinsurance or retrocession contract. Therefore, `is_main_contract` should be False.

Since it's not a reinsurance agreement, the following fields are not applicable: `is_obligatory`, `proportional_or_non_proportional`, `insurance_type`, and `class_of_business`. They should all be `None`.",False,False,,,,
2006-874977-0001193125-06-104642-dex1067.htm,"The document explicitly states it is an ""ENDORSEMENT NO. 2 TO THE LOSS REINSURANCE CONTRACT"" and refers to a ""PROPERTY CATASTROPHE OVERLYING EXCESS OF LOSS REINSURANCE CONTRACT"". This indicates it is modifying an existing reinsurance agreement, making it an ancillary contract. The term ""Excess of Loss Reinsurance Contract"" clearly identifies it as a non-proportional reinsurance agreement related to property insurance.",True,False,,non-proportional,Non-Life,Property
2006-874977-0001193125-06-104642-dex1066.htm,"The document is an addendum to a Property Catastrophe Overlying Excess of Loss Reinsurance Contract. It specifically modifies an existing reinsurance contract rather than establishing a new one, making it an ancillary agreement. The underlying contract is for 'Property Catastrophe Overlying Excess of Loss Reinsurance', indicating it is non-proportional reinsurance for property risks.",True,False,,non-proportional,Non-Life,Property
2006-20171-0000950123-06-005830-y20073exv10w3.txt,"The document is a Performance Share Award Agreement, which is a form of employee compensation tied to the company's stock performance. It does not involve the transfer of insurance risk from one party to another, which is the core characteristic of reinsurance. The agreement details the terms of granting performance shares, vesting criteria based on shareholder return, conditions for termination of employment, and other related provisions. None of these elements align with the definition of a reinsurance contract.",False,,,,,
2006-1071739-0001193125-06-038095-dex105.htm,"The user has provided a contract document. The task is to determine if this document represents a reinsurance agreement and extract relevant metadata.

Analyzing the document:
- The document is titled ""HHSC Managed Care Contract"" and is between the Texas Health and Human Services Commission (HHSC) and Superior HealthPlan, Inc.
- It outlines terms for managed care services, specifically mentioning ""Medicaid STAR HMO Program"" and ""CHIP HMO Program.""
- The contract details payment terms, service areas, contract attachments, and legal clauses related to insurance and healthcare provision.
- There is no mention of reinsurance, retrocession, or risk transfer from one insurer to another.
- The contract is between a government entity (HHSC) and a health maintenance organization (Superior HealthPlan, Inc.) for direct insurance provision to eligible individuals (Medicaid/CHIP recipients).

Based on this analysis, the document is a direct insurance contract for managed healthcare services, not a reinsurance agreement.

Therefore:
- `is_reinsurance` should be `False`.
- `is_main_contract` should be `True` as it establishes the primary managed care contract.
- `is_obligatory` is not applicable as it's a direct insurance contract, not reinsurance. However, given the schema, it should be `None`.
- `proportional_or_non_proportional` is not applicable as it's not a reinsurance contract. It should be `None`.
- `insurance_type` is ""Non-Life"" as it pertains to healthcare services.
- `class_of_business` is ""Health"".",False,True,,,Non-Life,Health
2006-1020265-0001047469-06-013512-a2174169zex-10_2.htm,The document is an Omnibus Amendment to a Master Lease and Participation Agreement. It concerns the leasing of property and includes terms related to purchase options and amendments to existing agreements. There is no indication of reinsurance or retrocession within the document.,False,False,,,Non-Life,Property
2006-1299969-0000950133-06-001315-w18555exv10w38.htm,"The user provided a stock purchase agreement. This document is a contract for the acquisition of shares of one company by another, not a contract for insurance or reinsurance. Therefore, it is not a reinsurance agreement. Since it's not a reinsurance agreement, the other fields related to reinsurance classification (main contract, obligatory, proportional or non-proportional, insurance type, class of business) are not applicable and should be null.",False,,,,,
2006-1171218-0000950124-06-004459-k06864exv10w1.txt,"The user has provided a credit agreement. The document outlines terms for revolving credit, letters of credit, and various financial covenants. There are no provisions related to reinsurance or retrocession. Therefore, it is not a reinsurance agreement.",False,,,,,
2006-854662-0000854662-06-000051-exhibit101.htm,"The user has provided a Credit Agreement document. The document outlines the terms and conditions under which lenders will extend credit facilities to MAF Bancorp, Inc. This includes term loans and revolving credit commitments. The document details interest rates, fees, repayment schedules, covenants, events of default, and other standard clauses found in a loan agreement. There is no mention of reinsurance, risk transfer, or any other insurance-related activity. Therefore, this document is a direct lending agreement, not a reinsurance agreement.",False,,,,,
2006-1358164-0000930413-06-006737-c44219_ex10-22.txt,"The document is identified as a ""FIRST AMENDED AND RESTATED FACULTATIVE MASTER CERTIFICATE"" between a ""Reinsurer"" and a ""Company"". It retroactively amends and restates a previous agreement, outlining the terms and conditions for reinsuring financial guaranty insurance policies. The agreement details the submission of risks, the issuance of reinsurance certificates that can specify quota share or excess of loss bases, terms for premiums, losses, and termination. The structure, language, and content clearly indicate a reinsurance agreement rather than a direct insurance policy.",True,True,False,hybrid,Non-Life,Specialty
2006-1049442-0001104659-06-074604-a06-21913_1ex10d1.htm,"The document is a credit agreement, not a reinsurance agreement. It details terms and conditions for a revolving credit facility provided to Pliant Corporation and its subsidiaries. There is no mention of risk transfer from one insurance entity to another.",False,,,,,
2006-1165880-0000950123-06-013750-y26777exv10w37.htm,"The document is a separation agreement outlining the terms of departure for an employee from Montpelier Reinsurance Ltd. It details salary, benefits, share unit forfeiture, and a one-off payment in settlement of claims, along with restrictive covenants. It does not describe a reinsurance or retrocession contract, nor any ancillary agreement related to such contracts. Therefore, it is not a reinsurance agreement, and the classification fields related to reinsurance are set to null or false.",False,False,,,,
2006-1002517-0000950135-06-003380-b60616ncexv10w1.txt,"The document is a Credit Agreement, detailing terms for loans and credit facilities between Nuance Communications, Inc. and various lenders. It outlines borrowing conditions, financial covenants, events of default, and other standard banking and corporate finance terms. There is no mention of risk transfer from one insurance entity to another, which is the defining characteristic of a reinsurance agreement. Therefore, this document is not a reinsurance agreement. ]]",False,,,,,
2006-20171-0000950123-06-005830-y20073exv10w2.txt,"The document is a performance share award agreement, which is a type of equity compensation plan for employees. It does not involve the transfer of insurance risk between insurance entities, and therefore is not a reinsurance agreement. It is also not a main contract as it is an agreement between a corporation and its employee for stock incentives.",False,False,,,,
2006-1358164-0000930413-06-006737-c44219_ex10-29.htm,"The document is an indemnification agreement between two companies, XL Capital Assurance Inc. (XLCA) and XL America, Inc. (XL America). XLCA issued a Financial Guaranty Insurance Policy. XL America agrees to indemnify XLCA against diminution in value of certain assets and against potential liabilities and loss adjustment expenses related to the policy. This is not a reinsurance agreement, but rather an agreement to cover potential losses on a direct insurance policy. Therefore, is_reinsurance is false. As it is not a reinsurance agreement, ancillary fields like is_main_contract, is_obligatory, proportional_or_non_proportional, insurance_type and class_of_business are set to false or null.",False,False,False,non-proportional,Non-Life,Casualty
2006-1137048-0000909567-06-000516-o30165exv10w9.htm,"The document is an Investment Agreement between Clearwater Insurance Company, Hamblin Watsa Investment Counsel Ltd., and Fairfax Financial Holdings Limited. It outlines the terms under which HW will manage Clearwater's investment account and FFH will provide investment administration services. While it concerns an insurance company (Clearwater Insurance Company), it is not a reinsurance agreement itself, but rather an agreement for investment management and administration services. Therefore, it's not a reinsurance contract, and thus not obligatory or proportional/non-proportional. The primary business of the insurance company is Non-Life, specifically Property, as indicated by typical insurance company operations and the nature of investments described (seeking value, managing liquidity for claims, regulatory compliance related to Delaware Insurance Laws which typically govern property and casualty insurance).",False,False,,,Non-Life,Property
2006-1064863-0000950133-06-000979-w17973exv10w32w9.txt,"The document is a Uniform Managed Care Contract Terms & Conditions between HHSC and an HMO, outlining the terms for providing managed care services to program recipients. It details aspects of contract administration, member eligibility, service levels, payment terms, and other operational requirements related to health insurance, not reinsurance. Therefore, it is not a reinsurance agreement, but it is a main contract as it establishes the terms of service provision.",False,True,,,Non-Life,Health
2006-811612-0000950156-06-000175-cgi-x1039.htm,"The document is an ""INCENTIVE AWARD AGREEMENT"" between The Commerce Group, Inc. and a Director. It details a cash-only incentive award based on the company's performance metrics like EPS and Direct Written Premiums. The definitions section mentions ""Direct Written Premiums"" as 'total premiums for insurance sold to insureds, as opposed to and not including, assumed reinsurance premiums'. This explicitly excludes reinsurance. Therefore, it is not a reinsurance agreement. It is also not a main contract as it operates under a broader 'Incentive Compensation Plan' and refers to awards of 'Incentive Units'. The document does not specify if the insurance is Life or Non-Life, but the term 'EPS' (Earnings Per Share) and 'Direct Written Premiums' are commonly used in financial reporting for both. However, given the context of director compensation and the overall 'Other Life' classification for employee benefits/incentives that don't fit neatly into other categories, 'Other Life' seems most appropriate.",False,False,,,Life,Other Life
2006-1308606-0000950144-06-002655-g00357exv10w49.txt,"The document is a loan agreement between Cole MT Denver CO, LLC (Borrower) and Bear Stearns Commercial Mortgage, Inc. (Lender). It details the terms and conditions of a loan, including interest rates, repayment schedules, conditions precedent, borrower covenants, insurance, casualty, condemnation, and default provisions. The document explicitly states it is a ""LOAN AGREEMENT"" and discusses lending, borrowing, mortgage, and promissory notes. There is no mention of reinsurance, retrocession, or risk transfer from one insurance entity to another. Therefore, it is not a reinsurance agreement.",False,,,,,
2006-1064863-0000950133-06-004977-w26714exv10w32w9.htm,"The document is a ""Uniform Managed Care Contract Terms & Conditions"" between the Texas Health & Human Service Commission (HHSC) and Amerigroup Texas, Inc. It details the terms of managed care for various programs like STAR, STAR+PLUS, CHIP, and CHIP Perinatal. This is a direct insurance contract between a service provider (Amerigroup) and a government health agency (HHSC) for providing healthcare services to enrollees, not a reinsurance agreement.",False,True,,,Non-Life,Health
2006-899629-0000950116-06-000805-ex10-50.txt,"The document is primarily a ""REVOLVING LOAN AGREEMENT"" between lenders (Fleet National Bank and Bank of China) and borrowers (RD Absecon Associates, L.P., et al.). It details the terms and conditions of a loan facility, including loan amounts, interest rates, repayment schedules, conditions precedent, covenants, and events of default. The agreement does not involve risk transfer in the manner of a reinsurance contract. Instead, it is a financial agreement where lenders provide funds to borrowers in exchange for repayment with interest. Therefore, it is not a reinsurance agreement. Since it's not a reinsurance agreement, it cannot be a main contract of reinsurance, obligatory, proportional or non-proportional, nor does it relate to insurance types or classes of business.",False,,,,,
2006-1308606-0000950144-06-002655-g00357exv10w57.txt,"The user wants me to classify a document based on its content. The document is a ""LOAN AGREEMENT"" between a borrower and a lender. It details terms related to a loan, including interest rates, repayment, conditions precedent, covenants, insurance, defaults, and special provisions like securitization and exculpation.

Based on the provided definitions:
- **is_reinsurance**: The document is a loan agreement, not a reinsurance agreement. It does not involve risk transfer between insurance entities.
- **is_main_contract**: Since it's not a reinsurance contract, this field should be `None`.
- **is_obligatory**: Not applicable as it's not a reinsurance contract.
- **proportional_or_non_proportional**: Not applicable as it's not a reinsurance contract.
- **insurance_type**: Not applicable as it's not a reinsurance contract.
- **class_of_business**: Not applicable as it's not a reinsurance contract.

Therefore, the primary classification is that this is not a reinsurance agreement.",False,,,,,
2006-1057436-0001193125-06-228461-dex1012.htm,"The document is a Mezzanine Loan and Security Agreement. It details a loan between a mezzanine borrower and a mezzanine lender. The agreement concerns the terms of the loan, including interest, payments, collateral, and covenants. There is no mention of insurance transferring risk between two parties in the context of a reinsurance agreement. Therefore, this document is not a reinsurance agreement, nor is it a main contract in the context of reinsurance.",False,,,,,
2006-1262959-0000950134-06-021481-h41103exv10w4.htm,"The document is a Credit Agreement, which is a loan agreement between borrowers and lenders. It outlines the terms and conditions for a credit facility, including the use of proceeds, repayment schedules, fees, and events of default. There is no mention of any transfer of risk from one insurance entity to another, which is the defining characteristic of reinsurance. Therefore, this document is not a reinsurance agreement.",False,False,,,,
2006-1049442-0001104659-06-021383-a06-2506_1ex10d19.htm,"The document is an Amended and Restated Credit Agreement, which is a financing contract outlining the terms of loans provided to a corporation. It does not involve the transfer of risk from one insurer to another, which is the defining characteristic of reinsurance. Therefore, it is not a reinsurance agreement.",False,,,,,
2006-1078706-0000909518-06-001048-mv10-31_aarca.txt,"The document is an Amended and Restated Credit Agreement, detailing terms and conditions for borrowing money, including provisions for advances, letters of credit, fees, and repayment. It establishes a borrower-lender relationship for financial services, not a risk-transfer agreement typical of reinsurance. Therefore, it is not a reinsurance agreement. Since it's not a reinsurance agreement, the subsequent classifications related to reinsurance (main contract, obligatory, proportional or non-proportional, insurance type, class of business) are not applicable and should be null.",False,,,,,
2006-899629-0000950116-06-000805-ex10-53.txt,"The user wants me to classify a document based on its content. The document appears to be a loan agreement, not a reinsurance agreement.

Here's a breakdown of why:
- **Loan Agreement:** The document explicitly states ""LOAN AGREEMENT"" on the title page and throughout. It details terms like ""Borrower,"" ""Lender,"" ""Loan,"" ""Note,"" and ""Mortgage.""
- **No Reinsurance Terms:** There are no mentions of reinsurance, retrocession, premiums, claims, underwriting, or other terms specific to reinsurance contracts.
- **Financial Transaction Document:** The content focuses on financial instruments, obligations, conditions precedent to a loan, borrower covenants, defaults, and remedies related to a loan secured by real estate.

Given this, I should classify it as not a reinsurance agreement.",False,,,,,
2006-1017022-0000950123-06-003992-y18864exv10w95.txt,"The user wants me to classify a document based on the provided text and metadata.

The document is titled ""MEZZANINE LOAN AND SECURITY AGREEMENT"".
The metadata indicates it's an exhibit to a filing, specifically an exhibit related to a loan agreement.
Reinsurance agreements are contracts that transfer risk from one insurance company to another. This document describes a loan and security agreement between a Mezzanine Borrower and a Mezzanine Lender. It details terms of a loan, interest, payments, collateral, and defaults. It does not mention risk transfer between insurance entities or any insurance policy specifics.

Therefore, this is not a reinsurance agreement. It is a financial agreement, specifically a loan and security agreement.

Since it is not a reinsurance agreement, the following parameters should be None or False as appropriate:
- `is_reinsurance`: False
- `is_main_contract`: None (as it's not a reinsurance contract)
- `is_obligatory`: None (as it's not a reinsurance contract)
- `proportional_or_non_proportional`: None (as it's not a reinsurance contract)
- `insurance_type`: None (as it's not a reinsurance contract)
- `class_of_business`: None (as it's not a reinsurance contract)",False,,,,,
2006-1017022-0000950123-06-003992-y18864exv10w93.txt,"The document is a Mezzanine Loan and Security Agreement, which is a debt financing agreement, not a reinsurance agreement. Reinsurance agreements involve the transfer of risk between insurance entities. This document outlines the terms and conditions of a loan made by a mezzanine lender to a mezzanine borrower. Therefore, it does not fit any of the criteria for being a reinsurance agreement.",False,,,,,
2006-1017022-0000950123-06-003992-y18864exv10w97.txt,"The user has provided a document that is a Mezzanine Loan and Security Agreement. This type of agreement is a financial contract related to debt and security, not an agreement that transfers risk from an insurer to a reinsurer. Therefore, it is not a reinsurance agreement.",False,,,,,
2006-1171500-0000950123-06-005438-y20142exv10w1.htm,"The document is explicitly titled ""AMENDED AND RESTATED QUOTA SHARE RETROCESSION AGREEMENT,"" which directly identifies it as a reinsurance contract. The agreement details a quota share arrangement, specifying percentages (70% and 80%) for different types of business (""Catastrophe Covers"" and ""Non Catastrophe Covers""), confirming it as proportional reinsurance. The covered business includes ""North American Property Catastrophe Excess of Loss,"" ""International Property Catastrophe Excess of Loss,"" ""Prof. Liab 2nd XOL,"" and ""Aviation General QS,"" all of which fall under Non-Life insurance and more specifically, Property and Casualty/Specialty lines of business. Since it establishes the primary terms and conditions of the retrocession, it is considered a main contract. The agreement obligates the retrocessionaire to accept a specified share of business, classifying it as obligatory.",True,True,True,proportional,Non-Life,Property
2006-1296884-0001144204-06-033830-v049531_ex10-18.htm,"The user has provided a document titled ""LOAN AND SECURITY AGREEMENT"". The document details the terms and conditions of a loan provided by Citigroup Global Markets Realty Corp. to SCOTSDALE MI LLC, CARRIAGE PARK MI LLC, MACOMB MANOR MI LLC, and CARRIAGE HILL MI LLC. The agreement covers aspects such as loan terms, interest rates, conditions for the loan, representations and warranties, covenants, reserves, default procedures, and miscellaneous provisions. There is no mention of reinsurance, retrocession, or any form of risk transfer from one insurance entity to another. This is a direct financial agreement, not a reinsurance contract.",False,False,,,,
2006-1017022-0000950123-06-003992-y18864exv10w91.txt,"The document is a Mezzanine Loan and Security Agreement. It details a loan agreement between a Mezzanine Borrower and a Mezzanine Lender. It covers terms related to the loan, security interests, covenants, representations, defaults, and remedies. There is no mention of reinsurance. Therefore, it is not a reinsurance agreement.",False,,,,,
2006-1264242-0000950136-06-002636-file005.htm,"The document is a ""TREATY PROPERTY REINSURANCE BINDER"" which establishes the terms for Arch Reinsurance Ltd. to reinsure a portion of Quanta Reinsurance Ltd.'s property reinsurance portfolio. This fits the definition of a reinsurance agreement. The binder contains the principal terms and conditions, making it a main contract. The description ""100% QS of the Company's property reinsurance assumed portfolio"" clearly indicates a proportional (Quota Share) reinsurance. The subject matter is ""property,"" which falls under Non-Life insurance and the ""Property"" class of business. The use of ""Treaty"" implies an obligatory arrangement covering a portfolio of risks.",True,True,True,proportional,Non-Life,Property
2006-1038217-0000950134-06-021164-d40952exv10w16.htm,"The document is a loan agreement, not a reinsurance agreement. It outlines the terms and conditions of a loan between borrowers and lenders, secured by real estate projects. None of the elements of a reinsurance contract are present. Therefore, all fields related to reinsurance classify as None or False.",False,,,,,
2006-909109-0000893220-06-001096-w20583exv10w5.txt,"The document is a Reinsurance Commutation and Release Agreement which settles and terminates a previous reinsurance contract (Whole Account Net Quota Share Reinsurance Contract). Commutation agreements are explicitly listed as types of documents that modify the terms of an existing reinsurance agreement and are therefore considered ancillary. While it's an agreement related to reinsurance, it's a settlement of a past contract rather than the establishment of a new one, hence it's not considered a main contract. The agreement refers to a ""Whole Account Net Quota Share Reinsurance Contract"" which indicates the underlying reinsurance was likely proportional. The agreement itself does not provide details about the specific class of business covered by the underlying treaty, but the parties involved (Philadelphia Insurance Company and Federal Insurance Company) are known to underwrite various non-life insurance lines.",True,False,,proportional,Non-Life,Multi-Line
2006-909109-0000893220-06-001096-w20583exv10w6.txt,"The document is titled ""Reinsurance Commutation and Release Agreement"". It explicitly mentions a ""Whole Account Net Quota Share Reinsurance Contract"" and refers to ""commuting the 2004 Contract Year"". The parties involved are insurance companies and a reinsurer. This clearly indicates it is a reinsurance agreement. It is a settlement or release agreement pertaining to a previous reinsurance contract, thus making it an ancillary agreement to the original reinsurance treaty. The original treaty was a ""Whole Account Net Quota Share Reinsurance Contract,"" which is a type of proportional reinsurance. The document itself is a commutation and release, which is a form of settlement. The company Philadelphia Insurance Company and Philadelphia Indemnity Insurance Company are mentioned, which are generally Non-Life insurers. The document does not specify the class of business for the underlying reinsurance, but the nature of the parties and the context suggest it's typically Non-Life.",True,False,,proportional,Non-Life,
2006-909109-0000893220-06-001096-w20583exv10w4.txt,"The document is explicitly titled ""REINSTATEMENT PREMIUM PROTECTION REINSURANCE CONTRACT"". It describes an agreement where the Reinsurer indemnifies the Company for reinstatement premiums paid under an underlying ""Excess Catastrophe Reinsurance Contract."" This fits the definition of a reinsurance agreement as it transfers risk related to an existing insurance or reinsurance contract. The document establishes the core terms of this specific reinsurance coverage, making it a main contract. While it provides protection for reinstatement premiums from a catastrophe reinsurance contract, which is typically non-proportional, the contract itself is a specific form of reinsurance that can be characterized as non-proportional. The underlying contract being a ""Catastrophe Reinsurance Contract"" strongly suggests it pertains to Non-Life insurance, likely Property, as catastrophe covers are common in property insurance.",True,True,,non-proportional,Non-Life,Property
2006-1017022-0000950123-06-003992-y18864exv10w89.txt,"The user provided a document that is described as a ""LOAN AND SECURITY AGREEMENT"".
The document details terms related to a loan, including definitions, general terms, covenants, conditions precedent, and miscellaneous provisions. It involves a borrower and a lender, German American Capital Corporation.
There is no mention of insurance or reinsurance in the context of risk transfer between insurance entities. The agreement is a financial contract for a loan secured by assets. Therefore, it is not a reinsurance agreement.",False,False,,,,
2006-1057436-0001193125-06-228461-dex1010.htm,"The user has provided a legal document titled ""LOAN AND SECURITY AGREEMENT"". I need to determine if this document is a reinsurance agreement and if it's a main contract, obligatory, its type (proportional/non-proportional), insurance type, and class of business.

The document is a ""LOAN AND SECURITY AGREEMENT"" between a borrower and a lender. It outlines terms for a loan, including interest, payments, collateral, covenants, defaults, and general business terms. There is no mention of reinsurance, risk transfer between insurance entities, or any other indicators that would classify it as a reinsurance agreement. It is a direct financial agreement for a loan. Therefore, it is not a reinsurance agreement.

Since it is not a reinsurance agreement, the fields for `is_main_contract`, `is_obligatory`, `proportional_or_non_proportional`, `insurance_type`, and `class_of_business` should be None or not applicable.",False,,,,,
2006-1264242-0000950136-06-002636-file006.htm,"The document is titled ""COMMUTATION AND MUTUAL RELEASE AGREEMENT"" and explicitly references and terminates prior ""Reinsurance Agreements"". The parties involved are identified as ""REASSURED"" and ""REINSURER"". Specifically, it mentions ""Obligatory Quota Share Reinsurance Agreement"" and ""USA D&O; Liability Obligatory Quota Share Reinsurance Agreement"". Commutation and mutual release agreements are specifically mentioned in the definition of reinsurance agreements as documents that ""settle, commute, amend, or otherwise modify the terms of an existing reinsurance agreement"". Therefore, this is a reinsurance agreement.

The document's purpose is to commute and release obligations under existing reinsurance agreements. This is an ancillary agreement that modifies the terms of existing reinsurance contracts, rather than establishing a new main reinsurance contract.

The document is a commutation and mutual release, which modifies existing reinsurance agreements. It is not a treaty or a facultative agreement establishing a new reinsurance relationship. Therefore, it is not an obligatory reinsurance agreement.

The document references ""Obligatory Quota Share Reinsurance Agreement"", which is a type of proportional reinsurance. Therefore, the classification is proportional.

The document specifies ""USA D&O; Liability"" as part of the underlying reinsurance agreements, which falls under Non-Life insurance.

The underlying reinsurance agreements are for ""USA D&O; Liability,"" which falls under the ""Casualty"" class of business.",True,False,,proportional,Non-Life,Casualty
2006-51434-0001193125-06-105632-dex103.htm,"The document is a Purchase Agreement detailing the terms of a business transaction for the sale of assets (timberlands, timber entity interests, etc.) between a seller and buyers. It does not involve any transfer of insurance risk or any of the characteristics of a reinsurance agreement.",False,,,,,
2006-1283709-0001193125-06-167667-dex1034.htm,"The user has provided a document that is a Loan Agreement. The document outlines the terms and conditions of a loan, including the loan amount, interest rates, repayment terms, collateral, and various covenants and conditions.

- **`is_reinsurance`**: The document is a loan agreement, not a reinsurance agreement.
- **`is_main_contract`**: The document establishes the terms of a loan, which is a primary financial contract. It is not an ancillary agreement to a reinsurance contract.
- **`is_obligatory`**: This question is only applicable to reinsurance contracts. Since this is not a reinsurance contract, the value is None.
- **`proportional_or_non_proportional`**: This question is only applicable to reinsurance contracts. Since this is not a reinsurance contract, the value is None.
- **`insurance_type`**: This is a loan agreement for a real estate property, not specifically related to insurance, and therefore not life or non-life insurance.
- **`class_of_business`**: This is a loan agreement for a real estate property, not an insurance class of business.

Therefore, the document is not a reinsurance agreement.",False,True,,,,
2006-1013609-0001193125-06-061942-dex1075.htm,"The document is explicitly titled ""ADDENDUM NO. 3 TO PER POLICY OF LOSS REINSURANCE AGREEMENT"". It amends an existing ""PER POLICY EXCESS OF LOSS REINSURANCE AGREEMENT"". This clearly indicates it is a reinsurance document. Since it modifies an existing agreement, it is an ancillary agreement, not a main contract. ""Excess of Loss"" reinsurance is a type of non-proportional reinsurance. The underlying companies (SCPIE HOLDINGS, Inc., etc.) and the nature of ""Excess of Loss Reinsurance"" typically relate to Non-Life insurance, specifically property and casualty lines. The specific mention of ""AMERICAN HEALTHCARE INDEMNITY COMPANY"" and ""AMERICAN HEALTHCARE SPECIALTY COMPANY"" suggests a focus on healthcare-related risks, which falls under Non-Life and potentially Specialty or Health. Without more specific information on the underlying policies, it's difficult to pinpoint the exact class of business beyond Non-Life. Based on the naming conventions and the type of reinsurance, it's most likely Non-Life.",True,False,,non-proportional,Non-Life,Casualty
2006-911576-0001193125-06-119270-dex1023.htm,"The document is explicitly titled ""Addendum No. 1 to the Net Quota Share Reinsurance Contract"" and ""Interests and Liabilities Agreement... with respect to the Net Quota Share Reinsurance Contract."" It also mentions specific percentages of liability ceded to a ""Reinsurer."" This clearly indicates it is a reinsurance agreement. The addenda modify the terms of an existing reinsurance contract, making them ancillary agreements rather than the main contract. The mention of ""Net Quota Share"" signifies a proportional reinsurance agreement. As it is issued to insurance companies involved in underwriting, it pertains to Non-Life insurance. The mention of specific entities like ""Vesta Fire Insurance Corporation"" and the nature of reinsurance agreements suggest it covers Property and Casualty lines of business.",True,False,,proportional,Non-Life,Property
2006-1266700-0001193125-06-234873-dex1024.htm,"The document is an Amended and Restated Credit Agreement. It details the terms and conditions under which a company (Broder Bros., Co.) can borrow money from a group of lenders, with Bank of America acting as the Administrative Agent. The agreement covers revolving loans, swingline loans, and letters of credit. This is a direct financing agreement, not a reinsurance agreement. It also modifies and restates a previous credit agreement, making it not a main contract but an amendment/restatement of an existing financial arrangement. Therefore, it is not related to insurance or reinsurance in any capacity.",False,False,,,,
2006-909109-0000893220-06-001096-w20583exv10w3.txt,"The document is a reinsurance contract, specifically an excess catastrophe reinsurance contract. It outlines the terms and conditions under which reinsurers agree to cover certain liabilities of the primary insurer. The contract specifies deductibles, limits for each excess layer, and the percentage participation of each reinsurer. The language used, such as ""reinsure,"" ""reinsurer,"" and ""retention,"" confirms its nature as a reinsurance agreement. The contract covers property business, specifically property risks in Florida related to catastrophes. It details various excess layers of reinsurance, indicating a non-proportional structure where the reinsurer covers losses exceeding specified retention levels.",True,True,,non-proportional,Non-Life,Property
2006-1171218-0000950124-06-001367-k02899exv10w28.txt,"The document is an ""Amended and Restated Trust Agreement"" which establishes NP Capital Trust I. This trust issues Common Securities and Preferred Securities, backed by the Depositor's Notes. The primary purpose is to facilitate the issuance of these securities, which are financial instruments. While insurance companies (North Pointe Holdings Corporation is mentioned as the Depositor and has subsidiaries involved in insurance regulated by state departments) are involved, the document itself is a financial agreement regarding the structure and terms of trust securities and notes, rather than a direct insurance policy or a standard reinsurance agreement. It does not appear to transfer risk from one insurance entity to another in the manner of reinsurance. Instead, it facilitates a capital markets transaction where a trust issues securities backed by debt instruments.",False,True,,,,
2006-909109-0000893220-06-001096-w20583exv10w2.txt,"The document title is ""EXCESS CATASTROPHE REINSURANCE CONTRACT"", which explicitly states it is a reinsurance agreement. The document details the terms, limits, and participations of various reinsurers in providing excess catastrophe coverage for the ""Company"" (Philadelphia Insurance Company and its member companies). This establishes the primary terms of the reinsurance relationship. The contract is structured in layers of excess coverage. Article I specifies that the business reinsured is classified as ""Property business"". Reinsurance treaties, as this contract appears to be, are generally considered obligatory unless specified otherwise. In this case, it covers the entire portfolio of Property business as classified by the company, not just specific named risks. The structure of the contract, with multiple layers of excess of loss coverage, defines it as non-proportional reinsurance. It concerns property business, which falls under Non-Life insurance.",True,True,True,non-proportional,Non-Life,Property
2006-1358164-0000930413-06-006737-c44219_ex10-30.htm,"The document is explicitly titled ""ADVERSE DEVELOPMENT REINSURANCE AGREEMENT"" and clearly outlines the terms of indemnification between an insurer and a reinsurer. This aligns with the definition of a reinsurance agreement. It establishes the primary terms and conditions of the reinsurance coverage, making it a main contract. The agreement is for aggregate excess of loss, which is a type of non-proportional reinsurance. The underlying subject business is financial guaranty insurance, which is classified as Non-Life insurance and falls under the Specialty class of business.",True,True,,non-proportional,Non-Life,Specialty
2006-911576-0001193125-06-119270-dex1022.htm,"The document is a ""50% QUOTA SHARE REINSURANCE AGREEMENT"". This explicitly states it is a reinsurance agreement. The agreement details terms for ceding premiums, losses, and claims between an insurer and a reinsurer, which is characteristic of a primary reinsurance contract, not an ancillary one. Quota share is a form of proportional reinsurance. The business reinsured is described as ""Residential Property and Casualty business"", indicating it's Non-Life. The classes of business mentioned are Fire, Allied Lines, Inland Marine, Earthquake, and Homeowners Multiple Peril, all of which fall under Property and Casualty.",True,True,True,proportional,Non-Life,Multi-Line
2006-1057436-0001193125-06-044029-dex1050.htm,"The document is an indenture, which is a legal contract, usually associated with debt securities like bonds or notes. This specific document details a ""SECOND AMENDED AND RESTATED INDENTURE"" for ""U.S. $350,000,000 Floating Rate Public Company Notes Due November 9, 2007"". It outlines the terms and conditions under which the notes are issued, secured by properties, and managed. This is a financing agreement where debt is being raised through the issuance of notes, secured by real estate assets. It is not a reinsurance agreement.",False,True,,,,
2006-1171500-0000950123-06-002417-y17915exv10w59.txt,"The document is titled ""EXCESS OF LOSS RETROCESSION AGREEMENT"" and explicitly defines the roles of ""Retrocedant"" and ""Retrocessionaire,"" indicating a reinsurance relationship. The core purpose is to indemnify the Retrocedant for excess liability from original reinsurance contracts. This clearly fits the definition of a reinsurance agreement. It establishes the primary terms of the risk transfer, making it the main contract. The ""Excess of Loss"" nature classifies it as non-proportional reinsurance. The perils covered (wind, flood, earthquake) are typical of Non-Life insurance, and given the variety, ""Multi-Line"" is the most suitable classification for the underlying business.",True,True,,non-proportional,Non-Life,Multi-Line
2006-1171500-0000950123-06-009634-y23533exv10w2.htm,"The document is clearly an ""EXCESS OF LOSS RETROCESSION AGREEMENT"" between ""PLATINUM UNDERWRITERS BERMUDA, LTD."" (Retrocedant) and ""PLATINUM RE (UK) LIMITED"" (Retrocessionaire). This directly indicates a reinsurance transaction. The terms described, such as ""Original Reinsurance Contracts,"" ""Original Policy Limits,"" ""Ultimate Net Loss,"" and ""Premium,"" are all standard components of a reinsurance contract. The specific type mentioned, ""Excess of Loss,"" defines it as non-proportional reinsurance. The covered perils (wind, flood, earthquake, earthquake fire expense insurance) fall under Non-Life insurance and are typically classified as Property business. The agreement appears to be the primary contract establishing the reinsurance relationship, thus it's a main contract. While not explicitly stated as obligatory or facultative, the nature as a treaty suggests it's likely obligatory.",True,True,True,non-proportional,Non-Life,Property
2006-909109-0000893220-06-002390-w26495exv10w8.txt,"The document is explicitly titled ""SECOND AND THIRD EXCESS REINSTATEMENT PREMIUM PROTECTION REINSURANCE CONTRACT"" indicating it is a reinsurance agreement. It details terms and conditions between a Company and Reinsurer(s) for covering reinstatement premiums related to an underlying catastrophe reinsurance contract. The presence of ""Interests and Liabilities Agreements"" for multiple reinsurers further solidifies its nature as a reinsurance contract. The contract establishes the primary terms of the coverage provided, making it a main contract. The structure of covering specific excess layers of a catastrophe reinsurance contract implies an obligatory nature, as it covers a defined portfolio of risks from the underlying contract rather than individual risks. Reinstatement premiums and excess layers are characteristic of non-proportional reinsurance. The mention of ""wind coverage"" points to property insurance, and thus Non-Life insurance.",True,True,True,non-proportional,Non-Life,Property
2006-1358164-0000930413-06-006737-c44219_ex10-20.txt,"The document is titled ""THIRD AMENDED AND RESTATED FACULTATIVE QUOTA SHARE REINSURANCE TREATY"". This explicitly states it is a reinsurance agreement. It establishes the terms and conditions under which one company (Reinsurer) agrees to accept a portion of the risk written by another company (Ceding Company). The agreement details the business covered (financial guaranty insurance and surety insurance), the method of cession (quota share basis), commissions, reporting, and other operational aspects common to reinsurance contracts. It is a main contract because it establishes the overarching reinsurance relationship between the parties. The term ""facultative"" implies that each risk is individually offered and accepted, making it non-obligatory in the sense of a full treaty reinsuring the entire portfolio automatically. The reinsurance is on a ""quota share basis,"" which is a form of proportional reinsurance. The business covered, financial guaranty and surety insurance, falls under Non-Life insurance. The class of business is best described as Specialty, given the nature of financial guaranty and surety.",True,True,False,proportional,Non-Life,Specialty
2006-1171500-0000950123-06-009634-y23533exv10w5.htm,"The document explicitly states it is an ""EXCESS OF LOSS RETROCESSION AGREEMENT"". This indicates a transfer of risk from one insurer (the Retrocedant) to another (the Retrocessionaire). The terms define the scope of coverage, liability limits, and premium, establishing it as the primary agreement for this retrocession arrangement, thus making it a main contract. The ""Excess of Loss"" structure classifies it as non-proportional reinsurance. The perils mentioned (wind, flood, earthquake) and the exclusion clauses (Nuclear Energy Risks, War) are all indicative of Non-Life insurance, specifically Property and Casualty business.",True,True,,non-proportional,Non-Life,Property
2006-909109-0000893220-06-002390-w26495exv10w3.txt,"The document is identified as a ""CASUALTY EXCESS OF LOSS REINSURANCE CONTRACT"". This title clearly indicates that it is a reinsurance agreement. The content of the document details the terms, conditions, and financial arrangements between an insurance company (Company) and a reinsurer (Subscribing Reinsurer) for covering excess losses on casualty and professional liability policies. Specifically, it outlines a ""Casualty Excess of Loss Reinsurance Contract"", which is a type of non-proportional reinsurance. The document contains all the principal terms of the reinsurance arrangement, such as the term, coverage details, premium, special termination clauses, and definitions, indicating it is a main contract and not an ancillary one. The contract specifies the amount of coverage and retention, defining the risk transfer, consistent with reinsurance treaties. The business covered is Casualty, Professional Liability, Fidelity, and Fiduciary Liability, which are all Non-Life insurance. The classes of business mentioned in the contract are primarily Casualty and Specialty. The document describes an ""Excess of Loss"" arrangement, which is a form of non-proportional reinsurance.",True,True,,non-proportional,Non-Life,Casualty
2006-1171500-0000950123-06-009634-y23533exv10w3.htm,"The document explicitly states it is a ""QUOTA SHARE RETROCESSION AGREEMENT"" between a ""Retrocedant"" and a ""Retrocessionaire."" This clearly identifies it as a reinsurance agreement. The agreement establishes the primary terms of the retrocession, making it a main contract. The language used, such as ""Retrocedant hereby obligates itself to retrocede"" and ""Retrocessionaire hereby obligates itself to accept,"" indicates an obligatory nature. The agreement is a ""Quota Share Retrocession Agreement,"" which is a form of proportional reinsurance. The document does not specify whether the underlying business is Life or Non-Life. Given that it covers reinsurance and retrocession contracts in general without specific life-related terms, it's categorized as Non-Life. The specific classes of business within the underlying reinsurance contracts are not detailed, so it's classified as Multi-Line.",True,True,True,proportional,Non-Life,Multi-Line
2006-1018979-0000950134-06-005830-d32117exv10w17.htm,"The document is explicitly titled ""First Casualty Excess of Loss Reinsurance Contract"". The content describes a reinsurance agreement where the reinsurer agrees to reinsure the excess liability that may accrue to the company under its policies. This clearly indicates it is a reinsurance agreement. The contract establishes the terms of reinsurance between the parties, hence it is a main contract. The contract covers ""excess of loss"" which is a type of non-proportional reinsurance. The classes of business reinsured are Workers' Compensation, Employers Liability, and General Liability, all of which fall under Non-Life insurance and specifically under Casualty. There is no indication of obligatory reinsurance; rather, it appears to be facultative excess of loss.",True,True,False,non-proportional,Non-Life,Casualty
2006-1018979-0000950134-06-015976-d38372exv10w1.htm,"The document explicitly states it is a ""FIRST CASUALTY EXCESS OF LOSS REINSURANCE CONTRACT"". It details the terms, conditions, and classes of business reinsured, including Workers' Compensation and Employers Liability. The contract outlines the retention and limit for the reinsurer, premium calculations, and claims handling, all characteristic of a reinsurance agreement. It is also a primary contract establishing the reinsurance relationship, not an amendment or rider. The contract is for excess of loss, which is a form of non-proportional reinsurance. The business reinsured (Workers' Compensation, Employers Liability, General Liability) falls under Non-Life insurance. The specific classes of business mentioned are Casualty lines.",True,True,,non-proportional,Non-Life,Casualty
2006-1018979-0000950134-06-005830-d32117exv10w21.htm,"The document is titled ""FORM OF CASUALTY CATASTROPHE EXCESS OF LOSS REINSURANCE"" and explicitly states it is a ""Casualty Catastrophe Excess of Loss Reinsurance Contract"". It outlines terms for reinsuring excess liability for workers' compensation, employers' liability, and general liability business. This clearly indicates it is a reinsurance agreement. The contract establishes the primary terms and conditions of the reinsurance relationship, making it a main contract. The contract specifies ""Classes of Business Reinsured"" and outlines commencement and termination, retention and limit, and premium terms, which are characteristic of an obligatory reinsurance treaty where all risks within the defined categories are reinsured. The structure and description of ""excess of loss"" and the specific limits and retentions per occurrence and contract year, without any indication of proportional sharing of premiums and losses based on a fixed percentage of each policy, point towards non-proportional reinsurance. The classes of business reinsured, such as Workers' Compensation, Employers Liability, and General Liability, fall under Non-Life insurance. Specifically, Workers' Compensation and Employers Liability are typically categorized as Casualty, and General Liability also falls under Casualty. Therefore, the class of business is Casualty.",True,True,True,non-proportional,Non-Life,Casualty
2006-911576-0001193125-06-119270-dex1020.htm,"The document is clearly a reinsurance agreement as it is titled ""Quota Share Reinsurance Agreement"" and details the terms of cession between an insurance company (the Company) and reinsurers. It covers ""Residential Property and Casualty business,"" which falls under Non-Life insurance. The specific mention of ""Quota Share"" indicates it is a proportional form of reinsurance. Being the primary contract outlining the risk transfer terms for the specified business, it is considered a main contract. Quota share treaties are typically obligatory.",True,True,True,proportional,Non-Life,Multi-Line
2006-1018979-0000950134-06-005830-d32117exv10w19.htm,"The document is a ""Third Casualty Excess of Loss Reinsurance Contract"". This explicitly states it is a reinsurance contract. The contract outlines terms such as commencement and termination, territory, exclusions, retention and limit, reinsurance premium, and claims handling, all of which are typical components of a reinsurance agreement. The ""Classes of Business Reinsured"" section specifies ""Workers' Compensation, Employers Liability, including coverage provided under the U.S. Longshore and Harbor Workers' Compensation Act and the Jones Act, and General Liability business,"" which fall under Non-Life insurance and specifically within the Casualty class of business. The title ""Excess of Loss"" indicates it is a non-proportional form of reinsurance. As it establishes the primary reinsurance relationship, it is considered a main contract. Since it covers specified classes of business for the reinsured companies (not limited to individual risks), it is obligatory.",True,True,True,non-proportional,Non-Life,Casualty
2006-1018979-0000950134-06-015976-d38372exv10w2.htm,"The document is titled ""Second Casualty Excess of Loss Reinsurance Contract"". The content clearly outlines the terms and conditions of a reinsurance agreement, specifically an excess of loss reinsurance. The contract details the classes of business reinsured (Workers' Compensation, Employers Liability, General Liability), commencement and termination clauses, exclusions, retention and limit of liability, and other standard reinsurance contract provisions. The ""Interests and Liabilities Agreement"" sections further confirm that multiple reinsurers are reinsuring portions of the risk as per the main contract. Therefore, it is a reinsurance agreement. It defines the primary terms and conditions of the reinsurance coverage, making it the main contract. The contract specifies coverage for ""excess liability"" and how losses exceeding a certain retention are handled by the reinsurer, characteristic of non-proportional reinsurance. The classes of business mentioned (Workers' Compensation, Employers Liability, General Liability) fall under Non-Life insurance. Specifically, the classes of business are Workers' Compensation and General Liability, which fit within the 'Casualty' category of business.",True,True,,non-proportional,Non-Life,Casualty
2006-1171662-0000950144-06-002885-g00487exv10w14.txt,"The document explicitly states ""REINSURANCE AGREEMENT"" and details the terms and conditions for SEGUROS DE VIDA TRIPLE-S, INC. to reinsure policies from GREAT AMERICAN LIFE ASSURANCE COMPANY OF PUERTO RICO. It covers aspects like automatic reinsurance, premium calculations, claims, and accounting, which are all indicative of a reinsurance contract. The agreement covers ""Life insurance, annuities, accident and supplemental health,"" which falls under Non-Life insurance. Article II specifies that the company will ""automatically cede, in respect of all new business written as of and after the effective date, to the Reinsurer that portion (69%)"", indicating a proportional, obligatory, and main contract.",True,True,True,proportional,Non-Life,Other Life
2006-1018979-0000950134-06-015976-d38372exv10w3.htm,"The document is explicitly titled ""Third Casualty Excess of Loss Reinsurance Contract."" It details the terms and conditions under which one party reinsures another for casualty losses. Specifically, it states that the reinsurer agrees to reinsure the excess liability that may accrue to the company under its policies. The contract outlines clauses related to commencement and termination, territory, exclusions, retention and limit, reinstatement, claims, and premiums, all of which are characteristic of a reinsurance agreement. The ""Classes of Business Reinsured"" section clearly states ""Workers' Compensation, Employers Liability, and General Liability business,"" indicating a Non-Life insurance type. As it is an ""Excess of Loss"" contract, it falls under non-proportional reinsurance. The contract establishes the primary reinsurance relationship between the parties, making it a main contract. The document describes an ""Excess of Loss Reinsurance Contract,"" which typically implies that the reinsurer covers losses exceeding a certain retention level. This type of contract is generally non-obligatory as it covers specific excess losses rather than automatically covering all risks within a portfolio.",True,True,False,non-proportional,Non-Life,Casualty
2006-909109-0000893220-06-002390-w26495exv10w7.txt,"The document is explicitly identified as a ""FIRST EXCESS REINSTATEMENT PREMIUM PROTECTION REINSURANCE CONTRACT"". It details the agreement between a company and reinsurers for covering reinstatement premiums on an underlying reinsurance contract. The nature of this contract is to transfer risk related to the cost of reinstating reinsurance coverage. The underlying contract is described as an ""Excess Catastrophe Reinsurance Contract"", which is a type of non-proportional reinsurance. Therefore, this RPP contract is designed to protect against the costs associated with a non-proportional reinsurance agreement. The context of ""catastrophe"" and the specific limits mentioned in Schedule A point towards property risks, which fall under Non-Life insurance.",True,True,,non-proportional,Non-Life,Property
2006-1018979-0000950134-06-005830-d32117exv10w18.htm,"The document explicitly states ""Second Casualty Excess of Loss Reinsurance Contract"" multiple times, clearly indicating it is a reinsurance agreement. The contract reinsures ""excess liability"" for casualty business, specifically mentioning Workers' Compensation and Employers Liability, which falls under Non-Life insurance. The structure of the contract, which reinsures losses above a certain retention limit ($2,000,000 in this case) up to a specified limit ($3,000,000 per occurrence), defines it as non-proportional reinsurance. The contract appears to be a primary agreement establishing the reinsurance relationship, not merely an amendment or ancillary document, making it a main contract. The contract reinsures an ""excess liability"" which is a characteristic of non-obligatory (facultative) reinsurance, where specific risks or portfolios are reinsured. However, given the broad scope of ""casualty business"" and the potential for it to cover multiple policies or classes of business, it leans towards facultative or facultative-obligatory arrangements rather than a pure treaty. Without more specific information about the underlying policies being reinsured, it's safer to classify it as not definitively obligatory. The primary classes of business mentioned are Workers' Compensation and Employers Liability, which fall under ""Casualty"".",True,True,,non-proportional,Non-Life,Casualty
2006-1018979-0000950134-06-005830-d32117exv10w20.htm,"The document is clearly identified as a ""Per Person Excess of Loss Reinsurance Contract"". It outlines the terms and conditions under which a reinsurer agrees to cover the excess liability of an insurance company. The contract specifies limits, retentions, classes of business covered (Workers' Compensation, Employers Liability, General Liability), and other provisions typical of a reinsurance agreement. The ""Interests and Liabilities Agreement"" sections further confirm the reinsurance nature of the document by detailing the participating reinsurers and their shares.",True,True,,non-proportional,Non-Life,Casualty
2006-909109-0000893220-06-000532-w18434exv10w79.txt,"The document explicitly states ""REINSTATEMENT PREMIUM PROTECTION REINSURANCE CONTRACT"" in its title and throughout the text. It details the agreement between reinsurers and an insurance company to cover reinstatement premiums on an underlying excess catastrophe reinsurance contract. This fits the definition of a reinsurance agreement. The document outlines the entire coverage, terms, conditions, and parties involved, functioning as the foundational agreement. Therefore, it is a main contract. The participation of multiple reinsurers through signing schedules and the structure of the agreement suggest a treaty or pool, characteristic of obligatory reinsurance. The contract covers reinstatement premiums related to an ""Excess Catastrophe Reinsurance Contract,"" which is a form of non-proportional reinsurance, specifically excess of loss. The underlying contract is a catastrophe reinsurance contract, which typically covers property damage, thus falling under Non-Life insurance. The class of business is related to catastrophe risk, which is a type of property insurance.",True,True,True,non-proportional,Non-Life,Property
2006-1204560-0001204560-06-000032-ex10_2.htm,"The document is a purchase and sale agreement for real estate, not a reinsurance contract. Therefore, it is not reinsurance, not obligatory, and does not have a proportional or non-proportional classification. Since it is not a reinsurance contract, it cannot be a main contract within that scope.",False,False,,,Non-Life,Property
2006-1018979-0000950134-06-015976-d38372exv10w4.htm,"The document is explicitly titled ""WORKERS' COMPENSATION PER PERSON EXCESS OF LOSS REINSURANCE CONTRACT"". The content details terms and conditions typical of a reinsurance agreement, such as retention, limits, premium calculation, and claims handling between a ceding company and a reinsurer. It covers workers' compensation business, a type of non-life insurance. The contract specifies per-person excess of loss coverage, which is a form of non-proportional reinsurance. It also outlines the commencement and termination dates, territory, exclusions, and various articles related to the management and settlement of reinsurance business. The ""Interests and Liabilities Agreement"" sections further confirm the nature of the document as a reinsurance contract, detailing the participations of different reinsurers.",True,True,,non-proportional,Non-Life,Casualty
2006-1039828-0001104659-06-032241-a06-9193_1ex10d22.htm,"The document is explicitly titled ""REINSURANCE AGREEMENT"" and details the terms between two insurance companies for the reinsurance of specific policy plans. It outlines the automatic acceptance of risks, the division of responsibilities (Reinsurer's Share and Company's Share), premium calculations, and claims handling. This clearly establishes it as a reinsurance contract. As it sets up the primary reinsurance arrangement with all essential terms defined, it is considered a main contract. The agreement specifies ""Automatic Reinsurance"" and the Reinsurer will ""automatically accept its share,"" which are characteristics of an obligatory reinsurance agreement. The contract involves ""Yearly Renewable Term"" reinsurance for life insurance products, where specific risks (waiver of surrender charges) are reinsured. The premium calculation in Exhibit D is `RP = RPR × FV × RS × SC ÷ 4`, where RPR is 7.2%, and RS is the Reinsurer's Share (40%). This means the reinsurer takes a defined percentage of the calculated premium related to the surrendered charge. This structure, where a fixed percentage of the risk and premium is shared, aligns with proportional reinsurance. Although it covers specific risks rather than a broad portfolio share, the mechanism described is proportional in nature for those identified risks. The products reinsured are Single Premium Deferred Annuities (SPDAs) and Flexible Premium Deferred Annuities (FPDAs), which are types of life insurance. Therefore, the insurance type is Life. The class of business for annuities is typically considered Life insurance, and given the specifics, ""Longevity"" or ""Mortality"" could be considered. However, annuities are broadly categorized under Life, and without more specific information about the underlying risks (e.g., lifespan of annuitants), it's safer to classify it broadly. Considering that annuities are primarily related to the annuitant living longer than expected, ""Longevity"" is the most fitting class of business among the given options, as it pertains to the duration of life.",True,True,True,proportional,Life,Longevity
2006-1264242-0000950136-06-002636-file004.htm,"The document is clearly identified as a ""TECHNICAL PROPERTY BINDER OF REINSURANCE."" It outlines the terms between a ""REINSURED COMPANY"" (Quanta Indemnity Company, Quanta Specialty Lines Insurance Company, Quanta Reinsurance US Ltd.) and a ""REINSURER"" (Arch Reinsurance Ltd.). The ""BUSINESS COVERED"" section specifies a ""100% Quota Share of the Reinsured Company's technical risk property business,"" which is a form of proportional reinsurance. The mention of ""technical risk property business"" indicates that the underlying insurance is Non-Life, specifically Property. As this document sets out the primary terms of the reinsurance, it is considered a main contract. The 100% quota share arrangement suggests it is an obligatory reinsurance.",True,True,True,proportional,Non-Life,Property
2006-1018979-0000950134-06-015976-d38372exv10w5.htm,"The document is titled ""CASUALTY CATASTROPHE EXCESS OF LOSS REINSURANCE CONTRACT"". It explicitly states it's a reinsurance contract and outlines terms and conditions typical for such agreements, including retention, limits, premiums, and claims handling. The content clearly defines a risk-sharing arrangement between the insurer (Company) and the reinsurer. Therefore, it is a reinsurance agreement.

The document establishes the primary terms and conditions of the reinsurance coverage, including the classes of business reinsured, commencement and termination dates, retention and limits, and premium calculations. It outlines the obligations and rights of both the Company and the Reinsurer, forming the basis of their relationship for this specific type of reinsurance. The ""Interests and Liabilities Agreement"" sections further confirm the execution of the main contract by various reinsurers. Therefore, it is a main contract.

The contract is structured as an ""Excess of Loss"" agreement, covering losses exceeding a specified retention. The document details the types of insurance business covered and the financial arrangements, indicating a specific pre-defined scope of coverage rather than individual risk selection. While it is not explicitly stated as ""obligatory"" in the sense of a treaty, the structure and the breadth of business covered (Workers' Compensation, Employers Liability, General Liability) suggest it's not facultative. However, without explicit language indicating automatic acceptance of an entire portfolio, it's safest to classify it as unknown.

The contract is explicitly named ""Casualty Catastrophe Excess of Loss Reinsurance Contract"". ""Excess of Loss"" is a type of non-proportional reinsurance, where the reinsurer covers losses above a certain threshold. Proportional reinsurance, in contrast, involves sharing a proportional share of premiums and losses. Therefore, the reinsurance type is non-proportional.

The document pertains to ""Casualty"" lines of business, specifically mentioning Workers' Compensation, Employers Liability, and General Liability. These are all Non-Life insurance types.

The document clearly falls under the ""Casualty"" class of business due to the explicit mention of Workers' Compensation, Employers Liability, and General Liability in Article I (""Classes of Business Reinsured"") and throughout the contract, including in the ""Schedule A"" which details retentions and limits for these lines.",True,True,,non-proportional,Non-Life,Casualty
2006-803027-0000950152-06-002820-l17870aexv10wf.txt,"The document is identified as a ""PROPERTY CATASTROPHE EXCESS OF LOSS REINSURANCE AGREEMENT"". The text explicitly mentions ""Reinsurers"" and ""Company"" (referring to the ceding insurer), and details terms and conditions typical of a reinsurance contract, such as coverage, term, territory, exclusions, definitions (like ""ultimate net loss""), and provisions for claims, reserves, and arbitration. The agreement outlines how the reinsurers will indemnify the company for losses exceeding a certain threshold, which is characteristic of excess of loss reinsurance. The exhibits (First Layer, Second Layer, Third Layer) further detail specific layers of excess of loss coverage. The document also includes various exclusion clauses, which is standard for reinsurance agreements.",True,True,,non-proportional,Non-Life,Property
2006-911576-0001193125-06-119270-dex104.htm,"The document is a Managing General Agency Agreement. This agreement outlines the terms under which Florida Select Insurance Agency Inc. (the Manager) is appointed by Florida Select Insurance Company (the Company) to act as its managing general agent for producing, underwriting, and marketing the Company's fire and homeowners multi-peril coverage. It does not establish a reinsurance contract itself, but rather a direct agency relationship for underwriting and marketing insurance policies. Therefore, it is not a reinsurance agreement, not an obligatory contract, and does not fall into proportional or non-proportional categories. The business pertains to Property and Casualty insurance, specifically Homeowners Program. The agreement is an ancillary document as it modifies the main insurance contract terms indirectly through agency.",False,False,,,Non-Life,Property
2006-909109-0000893220-06-001096-w20583exv10w7.txt,"The document is explicitly titled ""CASUALTY EXCESS OF LOSS REINSURANCE CONTRACT"". It details the terms governing the transfer of risk between the Company and the Reinsurer, including coverage limits, retention amounts, and premium calculations. The presence of ""Interests and Liabilities Agreement"" sections from multiple reinsurers further solidifies its nature as a reinsurance contract. The agreement covers ""Casualty"" business, which is a type of Non-Life insurance. The ""Excess of Loss"" designation indicates it is a non-proportional form of reinsurance. As it defines the core terms of the reinsurance relationship between the parties, it is considered a main contract. There is no indication that this is an obligatory reinsurance agreement; rather, it appears to be a facultative placement with specific reinsurers taking defined shares.",True,True,False,non-proportional,Non-Life,Casualty
2006-1358164-0000930413-06-006737-c44219_ex10-21.txt,"The document is an amendment and termination of a reinsurance guarantee agreement. The underlying agreement is a Facultative Quota Share Reinsurance Treaty, which is a form of reinsurance. This document modifies an existing reinsurance arrangement, making it an ancillary agreement rather than a main contract. A Facultative Quota Share Reinsurance Treaty is a type of proportional reinsurance. The underlying business is financial guaranty insurance, which falls under Specialty class of business. The term ""Facultative"" implies that individual risks are ceded, making it non-obligatory in nature.",True,False,False,proportional,Non-Life,Specialty
2006-909109-0000893220-06-000532-w18434exv10w78.txt,"The document explicitly states ""CASUALTY EXCESS OF LOSS REINSURANCE CONTRACT"" in its title and throughout the text. This makes it clear that it is a reinsurance agreement. The contract outlines the primary terms and conditions of the reinsurance between the cedent (Company) and the reinsurer (Reinsurer), establishing it as a main contract rather than an ancillary one. The nature of ""Excess of Loss"" coverage described in the contract, where the reinsurer covers losses above a certain threshold, defines it as non-proportional reinsurance. The types of insurance business covered, such as Casualty, Fidelity, Professional Liability, and Fiduciary Liability, all belong to the Non-Life insurance category. Specifically, ""Casualty"" is the overarching class of business indicated by the contract's title and the covered business lines.",True,True,,non-proportional,Non-Life,Casualty
2006-909109-0000893220-06-002390-w26495exv10w6.txt,"The document explicitly states ""$6,150,000 EXCESS $10,000,000 CATASTROPHE REINSURANCE CONTRACT"" in the title and in the text, confirming it is a reinsurance agreement. It outlines the terms and conditions for reinsurance, including retention, limit, premium, and claims handling, making it the main contract. The contract covers ""Property business"" as per Article I and is an excess of loss type, which falls under non-proportional reinsurance. There is no indication of it being obligatory or facultative-obligatory. The agreement pertains to property business, which is a non-life insurance type.",True,True,,non-proportional,Non-Life,Property
2006-909109-0000893220-06-001096-w20583exv10w8.txt,"The document is explicitly titled ""PROPERTY THIRD AND FOURTH EXCESS OF LOSS REINSURANCE AGREEMENT"". It details terms such as ""Company's Retention,"" ""Reinsurer's Limit,"" and ""Reinsurance Premium,"" which are characteristic of a reinsurance contract. The agreement outlines the transfer of risk from the Company to the Reinsurer for property and inland marine business, confirming it is a reinsurance agreement. As it establishes the primary terms and conditions of the reinsurance coverage, it is considered a main contract. The agreement details ""Excess of Loss"" structures, which are a form of non-proportional reinsurance. The document clearly states the business covered is ""Property and/or Inland Marine business,"" indicating it pertains to Non-Life insurance and specifically the ""Property"" class of business.",True,True,,non-proportional,Non-Life,Property
2006-915781-0000950134-06-006265-c03761exv10w15.htm,"The document explicitly states ""DESCRIPTION OF THE REINSURANCE AGREEMENT FOR 2006"". It details the terms of reinsurance between specified parties, including the liability of the reinsurer, commencement and termination dates, and premiums. The business covered is Workers' Compensation and Employers' Liability, which falls under Non-Life insurance and specifically Casualty. The structure describes specific loss layers and the reinsurer's percentage, indicating a non-proportional coverage. It's a new agreement for a defined period, making it a main contract. The terms appear to cover a portfolio of business, suggesting it is obligatory.",True,True,True,non-proportional,Non-Life,Casualty
2006-1358164-0000930413-06-006737-c44219_ex10-28.htm,"The document is an Indemnification Agreement where one party (XLIB) agrees to indemnify another party (XLFA) for adverse development on risks ceded under a prior reinsurance treaty. This constitutes a risk transfer mechanism between insurance entities, fitting the definition of reinsurance. The agreement establishes the terms for this coverage, acting as a primary contract for this specific risk transfer. It specifies coverage on an ""aggregate excess of loss basis"" for ""Aggregate Adverse Development,"" which is a non-proportional reinsurance structure. The underlying business pertains to Financial Guaranty Insurance Policies, which fall under Non-Life insurance and are typically classified as Specialty business.",True,True,True,non-proportional,Non-Life,Specialty
2006-1358164-0000930413-06-006737-c44219_ex10-1.txt,"The document is a ""Transition Agreement"" between XL Capital Ltd and Security Capital Assurance Ltd. While the document mentions ""Reinsurance Agreement"" in Annex 3.1, the primary purpose of this document is to outline corporate transition, public offering arrangements, and intercompany agreements. It does not establish a reinsurance contract itself. Therefore, it is not a reinsurance agreement. Consequently, the other fields related to reinsurance classification (main contract, obligatory, proportional_or_non_proportional, insurance_type, class_of_business) are not applicable.",False,,,,,
2006-911576-0001193125-06-119270-dex103.htm,"The document is an Attorney-in-Fact Agreement, which is a contract establishing an agency relationship for underwriting and marketing insurance business. While it mentions the Attorney-in-Fact's authority to negotiate and bind a reinsurance program on behalf of the Company, this agreement itself is not a reinsurance contract. It's a service agreement for managing and underwriting direct insurance policies. Therefore, it is not reinsurance, not an obligatory contract, and not a main contract establishing the primary reinsurance relationship. The primary business is property and casualty insurance, specifically homeowners multi-peril coverage.",False,False,,,Non-Life,Property
2006-1013609-0001193125-06-061942-dex1083.htm,"The document is titled ""FIRST-THIRD EXCESS OF LOSS REINSURANCE CONTRACT"". The content explicitly states ""The Reinsurer agrees to reimburse the Company, on an excess of loss basis..."" and describes various articles pertaining to reinsurance terms such as ""Effective:"", ""Term:"", ""Business Covered:"", ""Retention and Limit:"", and ""Premium"" calculations, all of which are indicative of a reinsurance agreement. The structure and language used throughout the document confirm that it is a reinsurance contract.

As the document is a reinsurance contract, it is a main contract, not an ancillary one.
The contract is written on an ""excess of loss"" basis, which is a type of non-proportional reinsurance.
The classes of insurance covered, such as Physicians and Surgeons Comprehensive Professional and Business Liability, and Professional and Business Liability Policies for hospitals and healthcare facilities, indicate that the contract pertains to Non-Life insurance.
The specific classes of business detailed in Article 1 (Business Covered) include various forms of liability insurance for healthcare professionals and facilities, which fall under the ""Casualty"" and ""Specialty"" categories. Given the professional liability and healthcare focus, ""Casualty"" or ""Specialty"" would be appropriate; ""Casualty"" is a broader category that often encompasses liability risks.",True,True,,non-proportional,Non-Life,Casualty
2006-909109-0000893220-06-002390-w26495exv10w4.txt,"The document is an endorsement to an existing agreement of reinsurance, specifically modifying terms related to property per risk excess cover. It outlines excess layers of liability and premium calculations, characteristic of non-proportional reinsurance. Since it's an endorsement modifying an existing contract, it is not the main contract.",True,False,False,non-proportional,Non-Life,Property
2006-743532-0001193125-06-048276-dex10h.htm,"The document is an ""INSURANCE POOLING AGREEMENT"" between several related insurance companies. The agreement establishes a mechanism for risk sharing among these entities, pooling their business to enhance solvency protection and manage large losses, particularly from catastrophes. This pooling of risks and liabilities among insurers to mitigate exposure is a core characteristic of reinsurance or similar risk transfer arrangements. The document explicitly mentions ""reinsurance"" in defining the ""book of business then in force"" and ""intercompany reinsurance."" The purpose of spreading and stabilizing writings through common risk sharing aligns with the objectives of reinsurance. Therefore, it qualifies as a reinsurance agreement.

The agreement details the cession and acceptance of business between the members from the ""opening of business"" and outlines the ongoing sharing of liabilities and premiums for future business. This establishes the fundamental terms of the risk-sharing relationship, making it a main contract rather than an ancillary modification.

The agreement defines how all insurance written by the Associate Companies and AMI will be ceded and accepted, and how liabilities and premiums will be prorated. This systematic and comprehensive transfer of risk for all business within the pool indicates an obligatory nature, as it covers defined portfolios of business rather than individual, facultative risks.

The agreement discusses the sharing of ""net liabilities on all insurance thereafter written"" and the proration of ""net premiums, losses and expenses."" While specific percentages for individual policies are not detailed in the main text, the overall framework of pooling and prorating suggests a proportional sharing of risks across the entire pooled book of business. The mention of catastrophe allocations also points to a proportional distribution of losses based on pre-defined percentages.

The names of the companies involved (e.g., ""Fire Insurance Company,"" ""General Insurance Company,"" ""Specialty Insurance Corporation"") and the focus on managing ""catastrophe losses"" strongly indicate that the insurance business being pooled is Non-Life insurance.

Based on the company types and the mention of catastrophe losses, the classes of business covered are likely Property, Casualty, and Specialty insurance. Since the pooling agreement encompasses multiple of these, ""Multi-Line"" is the most appropriate classification.",True,True,True,proportional,Non-Life,Multi-Line
